{
  "run_id": "LMPO2-L3-d2-seed42",
  "seed": 42,
  "model": "LMPO2",
  "grid_params": {
    "model": "LMPO2",
    "L": 3,
    "bond_dim": 2
  },
  "n_parameters": 88,
  "train_loss": 1.0986122886681098,
  "train_quality": 0.5238095238095238,
  "val_loss": 1.0986122886681098,
  "val_quality": 0.3181818181818182,
  "success": true,
  "singular": false
}