{
  "run_id": "MMPO2TypeI-L3-d2-seed42",
  "seed": 42,
  "model": "MMPO2TypeI",
  "grid_params": {
    "model": "MMPO2TypeI",
    "L": 3,
    "bond_dim": 2
  },
  "n_parameters": 620,
  "train_loss": 0.8226555965610005,
  "train_quality": 0.8285714285714286,
  "val_loss": 0.7145116761745222,
  "val_quality": 0.9090909090909091,
  "success": true,
  "singular": false
}