{
  "run_id": "MMPO2-L3-d2-seed42",
  "seed": 42,
  "model": "MMPO2",
  "grid_params": {
    "model": "MMPO2",
    "L": 3,
    "bond_dim": 2
  },
  "n_parameters": 432,
  "train_loss": 1.0986122886680423,
  "train_quality": 0.6476190476190476,
  "val_loss": 1.0986122886679943,
  "val_quality": 0.8636363636363636,
  "success": true,
  "singular": false
}