{
  "run_id": "MPO2-L3-d2-seed42",
  "seed": 42,
  "model": "MPO2",
  "grid_params": {
    "model": "MPO2",
    "L": 3,
    "bond_dim": 2
  },
  "n_parameters": 48,
  "train_loss": 1.5487980574716973,
  "train_quality": 0.2761904761904762,
  "val_loss": 1.319426785822246,
  "val_quality": 0.4090909090909091,
  "success": true,
  "singular": false
}