{
  "run_id": "MPO2TypeI-L3-d2-seed42",
  "seed": 42,
  "model": "MPO2TypeI",
  "grid_params": {
    "model": "MPO2TypeI",
    "L": 3,
    "bond_dim": 2
  },
  "n_parameters": 92,
  "train_loss": 0.8176445381459339,
  "train_quality": 0.8285714285714286,
  "val_loss": 0.70635265877143,
  "val_quality": 0.9090909090909092,
  "success": true,
  "singular": false
}