{
  "run_id": "LMPO2TypeI-seed42",
  "seed": 42,
  "model": "LMPO2TypeI",
  "grid_params": {
    "model": "LMPO2TypeI"
  },
  "n_parameters": 248,
  "train_loss": 0.2563583044059236,
  "train_quality": 0.8952380952380953,
  "val_loss": 0.1254879291398605,
  "val_quality": 1.0,
  "test_loss": 0.33384819749783246,
  "test_quality": 0.9130434782608695,
  "success": true,
  "singular": false
}