{
  "run_id": "MMPO2TypeI-seed42",
  "seed": 42,
  "model": "MMPO2TypeI",
  "grid_params": {
    "model": "MMPO2TypeI"
  },
  "n_parameters": 672,
  "train_loss": 0.3894207002554095,
  "train_quality": 0.8285714285714286,
  "val_loss": 0.20104571241524238,
  "val_quality": 0.9545454545454546,
  "test_loss": 0.4670068135364042,
  "test_quality": 0.7391304347826086,
  "success": true,
  "singular": false
}