{
  "run_id": "MPO2-seed42",
  "seed": 42,
  "model": "MPO2",
  "grid_params": {
    "model": "MPO2"
  },
  "n_parameters": 84,
  "train_loss": 0.5328348414077898,
  "train_quality": 0.8,
  "val_loss": 0.2962501770410656,
  "val_quality": 0.8636363636363636,
  "test_loss": 0.5730379597375674,
  "test_quality": 0.7391304347826086,
  "success": true,
  "singular": false
}