{
  "run_id": "MMPO2-L4-d16-seed123",
  "seed": 123,
  "model": "MMPO2",
  "dataset": "car_evaluation",
  "task": "classification",
  "params": {
    "init_strength": 0.01,
    "batch_size": 64,
    "n_epochs": 1000,
    "patience": 40,
    "min_delta": 1e-08,
    "optimizer": "adamw",
    "seeds": [
      42,
      7,
      123,
      256,
      999
    ],
    "model": "MMPO2",
    "L": 4,
    "bond_dim": 16,
    "lr": 0.001
  },
  "n_parameters": 15984,
  "train_loss": 1.8396719520187708e-08,
  "train_quality": 1.0,
  "val_loss": 0.009598657159768525,
  "val_quality": 0.9961389961389961,
  "test_loss": 0.021094638690952596,
  "test_quality": 0.9961538461538462,
  "best_epoch": 71,
  "stopped_early": true,
  "patience_counter": 40,
  "success": true
}