{
  "run_id": "MPO2-L2-d6-init0.01-rf0.1-seed999",
  "seed": 999,
  "model": "MPO2",
  "dataset": "car_evaluation",
  "task": "classification",
  "params": {
    "output_site": 1,
    "init_strength": 0.01,
    "batch_size": 32,
    "n_epochs": 1000,
    "patience": 40,
    "min_delta": 1e-08,
    "optimizer": "adamw",
    "rank": 5,
    "seeds": [
      42,
      7,
      123,
      256,
      999
    ],
    "model": "MPO2",
    "L": 2,
    "bond_dim": 6,
    "weight_decay": 0.1,
    "lr": 0.01,
    "reduction_factor": 0.1
  },
  "train_loss": 0.012360472242600997,
  "train_quality": 0.9975186104218362,
  "val_loss": 0.09947657185702777,
  "val_quality": 0.9845559845559846,
  "test_loss": 0.08129765537464975,
  "test_quality": 0.9653846153846154,
  "best_epoch": 134,
  "stopped_early": true,
  "patience_counter": 40,
  "success": true
}