{
  "run_id": "LMPO2TypeI-L3-d2-seed42",
  "seed": 42,
  "model": "LMPO2TypeI",
  "grid_params": {
    "model": "LMPO2TypeI",
    "L": 3,
    "bond_dim": 2
  },
  "n_parameters": 468,
  "train_loss": 246.90356721495306,
  "train_quality": 0.12435376771898421,
  "val_loss": 257.400732844221,
  "val_quality": 0.10747840195845848,
  "success": true,
  "singular": false
}