{
  "run_id": "LMPO2-L3-d2-seed42",
  "seed": 42,
  "model": "LMPO2",
  "grid_params": {
    "model": "LMPO2",
    "L": 3,
    "bond_dim": 2
  },
  "n_parameters": 288,
  "train_loss": 703.1239852136605,
  "train_quality": -1.4936369912498653,
  "val_loss": 835.2090068530341,
  "val_quality": -1.896037121799107,
  "success": false,
  "singular": false
}