{
  "run_id": "LMPO2-L3-d2-seed42",
  "seed": 42,
  "model": "LMPO2",
  "grid_params": {
    "model": "LMPO2",
    "L": 3,
    "bond_dim": 2
  },
  "n_parameters": 288,
  "train_loss": 703.1241196795161,
  "train_quality": -1.493637468134514,
  "val_loss": 835.2083954531109,
  "val_quality": -1.8960350018065513,
  "success": false,
  "singular": false
}