{
  "run_id": "MMPO2TypeI-L3-d2-seed42",
  "seed": 42,
  "model": "MMPO2TypeI",
  "grid_params": {
    "model": "MMPO2TypeI",
    "L": 3,
    "bond_dim": 2
  },
  "n_parameters": 6312,
  "train_loss": 309.9122673846439,
  "train_quality": -0.09910728441105787,
  "val_loss": 326.3154965947294,
  "val_quality": -0.13147940671446245,
  "success": false,
  "singular": false
}