{
  "run_id": "MMPO2-L3-d2-seed42",
  "seed": 42,
  "model": "MMPO2",
  "grid_params": {
    "model": "MMPO2",
    "L": 3,
    "bond_dim": 2
  },
  "n_parameters": 5184,
  "train_loss": 843.6959654499258,
  "train_quality": -1.9921770741114644,
  "val_loss": 924.1574681080402,
  "val_quality": -2.204460574620821,
  "success": false,
  "singular": false
}