{
  "run_id": "MMPO2-L3-d2-seed42",
  "seed": 42,
  "model": "MMPO2",
  "grid_params": {
    "model": "MMPO2",
    "L": 3,
    "bond_dim": 2
  },
  "n_parameters": 5184,
  "train_loss": 843.695965432336,
  "train_quality": -1.9921770740490876,
  "val_loss": 924.1574680882031,
  "val_quality": -2.2044605745520327,
  "success": false,
  "singular": false
}