{
  "run_id": "MPO2-L3-d2-seed42",
  "seed": 42,
  "model": "MPO2",
  "grid_params": {
    "model": "MPO2",
    "L": 3,
    "bond_dim": 2
  },
  "n_parameters": 64,
  "train_loss": 904.9194804436136,
  "train_quality": -2.209306947267779,
  "val_loss": 923.82300716816,
  "val_quality": -2.203300851378206,
  "success": false,
  "singular": false
}