{
  "run_id": "MPO2TypeI-L3-d2-seed42",
  "seed": 42,
  "model": "MPO2TypeI",
  "grid_params": {
    "model": "MPO2TypeI",
    "L": 3,
    "bond_dim": 2
  },
  "n_parameters": 104,
  "train_loss": 330.65003933151166,
  "train_quality": -0.17265402201395608,
  "val_loss": 348.60559176259625,
  "val_quality": -0.20876897438543973,
  "success": false,
  "singular": false
}