{
  "run_id": "MPO2-L3-d16-jit5-seed123",
  "seed": 123,
  "model": "MPO2",
  "grid_params": {
    "model": "MPO2",
    "L": 3,
    "bond_dim": 16,
    "jitter_start": 5.0
  },
  "n_parameters": 2304,
  "train_loss": 542.3913052633997,
  "train_quality": -0.9235967638426057,
  "val_loss": 712.7705111600017,
  "val_quality": -1.4714889838422338,
  "test_loss": 693.2522445856416,
  "test_quality": -1.7699084783070589,
  "success": false,
  "singular": false
}