{
  "run_id": "MPO2-L3-d12-jit5-seed256",
  "seed": 256,
  "model": "MPO2",
  "grid_params": {
    "model": "MPO2",
    "L": 3,
    "bond_dim": 12,
    "jitter_start": 5.0
  },
  "n_parameters": 1344,
  "train_loss": 556.8895376513877,
  "train_quality": -0.9750149053805284,
  "val_loss": 742.9238189381749,
  "val_quality": -1.5760437694756573,
  "success": false,
  "singular": false
}