{
  "run_id": "MPO2-L3-d16-jit0.1-seed7",
  "seed": 7,
  "model": "MPO2",
  "grid_params": {
    "model": "MPO2",
    "L": 3,
    "bond_dim": 16,
    "jitter_start": 0.1
  },
  "n_parameters": 2304,
  "train_loss": 574.6677991909635,
  "train_quality": -1.038065706586989,
  "val_loss": 695.5694549880781,
  "val_quality": -1.4118453535660982,
  "test_loss": 696.8990833295726,
  "test_quality": -1.784479523168042,
  "success": false,
  "singular": false
}