{
  "run_id": "MPO2-L3-d16-jit0.1-seed999",
  "seed": 999,
  "model": "MPO2",
  "grid_params": {
    "model": "MPO2",
    "L": 3,
    "bond_dim": 16,
    "jitter_start": 0.1
  },
  "n_parameters": 2304,
  "train_loss": 572.3821644455936,
  "train_quality": -1.029959677679714,
  "val_loss": 698.0331883195971,
  "val_quality": -1.4203882010782158,
  "test_loss": 697.4659800832718,
  "test_quality": -1.786744574794863,
  "success": false,
  "singular": false
}