{
  "run_id": "MPO2-L3-d16-jit5-seed123",
  "seed": 123,
  "model": "MPO2",
  "grid_params": {
    "model": "MPO2",
    "L": 3,
    "bond_dim": 16,
    "jitter_start": 5.0
  },
  "n_parameters": 2304,
  "train_loss": 549.2615378471294,
  "train_quality": -0.9479621196966983,
  "val_loss": 744.079586128103,
  "val_quality": -1.5800513228649589,
  "success": false,
  "singular": false
}