{
  "run_id": "MPO2-L4-d8-jit5-seed42",
  "seed": 42,
  "model": "MPO2",
  "grid_params": {
    "model": "MPO2",
    "L": 4,
    "bond_dim": 8,
    "jitter_start": 5.0
  },
  "n_parameters": 1152,
  "train_loss": 282.75727005541717,
  "train_quality": -0.002801786004723139,
  "val_loss": 410.9245698678484,
  "val_quality": -0.42485629205627506,
  "test_loss": 397.32767449996675,
  "test_quality": -0.5875336904553308,
  "success": false,
  "singular": false
}