{
  "run_id": "MPO2-L2-d4-init0.01-jit1-rf0.1-seed256",
  "seed": 256,
  "model": "MPO2",
  "grid_params": {
    "model": "MPO2",
    "L": 2,
    "bond_dim": 4,
    "jitter_start": 1.0,
    "reduction_factor": 0.1,
    "init_strength": 0.01
  },
  "train_loss": 351.2512269153178,
  "train_quality": -0.24571636166241273,
  "val_loss": 412.3555015034094,
  "val_quality": -0.42981796165195374,
  "test_loss": 341.5814033835684,
  "test_quality": -0.3647979255078875,
  "success": false,
  "singular": false
}