{
  "run_id": "MPO2-L4-d8-jit5-seed999",
  "seed": 999,
  "model": "MPO2",
  "grid_params": {
    "model": "MPO2",
    "L": 4,
    "bond_dim": 8,
    "jitter_start": 5.0
  },
  "n_parameters": 1152,
  "train_loss": 275.051700252148,
  "train_quality": 0.024526102538648176,
  "val_loss": 395.9799679987476,
  "val_quality": -0.37303678169623034,
  "test_loss": 370.26875130118435,
  "test_quality": -0.47941901593745095,
  "success": false,
  "singular": false
}