{
  "run_id": "MPO2-L3-d8-jit0.1-seed123",
  "seed": 123,
  "model": "MPO2",
  "grid_params": {
    "model": "MPO2",
    "L": 3,
    "bond_dim": 8,
    "jitter_start": 0.1
  },
  "n_parameters": 640,
  "train_loss": 568.6645634983194,
  "train_quality": -1.0167751647975205,
  "val_loss": 694.1583158241077,
  "val_quality": -1.4069523131781811,
  "test_loss": 682.824937602763,
  "test_quality": -1.7282458854436937,
  "success": false,
  "singular": false
}