{
  "run_id": "MPO2-L3-d16-jit5-seed42",
  "seed": 42,
  "model": "MPO2",
  "grid_params": {
    "model": "MPO2",
    "L": 3,
    "bond_dim": 16,
    "jitter_start": 5.0
  },
  "n_parameters": 2304,
  "train_loss": 533.3504926733871,
  "train_quality": -0.891533421986102,
  "val_loss": 708.2634850094292,
  "val_quality": -1.4558611410700908,
  "test_loss": 670.0378929585657,
  "test_quality": -1.6771548956213338,
  "success": false,
  "singular": false
}