{
  "run_id": "MPO2TypeI-L3-d8-jit5-seed123",
  "seed": 123,
  "model": "MPO2TypeI",
  "grid_params": {
    "model": "MPO2TypeI",
    "L": 3,
    "bond_dim": 8,
    "jitter_start": 5.0
  },
  "n_parameters": 776,
  "train_loss": 50.41805496674081,
  "train_quality": 0.8211918103551398,
  "val_loss": 100.58870762274687,
  "val_quality": 0.6512146912700489,
  "success": true,
  "singular": false
}