{
  "run_id": "MPO2-L3-d8-jit5-seed999",
  "seed": 999,
  "model": "MPO2",
  "grid_params": {
    "model": "MPO2",
    "L": 3,
    "bond_dim": 8,
    "jitter_start": 5.0
  },
  "n_parameters": 640,
  "train_loss": 532.5383924549546,
  "train_quality": -0.8886532995782881,
  "val_loss": 708.6591809248074,
  "val_quality": -1.4572331929163673,
  "test_loss": 664.4163575961429,
  "test_quality": -1.65469389591583,
  "success": false,
  "singular": false
}