{
  "run_id": "MPO2-L3-d16-jit5-seed42",
  "seed": 42,
  "model": "MPO2",
  "grid_params": {
    "model": "MPO2",
    "L": 3,
    "bond_dim": 16,
    "jitter_start": 5.0
  },
  "n_parameters": 2304,
  "train_loss": 544.0546011347777,
  "train_quality": -0.9294956610491933,
  "val_loss": 737.0719463179756,
  "val_quality": -1.5557527522559171,
  "success": false,
  "singular": false
}