{
  "run_id": "MPO2-L3-d8-jit5-seed256",
  "seed": 256,
  "model": "MPO2",
  "grid_params": {
    "model": "MPO2",
    "L": 3,
    "bond_dim": 8,
    "jitter_start": 5.0
  },
  "n_parameters": 640,
  "train_loss": 527.8126543298768,
  "train_quality": -0.871893417043385,
  "val_loss": 716.1908021351618,
  "val_quality": -1.4833486375937444,
  "test_loss": 671.2272887555841,
  "test_quality": -1.6819071593578827,
  "success": false,
  "singular": false
}