{
  "run_id": "MPO2-L3-d12-jit0.1-seed256",
  "seed": 256,
  "model": "MPO2",
  "grid_params": {
    "model": "MPO2",
    "L": 3,
    "bond_dim": 12,
    "jitter_start": 0.1
  },
  "n_parameters": 1344,
  "train_loss": 542.9647040828145,
  "train_quality": -0.9256303290983798,
  "val_loss": 694.7985040960076,
  "val_quality": -1.409172127602056,
  "test_loss": 662.4374246178935,
  "test_quality": -1.646787014578964,
  "success": false,
  "singular": false
}