{
  "run_id": "MPO2-L4-d8-jit0.1-seed42",
  "seed": 42,
  "model": "MPO2",
  "grid_params": {
    "model": "MPO2",
    "L": 4,
    "bond_dim": 8,
    "jitter_start": 0.1
  },
  "n_parameters": 1152,
  "train_loss": 261.5394214556876,
  "train_quality": 0.07244754875797454,
  "val_loss": 385.48972546059895,
  "val_quality": -0.336662495071109,
  "test_loss": 325.5919959831561,
  "test_quality": -0.30091180690183794,
  "success": false,
  "singular": false
}