{
  "run_id": "MPO2-L3-d16-jit0.1-seed42",
  "seed": 42,
  "model": "MPO2",
  "grid_params": {
    "model": "MPO2",
    "L": 3,
    "bond_dim": 16,
    "jitter_start": 0.1
  },
  "n_parameters": 2304,
  "train_loss": 531.8848654935981,
  "train_quality": -0.8863355589807709,
  "val_loss": 697.4863077443572,
  "val_quality": -1.4184919254943904,
  "test_loss": 666.7783739752128,
  "test_quality": -1.6641313975544962,
  "success": false,
  "singular": false
}