{
  "run_id": "MPO2-L3-d12-jit5-seed7",
  "seed": 7,
  "model": "MPO2",
  "grid_params": {
    "model": "MPO2",
    "L": 3,
    "bond_dim": 12,
    "jitter_start": 5.0
  },
  "n_parameters": 1344,
  "train_loss": 558.2536335362706,
  "train_quality": -0.9798526865253743,
  "val_loss": 738.7827989543689,
  "val_quality": -1.5616850311277548,
  "success": false,
  "singular": false
}