{
  "run_id": "MPO2-L4-d8-jit0.1-seed42",
  "seed": 42,
  "model": "MPO2",
  "grid_params": {
    "model": "MPO2",
    "L": 4,
    "bond_dim": 8,
    "jitter_start": 0.1
  },
  "n_parameters": 1152,
  "train_loss": 261.53942145568686,
  "train_quality": 0.07244754875797732,
  "val_loss": 385.48972546059946,
  "val_quality": -0.33666249507111146,
  "test_loss": 325.59199598315587,
  "test_quality": -0.30091180690183816,
  "success": false,
  "singular": false
}