{
  "run_id": "MPO2-L3-d12-jit0.1-seed123",
  "seed": 123,
  "model": "MPO2",
  "grid_params": {
    "model": "MPO2",
    "L": 3,
    "bond_dim": 12,
    "jitter_start": 0.1
  },
  "n_parameters": 1344,
  "train_loss": 550.4336856847108,
  "train_quality": -0.9521191549685337,
  "val_loss": 697.4002767978816,
  "val_quality": -1.4181936183490276,
  "test_loss": 690.4789477424632,
  "test_quality": -1.7588276942219356,
  "success": false,
  "singular": false
}