{
  "run_id": "MPO2-L2-d4-init0.1-jit1-rf0.3-seed42",
  "seed": 42,
  "model": "MPO2",
  "grid_params": {
    "model": "MPO2",
    "L": 2,
    "bond_dim": 4,
    "jitter_start": 1.0,
    "reduction_factor": 0.3,
    "init_strength": 0.1
  },
  "train_loss": 332.71032793614546,
  "train_quality": -0.17996085834041797,
  "val_loss": 408.9376994720448,
  "val_quality": -0.417966938163729,
  "test_loss": 335.89815443566,
  "test_quality": -0.3420903474681649,
  "success": false,
  "singular": false
}