{
  "run_id": "MPO2-L3-d12-jit0.1-seed42",
  "seed": 42,
  "model": "MPO2",
  "grid_params": {
    "model": "MPO2",
    "L": 3,
    "bond_dim": 12,
    "jitter_start": 0.1
  },
  "n_parameters": 1344,
  "train_loss": 543.7502230605596,
  "train_quality": -0.9284161808420646,
  "val_loss": 697.1251198114271,
  "val_quality": -1.4172395280069021,
  "test_loss": 674.4248299032214,
  "test_quality": -1.6946830232714136,
  "success": false,
  "singular": false
}