{
  "run_id": "MPO2-L3-d8-jit5-seed7",
  "seed": 7,
  "model": "MPO2",
  "grid_params": {
    "model": "MPO2",
    "L": 3,
    "bond_dim": 8,
    "jitter_start": 5.0
  },
  "n_parameters": 640,
  "train_loss": 525.113264667828,
  "train_quality": -0.8623200017473092,
  "val_loss": 721.4764124114616,
  "val_quality": -1.5016761741096674,
  "test_loss": 667.9546016872561,
  "test_quality": -1.6688310478440624,
  "success": false,
  "singular": false
}