{
  "run_id": "MPO2-L3-d12-jit5-seed7",
  "seed": 7,
  "model": "MPO2",
  "grid_params": {
    "model": "MPO2",
    "L": 3,
    "bond_dim": 12,
    "jitter_start": 5.0
  },
  "n_parameters": 1344,
  "train_loss": 550.2944876440698,
  "train_quality": -0.9516254875776446,
  "val_loss": 711.1008275010356,
  "val_quality": -1.4656994559296397,
  "test_loss": 693.2437488286215,
  "test_quality": -1.769874533275388,
  "success": false,
  "singular": false
}