{
  "run_id": "MPO2-L3-d12-jit0.1-seed999",
  "seed": 999,
  "model": "MPO2",
  "grid_params": {
    "model": "MPO2",
    "L": 3,
    "bond_dim": 12,
    "jitter_start": 0.1
  },
  "n_parameters": 1344,
  "train_loss": 549.1916584173475,
  "train_quality": -0.9477142915259975,
  "val_loss": 698.8310774435662,
  "val_quality": -1.4231548337451692,
  "test_loss": 683.1677822624702,
  "test_quality": -1.72961573074471,
  "success": false,
  "singular": false
}