{
  "run_id": "MPO2-L4-d8-jit0.1-seed999",
  "seed": 999,
  "model": "MPO2",
  "grid_params": {
    "model": "MPO2",
    "L": 4,
    "bond_dim": 8,
    "jitter_start": 0.1
  },
  "n_parameters": 1152,
  "train_loss": 187.88138171056556,
  "train_quality": 0.3336766014912206,
  "val_loss": 388.3547433930026,
  "val_quality": -0.34659677286119717,
  "test_loss": 298.63241331654575,
  "test_quality": -0.1931940502222369,
  "success": false,
  "singular": false
}