{
  "run_id": "MPO2-L3-d8-jit5-seed42",
  "seed": 42,
  "model": "MPO2",
  "grid_params": {
    "model": "MPO2",
    "L": 3,
    "bond_dim": 8,
    "jitter_start": 5.0
  },
  "n_parameters": 640,
  "train_loss": 529.1367738810441,
  "train_quality": -0.8765894216785057,
  "val_loss": 722.9284029446292,
  "val_quality": -1.506710864169341,
  "test_loss": 671.2495708268117,
  "test_quality": -1.6819961879884975,
  "success": false,
  "singular": false
}