{
  "run_id": "MPO2-L3-d8-jit0.1-seed256",
  "seed": 256,
  "model": "MPO2",
  "grid_params": {
    "model": "MPO2",
    "L": 3,
    "bond_dim": 8,
    "jitter_start": 0.1
  },
  "n_parameters": 640,
  "train_loss": 526.8499440731589,
  "train_quality": -0.8684791544688009,
  "val_loss": 698.176210160554,
  "val_quality": -1.4208841207309488,
  "test_loss": 663.2552089860797,
  "test_quality": -1.6500544945944378,
  "success": false,
  "singular": false
}