{
  "run_id": "MPO2-L3-d16-jit5-seed7",
  "seed": 7,
  "model": "MPO2",
  "grid_params": {
    "model": "MPO2",
    "L": 3,
    "bond_dim": 16,
    "jitter_start": 5.0
  },
  "n_parameters": 2304,
  "train_loss": 540.279657571666,
  "train_quality": -0.91610778194563,
  "val_loss": 711.8071906220438,
  "val_quality": -1.4681487276725487,
  "test_loss": 684.0496881632139,
  "test_quality": -1.7331394101133926,
  "success": false,
  "singular": false
}