{
  "run_id": "MPO2-L3-d8-jit0.1-seed7",
  "seed": 7,
  "model": "MPO2",
  "grid_params": {
    "model": "MPO2",
    "L": 3,
    "bond_dim": 8,
    "jitter_start": 0.1
  },
  "n_parameters": 640,
  "train_loss": 528.9573954263934,
  "train_quality": -0.8759532540048711,
  "val_loss": 713.2220543167073,
  "val_quality": -1.4730546826471849,
  "test_loss": 667.6895471755593,
  "test_quality": -1.6677720152265736,
  "success": false,
  "singular": false
}