{
  "run_id": "MPO2-L3-d8-jit0.1-seed42",
  "seed": 42,
  "model": "MPO2",
  "grid_params": {
    "model": "MPO2",
    "L": 3,
    "bond_dim": 8,
    "jitter_start": 0.1
  },
  "n_parameters": 640,
  "train_loss": 531.6863158937064,
  "train_quality": -0.8856314006284749,
  "val_loss": 705.3181393497088,
  "val_quality": -1.4456483317048998,
  "test_loss": 667.0087968979134,
  "test_quality": -1.6650520587022521,
  "success": false,
  "singular": false
}