{
  "run_id": "MPO2-L3-d16-jit5-seed999",
  "seed": 999,
  "model": "MPO2",
  "grid_params": {
    "model": "MPO2",
    "L": 3,
    "bond_dim": 16,
    "jitter_start": 5.0
  },
  "n_parameters": 2304,
  "train_loss": 546.5673984182832,
  "train_quality": -0.9384073244107518,
  "val_loss": 746.9418582900316,
  "val_quality": -1.5899760798606604,
  "success": false,
  "singular": false
}