{
  "run_id": "MPO2-L2-d4-init0.01-jit5-rf0.5-seed7",
  "seed": 7,
  "model": "MPO2",
  "grid_params": {
    "model": "MPO2",
    "L": 2,
    "bond_dim": 4,
    "jitter_start": 5.0,
    "reduction_factor": 0.5,
    "init_strength": 0.01
  },
  "train_loss": 354.0553878441989,
  "train_quality": -0.2556613494152493,
  "val_loss": 413.75403711045925,
  "val_quality": -0.4346672999624144,
  "test_loss": 343.54323544420185,
  "test_quality": -0.37263647965640123,
  "success": false,
  "singular": false
}