{
  "run_id": "MPO2-L3-d16-jit5-seed42",
  "seed": 42,
  "model": "MPO2",
  "grid_params": {
    "model": "MPO2",
    "L": 3,
    "bond_dim": 16,
    "jitter_start": 5.0
  },
  "n_parameters": 2304,
  "train_loss": 533.3504926733888,
  "train_quality": -0.8915334219861077,
  "val_loss": 708.2634850094285,
  "val_quality": -1.45586114107009,
  "test_loss": 670.0378929585676,
  "test_quality": -1.6771548956213431,
  "success": false,
  "singular": false
}