{
  "run_id": "MPO2-L3-d12-jit5-seed42",
  "seed": 42,
  "model": "MPO2",
  "grid_params": {
    "model": "MPO2",
    "L": 3,
    "bond_dim": 12,
    "jitter_start": 5.0
  },
  "n_parameters": 1344,
  "train_loss": 521.4042039866123,
  "train_quality": -0.8491657770131615,
  "val_loss": 741.1721483207439,
  "val_quality": -1.5699699567034995,
  "success": false,
  "singular": false
}