{
  "run_id": "MPO2-L3-d16-jit5-seed999",
  "seed": 999,
  "model": "MPO2",
  "grid_params": {
    "model": "MPO2",
    "L": 3,
    "bond_dim": 16,
    "jitter_start": 5.0
  },
  "n_parameters": 2304,
  "train_loss": 542.6110876824388,
  "train_quality": -0.9243762246228775,
  "val_loss": 711.6552239344352,
  "val_quality": -1.4676217923007093,
  "test_loss": 698.636372883328,
  "test_quality": -1.791420911532529,
  "success": false,
  "singular": false
}