{
  "run_id": "MPO2-L3-d16-jit5-seed7",
  "seed": 7,
  "model": "MPO2",
  "grid_params": {
    "model": "MPO2",
    "L": 3,
    "bond_dim": 16,
    "jitter_start": 5.0
  },
  "n_parameters": 2304,
  "train_loss": 546.3940718784598,
  "train_quality": -0.937792619919996,
  "val_loss": 743.8444402570311,
  "val_quality": -1.5792359686649031,
  "success": false,
  "singular": false
}