{
  "run_id": "MPO2-L3-d16-jit0.1-seed256",
  "seed": 256,
  "model": "MPO2",
  "grid_params": {
    "model": "MPO2",
    "L": 3,
    "bond_dim": 16,
    "jitter_start": 0.1
  },
  "n_parameters": 2304,
  "train_loss": 534.3510176024428,
  "train_quality": -0.8950817947144236,
  "val_loss": 698.7238445836315,
  "val_quality": -1.4227830102369237,
  "test_loss": 667.1383634248713,
  "test_quality": -1.665569745336994,
  "success": false,
  "singular": false
}