{
  "run_id": "MPO2-L2-d4-init0.01-jit1-rf0.1-seed7",
  "seed": 7,
  "model": "MPO2",
  "grid_params": {
    "model": "MPO2",
    "L": 2,
    "bond_dim": 4,
    "jitter_start": 1.0,
    "reduction_factor": 0.1,
    "init_strength": 0.01
  },
  "train_loss": 351.0057674187141,
  "train_quality": -0.24484583684252814,
  "val_loss": 411.7295907953119,
  "val_quality": -0.42764765382396264,
  "test_loss": 341.6637084361596,
  "test_quality": -0.36512677761728973,
  "success": false,
  "singular": false
}