{
  "run_id": "MPO2-L3-d16-jit0.1-seed256",
  "seed": 256,
  "model": "MPO2",
  "grid_params": {
    "model": "MPO2",
    "L": 3,
    "bond_dim": 16,
    "jitter_start": 0.1
  },
  "n_parameters": 2304,
  "train_loss": 534.3510176024424,
  "train_quality": -0.8950817947144225,
  "val_loss": 698.7238445836315,
  "val_quality": -1.4227830102369219,
  "test_loss": 667.1383634248716,
  "test_quality": -1.6655697453369935,
  "success": false,
  "singular": false
}