{
  "run_id": "MPO2-L3-d16-jit5-seed256",
  "seed": 256,
  "model": "MPO2",
  "grid_params": {
    "model": "MPO2",
    "L": 3,
    "bond_dim": 16,
    "jitter_start": 5.0
  },
  "n_parameters": 2304,
  "train_loss": 533.7595506834448,
  "train_quality": -0.8929841507436156,
  "val_loss": 714.8393768117113,
  "val_quality": -1.478662651365219,
  "test_loss": 668.5460332587473,
  "test_quality": -1.6711941290125774,
  "success": false,
  "singular": false
}