{
  "run_id": "MPO2-L2-d4-init0.01-jit5-rf0.1-seed256",
  "seed": 256,
  "model": "MPO2",
  "grid_params": {
    "model": "MPO2",
    "L": 2,
    "bond_dim": 4,
    "jitter_start": 5.0,
    "reduction_factor": 0.1,
    "init_strength": 0.01
  },
  "train_loss": 334.6147233745132,
  "train_quality": -0.18671481782828603,
  "val_loss": 413.2819505527971,
  "val_quality": -0.43303036814717544,
  "test_loss": 338.3163340283995,
  "test_quality": -0.35175225077725836,
  "success": false,
  "singular": false
}