{
  "run_id": "MPO2-L3-d12-jit5-seed999",
  "seed": 999,
  "model": "MPO2",
  "grid_params": {
    "model": "MPO2",
    "L": 3,
    "bond_dim": 12,
    "jitter_start": 5.0
  },
  "n_parameters": 1344,
  "train_loss": 553.0926295537372,
  "train_quality": -0.9615491288122597,
  "val_loss": 740.551120100164,
  "val_quality": -1.5678165786080447,
  "success": false,
  "singular": false
}