{
  "run_id": "MPO2-L4-d8-jit5-seed123",
  "seed": 123,
  "model": "MPO2",
  "grid_params": {
    "model": "MPO2",
    "L": 4,
    "bond_dim": 8,
    "jitter_start": 5.0
  },
  "n_parameters": 1152,
  "train_loss": 259.1597116738425,
  "train_quality": 0.08088721582273106,
  "val_loss": 381.410055769564,
  "val_quality": -0.32251648518259857,
  "test_loss": 378.743815470852,
  "test_quality": -0.5132813687550597,
  "success": false,
  "singular": false
}