{
  "run_id": "MPO2-L4-d8-jit5-seed256",
  "seed": 256,
  "model": "MPO2",
  "grid_params": {
    "model": "MPO2",
    "L": 4,
    "bond_dim": 8,
    "jitter_start": 5.0
  },
  "n_parameters": 1152,
  "train_loss": 282.738811265337,
  "train_quality": -0.0027363217015199393,
  "val_loss": 392.5116018961972,
  "val_quality": -0.3610104303248258,
  "test_loss": 377.96620704504085,
  "test_quality": -0.5101744128262768,
  "success": false,
  "singular": false
}