{
  "run_id": "MPO2-L3-d16-jit5-seed999",
  "seed": 999,
  "model": "MPO2",
  "grid_params": {
    "model": "MPO2",
    "L": 3,
    "bond_dim": 16,
    "jitter_start": 5.0
  },
  "n_parameters": 2304,
  "train_loss": 542.6110876824389,
  "train_quality": -0.9243762246228777,
  "val_loss": 711.6552239344352,
  "val_quality": -1.4676217923007076,
  "test_loss": 698.6363728833269,
  "test_quality": -1.7914209115325224,
  "success": false,
  "singular": false
}