{
  "run_id": "MPO2-L2-d4-init0.01-jit1-rf0.1-seed999",
  "seed": 999,
  "model": "MPO2",
  "grid_params": {
    "model": "MPO2",
    "L": 2,
    "bond_dim": 4,
    "jitter_start": 1.0,
    "reduction_factor": 0.1,
    "init_strength": 0.01
  },
  "train_loss": 350.7644974239666,
  "train_quality": -0.24399017013731972,
  "val_loss": 411.82982185389767,
  "val_quality": -0.4279951990061144,
  "test_loss": 341.62247020118514,
  "test_quality": -0.3649620091111965,
  "success": false,
  "singular": false
}