{
  "run_id": "MPO2-L3-d8-jit5-seed7",
  "seed": 7,
  "model": "MPO2",
  "grid_params": {
    "model": "MPO2",
    "L": 3,
    "bond_dim": 8,
    "jitter_start": 5.0
  },
  "n_parameters": 640,
  "train_loss": 579.7990693509158,
  "train_quality": -1.0562638129694149,
  "val_loss": 733.1400369994277,
  "val_quality": -1.5421190925939277,
  "success": false,
  "singular": false
}