{
  "run_id": "MPO2-L3-d8-jit5-seed123",
  "seed": 123,
  "model": "MPO2",
  "grid_params": {
    "model": "MPO2",
    "L": 3,
    "bond_dim": 8,
    "jitter_start": 5.0
  },
  "n_parameters": 640,
  "train_loss": 528.9007472910237,
  "train_quality": -0.875752350766162,
  "val_loss": 717.3045016033116,
  "val_quality": -1.4872103236816878,
  "test_loss": 695.7392160691815,
  "test_quality": -1.7798452415146322,
  "success": false,
  "singular": false
}