{
  "run_id": "MPO2-L3-d16-jit0.1-seed123",
  "seed": 123,
  "model": "MPO2",
  "grid_params": {
    "model": "MPO2",
    "L": 3,
    "bond_dim": 16,
    "jitter_start": 0.1
  },
  "n_parameters": 2304,
  "train_loss": 530.7947231289356,
  "train_quality": -0.882469357025756,
  "val_loss": 700.865470632251,
  "val_quality": -1.4302089700708378,
  "test_loss": 669.6819144033099,
  "test_quality": -1.6757325734781334,
  "success": false,
  "singular": false
}