{
  "run_id": "MPO2-L4-d8-jit5-seed999",
  "seed": 999,
  "model": "MPO2",
  "grid_params": {
    "model": "MPO2",
    "L": 4,
    "bond_dim": 8,
    "jitter_start": 5.0
  },
  "n_parameters": 1152,
  "train_loss": 275.05170025214534,
  "train_quality": 0.024526102538657613,
  "val_loss": 395.9799679987557,
  "val_quality": -0.3730367816962574,
  "test_loss": 370.26875130118646,
  "test_quality": -0.4794190159374583,
  "success": false,
  "singular": false
}