{
  "run_id": "MPO2-L3-d8-jit0.1-seed999",
  "seed": 999,
  "model": "MPO2",
  "grid_params": {
    "model": "MPO2",
    "L": 3,
    "bond_dim": 8,
    "jitter_start": 0.1
  },
  "n_parameters": 640,
  "train_loss": 528.4762795259896,
  "train_quality": -0.8742469711421681,
  "val_loss": 703.0069932010261,
  "val_quality": -1.4376345710946001,
  "test_loss": 660.858172822415,
  "test_quality": -1.6404770704398137,
  "success": false,
  "singular": false
}