{
  "run_id": "MPO2-L4-d8-jit5-seed7",
  "seed": 7,
  "model": "MPO2",
  "grid_params": {
    "model": "MPO2",
    "L": 4,
    "bond_dim": 8,
    "jitter_start": 5.0
  },
  "n_parameters": 1152,
  "train_loss": 148.84993219492608,
  "train_quality": 0.47210206894945905,
  "val_loss": 395.12183926774435,
  "val_quality": -0.3700612718060383,
  "test_loss": 259.7522169957275,
  "test_quality": -0.037847152655900995,
  "success": false,
  "singular": false
}