{
  "run_id": "MPO2-L4-d8-jit5-seed123",
  "seed": 123,
  "model": "MPO2",
  "grid_params": {
    "model": "MPO2",
    "L": 4,
    "bond_dim": 8,
    "jitter_start": 5.0
  },
  "n_parameters": 1152,
  "train_loss": 259.15971167384276,
  "train_quality": 0.08088721582273006,
  "val_loss": 381.4100557695644,
  "val_quality": -0.3225164851825999,
  "test_loss": 378.74381547084545,
  "test_quality": -0.5132813687550333,
  "success": false,
  "singular": false
}