{
  "run_id": "MPO2-L3-d12-jit5-seed256",
  "seed": 256,
  "model": "MPO2",
  "grid_params": {
    "model": "MPO2",
    "L": 3,
    "bond_dim": 12,
    "jitter_start": 5.0
  },
  "n_parameters": 1344,
  "train_loss": 547.9524600896658,
  "train_quality": -0.9433194609493343,
  "val_loss": 709.8129749060938,
  "val_quality": -1.4612339043230893,
  "test_loss": 682.436292827618,
  "test_quality": -1.7266930445172752,
  "success": false,
  "singular": false
}