{
  "run_id": "MPO2-L3-d8-jit5-seed123",
  "seed": 123,
  "model": "MPO2",
  "grid_params": {
    "model": "MPO2",
    "L": 3,
    "bond_dim": 8,
    "jitter_start": 5.0
  },
  "n_parameters": 640,
  "train_loss": 536.040007409886,
  "train_quality": -0.9010718157494828,
  "val_loss": 754.4448973869675,
  "val_quality": -1.6159924177745784,
  "success": false,
  "singular": false
}