{
  "run_id": "MPO2-L3-d12-jit5-seed123",
  "seed": 123,
  "model": "MPO2",
  "grid_params": {
    "model": "MPO2",
    "L": 3,
    "bond_dim": 12,
    "jitter_start": 5.0
  },
  "n_parameters": 1344,
  "train_loss": 513.4113031263354,
  "train_quality": -0.8208188656977655,
  "val_loss": 718.2592531862823,
  "val_quality": -1.4905208675140589,
  "test_loss": 656.0846535317846,
  "test_quality": -1.621404342355992,
  "success": false,
  "singular": false
}