{
  "run_id": "MPO2-L3-d16-jit5-seed7",
  "seed": 7,
  "model": "MPO2",
  "grid_params": {
    "model": "MPO2",
    "L": 3,
    "bond_dim": 16,
    "jitter_start": 5.0
  },
  "n_parameters": 2304,
  "train_loss": 540.2796575716659,
  "train_quality": -0.9161077819456298,
  "val_loss": 711.807190622044,
  "val_quality": -1.4681487276725513,
  "test_loss": 684.049688163214,
  "test_quality": -1.7331394101133948,
  "success": false,
  "singular": false
}