{
  "run_id": "MMPO2-L4-d12-seed42",
  "seed": 42,
  "model": "MMPO2",
  "dataset": "iris",
  "task": "classification",
  "params": {
    "output_site": 1,
    "init_strength": 0.01,
    "rank": 5,
    "batch_size": 64,
    "n_epochs": 1000,
    "patience": 40,
    "min_delta": 1e-08,
    "optimizer": "adamw",
    "seeds": [
      42,
      7,
      123,
      256,
      999
    ],
    "model": "MMPO2",
    "L": 4,
    "bond_dim": 12,
    "lr": 0.01
  },
  "n_parameters": 2400,
  "train_loss": 0.34411331795471234,
  "train_quality": 0.8666666666666667,
  "val_loss": 0.25812874418192794,
  "val_quality": 0.9090909090909091,
  "test_loss": 0.465038275218236,
  "test_quality": 0.8260869565217391,
  "best_epoch": 70,
  "stopped_early": true,
  "patience_counter": 40,
  "success": true
}