{
  "run_id": "MMPO2-L4-d12-seed7",
  "seed": 7,
  "model": "MMPO2",
  "dataset": "iris",
  "task": "classification",
  "params": {
    "init_strength": 0.01,
    "batch_size": 64,
    "n_epochs": 1000,
    "patience": 40,
    "min_delta": 1e-08,
    "optimizer": "adamw",
    "seeds": [
      42,
      7,
      123,
      256,
      999
    ],
    "model": "MMPO2",
    "L": 4,
    "bond_dim": 12,
    "lr": 0.001
  },
  "n_parameters": 1344,
  "train_loss": 0.3332288792589265,
  "train_quality": 0.8571428571428571,
  "val_loss": 0.2644352910980329,
  "val_quality": 0.8636363636363636,
  "test_loss": 1.4392586701737027,
  "test_quality": 0.8260869565217391,
  "best_epoch": 169,
  "stopped_early": true,
  "patience_counter": 40,
  "success": true
}