{
  "run_id": "MMPO2-L4-d16-seed42",
  "seed": 42,
  "model": "MMPO2",
  "dataset": "iris",
  "task": "classification",
  "params": {
    "init_strength": 0.01,
    "batch_size": 64,
    "n_epochs": 1000,
    "patience": 40,
    "min_delta": 1e-08,
    "optimizer": "adamw",
    "seeds": [
      42,
      7,
      123,
      256,
      999
    ],
    "model": "MMPO2",
    "L": 4,
    "bond_dim": 16,
    "lr": 0.001
  },
  "n_parameters": 2304,
  "train_loss": 0.32321205204054165,
  "train_quality": 0.8761904761904762,
  "val_loss": 0.23545588245956806,
  "val_quality": 0.8636363636363636,
  "test_loss": 1.9820353844675271,
  "test_quality": 0.8260869565217391,
  "best_epoch": 188,
  "stopped_early": true,
  "patience_counter": 40,
  "success": true
}