{
  "run_id": "MMPO2-L4-d8-seed7",
  "seed": 7,
  "model": "MMPO2",
  "dataset": "iris",
  "task": "classification",
  "params": {
    "init_strength": 0.01,
    "batch_size": 64,
    "n_epochs": 1000,
    "patience": 40,
    "min_delta": 1e-08,
    "optimizer": "adamw",
    "seeds": [
      42,
      7,
      123,
      256,
      999
    ],
    "model": "MMPO2",
    "L": 4,
    "bond_dim": 8,
    "lr": 0.001
  },
  "n_parameters": 640,
  "train_loss": 0.3259832314002697,
  "train_quality": 0.8761904761904762,
  "val_loss": 0.2312370566714831,
  "val_quality": 0.8636363636363636,
  "test_loss": 4.0581737631517445,
  "test_quality": 0.8260869565217391,
  "best_epoch": 377,
  "stopped_early": false,
  "patience_counter": 0,
  "success": true
}