{
  "run_id": "MMPO2-L4-d12-seed999",
  "seed": 999,
  "model": "MMPO2",
  "dataset": "iris",
  "task": "classification",
  "params": {
    "init_strength": 0.01,
    "batch_size": 64,
    "n_epochs": 1000,
    "patience": 40,
    "min_delta": 1e-08,
    "optimizer": "adamw",
    "seeds": [
      42,
      7,
      123,
      256,
      999
    ],
    "model": "MMPO2",
    "L": 4,
    "bond_dim": 12,
    "lr": 0.001
  },
  "n_parameters": 1344,
  "train_loss": 0.2988230658576538,
  "train_quality": 0.8761904761904762,
  "val_loss": 0.21290591848427087,
  "val_quality": 0.8636363636363636,
  "test_loss": 0.7611194767145663,
  "test_quality": 0.7391304347826086,
  "best_epoch": 177,
  "stopped_early": false,
  "patience_counter": 22,
  "success": true
}