{
  "run_id": "MMPO2-L3-d12-seed999",
  "seed": 999,
  "model": "MMPO2",
  "dataset": "iris",
  "task": "classification",
  "params": {
    "init_strength": 0.01,
    "batch_size": 64,
    "n_epochs": 1000,
    "patience": 40,
    "min_delta": 1e-08,
    "optimizer": "adamw",
    "seeds": [
      42,
      7,
      123,
      256,
      999
    ],
    "model": "MMPO2",
    "L": 3,
    "bond_dim": 12,
    "lr": 0.001
  },
  "n_parameters": 768,
  "train_loss": 0.19935703633867166,
  "train_quality": 0.9142857142857143,
  "val_loss": 0.14864420585084018,
  "val_quality": 0.9090909090909091,
  "test_loss": 0.4871910493935309,
  "test_quality": 0.8695652173913043,
  "best_epoch": 12,
  "stopped_early": false,
  "patience_counter": 0,
  "success": true
}