{
  "run_id": "MMPO2-L4-d12-seed123",
  "seed": 123,
  "model": "MMPO2",
  "dataset": "iris",
  "task": "classification",
  "params": {
    "init_strength": 0.01,
    "batch_size": 64,
    "n_epochs": 1000,
    "patience": 40,
    "min_delta": 1e-08,
    "optimizer": "adamw",
    "seeds": [
      42,
      7,
      123,
      256,
      999
    ],
    "model": "MMPO2",
    "L": 4,
    "bond_dim": 12,
    "lr": 0.001
  },
  "n_parameters": 1344,
  "train_loss": 0.32643116274256245,
  "train_quality": 0.8761904761904762,
  "val_loss": 0.24946288248805804,
  "val_quality": 0.8636363636363636,
  "test_loss": 2.6909684034285504,
  "test_quality": 0.8260869565217391,
  "best_epoch": 179,
  "stopped_early": true,
  "patience_counter": 40,
  "success": true
}