{
  "run_id": "MMPO2-L4-d16-seed999",
  "seed": 999,
  "model": "MMPO2",
  "dataset": "iris",
  "task": "classification",
  "params": {
    "init_strength": 0.01,
    "batch_size": 64,
    "n_epochs": 1000,
    "patience": 40,
    "min_delta": 1e-08,
    "optimizer": "adamw",
    "seeds": [
      42,
      7,
      123,
      256,
      999
    ],
    "model": "MMPO2",
    "L": 4,
    "bond_dim": 16,
    "lr": 0.001
  },
  "n_parameters": 2304,
  "train_loss": 0.25085739048548494,
  "train_quality": 0.9238095238095239,
  "val_loss": 0.2065602079712863,
  "val_quality": 0.9090909090909091,
  "test_loss": 6.114093437070316,
  "test_quality": 0.8260869565217391,
  "best_epoch": 821,
  "stopped_early": true,
  "patience_counter": 40,
  "success": true
}