{
  "run_id": "MMPO2-L3-d16-seed7",
  "seed": 7,
  "model": "MMPO2",
  "dataset": "iris",
  "task": "classification",
  "params": {
    "output_site": 1,
    "init_strength": 0.01,
    "rank": 5,
    "batch_size": 64,
    "n_epochs": 1000,
    "patience": 40,
    "min_delta": 1e-08,
    "optimizer": "adamw",
    "seeds": [
      42,
      7,
      123,
      256,
      999
    ],
    "model": "MMPO2",
    "L": 3,
    "bond_dim": 16,
    "lr": 0.01
  },
  "n_parameters": 3200,
  "train_loss": 0.18268524257027668,
  "train_quality": 0.9142857142857143,
  "val_loss": 0.15913765991854112,
  "val_quality": 0.9545454545454546,
  "test_loss": 0.3816406163913947,
  "test_quality": 0.8695652173913043,
  "best_epoch": 0,
  "stopped_early": true,
  "patience_counter": 40,
  "success": true
}