{
  "run_id": "MMPO2-L3-d8-seed999",
  "seed": 999,
  "model": "MMPO2",
  "dataset": "iris",
  "task": "classification",
  "params": {
    "init_strength": 0.01,
    "batch_size": 64,
    "n_epochs": 1000,
    "patience": 40,
    "min_delta": 1e-08,
    "optimizer": "adamw",
    "seeds": [
      42,
      7,
      123,
      256,
      999
    ],
    "model": "MMPO2",
    "L": 3,
    "bond_dim": 8,
    "lr": 0.001
  },
  "n_parameters": 384,
  "train_loss": 0.2108278405075095,
  "train_quality": 0.9047619047619048,
  "val_loss": 0.15515299736866747,
  "val_quality": 0.9545454545454546,
  "test_loss": 0.3906683600160873,
  "test_quality": 0.8695652173913043,
  "best_epoch": 11,
  "stopped_early": false,
  "patience_counter": 1,
  "success": true
}