{
  "run_id": "MMPO2-L3-d12-seed7",
  "seed": 7,
  "model": "MMPO2",
  "dataset": "iris",
  "task": "classification",
  "params": {
    "output_site": 1,
    "init_strength": 0.01,
    "rank": 5,
    "batch_size": 64,
    "n_epochs": 1000,
    "patience": 40,
    "min_delta": 1e-08,
    "optimizer": "adamw",
    "seeds": [
      42,
      7,
      123,
      256,
      999
    ],
    "model": "MMPO2",
    "L": 3,
    "bond_dim": 12,
    "lr": 0.01
  },
  "n_parameters": 1824,
  "train_loss": 0.1812446642994262,
  "train_quality": 0.9047619047619048,
  "val_loss": 0.1571334721313788,
  "val_quality": 0.9545454545454546,
  "test_loss": 0.3957534357080414,
  "test_quality": 0.8695652173913043,
  "best_epoch": 27,
  "stopped_early": true,
  "patience_counter": 40,
  "success": true
}