{
  "run_id": "MMPO2-L3-d16-seed42",
  "seed": 42,
  "model": "MMPO2",
  "dataset": "iris",
  "task": "classification",
  "params": {
    "output_site": 1,
    "init_strength": 0.01,
    "rank": 5,
    "batch_size": 64,
    "n_epochs": 1000,
    "patience": 40,
    "min_delta": 1e-08,
    "optimizer": "adamw",
    "seeds": [
      42,
      7,
      123,
      256,
      999
    ],
    "model": "MMPO2",
    "L": 3,
    "bond_dim": 16,
    "lr": 0.01
  },
  "n_parameters": 3200,
  "train_loss": 0.20440056804204612,
  "train_quality": 0.9047619047619048,
  "val_loss": 0.1539925039605237,
  "val_quality": 0.9545454545454546,
  "test_loss": 0.47831524290704847,
  "test_quality": 0.8260869565217391,
  "best_epoch": 92,
  "stopped_early": true,
  "patience_counter": 40,
  "success": true
}