{
  "run_id": "MPO2-L3-d8-seed7",
  "seed": 7,
  "model": "MPO2",
  "dataset": "iris",
  "task": "classification",
  "params": {
    "output_site": 1,
    "init_strength": 0.01,
    "batch_size": 64,
    "n_epochs": 1000,
    "patience": 40,
    "min_delta": 1e-08,
    "optimizer": "adamw",
    "rank": 5,
    "seeds": [
      42,
      7,
      123,
      256,
      999
    ],
    "model": "MPO2",
    "L": 3,
    "bond_dim": 8,
    "lr": 0.01
  },
  "n_parameters": 832,
  "train_loss": 0.17429070197557267,
  "train_quality": 0.9238095238095239,
  "val_loss": 0.15541134222361905,
  "val_quality": 0.9545454545454546,
  "test_loss": 0.4480573661818729,
  "test_quality": 0.8695652173913043,
  "best_epoch": 128,
  "stopped_early": true,
  "patience_counter": 40,
  "success": true
}