{
  "run_id": "MPO2-L4-d12-seed123",
  "seed": 123,
  "model": "MPO2",
  "dataset": "iris",
  "task": "classification",
  "params": {
    "init_strength": 0.01,
    "batch_size": 64,
    "n_epochs": 1000,
    "patience": 40,
    "min_delta": 1e-08,
    "optimizer": "adamw",
    "seeds": [
      42,
      7,
      123,
      256,
      999
    ],
    "model": "MPO2",
    "L": 4,
    "bond_dim": 12,
    "lr": 0.001
  },
  "n_parameters": 1344,
  "train_loss": 0.29287303462208764,
  "train_quality": 0.8857142857142857,
  "val_loss": 0.2288445355725347,
  "val_quality": 0.9090909090909091,
  "test_loss": 8.721598980663474,
  "test_quality": 0.782608695652174,
  "best_epoch": 283,
  "stopped_early": false,
  "patience_counter": 0,
  "success": true
}