{
  "run_id": "MPO2-L4-d12-seed7",
  "seed": 7,
  "model": "MPO2",
  "dataset": "iris",
  "task": "classification",
  "params": {
    "init_strength": 0.01,
    "batch_size": 64,
    "n_epochs": 1000,
    "patience": 40,
    "min_delta": 1e-08,
    "optimizer": "adamw",
    "seeds": [
      42,
      7,
      123,
      256,
      999
    ],
    "model": "MPO2",
    "L": 4,
    "bond_dim": 12,
    "lr": 0.001
  },
  "n_parameters": 1344,
  "train_loss": 0.28166493022988803,
  "train_quality": 0.8761904761904762,
  "val_loss": 0.2738101515214964,
  "val_quality": 0.8636363636363636,
  "test_loss": 6.261667704235248,
  "test_quality": 0.6521739130434783,
  "best_epoch": 81,
  "stopped_early": false,
  "patience_counter": 2,
  "success": true
}