{
  "run_id": "MPO2-L3-d16-seed123",
  "seed": 123,
  "model": "MPO2",
  "dataset": "iris",
  "task": "classification",
  "params": {
    "init_strength": 0.01,
    "batch_size": 64,
    "n_epochs": 1000,
    "patience": 40,
    "min_delta": 1e-08,
    "optimizer": "adamw",
    "seeds": [
      42,
      7,
      123,
      256,
      999
    ],
    "model": "MPO2",
    "L": 3,
    "bond_dim": 16,
    "lr": 0.001
  },
  "n_parameters": 1280,
  "train_loss": 0.20053156370568673,
  "train_quality": 0.9238095238095239,
  "val_loss": 0.14382543246804375,
  "val_quality": 0.9545454545454546,
  "test_loss": 0.4412545689150013,
  "test_quality": 0.8695652173913043,
  "best_epoch": 487,
  "stopped_early": false,
  "patience_counter": 0,
  "success": true
}