{
  "run_id": "MPO2-L4-d8-seed7",
  "seed": 7,
  "model": "MPO2",
  "dataset": "iris",
  "task": "classification",
  "params": {
    "output_site": 1,
    "init_strength": 0.01,
    "batch_size": 64,
    "n_epochs": 1000,
    "patience": 40,
    "min_delta": 1e-08,
    "optimizer": "adamw",
    "rank": 5,
    "seeds": [
      42,
      7,
      123,
      256,
      999
    ],
    "model": "MPO2",
    "L": 4,
    "bond_dim": 8,
    "lr": 0.01
  },
  "n_parameters": 1088,
  "train_loss": 0.33098923294982396,
  "train_quality": 0.8571428571428571,
  "val_loss": 0.23260127048957183,
  "val_quality": 0.8636363636363636,
  "test_loss": 4.583528740231852,
  "test_quality": 0.8260869565217391,
  "best_epoch": 49,
  "stopped_early": true,
  "patience_counter": 40,
  "success": true
}