{
  "run_id": "MPO2-L3-d8-seed7",
  "seed": 7,
  "model": "MPO2",
  "dataset": "iris",
  "task": "classification",
  "params": {
    "init_strength": 0.01,
    "batch_size": 64,
    "n_epochs": 1000,
    "patience": 40,
    "min_delta": 1e-08,
    "optimizer": "adamw",
    "seeds": [
      42,
      7,
      123,
      256,
      999
    ],
    "model": "MPO2",
    "L": 3,
    "bond_dim": 8,
    "lr": 0.001
  },
  "n_parameters": 384,
  "train_loss": 0.20049592276643477,
  "train_quality": 0.9333333333333333,
  "val_loss": 0.15236701155709814,
  "val_quality": 0.9090909090909091,
  "test_loss": 0.44211466094426205,
  "test_quality": 0.8695652173913043,
  "best_epoch": 648,
  "stopped_early": false,
  "patience_counter": 0,
  "success": true
}