{
  "run_id": "MPO2-L4-d16-seed42",
  "seed": 42,
  "model": "MPO2",
  "dataset": "iris",
  "task": "classification",
  "params": {
    "init_strength": 0.01,
    "batch_size": 64,
    "n_epochs": 1000,
    "patience": 40,
    "min_delta": 1e-08,
    "optimizer": "adamw",
    "seeds": [
      42,
      7,
      123,
      256,
      999
    ],
    "model": "MPO2",
    "L": 4,
    "bond_dim": 16,
    "lr": 0.001
  },
  "n_parameters": 2304,
  "train_loss": 0.29257525766616516,
  "train_quality": 0.8666666666666667,
  "val_loss": 0.24705991527268678,
  "val_quality": 0.8636363636363636,
  "test_loss": 5.307334287883204,
  "test_quality": 0.782608695652174,
  "best_epoch": 94,
  "stopped_early": false,
  "patience_counter": 1,
  "success": true
}