{
  "run_id": "MPO2-L4-d16-seed999",
  "seed": 999,
  "model": "MPO2",
  "dataset": "iris",
  "task": "classification",
  "params": {
    "init_strength": 0.01,
    "batch_size": 64,
    "n_epochs": 1000,
    "patience": 40,
    "min_delta": 1e-08,
    "optimizer": "adamw",
    "seeds": [
      42,
      7,
      123,
      256,
      999
    ],
    "model": "MPO2",
    "L": 4,
    "bond_dim": 16,
    "lr": 0.001
  },
  "n_parameters": 2304,
  "train_loss": 0.31204368522374126,
  "train_quality": 0.8857142857142857,
  "val_loss": 0.22344168227330774,
  "val_quality": 0.9090909090909091,
  "test_loss": 4.425935175517224,
  "test_quality": 0.8260869565217391,
  "best_epoch": 183,
  "stopped_early": true,
  "patience_counter": 40,
  "success": true
}