{
  "run_id": "MPO2-L4-d8-seed123",
  "seed": 123,
  "model": "MPO2",
  "dataset": "iris",
  "task": "classification",
  "params": {
    "output_site": 1,
    "init_strength": 0.01,
    "batch_size": 64,
    "n_epochs": 1000,
    "patience": 40,
    "min_delta": 1e-08,
    "optimizer": "adamw",
    "rank": 5,
    "seeds": [
      42,
      7,
      123,
      256,
      999
    ],
    "model": "MPO2",
    "L": 4,
    "bond_dim": 8,
    "lr": 0.01
  },
  "n_parameters": 1088,
  "train_loss": 0.26008898255088214,
  "train_quality": 0.9142857142857143,
  "val_loss": 0.30478030628806024,
  "val_quality": 0.9545454545454546,
  "test_loss": 2.6188716309568707,
  "test_quality": 0.7391304347826086,
  "best_epoch": 31,
  "stopped_early": true,
  "patience_counter": 40,
  "success": true
}