{
  "run_id": "MPO2-L3-d12-seed123",
  "seed": 123,
  "model": "MPO2",
  "dataset": "iris",
  "task": "classification",
  "params": {
    "output_site": 1,
    "init_strength": 0.01,
    "batch_size": 64,
    "n_epochs": 1000,
    "patience": 40,
    "min_delta": 1e-08,
    "optimizer": "adamw",
    "rank": 5,
    "seeds": [
      42,
      7,
      123,
      256,
      999
    ],
    "model": "MPO2",
    "L": 3,
    "bond_dim": 12,
    "lr": 0.01
  },
  "n_parameters": 1824,
  "train_loss": 0.1828557370098217,
  "train_quality": 0.9142857142857143,
  "val_loss": 0.14477939607903872,
  "val_quality": 0.9545454545454546,
  "test_loss": 0.4070100395821378,
  "test_quality": 0.8695652173913043,
  "best_epoch": 77,
  "stopped_early": true,
  "patience_counter": 40,
  "success": true
}