{
  "run_id": "MPO2-L2-d4-init0.01-rf0.1-seed256",
  "seed": 256,
  "model": "MPO2",
  "dataset": "iris",
  "task": "classification",
  "params": {
    "output_site": 1,
    "init_strength": 0.01,
    "batch_size": 32,
    "n_epochs": 1000,
    "patience": 40,
    "min_delta": 1e-08,
    "optimizer": "adamw",
    "rank": 5,
    "seeds": [
      42,
      7,
      123,
      256,
      999
    ],
    "model": "MPO2",
    "L": 2,
    "bond_dim": 4,
    "weight_decay": 0.1,
    "lr": 0.01,
    "reduction_factor": 0.1
  },
  "train_loss": 0.4275349068235883,
  "train_quality": 0.8380952380952381,
  "val_loss": 0.32318965767196267,
  "val_quality": 0.9545454545454546,
  "test_loss": 0.5262677008199796,
  "test_quality": 0.7391304347826086,
  "best_epoch": 148,
  "stopped_early": true,
  "patience_counter": 40,
  "success": true
}