{
  "run_id": "MPO2-L4-d8-seed256",
  "seed": 256,
  "model": "MPO2",
  "dataset": "iris",
  "task": "classification",
  "params": {
    "output_site": 1,
    "init_strength": 0.01,
    "batch_size": 64,
    "n_epochs": 1000,
    "patience": 40,
    "min_delta": 1e-08,
    "optimizer": "adamw",
    "rank": 5,
    "seeds": [
      42,
      7,
      123,
      256,
      999
    ],
    "model": "MPO2",
    "L": 4,
    "bond_dim": 8,
    "lr": 0.01
  },
  "n_parameters": 1088,
  "train_loss": 0.3176004113929381,
  "train_quality": 0.8857142857142857,
  "val_loss": 0.25633150910876057,
  "val_quality": 0.9090909090909091,
  "test_loss": 1.2867295071906555,
  "test_quality": 0.8260869565217391,
  "best_epoch": 103,
  "stopped_early": true,
  "patience_counter": 40,
  "success": true
}