{
  "run_id": "MPO2-L4-d8-seed123",
  "seed": 123,
  "model": "MPO2",
  "dataset": "iris",
  "task": "classification",
  "params": {
    "init_strength": 0.01,
    "batch_size": 64,
    "n_epochs": 1000,
    "patience": 40,
    "min_delta": 1e-08,
    "optimizer": "adamw",
    "seeds": [
      42,
      7,
      123,
      256,
      999
    ],
    "model": "MPO2",
    "L": 4,
    "bond_dim": 8,
    "lr": 0.001
  },
  "n_parameters": 640,
  "train_loss": 0.3196967548224845,
  "train_quality": 0.8571428571428571,
  "val_loss": 0.24555602743005583,
  "val_quality": 0.8636363636363636,
  "test_loss": 5.93205636836172,
  "test_quality": 0.782608695652174,
  "best_epoch": 222,
  "stopped_early": false,
  "patience_counter": 0,
  "success": true
}