{
  "run_id": "MPO2-L4-d16-seed7",
  "seed": 7,
  "model": "MPO2",
  "dataset": "iris",
  "task": "classification",
  "params": {
    "output_site": 1,
    "init_strength": 0.01,
    "batch_size": 64,
    "n_epochs": 1000,
    "patience": 40,
    "min_delta": 1e-08,
    "optimizer": "adamw",
    "rank": 5,
    "seeds": [
      42,
      7,
      123,
      256,
      999
    ],
    "model": "MPO2",
    "L": 4,
    "bond_dim": 16,
    "lr": 0.01
  },
  "n_parameters": 4224,
  "train_loss": 0.29024186708120814,
  "train_quality": 0.8952380952380953,
  "val_loss": 0.25736463977863494,
  "val_quality": 0.9090909090909091,
  "test_loss": 0.3044660370270233,
  "test_quality": 0.8695652173913043,
  "best_epoch": 117,
  "stopped_early": true,
  "patience_counter": 40,
  "success": true
}