{
  "run_id": "MPO2-L3-d16-seed123",
  "seed": 123,
  "model": "MPO2",
  "dataset": "iris",
  "task": "classification",
  "params": {
    "output_site": 1,
    "init_strength": 0.01,
    "batch_size": 64,
    "n_epochs": 1000,
    "patience": 40,
    "min_delta": 1e-08,
    "optimizer": "adamw",
    "rank": 5,
    "seeds": [
      42,
      7,
      123,
      256,
      999
    ],
    "model": "MPO2",
    "L": 3,
    "bond_dim": 16,
    "lr": 0.01
  },
  "n_parameters": 3200,
  "train_loss": 0.21285549153196187,
  "train_quality": 0.9238095238095239,
  "val_loss": 0.15433677521595737,
  "val_quality": 0.9545454545454546,
  "test_loss": 0.47532697843261634,
  "test_quality": 0.8260869565217391,
  "best_epoch": 1,
  "stopped_early": true,
  "patience_counter": 40,
  "success": true
}