{
  "run_id": "MPO2-L4-d12-seed123",
  "seed": 123,
  "model": "MPO2",
  "dataset": "iris",
  "task": "classification",
  "params": {
    "output_site": 1,
    "init_strength": 0.01,
    "batch_size": 64,
    "n_epochs": 1000,
    "patience": 40,
    "min_delta": 1e-08,
    "optimizer": "adamw",
    "rank": 5,
    "seeds": [
      42,
      7,
      123,
      256,
      999
    ],
    "model": "MPO2",
    "L": 4,
    "bond_dim": 12,
    "lr": 0.01
  },
  "n_parameters": 2400,
  "train_loss": 0.2977196764692857,
  "train_quality": 0.9238095238095239,
  "val_loss": 0.23448956864970405,
  "val_quality": 0.9090909090909091,
  "test_loss": 0.5248093649629003,
  "test_quality": 0.8695652173913043,
  "best_epoch": 32,
  "stopped_early": true,
  "patience_counter": 40,
  "success": true
}