{
  "run_id": "MPO2-L4-d16-seed7",
  "seed": 7,
  "model": "MPO2",
  "dataset": "iris",
  "task": "classification",
  "params": {
    "init_strength": 0.01,
    "batch_size": 64,
    "n_epochs": 1000,
    "patience": 40,
    "min_delta": 1e-08,
    "optimizer": "adamw",
    "seeds": [
      42,
      7,
      123,
      256,
      999
    ],
    "model": "MPO2",
    "L": 4,
    "bond_dim": 16,
    "lr": 0.001
  },
  "n_parameters": 2304,
  "train_loss": 0.28589031760636346,
  "train_quality": 0.8761904761904762,
  "val_loss": 0.23506414241327825,
  "val_quality": 0.9090909090909091,
  "test_loss": 2.9921106840886087,
  "test_quality": 0.6956521739130435,
  "best_epoch": 119,
  "stopped_early": true,
  "patience_counter": 40,
  "success": true
}