{
  "run_id": "MPO2-L4-d12-seed42",
  "seed": 42,
  "model": "MPO2",
  "dataset": "iris",
  "task": "classification",
  "params": {
    "init_strength": 0.01,
    "batch_size": 64,
    "n_epochs": 1000,
    "patience": 40,
    "min_delta": 1e-08,
    "optimizer": "adamw",
    "seeds": [
      42,
      7,
      123,
      256,
      999
    ],
    "model": "MPO2",
    "L": 4,
    "bond_dim": 12,
    "lr": 0.001
  },
  "n_parameters": 1344,
  "train_loss": 0.24676606203800494,
  "train_quality": 0.9142857142857143,
  "val_loss": 0.23699855090032126,
  "val_quality": 0.9090909090909091,
  "test_loss": 7.330343663485411,
  "test_quality": 0.8260869565217391,
  "best_epoch": 955,
  "stopped_early": false,
  "patience_counter": 1,
  "success": true
}