{
  "run_id": "MPO2-L4-d12-seed42",
  "seed": 42,
  "model": "MPO2",
  "dataset": "iris",
  "task": "classification",
  "params": {
    "output_site": 1,
    "init_strength": 0.01,
    "batch_size": 64,
    "n_epochs": 1000,
    "patience": 40,
    "min_delta": 1e-08,
    "optimizer": "adamw",
    "rank": 5,
    "seeds": [
      42,
      7,
      123,
      256,
      999
    ],
    "model": "MPO2",
    "L": 4,
    "bond_dim": 12,
    "lr": 0.01
  },
  "n_parameters": 2400,
  "train_loss": 0.34302023458777725,
  "train_quality": 0.8857142857142857,
  "val_loss": 0.20616059175834153,
  "val_quality": 0.9545454545454546,
  "test_loss": 0.5881062797604397,
  "test_quality": 0.782608695652174,
  "best_epoch": 246,
  "stopped_early": true,
  "patience_counter": 40,
  "success": true
}