{
  "run_id": "MPO2-L3-d8-jit5-seed42",
  "seed": 42,
  "model": "MPO2",
  "grid_params": {
    "model": "MPO2",
    "L": 3,
    "bond_dim": 8,
    "jitter_start": 5.0
  },
  "n_parameters": 1440,
  "train_loss": 0.010296624211560046,
  "train_quality": 0.6886768202927477,
  "val_loss": 0.018347402026839862,
  "val_quality": 0.4889319843521238,
  "test_loss": 0.009695055265774462,
  "test_quality": 0.6361623273851287,
  "success": true,
  "singular": false
}