{
  "run_id": "MPO2-L3-d8-jit5-seed256",
  "seed": 256,
  "model": "MPO2",
  "grid_params": {
    "model": "MPO2",
    "L": 3,
    "bond_dim": 8,
    "jitter_start": 5.0
  },
  "n_parameters": 1360,
  "train_loss": 191180.83289459962,
  "train_quality": 0.5432969515932387,
  "val_loss": 235852.16894114987,
  "val_quality": 0.4316813608754304,
  "success": true,
  "singular": false
}