{
  "run_id": "MPO2-L3-d8-jit5-seed7",
  "seed": 7,
  "model": "MPO2",
  "grid_params": {
    "model": "MPO2",
    "L": 3,
    "bond_dim": 8,
    "jitter_start": 5.0
  },
  "n_parameters": 1440,
  "train_loss": 0.010156380851535257,
  "train_quality": 0.6929171429342915,
  "val_loss": 0.018879151725882344,
  "val_quality": 0.4741200636718309,
  "test_loss": 0.009597806595571008,
  "test_quality": 0.6398118919169188,
  "success": true,
  "singular": false
}