{
  "run_id": "MPO2-L3-d8-jit0.1-seed999",
  "seed": 999,
  "model": "MPO2",
  "grid_params": {
    "model": "MPO2",
    "L": 3,
    "bond_dim": 8,
    "jitter_start": 0.1
  },
  "n_parameters": 1440,
  "train_loss": 0.010338469787509307,
  "train_quality": 0.6874116000134081,
  "val_loss": 0.02046959744576132,
  "val_quality": 0.4298181000006175,
  "test_loss": 0.009941049979164179,
  "test_quality": 0.6269305962044681,
  "success": true,
  "singular": false
}