{
  "run_id": "MPO2-L3-d8-jit0.1-seed123",
  "seed": 123,
  "model": "MPO2",
  "grid_params": {
    "model": "MPO2",
    "L": 3,
    "bond_dim": 8,
    "jitter_start": 0.1
  },
  "n_parameters": 1440,
  "train_loss": 0.010703015011358648,
  "train_quality": 0.6763894071175605,
  "val_loss": 0.01731464222446528,
  "val_quality": 0.5176995723773031,
  "test_loss": 0.010202805087328416,
  "test_quality": 0.6171074062649807,
  "success": true,
  "singular": false
}