{
  "run_id": "MPO2-L3-d8-jit5-seed42",
  "seed": 42,
  "model": "MPO2",
  "grid_params": {
    "model": "MPO2",
    "L": 3,
    "bond_dim": 8,
    "jitter_start": 5.0
  },
  "n_parameters": 1360,
  "train_loss": 195649.4132915312,
  "train_quality": 0.5326221665824711,
  "val_loss": 235810.60763722728,
  "val_quality": 0.4317815086238762,
  "success": true,
  "singular": false
}