{
  "run_id": "LMPO2-L3-d12-jit0.1-rf0.5-seed256",
  "seed": 256,
  "model": "LMPO2",
  "grid_params": {
    "model": "LMPO2",
    "L": 3,
    "bond_dim": 12,
    "jitter_start": 0.1,
    "reduction_factor": 0.5
  },
  "n_parameters": 960,
  "train_loss": 0.020485047851270755,
  "train_quality": 0.39586096242138546,
  "val_loss": 0.020765693547039023,
  "val_quality": 0.3555474416436165,
  "test_loss": 0.017162613353124908,
  "test_quality": 0.3836350569898159,
  "success": true,
  "singular": false
}