{
  "run_id": "LMPO2-L3-d8-jit5-rf0.1-seed7",
  "seed": 7,
  "model": "LMPO2",
  "grid_params": {
    "model": "LMPO2",
    "L": 3,
    "bond_dim": 8,
    "jitter_start": 5.0,
    "reduction_factor": 0.1
  },
  "n_parameters": 4000,
  "train_loss": 0.019321780796925907,
  "train_quality": 0.4301676940317395,
  "val_loss": 0.0207085963073224,
  "val_quality": 0.3573194249451669,
  "test_loss": 0.016358392355642404,
  "test_quality": 0.4125172335605911,
  "success": true,
  "singular": false
}