{
  "run_id": "LMPO2-L3-d16-jit5-rf0.5-seed7",
  "seed": 7,
  "model": "LMPO2",
  "grid_params": {
    "model": "LMPO2",
    "L": 3,
    "bond_dim": 16,
    "jitter_start": 5.0,
    "reduction_factor": 0.5
  },
  "n_parameters": 1260,
  "train_loss": 0.02402935739700486,
  "train_quality": 0.29133322231617154,
  "val_loss": 0.02213494903640507,
  "val_quality": 0.3130533057667392,
  "test_loss": 0.018769005897028818,
  "test_quality": 0.32594430626303106,
  "success": true,
  "singular": false
}