{
  "run_id": "LMPO2-L3-d8-jit0.1-rf0.5-seed42",
  "seed": 42,
  "model": "LMPO2",
  "grid_params": {
    "model": "LMPO2",
    "L": 3,
    "bond_dim": 8,
    "jitter_start": 0.1,
    "reduction_factor": 0.5
  },
  "n_parameters": 608,
  "train_loss": 0.019041084443326986,
  "train_quality": 0.4384459087640795,
  "val_loss": 0.021074228244032392,
  "val_quality": 0.3459722269093396,
  "test_loss": 0.016402899932510994,
  "test_quality": 0.4109188225543129,
  "success": true,
  "singular": false
}