{
  "run_id": "LMPO2-L3-d12-jit5-rf0.5-seed7",
  "seed": 7,
  "model": "LMPO2",
  "grid_params": {
    "model": "LMPO2",
    "L": 3,
    "bond_dim": 12,
    "jitter_start": 5.0,
    "reduction_factor": 0.5
  },
  "n_parameters": 960,
  "train_loss": 0.0200544186744989,
  "train_quality": 0.40856095210640253,
  "val_loss": 0.021009766809179865,
  "val_quality": 0.34797275419786633,
  "test_loss": 0.01712287250955769,
  "test_quality": 0.3850622791894016,
  "success": true,
  "singular": false
}