{
  "run_id": "LMPO2-L3-d16-jit5-rf0.1-seed256",
  "seed": 256,
  "model": "LMPO2",
  "grid_params": {
    "model": "LMPO2",
    "L": 3,
    "bond_dim": 16,
    "jitter_start": 5.0,
    "reduction_factor": 0.1
  },
  "n_parameters": 720,
  "train_loss": 0.019778183856584513,
  "train_quality": 0.4167075885337198,
  "val_loss": 0.02118604592784209,
  "val_quality": 0.34250202292903864,
  "test_loss": 0.016779374306867812,
  "test_quality": 0.39739841039324864,
  "success": true,
  "singular": false
}