{
  "run_id": "LMPO2-L3-d8-jit0.1-rf0.5-seed7",
  "seed": 7,
  "model": "LMPO2",
  "grid_params": {
    "model": "LMPO2",
    "L": 3,
    "bond_dim": 8,
    "jitter_start": 0.1,
    "reduction_factor": 0.5
  },
  "n_parameters": 608,
  "train_loss": 0.0193414570014698,
  "train_quality": 0.42958740916432536,
  "val_loss": 0.020933278150232878,
  "val_quality": 0.3503465401651865,
  "test_loss": 0.01655815852427256,
  "test_quality": 0.4053429844756945,
  "success": true,
  "singular": false
}