{
  "run_id": "LMPO2-L3-d8-jit5-rf0.5-seed123",
  "seed": 123,
  "model": "LMPO2",
  "grid_params": {
    "model": "LMPO2",
    "L": 3,
    "bond_dim": 8,
    "jitter_start": 5.0,
    "reduction_factor": 0.5
  },
  "n_parameters": 608,
  "train_loss": 0.020250952805898385,
  "train_quality": 0.4027648250064275,
  "val_loss": 0.020975564434907498,
  "val_quality": 0.349034207192526,
  "test_loss": 0.017739971756917612,
  "test_quality": 0.36290024974757584,
  "success": true,
  "singular": false
}