{
  "run_id": "LMPO2-L3-d12-jit0.1-rf0.1-seed999",
  "seed": 999,
  "model": "LMPO2",
  "grid_params": {
    "model": "LMPO2",
    "L": 3,
    "bond_dim": 12,
    "jitter_start": 0.1,
    "reduction_factor": 0.1
  },
  "n_parameters": 480,
  "train_loss": 0.02120928202789842,
  "train_quality": 0.37450205998551744,
  "val_loss": 0.021088138373084007,
  "val_quality": 0.34554053324911704,
  "test_loss": 0.01723164859805044,
  "test_quality": 0.3811557781102697,
  "success": true,
  "singular": false
}