{
  "run_id": "LMPO2-L3-d12-jit5-rf0.3-seed999",
  "seed": 999,
  "model": "LMPO2",
  "grid_params": {
    "model": "LMPO2",
    "L": 3,
    "bond_dim": 12,
    "jitter_start": 5.0,
    "reduction_factor": 0.3
  },
  "n_parameters": 480,
  "train_loss": 0.02060923585044721,
  "train_quality": 0.3921984462854212,
  "val_loss": 0.02108019804624162,
  "val_quality": 0.3457869571856049,
  "test_loss": 0.0173588843051544,
  "test_quality": 0.37658633243527795,
  "success": true,
  "singular": false
}