{
  "run_id": "LMPO2-L3-d8-jit0.1-rf0.5-seed123",
  "seed": 123,
  "model": "LMPO2",
  "grid_params": {
    "model": "LMPO2",
    "L": 3,
    "bond_dim": 8,
    "jitter_start": 0.1,
    "reduction_factor": 0.5
  },
  "n_parameters": 608,
  "train_loss": 0.0193048384872606,
  "train_quality": 0.43066735167129555,
  "val_loss": 0.020989608883043312,
  "val_quality": 0.34859834500900067,
  "test_loss": 0.01649665047674994,
  "test_quality": 0.4075519373563492,
  "success": true,
  "singular": false
}