{
  "run_id": "LMPO2-L3-d8-jit5-rf0.1-seed123",
  "seed": 123,
  "model": "LMPO2",
  "grid_params": {
    "model": "LMPO2",
    "L": 3,
    "bond_dim": 8,
    "jitter_start": 5.0,
    "reduction_factor": 0.1
  },
  "n_parameters": 304,
  "train_loss": 0.02269014752694901,
  "train_quality": 0.3308288079689594,
  "val_loss": 0.021661009572954176,
  "val_quality": 0.3277617718738359,
  "test_loss": 0.01845640911060272,
  "test_quality": 0.3371706676851747,
  "success": true,
  "singular": false
}