{
  "run_id": "LMPO2-L3-d8-jit0.1-rf0.3-seed7",
  "seed": 7,
  "model": "LMPO2",
  "grid_params": {
    "model": "LMPO2",
    "L": 3,
    "bond_dim": 8,
    "jitter_start": 0.1,
    "reduction_factor": 0.3
  },
  "n_parameters": 304,
  "train_loss": 0.019361062120660244,
  "train_quality": 0.4290092207253565,
  "val_loss": 0.021093266462431263,
  "val_quality": 0.3453813856486849,
  "test_loss": 0.016476008077942486,
  "test_quality": 0.4082932726473545,
  "success": true,
  "singular": false
}