{
  "run_id": "LMPO2-L3-d8-jit5-rf0.3-seed123",
  "seed": 123,
  "model": "LMPO2",
  "grid_params": {
    "model": "LMPO2",
    "L": 3,
    "bond_dim": 8,
    "jitter_start": 5.0,
    "reduction_factor": 0.3
  },
  "n_parameters": 4000,
  "train_loss": 0.019347711843784997,
  "train_quality": 0.42940294318484873,
  "val_loss": 0.020802215261610645,
  "val_quality": 0.35441400912242826,
  "test_loss": 0.016424063205647228,
  "test_quality": 0.41015878098184766,
  "success": true,
  "singular": false
}