{
  "run_id": "LMPO2-L3-d12-jit5-rf0.5-seed256",
  "seed": 256,
  "model": "LMPO2",
  "grid_params": {
    "model": "LMPO2",
    "L": 3,
    "bond_dim": 12,
    "jitter_start": 5.0,
    "reduction_factor": 0.5
  },
  "n_parameters": 960,
  "train_loss": 0.019716040299944684,
  "train_quality": 0.4185403081237681,
  "val_loss": 0.02113029274180753,
  "val_quality": 0.3442322942197663,
  "test_loss": 0.016731246862565215,
  "test_quality": 0.39912682254438503,
  "success": true,
  "singular": false
}