{
  "run_id": "LMPO2-L3-d12-jit0.1-rf0.3-seed256",
  "seed": 256,
  "model": "LMPO2",
  "grid_params": {
    "model": "LMPO2",
    "L": 3,
    "bond_dim": 12,
    "jitter_start": 0.1,
    "reduction_factor": 0.3
  },
  "n_parameters": 480,
  "train_loss": 0.02027805180880849,
  "train_quality": 0.40196562914140854,
  "val_loss": 0.021112348915641652,
  "val_quality": 0.34478917158353495,
  "test_loss": 0.017128455952943294,
  "test_quality": 0.38486175968264813,
  "success": true,
  "singular": false
}