{
  "run_id": "LMPO2-L3-d12-jit0.1-rf0.5-seed999",
  "seed": 999,
  "model": "LMPO2",
  "grid_params": {
    "model": "LMPO2",
    "L": 3,
    "bond_dim": 12,
    "jitter_start": 0.1,
    "reduction_factor": 0.5
  },
  "n_parameters": 960,
  "train_loss": 0.020135417068311998,
  "train_quality": 0.4061721711751135,
  "val_loss": 0.020769277283346203,
  "val_quality": 0.3554362222409799,
  "test_loss": 0.016679461838717657,
  "test_quality": 0.4009865902042309,
  "success": true,
  "singular": false
}