{
  "run_id": "LMPO2-L3-d12-jit0.1-rf0.5-seed123",
  "seed": 123,
  "model": "LMPO2",
  "grid_params": {
    "model": "LMPO2",
    "L": 3,
    "bond_dim": 12,
    "jitter_start": 0.1,
    "reduction_factor": 0.5
  },
  "n_parameters": 960,
  "train_loss": 0.020417894970903763,
  "train_quality": 0.39784141552113395,
  "val_loss": 0.020835751093696255,
  "val_quality": 0.3533732419197714,
  "test_loss": 0.016837681188586594,
  "test_quality": 0.39530442172798774,
  "success": true,
  "singular": false
}