{
  "run_id": "LMPO2-L3-d8-jit0.1-rf0.1-seed42",
  "seed": 42,
  "model": "LMPO2",
  "grid_params": {
    "model": "LMPO2",
    "L": 3,
    "bond_dim": 8,
    "jitter_start": 0.1,
    "reduction_factor": 0.1
  },
  "n_parameters": 304,
  "train_loss": 0.020204633136196356,
  "train_quality": 0.4041308711527639,
  "val_loss": 0.021043370417571202,
  "val_quality": 0.3469298835926179,
  "test_loss": 0.017056438927722635,
  "test_quality": 0.3874481239345592,
  "success": true,
  "singular": false
}