{
  "run_id": "LMPO2-L3-d8-jit5-rf0.3-seed999",
  "seed": 999,
  "model": "LMPO2",
  "grid_params": {
    "model": "LMPO2",
    "L": 3,
    "bond_dim": 8,
    "jitter_start": 5.0,
    "reduction_factor": 0.3
  },
  "n_parameters": 304,
  "train_loss": 0.020173530534112288,
  "train_quality": 0.40504813999322176,
  "val_loss": 0.02033998623711766,
  "val_quality": 0.3687590478135898,
  "test_loss": 0.017596472917275386,
  "test_quality": 0.36805375710093025,
  "success": true,
  "singular": false
}