{
  "run_id": "LMPO2-L3-d16-jit5-rf0.3-seed7",
  "seed": 7,
  "model": "LMPO2",
  "grid_params": {
    "model": "LMPO2",
    "L": 3,
    "bond_dim": 16,
    "jitter_start": 5.0,
    "reduction_factor": 0.3
  },
  "n_parameters": 630,
  "train_loss": 0.0239774029143656,
  "train_quality": 0.29286544871698184,
  "val_loss": 0.022144249415463505,
  "val_quality": 0.31276467331320157,
  "test_loss": 0.01880384446660177,
  "test_quality": 0.3246931405747078,
  "success": true,
  "singular": false
}