{
  "run_id": "LMPO2-L3-d8-jit5-rf0.3-seed42",
  "seed": 42,
  "model": "LMPO2",
  "grid_params": {
    "model": "LMPO2",
    "L": 3,
    "bond_dim": 8,
    "jitter_start": 5.0,
    "reduction_factor": 0.3
  },
  "n_parameters": 4000,
  "train_loss": 0.019395922067231473,
  "train_quality": 0.4279811413806319,
  "val_loss": 0.020650220033144748,
  "val_quality": 0.35913110241964574,
  "test_loss": 0.01646085981446521,
  "test_quality": 0.4088372957726657,
  "success": true,
  "singular": false
}