{
  "run_id": "LMPO2-L3-d16-jit5-rf0.3-seed256",
  "seed": 256,
  "model": "LMPO2",
  "grid_params": {
    "model": "LMPO2",
    "L": 3,
    "bond_dim": 16,
    "jitter_start": 5.0,
    "reduction_factor": 0.3
  },
  "n_parameters": 630,
  "train_loss": 0.024074633477340623,
  "train_quality": 0.2899979534020849,
  "val_loss": 0.022143534066220705,
  "val_quality": 0.3127868738069437,
  "test_loss": 0.018848121523647534,
  "test_quality": 0.3231030082806826,
  "success": true,
  "singular": false
}