{
  "run_id": "LMPO2-L3-d8-jit5-rf0.3-seed42",
  "seed": 42,
  "model": "LMPO2",
  "grid_params": {
    "model": "LMPO2",
    "L": 3,
    "bond_dim": 8,
    "jitter_start": 5.0,
    "reduction_factor": 0.3
  },
  "n_parameters": 304,
  "train_loss": 0.021921055547999706,
  "train_quality": 0.35351064358610407,
  "val_loss": 0.02156546889853222,
  "val_quality": 0.33072682728693115,
  "test_loss": 0.018435635679152136,
  "test_quality": 0.33791670878210545,
  "success": true,
  "singular": false
}