{
  "run_id": "MPO2-L3-d4-jit1-seed42",
  "seed": 42,
  "model": "MPO2",
  "grid_params": {
    "model": "MPO2",
    "L": 3,
    "bond_dim": 4,
    "jitter_start": 1.0
  },
  "n_parameters": 416,
  "train_loss": 31131.42635616667,
  "train_quality": 0.27419354838709675,
  "val_loss": 45608.94413467784,
  "val_quality": 0.3333333333333333,
  "success": true,
  "singular": false
}