{
  "run_id": "LMPO2-L4-d8-rf0.5-seed7",
  "seed": 7,
  "model": "LMPO2",
  "dataset": "mushrooms",
  "task": "classification",
  "params": {
    "output_site": 1,
    "init_strength": 0.01,
    "reduction_factor": 0.5,
    "rank": 5,
    "batch_size": 64,
    "n_epochs": 1000,
    "patience": 40,
    "min_delta": 1e-08,
    "optimizer": "adamw",
    "seeds": [
      42,
      7,
      123,
      256,
      999
    ],
    "model": "LMPO2",
    "L": 4,
    "bond_dim": 8,
    "lr": 0.01
  },
  "n_parameters": 37040,
  "train_loss": 0.01184434728036688,
  "train_quality": 0.9940204009848751,
  "val_loss": 0.021416132240818626,
  "val_quality": 0.9967186218211649,
  "test_loss": 0.011753541009112212,
  "test_quality": 0.9942575881870386,
  "best_epoch": 21,
  "stopped_early": true,
  "patience_counter": 40,
  "success": true
}