{
  "run_id": "LMPO2-L4-d16-rf0.3-seed256",
  "seed": 256,
  "model": "LMPO2",
  "dataset": "mushrooms",
  "task": "classification",
  "params": {
    "init_strength": 0.01,
    "bond_dim_mpo": 2,
    "batch_size": 64,
    "n_epochs": 1000,
    "patience": 40,
    "min_delta": 1e-08,
    "optimizer": "adamw",
    "seeds": [
      42,
      7,
      123,
      256,
      999
    ],
    "model": "LMPO2",
    "L": 4,
    "bond_dim": 16,
    "lr": 0.001,
    "reduction_factor": 0.3
  },
  "n_parameters": 17400,
  "train_loss": 0.009793445458650681,
  "train_quality": 0.9945480126626802,
  "val_loss": 0.014863300312263052,
  "val_quality": 0.9967186218211649,
  "test_loss": 0.0113523815414189,
  "test_quality": 0.9950779327317474,
  "best_epoch": 9,
  "stopped_early": true,
  "patience_counter": 40,
  "success": true
}