{
  "run_id": "LMPO2-L4-d16-rf0.3-seed123",
  "seed": 123,
  "model": "LMPO2",
  "dataset": "mushrooms",
  "task": "classification",
  "params": {
    "output_site": 1,
    "init_strength": 0.01,
    "reduction_factor": 0.3,
    "rank": 5,
    "batch_size": 64,
    "n_epochs": 1000,
    "patience": 40,
    "min_delta": 1e-08,
    "optimizer": "adamw",
    "seeds": [
      42,
      7,
      123,
      256,
      999
    ],
    "model": "LMPO2",
    "L": 4,
    "bond_dim": 16,
    "lr": 0.01
  },
  "n_parameters": 140000,
  "train_loss": 0.03135334981325792,
  "train_quality": 0.9905029897995076,
  "val_loss": 0.04390671428922167,
  "val_quality": 0.9967186218211649,
  "test_loss": 0.04888718232879229,
  "test_quality": 0.9860541427399507,
  "best_epoch": 11,
  "stopped_early": true,
  "patience_counter": 40,
  "success": true
}