{
  "run_id": "LMPO2-L3-d8-rf0.5-seed123",
  "seed": 123,
  "model": "LMPO2",
  "dataset": "mushrooms",
  "task": "classification",
  "params": {
    "init_strength": 0.01,
    "bond_dim_mpo": 2,
    "batch_size": 64,
    "n_epochs": 1000,
    "patience": 40,
    "min_delta": 1e-08,
    "optimizer": "adamw",
    "seeds": [
      42,
      7,
      123,
      256,
      999
    ],
    "model": "LMPO2",
    "L": 3,
    "bond_dim": 8,
    "lr": 0.001,
    "reduction_factor": 0.5
  },
  "n_parameters": 12200,
  "train_loss": 0.010311607931416772,
  "train_quality": 0.9917340837143862,
  "val_loss": 0.012391599345629107,
  "val_quality": 0.9967186218211649,
  "test_loss": 0.012575237229430785,
  "test_quality": 0.9893355209187858,
  "best_epoch": 18,
  "stopped_early": true,
  "patience_counter": 40,
  "success": true
}