{
  "run_id": "LMPO2TypeI_GTN-L4-d12-rf0.5-seed123",
  "seed": 123,
  "model": "LMPO2TypeI_GTN",
  "dataset": "mushrooms",
  "task": "classification",
  "params": {
    "init_strength": 0.01,
    "batch_size": 64,
    "n_epochs": 1000,
    "patience": 40,
    "min_delta": 1e-08,
    "optimizer": "adamw",
    "bond_dim_mpo": 2,
    "seeds": [
      42,
      7,
      123,
      256,
      999
    ],
    "model": "LMPO2TypeI_GTN",
    "L": 4,
    "bond_dim": 12,
    "lr": 0.001,
    "reduction_factor": 0.5
  },
  "n_parameters": 644800,
  "train_loss": 0.00982894728407589,
  "train_quality": 0.9945480126626802,
  "val_loss": 0.015378132572862017,
  "val_quality": 0.9967186218211649,
  "test_loss": 0.011046502326073782,
  "test_quality": 0.9950779327317474,
  "best_epoch": 48,
  "stopped_early": true,
  "patience_counter": 40,
  "success": true
}