{
  "run_id": "LMPO2-L3-d12-rf0.1-seed256",
  "seed": 256,
  "model": "LMPO2",
  "dataset": "mushrooms",
  "task": "classification",
  "params": {
    "init_strength": 0.01,
    "bond_dim_mpo": 2,
    "batch_size": 64,
    "n_epochs": 1000,
    "patience": 40,
    "min_delta": 1e-08,
    "optimizer": "adamw",
    "seeds": [
      42,
      7,
      123,
      256,
      999
    ],
    "model": "LMPO2",
    "L": 3,
    "bond_dim": 12,
    "lr": 0.001,
    "reduction_factor": 0.1
  },
  "n_parameters": 2900,
  "train_loss": 0.009801411636042085,
  "train_quality": 0.9945480126626802,
  "val_loss": 0.01498930472003646,
  "val_quality": 0.9967186218211649,
  "test_loss": 0.01130722886243781,
  "test_quality": 0.9950779327317474,
  "best_epoch": 32,
  "stopped_early": true,
  "patience_counter": 40,
  "success": true
}