{
  "run_id": "LMPO2-L3-d12-rf0.1-seed42",
  "seed": 42,
  "model": "LMPO2",
  "dataset": "mushrooms",
  "task": "classification",
  "params": {
    "init_strength": 0.01,
    "bond_dim_mpo": 2,
    "batch_size": 64,
    "n_epochs": 1000,
    "patience": 40,
    "min_delta": 1e-08,
    "optimizer": "adamw",
    "seeds": [
      42,
      7,
      123,
      256,
      999
    ],
    "model": "LMPO2",
    "L": 3,
    "bond_dim": 12,
    "lr": 0.001,
    "reduction_factor": 0.1
  },
  "n_parameters": 2900,
  "train_loss": 0.009881286003221058,
  "train_quality": 0.9945480126626802,
  "val_loss": 0.017966910384781105,
  "val_quality": 0.9958982772764561,
  "test_loss": 0.018289945780978242,
  "test_quality": 0.9942575881870386,
  "best_epoch": 13,
  "stopped_early": true,
  "patience_counter": 40,
  "success": true
}