{
  "run_id": "LMPO2-L4-d16-rf0.1-seed42",
  "seed": 42,
  "model": "LMPO2",
  "dataset": "mushrooms",
  "task": "classification",
  "params": {
    "init_strength": 0.01,
    "bond_dim_mpo": 2,
    "batch_size": 64,
    "n_epochs": 1000,
    "patience": 40,
    "min_delta": 1e-08,
    "optimizer": "adamw",
    "seeds": [
      42,
      7,
      123,
      256,
      999
    ],
    "model": "LMPO2",
    "L": 4,
    "bond_dim": 16,
    "lr": 0.001,
    "reduction_factor": 0.1
  },
  "n_parameters": 5800,
  "train_loss": 0.010840538887114658,
  "train_quality": 0.9912064720365811,
  "val_loss": 0.015898692774032684,
  "val_quality": 0.9967186218211649,
  "test_loss": 0.013449097792562424,
  "test_quality": 0.9885151763740772,
  "best_epoch": 7,
  "stopped_early": true,
  "patience_counter": 40,
  "success": true
}