{
  "run_id": "LMPO2TypeI_GTN-L3-d16-rf0.5-seed256",
  "seed": 256,
  "model": "LMPO2TypeI_GTN",
  "dataset": "mushrooms",
  "task": "classification",
  "params": {
    "init_strength": 0.01,
    "batch_size": 64,
    "n_epochs": 1000,
    "patience": 40,
    "min_delta": 1e-08,
    "optimizer": "adamw",
    "bond_dim_mpo": 2,
    "seeds": [
      42,
      7,
      123,
      256,
      999
    ],
    "model": "LMPO2TypeI_GTN",
    "L": 3,
    "bond_dim": 16,
    "lr": 0.001,
    "reduction_factor": 0.5
  },
  "n_parameters": 410100,
  "train_loss": 0.009804984210878715,
  "train_quality": 0.9945480126626802,
  "val_loss": 0.014633781584198365,
  "val_quality": 0.9967186218211649,
  "test_loss": 0.011464820894401314,
  "test_quality": 0.9950779327317474,
  "best_epoch": 40,
  "stopped_early": true,
  "patience_counter": 40,
  "success": true
}