{
  "run_id": "LMPO2-L4-d12-rf0.3-seed123",
  "seed": 123,
  "model": "LMPO2",
  "dataset": "mushrooms",
  "task": "classification",
  "params": {
    "output_site": 1,
    "init_strength": 0.01,
    "reduction_factor": 0.3,
    "rank": 5,
    "batch_size": 64,
    "n_epochs": 1000,
    "patience": 40,
    "min_delta": 1e-08,
    "optimizer": "adamw",
    "seeds": [
      42,
      7,
      123,
      256,
      999
    ],
    "model": "LMPO2",
    "L": 4,
    "bond_dim": 12,
    "lr": 0.01
  },
  "n_parameters": 80280,
  "train_loss": 0.013727836280358074,
  "train_quality": 0.9933169187478016,
  "val_loss": 0.027347715227640564,
  "val_quality": 0.9967186218211649,
  "test_loss": 0.0187131461117251,
  "test_quality": 0.9917965545529123,
  "best_epoch": 12,
  "stopped_early": true,
  "patience_counter": 40,
  "success": true
}