{
  "run_id": "LMPO2-L4-d12-rf0.1-seed42",
  "seed": 42,
  "model": "LMPO2",
  "dataset": "mushrooms",
  "task": "classification",
  "params": {
    "init_strength": 0.01,
    "bond_dim_mpo": 2,
    "batch_size": 64,
    "n_epochs": 1000,
    "patience": 40,
    "min_delta": 1e-08,
    "optimizer": "adamw",
    "seeds": [
      42,
      7,
      123,
      256,
      999
    ],
    "model": "LMPO2",
    "L": 4,
    "bond_dim": 12,
    "lr": 0.001,
    "reduction_factor": 0.1
  },
  "n_parameters": 4620,
  "train_loss": 0.010901879764477894,
  "train_quality": 0.9905029897995076,
  "val_loss": 0.014325506144158527,
  "val_quality": 0.9967186218211649,
  "test_loss": 0.01438135304100861,
  "test_quality": 0.9860541427399507,
  "best_epoch": 38,
  "stopped_early": true,
  "patience_counter": 40,
  "success": true
}