{
  "run_id": "LMPO2-L4-d8-rf0.5-seed123",
  "seed": 123,
  "model": "LMPO2",
  "dataset": "mushrooms",
  "task": "classification",
  "params": {
    "init_strength": 0.01,
    "bond_dim_mpo": 2,
    "batch_size": 64,
    "n_epochs": 1000,
    "patience": 40,
    "min_delta": 1e-08,
    "optimizer": "adamw",
    "seeds": [
      42,
      7,
      123,
      256,
      999
    ],
    "model": "LMPO2",
    "L": 4,
    "bond_dim": 8,
    "lr": 0.001,
    "reduction_factor": 0.5
  },
  "n_parameters": 18800,
  "train_loss": 0.010164484583907053,
  "train_quality": 0.9945480126626802,
  "val_loss": 0.013819205440616914,
  "val_quality": 0.9967186218211649,
  "test_loss": 0.012539118002666303,
  "test_quality": 0.9950779327317474,
  "best_epoch": 8,
  "stopped_early": true,
  "patience_counter": 40,
  "success": true
}