{
  "run_id": "LMPO2-L3-d8-rf0.3-seed256",
  "seed": 256,
  "model": "LMPO2",
  "dataset": "mushrooms",
  "task": "classification",
  "params": {
    "output_site": 1,
    "init_strength": 0.01,
    "reduction_factor": 0.3,
    "rank": 5,
    "batch_size": 64,
    "n_epochs": 1000,
    "patience": 40,
    "min_delta": 1e-08,
    "optimizer": "adamw",
    "seeds": [
      42,
      7,
      123,
      256,
      999
    ],
    "model": "LMPO2",
    "L": 3,
    "bond_dim": 8,
    "lr": 0.01
  },
  "n_parameters": 20720,
  "train_loss": 0.011626014471605625,
  "train_quality": 0.9945480126626802,
  "val_loss": 0.012988749007876863,
  "val_quality": 0.9967186218211649,
  "test_loss": 0.011611714409528837,
  "test_quality": 0.9950779327317474,
  "best_epoch": 8,
  "stopped_early": true,
  "patience_counter": 40,
  "success": true
}