{
  "run_id": "LMPO2-L4-d12-rf0.5-seed999",
  "seed": 999,
  "model": "LMPO2",
  "dataset": "mushrooms",
  "task": "classification",
  "params": {
    "init_strength": 0.01,
    "bond_dim_mpo": 2,
    "batch_size": 64,
    "n_epochs": 1000,
    "patience": 40,
    "min_delta": 1e-08,
    "optimizer": "adamw",
    "seeds": [
      42,
      7,
      123,
      256,
      999
    ],
    "model": "LMPO2",
    "L": 4,
    "bond_dim": 12,
    "lr": 0.001,
    "reduction_factor": 0.5
  },
  "n_parameters": 23100,
  "train_loss": 0.01045665088467026,
  "train_quality": 0.9945480126626802,
  "val_loss": 0.013978569586304519,
  "val_quality": 0.9967186218211649,
  "test_loss": 0.011467171800592526,
  "test_quality": 0.9950779327317474,
  "best_epoch": 3,
  "stopped_early": true,
  "patience_counter": 40,
  "success": true
}