{
  "run_id": "LMPO2-L3-d16-rf0.1-seed999",
  "seed": 999,
  "model": "LMPO2",
  "dataset": "mushrooms",
  "task": "classification",
  "params": {
    "init_strength": 0.01,
    "bond_dim_mpo": 2,
    "batch_size": 64,
    "n_epochs": 1000,
    "patience": 40,
    "min_delta": 1e-08,
    "optimizer": "adamw",
    "seeds": [
      42,
      7,
      123,
      256,
      999
    ],
    "model": "LMPO2",
    "L": 3,
    "bond_dim": 16,
    "lr": 0.001,
    "reduction_factor": 0.1
  },
  "n_parameters": 3520,
  "train_loss": 0.009851419940644587,
  "train_quality": 0.9945480126626802,
  "val_loss": 0.014532431917922594,
  "val_quality": 0.9967186218211649,
  "test_loss": 0.011683042785879762,
  "test_quality": 0.9950779327317474,
  "best_epoch": 39,
  "stopped_early": true,
  "patience_counter": 40,
  "success": true
}