{
  "run_id": "LMPO2-L3-d12-rf0.3-seed42",
  "seed": 42,
  "model": "LMPO2",
  "dataset": "mushrooms",
  "task": "classification",
  "params": {
    "init_strength": 0.01,
    "bond_dim_mpo": 2,
    "batch_size": 64,
    "n_epochs": 1000,
    "patience": 40,
    "min_delta": 1e-08,
    "optimizer": "adamw",
    "seeds": [
      42,
      7,
      123,
      256,
      999
    ],
    "model": "LMPO2",
    "L": 3,
    "bond_dim": 12,
    "lr": 0.001,
    "reduction_factor": 0.3
  },
  "n_parameters": 8700,
  "train_loss": 0.010028513174544788,
  "train_quality": 0.9945480126626802,
  "val_loss": 0.013907054683035956,
  "val_quality": 0.9958982772764561,
  "test_loss": 0.012260543040351275,
  "test_quality": 0.9950779327317474,
  "best_epoch": 3,
  "stopped_early": true,
  "patience_counter": 40,
  "success": true
}