{
  "run_id": "LMPO2-L4-d12-rf0.1-seed7",
  "seed": 7,
  "model": "LMPO2",
  "dataset": "mushrooms",
  "task": "classification",
  "params": {
    "output_site": 1,
    "init_strength": 0.01,
    "reduction_factor": 0.1,
    "rank": 5,
    "batch_size": 64,
    "n_epochs": 1000,
    "patience": 40,
    "min_delta": 1e-08,
    "optimizer": "adamw",
    "seeds": [
      42,
      7,
      123,
      256,
      999
    ],
    "model": "LMPO2",
    "L": 4,
    "bond_dim": 12,
    "lr": 0.01
  },
  "n_parameters": 80280,
  "train_loss": 0.010939984795927732,
  "train_quality": 0.9945480126626802,
  "val_loss": 0.01703870826895173,
  "val_quality": 0.9967186218211649,
  "test_loss": 0.014469816639572992,
  "test_quality": 0.9942575881870386,
  "best_epoch": 1,
  "stopped_early": true,
  "patience_counter": 40,
  "success": true
}