{
  "run_id": "MPO2-L3-d8-jit5-seed7",
  "seed": 7,
  "model": "MPO2",
  "grid_params": {
    "model": "MPO2",
    "L": 3,
    "bond_dim": 8,
    "jitter_start": 5.0
  },
  "n_parameters": 4640,
  "train_loss": 130254082.6590372,
  "train_quality": -0.0919077189025217,
  "val_loss": 245243937.49363357,
  "val_quality": -0.05978054279258793,
  "test_loss": 122962639.97295713,
  "test_quality": -0.0884843252064742,
  "success": false,
  "singular": false
}