{
  "run_id": "MPO2-L3-d8-jit5-seed42",
  "seed": 42,
  "model": "MPO2",
  "grid_params": {
    "model": "MPO2",
    "L": 3,
    "bond_dim": 8,
    "jitter_start": 5.0
  },
  "n_parameters": 4640,
  "train_loss": 130285796.60276808,
  "train_quality": -0.09217357390875014,
  "val_loss": 245280703.55864117,
  "val_quality": -0.05993942117599782,
  "test_loss": 123045049.1716366,
  "test_quality": -0.08921382419116708,
  "success": false,
  "singular": false
}