{
  "run_id": "MPO2-L4-d16-seed42",
  "seed": 42,
  "model": "MPO2",
  "dataset": "hearth",
  "task": "classification",
  "params": {
    "init_strength": 0.01,
    "batch_size": 64,
    "n_epochs": 1000,
    "patience": 40,
    "min_delta": 1e-08,
    "optimizer": "adamw",
    "seeds": [
      42,
      7,
      123,
      256,
      999
    ],
    "model": "MPO2",
    "L": 4,
    "bond_dim": 16,
    "lr": 0.001
  },
  "n_parameters": 6688,
  "train_loss": 0.00038308663434750165,
  "train_quality": 1.0,
  "val_loss": 77.17674699003918,
  "val_quality": 0.35555555555555557,
  "test_loss": 38.996347356463225,
  "test_quality": 0.2826086956521739,
  "best_epoch": 123,
  "stopped_early": false,
  "patience_counter": 0,
  "success": true
}