{
  "run_id": "MPO2-L3-d16-seed999",
  "seed": 999,
  "model": "MPO2",
  "dataset": "hearth",
  "task": "classification",
  "params": {
    "init_strength": 0.01,
    "batch_size": 64,
    "n_epochs": 1000,
    "patience": 40,
    "min_delta": 1e-08,
    "optimizer": "adamw",
    "seeds": [
      42,
      7,
      123,
      256,
      999
    ],
    "model": "MPO2",
    "L": 3,
    "bond_dim": 16,
    "lr": 0.001
  },
  "n_parameters": 3872,
  "train_loss": 0.0015720172336106029,
  "train_quality": 1.0,
  "val_loss": 20.837890939005877,
  "val_quality": 0.4444444444444444,
  "test_loss": 12.070273999150833,
  "test_quality": 0.4782608695652174,
  "best_epoch": 410,
  "stopped_early": false,
  "patience_counter": 0,
  "success": true
}