{
  "run_id": "MPO2-L4-d12-seed999",
  "seed": 999,
  "model": "MPO2",
  "dataset": "hearth",
  "task": "classification",
  "params": {
    "init_strength": 0.01,
    "batch_size": 64,
    "n_epochs": 1000,
    "patience": 40,
    "min_delta": 1e-08,
    "optimizer": "adamw",
    "seeds": [
      42,
      7,
      123,
      256,
      999
    ],
    "model": "MPO2",
    "L": 4,
    "bond_dim": 12,
    "lr": 0.001
  },
  "n_parameters": 3960,
  "train_loss": 0.0007482256943252079,
  "train_quality": 1.0,
  "val_loss": 52.387027757751454,
  "val_quality": 0.35555555555555557,
  "test_loss": 52.21557081236773,
  "test_quality": 0.34782608695652173,
  "best_epoch": 341,
  "stopped_early": false,
  "patience_counter": 0,
  "success": true
}