{
  "run_id": "MPO2-L3-d16-seed256",
  "seed": 256,
  "model": "MPO2",
  "dataset": "hearth",
  "task": "classification",
  "params": {
    "init_strength": 0.01,
    "batch_size": 64,
    "n_epochs": 1000,
    "patience": 40,
    "min_delta": 1e-08,
    "optimizer": "adamw",
    "seeds": [
      42,
      7,
      123,
      256,
      999
    ],
    "model": "MPO2",
    "L": 3,
    "bond_dim": 16,
    "lr": 0.001
  },
  "n_parameters": 3872,
  "train_loss": 0.0013826384777850275,
  "train_quality": 1.0,
  "val_loss": 17.87382184510194,
  "val_quality": 0.4666666666666667,
  "test_loss": 15.174396738551788,
  "test_quality": 0.45652173913043476,
  "best_epoch": 46,
  "stopped_early": false,
  "patience_counter": 0,
  "success": true
}