{
  "run_id": "LMPO2-seed42",
  "seed": 42,
  "model": "LMPO2",
  "grid_params": {
    "model": "LMPO2"
  },
  "n_parameters": 106,
  "train_loss": 0.45673562866376666,
  "train_quality": 0.6476190476190476,
  "val_loss": 0.20136209405493702,
  "val_quality": 0.8636363636363636,
  "success": true,
  "singular": false
}