{
  "run_id": "MPO2-seed42",
  "seed": 42,
  "model": "MPO2",
  "grid_params": {
    "model": "MPO2"
  },
  "n_parameters": 84,
  "train_loss": 0.5328348414077899,
  "train_quality": 0.8,
  "val_loss": 0.29625017704106527,
  "val_quality": 0.8636363636363636,
  "success": true,
  "singular": false
}