{
  "model": "MMPO2",
  "n_total": 3,
  "n_success": 3,
  "loss_mean": 0.3068104883035024,
  "loss_std": 0.022698287734877972,
  "r2_mean": 0.7745924592018127,
  "r2_std": 0.01667597995567259,
  "results": [
    {
      "seed": 0,
      "loss": 0.3217160403728485,
      "r2": 0.7636416554450989,
      "success": true
    },
    {
      "seed": 1,
      "loss": 0.32397857308387756,
      "r2": 0.7619794011116028,
      "success": true
    },
    {
      "seed": 2,
      "loss": 0.27473685145378113,
      "r2": 0.7981563210487366,
      "success": true
    }
  ],
  "config": {
    "dataset": "california_housing",
    "n_samples": 500,
    "L": 3,
    "bond_dim": 6,
    "output_site": 1,
    "init_strength": 0.1,
    "batch_size": 100,
    "n_epochs": 10,
    "jitter_start": 0.05,
    "jitter_decay": 0.9,
    "jitter_min": 1e-06,
    "seeds": [
      0,
      1,
      2
    ],
    "output_file": "results_mmpo2.json",
    "verbose": false
  },
  "dataset_info": {
    "name": "california_housing",
    "n_samples": 500,
    "n_features": 8,
    "task": "regression"
  }
}