{
  "run_id": "MPO2-L4-d8-jit5-seed123",
  "seed": 123,
  "model": "MPO2",
  "grid_params": {
    "model": "MPO2",
    "L": 4,
    "bond_dim": 8,
    "jitter_start": 5.0
  },
  "n_parameters": 1584,
  "train_loss": 4.287809927258689,
  "train_quality": 0.5911141674603912,
  "val_loss": 4.8755681551021715,
  "val_quality": 0.5140417468268368,
  "test_loss": 6.238628018237636,
  "test_quality": 0.3922130666329937,
  "success": true,
  "singular": false
}