{
  "run_id": "MPO2-L2-d6-init1-jit0.1-rf0.5-seed7",
  "seed": 7,
  "model": "MPO2",
  "grid_params": {
    "model": "MPO2",
    "L": 2,
    "bond_dim": 6,
    "jitter_start": 0.1,
    "reduction_factor": 0.5,
    "init_strength": 1.0
  },
  "train_loss": 4.53591361187875,
  "train_quality": 0.5674549840163909,
  "val_loss": 4.771644006706319,
  "val_quality": 0.5244000878468689,
  "test_loss": 4.35486985590519,
  "test_quality": 0.5757347629646394,
  "success": true,
  "singular": false
}