{
  "run_id": "MPO2-L3-d16-jit5-seed7",
  "seed": 7,
  "model": "MPO2",
  "grid_params": {
    "model": "MPO2",
    "L": 3,
    "bond_dim": 16,
    "jitter_start": 5.0
  },
  "n_parameters": 3168,
  "train_loss": 4.274221497805376,
  "train_quality": 0.592409960973672,
  "val_loss": 4.67245414667384,
  "val_quality": 0.5342865522712112,
  "test_loss": 4.3883508906932285,
  "test_quality": 0.572472934338171,
  "success": true,
  "singular": false
}