{
  "run_id": "MPO2-L2-d8-init0.01-jit5-rf0.3-seed123",
  "seed": 123,
  "model": "MPO2",
  "grid_params": {
    "model": "MPO2",
    "L": 2,
    "bond_dim": 8,
    "jitter_start": 5.0,
    "reduction_factor": 0.3,
    "init_strength": 0.01
  },
  "train_loss": 4.544202877983281,
  "train_quality": 0.5666645190634679,
  "val_loss": 4.662983708906159,
  "val_quality": 0.5352304909565009,
  "test_loss": 4.276907252800264,
  "test_quality": 0.5833301270927669,
  "success": true,
  "singular": false
}