{
  "run_id": "MPO2-L4-d8-jit0.1-seed42",
  "seed": 42,
  "model": "MPO2",
  "grid_params": {
    "model": "MPO2",
    "L": 4,
    "bond_dim": 8,
    "jitter_start": 0.1
  },
  "n_parameters": 1584,
  "train_loss": 4.194666624978078,
  "train_quality": 0.599996318802124,
  "val_loss": 4.921760136154156,
  "val_quality": 0.50943769377937,
  "test_loss": 4.425296896763417,
  "test_quality": 0.5688735372168947,
  "success": true,
  "singular": false
}