{
  "run_id": "MPO2-L2-d8-init1-jit1-rf0.1-seed256",
  "seed": 256,
  "model": "MPO2",
  "grid_params": {
    "model": "MPO2",
    "L": 2,
    "bond_dim": 8,
    "jitter_start": 1.0,
    "reduction_factor": 0.1,
    "init_strength": 1.0
  },
  "train_loss": 4.447514573141141,
  "train_quality": 0.5758847220792059,
  "val_loss": 4.693532404577735,
  "val_quality": 0.5321856374516345,
  "test_loss": 4.235151517141061,
  "test_quality": 0.5873981033293048,
  "success": true,
  "singular": false
}