{
  "run_id": "MPO2TypeI-L3-d12-jit5-seed256",
  "seed": 256,
  "model": "MPO2TypeI",
  "grid_params": {
    "model": "MPO2TypeI",
    "L": 3,
    "bond_dim": 12,
    "jitter_start": 5.0
  },
  "n_parameters": 2123,
  "train_loss": 4.2540001814266075,
  "train_quality": 0.594338267014016,
  "val_loss": 4.7287979037859635,
  "val_quality": 0.5286706501009653,
  "test_loss": 4.128089211216477,
  "test_quality": 0.5978284528239176,
  "success": true,
  "singular": false
}