{
  "run_id": "MPO2-L2-d8-init0.1-jit0.1-rf0.3-seed42",
  "seed": 42,
  "model": "MPO2",
  "grid_params": {
    "model": "MPO2",
    "L": 2,
    "bond_dim": 8,
    "jitter_start": 0.1,
    "reduction_factor": 0.3,
    "init_strength": 0.1
  },
  "train_loss": 4.662638621345662,
  "train_quality": 0.5553704789010732,
  "val_loss": 4.701260760628837,
  "val_quality": 0.5314153357581666,
  "test_loss": 4.469815263376639,
  "test_quality": 0.5645364167084657,
  "success": true,
  "singular": false
}