{
  "run_id": "MPO2-L2-d4-init0.1-jit0.1-rf0.1-seed123",
  "seed": 123,
  "model": "MPO2",
  "grid_params": {
    "model": "MPO2",
    "L": 2,
    "bond_dim": 4,
    "jitter_start": 0.1,
    "reduction_factor": 0.1,
    "init_strength": 0.1
  },
  "train_loss": 4.43941357034493,
  "train_quality": 0.576657234230847,
  "val_loss": 4.66270204131608,
  "val_quality": 0.5352585653645896,
  "test_loss": 4.203078326310212,
  "test_quality": 0.5905227753311277,
  "success": true,
  "singular": false
}