{
  "run_id": "MPO2-L2-d6-init1-jit1-rf0.5-seed999",
  "seed": 999,
  "model": "MPO2",
  "grid_params": {
    "model": "MPO2",
    "L": 2,
    "bond_dim": 6,
    "jitter_start": 1.0,
    "reduction_factor": 0.5,
    "init_strength": 1.0
  },
  "train_loss": 4.514179542275906,
  "train_quality": 0.5695275463022184,
  "val_loss": 4.696485227652374,
  "val_quality": 0.531891323292211,
  "test_loss": 4.260279630377293,
  "test_quality": 0.584950042819766,
  "success": true,
  "singular": false
}