{
  "run_id": "MPO2-L2-d8-init1-jit1-rf0.1-seed123",
  "seed": 123,
  "model": "MPO2",
  "grid_params": {
    "model": "MPO2",
    "L": 2,
    "bond_dim": 8,
    "jitter_start": 1.0,
    "reduction_factor": 0.1,
    "init_strength": 1.0
  },
  "train_loss": 4.428531417780662,
  "train_quality": 0.5776949570046054,
  "val_loss": 4.673543357239993,
  "val_quality": 0.534177988336255,
  "test_loss": 4.165394305196623,
  "test_quality": 0.5941940722192594,
  "success": true,
  "singular": false
}