{
  "run_id": "MPO2-L2-d4-init1-jit5-rf0.5-seed42",
  "seed": 42,
  "model": "MPO2",
  "grid_params": {
    "model": "MPO2",
    "L": 2,
    "bond_dim": 4,
    "jitter_start": 5.0,
    "reduction_factor": 0.5,
    "init_strength": 1.0
  },
  "train_loss": 4.5231043463931435,
  "train_quality": 0.5686764764032168,
  "val_loss": 4.720629220019763,
  "val_quality": 0.5294848401948096,
  "test_loss": 4.257887311842778,
  "test_quality": 0.5851831100809459,
  "success": true,
  "singular": false
}