{
  "run_id": "MPO2-L3-d8-jit5-seed123",
  "seed": 123,
  "model": "MPO2",
  "grid_params": {
    "model": "MPO2",
    "L": 3,
    "bond_dim": 8,
    "jitter_start": 5.0
  },
  "n_parameters": 880,
  "train_loss": 4.273940134009138,
  "train_quality": 0.5924367918435155,
  "val_loss": 4.661151312399735,
  "val_quality": 0.5354131298156154,
  "test_loss": 4.164670183770225,
  "test_quality": 0.5942646184258691,
  "success": true,
  "singular": false
}