{
  "run_id": "MPO2-L3-d16-jit0.1-seed42",
  "seed": 42,
  "model": "MPO2",
  "grid_params": {
    "model": "MPO2",
    "L": 3,
    "bond_dim": 16,
    "jitter_start": 0.1
  },
  "n_parameters": 3168,
  "train_loss": 4.188416145340289,
  "train_quality": 0.6005923649454527,
  "val_loss": 4.753473075785089,
  "val_quality": 0.5262112231993243,
  "test_loss": 4.138149840639758,
  "test_quality": 0.5968483143885048,
  "success": true,
  "singular": false
}