{
  "run_id": "MPO2-L2-d8-init0.1-jit0.1-rf0.3-seed123",
  "seed": 123,
  "model": "MPO2",
  "grid_params": {
    "model": "MPO2",
    "L": 2,
    "bond_dim": 8,
    "jitter_start": 0.1,
    "reduction_factor": 0.3,
    "init_strength": 0.1
  },
  "train_loss": 4.715912212907761,
  "train_quality": 0.5502903057572579,
  "val_loss": 4.695523040023745,
  "val_quality": 0.5319872265806809,
  "test_loss": 4.460875447169932,
  "test_quality": 0.5654073619645787,
  "success": true,
  "singular": false
}