{
  "run_id": "MPO2-L3-d8-jit5-seed256",
  "seed": 256,
  "model": "MPO2",
  "grid_params": {
    "model": "MPO2",
    "L": 3,
    "bond_dim": 8,
    "jitter_start": 5.0
  },
  "n_parameters": 880,
  "train_loss": 4.298581204509465,
  "train_quality": 0.5900870177637128,
  "val_loss": 4.769532656061126,
  "val_quality": 0.5246105306586057,
  "test_loss": 4.403209832392347,
  "test_quality": 0.5710253290983673,
  "success": true,
  "singular": false
}