{
  "run_id": "MPO2-L2-d6-init0.01-jit0.1-rf0.1-seed123",
  "seed": 123,
  "model": "MPO2",
  "grid_params": {
    "model": "MPO2",
    "L": 2,
    "bond_dim": 6,
    "jitter_start": 0.1,
    "reduction_factor": 0.1,
    "init_strength": 0.01
  },
  "train_loss": 4.3725633440110965,
  "train_quality": 0.5830320761463434,
  "val_loss": 4.708471499701009,
  "val_quality": 0.5306966260504717,
  "test_loss": 4.118574850594252,
  "test_quality": 0.5987553720197129,
  "success": true,
  "singular": false
}