{
  "run_id": "MPO2-L2-d8-init1-jit1-rf0.1-seed42",
  "seed": 42,
  "model": "MPO2",
  "grid_params": {
    "model": "MPO2",
    "L": 2,
    "bond_dim": 8,
    "jitter_start": 1.0,
    "reduction_factor": 0.1,
    "init_strength": 1.0
  },
  "train_loss": 4.425363730464036,
  "train_quality": 0.5779970278724044,
  "val_loss": 4.67878478365538,
  "val_quality": 0.5336555642117369,
  "test_loss": 4.1749570928772055,
  "test_quality": 0.5932624351058058,
  "success": true,
  "singular": false
}