{
  "run_id": "MPO2-L3-d8-jit5-seed42",
  "seed": 42,
  "model": "MPO2",
  "grid_params": {
    "model": "MPO2",
    "L": 3,
    "bond_dim": 8,
    "jitter_start": 5.0
  },
  "n_parameters": 880,
  "train_loss": 4.478412193027419,
  "train_quality": 0.5729383230444963,
  "val_loss": 4.678047758152911,
  "val_quality": 0.53372902511195,
  "test_loss": 4.330716942734878,
  "test_quality": 0.5780878163899678,
  "success": true,
  "singular": false
}