{
  "run_id": "MPO2-L4-d8-jit0.1-seed123",
  "seed": 123,
  "model": "MPO2",
  "grid_params": {
    "model": "MPO2",
    "L": 4,
    "bond_dim": 8,
    "jitter_start": 0.1
  },
  "n_parameters": 1584,
  "train_loss": 4.289794869030833,
  "train_quality": 0.5909248832843632,
  "val_loss": 4.898367455017149,
  "val_quality": 0.5117692920876575,
  "test_loss": 4.625267821273519,
  "test_quality": 0.549391735350321,
  "success": true,
  "singular": false
}