{
  "run_id": "MPO2-L2-d4-init0.01-jit1-rf0.1-seed123",
  "seed": 123,
  "model": "MPO2",
  "grid_params": {
    "model": "MPO2",
    "L": 2,
    "bond_dim": 4,
    "jitter_start": 1.0,
    "reduction_factor": 0.1,
    "init_strength": 0.01
  },
  "train_loss": 4.721367470321236,
  "train_quality": 0.5497700920567751,
  "val_loss": 4.691163475430781,
  "val_quality": 0.532421753660766,
  "test_loss": 4.437027594339354,
  "test_quality": 0.567730695443817,
  "success": true,
  "singular": false
}