{
  "run_id": "MPO2-L3-d12-jit5-seed123",
  "seed": 123,
  "model": "MPO2",
  "grid_params": {
    "model": "MPO2",
    "L": 3,
    "bond_dim": 12,
    "jitter_start": 5.0
  },
  "n_parameters": 1848,
  "train_loss": 4.2318199042203535,
  "train_quality": 0.5964533796858216,
  "val_loss": 4.738664044645468,
  "val_quality": 0.5276872708464617,
  "test_loss": 4.366394739348876,
  "test_quality": 0.5746119722572639,
  "success": true,
  "singular": false
}