{
  "run_id": "MPO2-L2-d4-init0.1-jit1-rf0.3-seed256",
  "seed": 256,
  "model": "MPO2",
  "grid_params": {
    "model": "MPO2",
    "L": 2,
    "bond_dim": 4,
    "jitter_start": 1.0,
    "reduction_factor": 0.3,
    "init_strength": 0.1
  },
  "train_loss": 4.318555970666021,
  "train_quality": 0.5881822227685369,
  "val_loss": 4.678006129296476,
  "val_quality": 0.5337331743486566,
  "test_loss": 4.065080975162642,
  "test_quality": 0.6039669150717186,
  "success": true,
  "singular": false
}