{
  "run_id": "MPO2-L2-d4-init0.1-jit0.1-rf0.1-seed42",
  "seed": 42,
  "model": "MPO2",
  "grid_params": {
    "model": "MPO2",
    "L": 2,
    "bond_dim": 4,
    "jitter_start": 0.1,
    "reduction_factor": 0.1,
    "init_strength": 0.1
  },
  "train_loss": 4.380512206861459,
  "train_quality": 0.5822740720697981,
  "val_loss": 4.703482418329291,
  "val_quality": 0.5311938984074998,
  "test_loss": 4.137562026158056,
  "test_quality": 0.5969055811401333,
  "success": true,
  "singular": false
}