{
  "run_id": "MPO2-L2-d10-init0.01-jit5-rf0.1-seed123",
  "seed": 123,
  "model": "MPO2",
  "grid_params": {
    "model": "MPO2",
    "L": 2,
    "bond_dim": 10,
    "jitter_start": 5.0,
    "reduction_factor": 0.1,
    "init_strength": 0.01
  },
  "train_loss": 4.39631773396259,
  "train_quality": 0.5807668559811399,
  "val_loss": 4.683912738818359,
  "val_quality": 0.5331444500084119,
  "test_loss": 4.137454669115642,
  "test_quality": 0.5969160402037916,
  "success": true,
  "singular": false
}