{
  "run_id": "MPO2TypeI-L3-d12-jit5-seed7",
  "seed": 7,
  "model": "MPO2TypeI",
  "grid_params": {
    "model": "MPO2TypeI",
    "L": 3,
    "bond_dim": 12,
    "jitter_start": 5.0
  },
  "n_parameters": 2123,
  "train_loss": 4.289380453665199,
  "train_quality": 0.5909644019604867,
  "val_loss": 4.719865783609809,
  "val_quality": 0.5295609335263738,
  "test_loss": 4.225970304863612,
  "test_quality": 0.5882925661564502,
  "success": true,
  "singular": false
}