{
  "run_id": "MPO2-L3-d12-jit5-seed123",
  "seed": 123,
  "model": "MPO2",
  "grid_params": {
    "model": "MPO2",
    "L": 3,
    "bond_dim": 12,
    "jitter_start": 5.0
  },
  "n_parameters": 1848,
  "train_loss": 4.23181990422041,
  "train_quality": 0.5964533796858161,
  "val_loss": 4.738664044645247,
  "val_quality": 0.5276872708464839,
  "test_loss": 4.366394739349513,
  "test_quality": 0.5746119722572018,
  "success": true,
  "singular": false
}