{
  "run_id": "MPO2-L3-d16-jit0.1-seed7",
  "seed": 7,
  "model": "MPO2",
  "grid_params": {
    "model": "MPO2",
    "L": 3,
    "bond_dim": 16,
    "jitter_start": 0.1
  },
  "n_parameters": 3168,
  "train_loss": 4.246511303257586,
  "train_quality": 0.5950524069215388,
  "val_loss": 4.663568940981279,
  "val_quality": 0.5351721596302064,
  "test_loss": 4.140185486684919,
  "test_quality": 0.5966499952927691,
  "success": true,
  "singular": false
}