{
  "run_id": "MPO2-L4-d8-jit5-seed256",
  "seed": 256,
  "model": "MPO2",
  "grid_params": {
    "model": "MPO2",
    "L": 4,
    "bond_dim": 8,
    "jitter_start": 5.0
  },
  "n_parameters": 1584,
  "train_loss": 4.220835882940726,
  "train_quality": 0.5975008166668784,
  "val_loss": 4.747934918273594,
  "val_quality": 0.5267632231436319,
  "test_loss": 4.40622735263873,
  "test_quality": 0.5707313527029868,
  "success": true,
  "singular": false
}