{
  "run_id": "MPO2-L3-d8-jit0.1-seed999",
  "seed": 999,
  "model": "MPO2",
  "grid_params": {
    "model": "MPO2",
    "L": 3,
    "bond_dim": 8,
    "jitter_start": 0.1
  },
  "n_parameters": 880,
  "train_loss": 4.60617771983461,
  "train_quality": 0.5607545941281776,
  "val_loss": 4.786853948443464,
  "val_quality": 0.5228840805873429,
  "test_loss": 4.494887459381067,
  "test_quality": 0.562093803833045,
  "success": true,
  "singular": false
}