{
  "run_id": "MPO2-L3-d16-jit5-seed123",
  "seed": 123,
  "model": "MPO2",
  "grid_params": {
    "model": "MPO2",
    "L": 3,
    "bond_dim": 16,
    "jitter_start": 5.0
  },
  "n_parameters": 3168,
  "train_loss": 4.373635743834419,
  "train_quality": 0.5829298120296934,
  "val_loss": 4.70707176904028,
  "val_quality": 0.5308361401840376,
  "test_loss": 4.180227174750623,
  "test_quality": 0.5927490070105461,
  "success": true,
  "singular": false
}