{
  "run_id": "MPO2-L3-d12-jit5-seed7",
  "seed": 7,
  "model": "MPO2",
  "grid_params": {
    "model": "MPO2",
    "L": 3,
    "bond_dim": 12,
    "jitter_start": 5.0
  },
  "n_parameters": 1848,
  "train_loss": 4.290905726187925,
  "train_quality": 0.5908189518738725,
  "val_loss": 4.675390496820937,
  "val_quality": 0.53399388000353,
  "test_loss": 4.404479318240137,
  "test_quality": 0.5709016517596761,
  "success": true,
  "singular": false
}