{
  "run_id": "MPO2-L3-d16-jit5-seed256",
  "seed": 256,
  "model": "MPO2",
  "grid_params": {
    "model": "MPO2",
    "L": 3,
    "bond_dim": 16,
    "jitter_start": 5.0
  },
  "n_parameters": 3168,
  "train_loss": 4.336982011795238,
  "train_quality": 0.586425114292335,
  "val_loss": 4.603199054792464,
  "val_quality": 0.5411893546530836,
  "test_loss": 4.193935808833585,
  "test_quality": 0.5914134683880194,
  "success": true,
  "singular": false
}