{
  "run_id": "MPO2-L2-d4-init1-jit0.1-rf0.1-seed7",
  "seed": 7,
  "model": "MPO2",
  "grid_params": {
    "model": "MPO2",
    "L": 2,
    "bond_dim": 4,
    "jitter_start": 0.1,
    "reduction_factor": 0.1,
    "init_strength": 1.0
  },
  "train_loss": 4.394010000091799,
  "train_quality": 0.5809869216326137,
  "val_loss": 4.693252680836545,
  "val_quality": 0.532213518112168,
  "test_loss": 4.201597398850979,
  "test_quality": 0.5906670519823971,
  "success": true,
  "singular": false
}