{
  "run_id": "MPO2-L2-d4-init0.01-jit1-rf0.1-seed999",
  "seed": 999,
  "model": "MPO2",
  "grid_params": {
    "model": "MPO2",
    "L": 2,
    "bond_dim": 4,
    "jitter_start": 1.0,
    "reduction_factor": 0.1,
    "init_strength": 0.01
  },
  "train_loss": 4.354514874812525,
  "train_quality": 0.5847531793387701,
  "val_loss": 4.675369554416044,
  "val_quality": 0.5339959673775909,
  "test_loss": 4.078523639750379,
  "test_quality": 0.6026572880411957,
  "success": true,
  "singular": false
}