{
  "run_id": "MPO2TypeI-L3-d8-jit5-seed256",
  "seed": 256,
  "model": "MPO2TypeI",
  "grid_params": {
    "model": "MPO2TypeI",
    "L": 3,
    "bond_dim": 8,
    "jitter_start": 5.0
  },
  "n_parameters": 1067,
  "train_loss": 4.116276797791474,
  "train_quality": 0.6074715778027772,
  "val_loss": 4.7885187656554065,
  "val_quality": 0.5227181447131163,
  "test_loss": 4.366227724331507,
  "test_quality": 0.5746282433901053,
  "success": true,
  "singular": false
}