{
  "run_id": "MPO2-L2-d8-init1-jit0.1-rf0.1-seed256",
  "seed": 256,
  "model": "MPO2",
  "grid_params": {
    "model": "MPO2",
    "L": 2,
    "bond_dim": 8,
    "jitter_start": 0.1,
    "reduction_factor": 0.1,
    "init_strength": 1.0
  },
  "train_loss": 4.577453179089966,
  "train_quality": 0.5634937681951122,
  "val_loss": 4.6862064871449345,
  "val_quality": 0.5329158272316317,
  "test_loss": 4.324004531837186,
  "test_quality": 0.578741760754511,
  "success": true,
  "singular": false
}