{
  "run_id": "MPO2-L3-d16-jit5-seed42",
  "seed": 42,
  "model": "MPO2",
  "grid_params": {
    "model": "MPO2",
    "L": 3,
    "bond_dim": 16,
    "jitter_start": 5.0
  },
  "n_parameters": 3168,
  "train_loss": 4.167212618306469,
  "train_quality": 0.6026143346575156,
  "val_loss": 4.662816640355621,
  "val_quality": 0.535247143034453,
  "test_loss": 4.132165627808059,
  "test_quality": 0.5974313153872759,
  "success": true,
  "singular": false
}