{
  "run_id": "MPO2-L3-d8-jit5-seed256",
  "seed": 256,
  "model": "MPO2",
  "grid_params": {
    "model": "MPO2",
    "L": 3,
    "bond_dim": 8,
    "jitter_start": 5.0
  },
  "n_parameters": 880,
  "train_loss": 4.29858120451412,
  "train_quality": 0.5900870177632688,
  "val_loss": 4.769532656064028,
  "val_quality": 0.5246105306583164,
  "test_loss": 4.403209832356103,
  "test_quality": 0.5710253291018984,
  "success": true,
  "singular": false
}