{
  "run_id": "MPO2-L3-d12-jit0.1-seed999",
  "seed": 999,
  "model": "MPO2",
  "grid_params": {
    "model": "MPO2",
    "L": 3,
    "bond_dim": 12,
    "jitter_start": 0.1
  },
  "n_parameters": 1848,
  "train_loss": 4.223959876316949,
  "train_quality": 0.597202912456068,
  "val_loss": 4.770539189135717,
  "val_quality": 0.5245102073651702,
  "test_loss": 4.250190142602719,
  "test_quality": 0.585932992727314,
  "success": true,
  "singular": false
}