{
  "run_id": "MPO2-L3-d12-jit0.1-seed42",
  "seed": 42,
  "model": "MPO2",
  "grid_params": {
    "model": "MPO2",
    "L": 3,
    "bond_dim": 12,
    "jitter_start": 0.1
  },
  "n_parameters": 1848,
  "train_loss": 4.213106865560894,
  "train_quality": 0.5982378562651066,
  "val_loss": 4.760442941213382,
  "val_quality": 0.5255165218802911,
  "test_loss": 4.161671936347301,
  "test_quality": 0.5945567172016459,
  "success": true,
  "singular": false
}