{
  "run_id": "MPO2-L2-d8-init1-jit1-rf0.5-seed7",
  "seed": 7,
  "model": "MPO2",
  "grid_params": {
    "model": "MPO2",
    "L": 2,
    "bond_dim": 8,
    "jitter_start": 1.0,
    "reduction_factor": 0.5,
    "init_strength": 1.0
  },
  "train_loss": 4.510092588114464,
  "train_quality": 0.569917278515913,
  "val_loss": 4.733325542290536,
  "val_quality": 0.5282193707364509,
  "test_loss": 4.375627380257944,
  "test_quality": 0.5737124990896705,
  "success": true,
  "singular": false
}