{
  "run_id": "MPO2-L3-d16-jit0.1-seed999",
  "seed": 999,
  "model": "MPO2",
  "grid_params": {
    "model": "MPO2",
    "L": 3,
    "bond_dim": 16,
    "jitter_start": 0.1
  },
  "n_parameters": 3168,
  "train_loss": 4.327534940419841,
  "train_quality": 0.5873259876309207,
  "val_loss": 4.721608696156296,
  "val_quality": 0.529387213723967,
  "test_loss": 4.486619272091963,
  "test_quality": 0.5628993168692858,
  "success": true,
  "singular": false
}