{
  "run_id": "MPO2-L2-d6-init0.1-jit0.1-rf0.3-seed999",
  "seed": 999,
  "model": "MPO2",
  "grid_params": {
    "model": "MPO2",
    "L": 2,
    "bond_dim": 6,
    "jitter_start": 0.1,
    "reduction_factor": 0.3,
    "init_strength": 0.1
  },
  "train_loss": 4.397324266450639,
  "train_quality": 0.58067087297785,
  "val_loss": 4.690249301610902,
  "val_quality": 0.532512871310745,
  "test_loss": 4.157490369517937,
  "test_quality": 0.5949640987080378,
  "success": true,
  "singular": false
}