{
  "run_id": "MPO2-L3-d8-jit0.1-seed7",
  "seed": 7,
  "model": "MPO2",
  "grid_params": {
    "model": "MPO2",
    "L": 3,
    "bond_dim": 8,
    "jitter_start": 0.1
  },
  "n_parameters": 880,
  "train_loss": 4.247792529084355,
  "train_quality": 0.5949302291436669,
  "val_loss": 4.6755634489776146,
  "val_quality": 0.5339766414940337,
  "test_loss": 4.108823883326995,
  "test_quality": 0.5997053421854934,
  "success": true,
  "singular": false
}