{
  "run_id": "MPO2-L3-d16-jit5-seed999",
  "seed": 999,
  "model": "MPO2",
  "grid_params": {
    "model": "MPO2",
    "L": 3,
    "bond_dim": 16,
    "jitter_start": 5.0
  },
  "n_parameters": 3168,
  "train_loss": 4.190401399283134,
  "train_quality": 0.6004030510008064,
  "val_loss": 4.710945575690057,
  "val_quality": 0.5304500296318375,
  "test_loss": 4.688966421069752,
  "test_quality": 0.5431860156765808,
  "success": true,
  "singular": false
}