{
  "run_id": "MPO2-L2-d8-init0.1-jit5-rf0.3-seed42",
  "seed": 42,
  "model": "MPO2",
  "grid_params": {
    "model": "MPO2",
    "L": 2,
    "bond_dim": 8,
    "jitter_start": 5.0,
    "reduction_factor": 0.3,
    "init_strength": 0.1
  },
  "train_loss": 4.596021576552762,
  "train_quality": 0.5617230846097145,
  "val_loss": 4.696285427885641,
  "val_quality": 0.5319112377601329,
  "test_loss": 4.345037524218192,
  "test_quality": 0.576692659910317,
  "success": true,
  "singular": false
}