{
  "run_id": "MPO2-L2-d4-init1-jit0.1-rf0.3-seed999",
  "seed": 999,
  "model": "MPO2",
  "grid_params": {
    "model": "MPO2",
    "L": 2,
    "bond_dim": 4,
    "jitter_start": 0.1,
    "reduction_factor": 0.3,
    "init_strength": 1.0
  },
  "train_loss": 4.44795523418614,
  "train_quality": 0.5758427006133973,
  "val_loss": 4.666829274248569,
  "val_quality": 0.5348471952755032,
  "test_loss": 4.198078428152991,
  "test_quality": 0.5910098812716073,
  "success": true,
  "singular": false
}