{
  "run_id": "MPO2-L2-d4-init0.1-jit1-rf0.3-seed42",
  "seed": 42,
  "model": "MPO2",
  "grid_params": {
    "model": "MPO2",
    "L": 2,
    "bond_dim": 4,
    "jitter_start": 1.0,
    "reduction_factor": 0.3,
    "init_strength": 0.1
  },
  "train_loss": 4.706967468701141,
  "train_quality": 0.5511432771444752,
  "val_loss": 4.686855962498648,
  "val_quality": 0.5328510926410508,
  "test_loss": 4.415979549632036,
  "test_quality": 0.5697812627333934,
  "success": true,
  "singular": false
}