{
  "run_id": "MPO2-L2-d10-init1-jit5-rf0.5-seed7",
  "seed": 7,
  "model": "MPO2",
  "grid_params": {
    "model": "MPO2",
    "L": 2,
    "bond_dim": 10,
    "jitter_start": 5.0,
    "reduction_factor": 0.5,
    "init_strength": 1.0
  },
  "train_loss": 4.423472400580395,
  "train_quality": 0.578177385212678,
  "val_loss": 4.6757644910984695,
  "val_quality": 0.5339566031980327,
  "test_loss": 4.161914642289354,
  "test_quality": 0.594533072018795,
  "success": true,
  "singular": false
}