{
  "run_id": "MPO2-L3-d12-jit0.1-seed123",
  "seed": 123,
  "model": "MPO2",
  "grid_params": {
    "model": "MPO2",
    "L": 3,
    "bond_dim": 12,
    "jitter_start": 0.1
  },
  "n_parameters": 1848,
  "train_loss": 4.216226212308364,
  "train_quality": 0.5979403951571152,
  "val_loss": 4.762932252062588,
  "val_quality": 0.5252684069707254,
  "test_loss": 4.095773513677098,
  "test_quality": 0.6009767505986299,
  "success": true,
  "singular": false
}