{
  "run_id": "MPO2-L3-d16-jit0.1-seed123",
  "seed": 123,
  "model": "MPO2",
  "grid_params": {
    "model": "MPO2",
    "L": 3,
    "bond_dim": 16,
    "jitter_start": 0.1
  },
  "n_parameters": 3168,
  "train_loss": 4.35402094976823,
  "train_quality": 0.5848002800630034,
  "val_loss": 4.644617851060751,
  "val_quality": 0.5370610550902915,
  "test_loss": 4.269853477701721,
  "test_quality": 0.5840173282407228,
  "success": true,
  "singular": false
}