{
  "run_id": "MPO2-L2-d6-init1-jit5-rf0.3-seed7",
  "seed": 7,
  "model": "MPO2",
  "grid_params": {
    "model": "MPO2",
    "L": 2,
    "bond_dim": 6,
    "jitter_start": 5.0,
    "reduction_factor": 0.3,
    "init_strength": 1.0
  },
  "train_loss": 4.331159827278531,
  "train_quality": 0.5869803181851612,
  "val_loss": 4.684525038279722,
  "val_quality": 0.5330834208181315,
  "test_loss": 4.077426794370169,
  "test_quality": 0.6027641461978395,
  "success": true,
  "singular": false
}