{
  "run_id": "MPO2-L2-d8-init1-jit0.1-rf0.3-seed999",
  "seed": 999,
  "model": "MPO2",
  "grid_params": {
    "model": "MPO2",
    "L": 2,
    "bond_dim": 8,
    "jitter_start": 0.1,
    "reduction_factor": 0.3,
    "init_strength": 1.0
  },
  "train_loss": 4.30885229161218,
  "train_quality": 0.5891075662319687,
  "val_loss": 4.682599020087997,
  "val_quality": 0.5332753911498458,
  "test_loss": 4.1032852388580805,
  "test_quality": 0.6002449345008118,
  "success": true,
  "singular": false
}