{
  "run_id": "MPO2-L4-d12-jit5-seed123",
  "seed": 123,
  "model": "MPO2",
  "grid_params": {
    "model": "MPO2",
    "L": 4,
    "bond_dim": 12,
    "jitter_start": 5.0
  },
  "n_parameters": 3432,
  "train_loss": 4.396022151336432,
  "train_quality": 0.5807950427595259,
  "val_loss": 4.849745091518429,
  "val_quality": 0.516615586525417,
  "test_loss": 5.924742313847023,
  "test_quality": 0.42279280774620176,
  "success": true,
  "singular": false
}