{
  "run_id": "MPO2-L4-d8-jit5-seed42",
  "seed": 42,
  "model": "MPO2",
  "grid_params": {
    "model": "MPO2",
    "L": 4,
    "bond_dim": 8,
    "jitter_start": 5.0
  },
  "n_parameters": 1584,
  "train_loss": 4.396882542993213,
  "train_quality": 0.5807129957553766,
  "val_loss": 4.761074694540281,
  "val_quality": 0.5254535536818351,
  "test_loss": 4.585600647402204,
  "test_quality": 0.5532562372715932,
  "success": true,
  "singular": false
}