{
  "run_id": "MPO2-L2-d6-init1-jit5-rf0.5-seed42",
  "seed": 42,
  "model": "MPO2",
  "grid_params": {
    "model": "MPO2",
    "L": 2,
    "bond_dim": 6,
    "jitter_start": 5.0,
    "reduction_factor": 0.5,
    "init_strength": 1.0
  },
  "train_loss": 4.363635704337762,
  "train_quality": 0.5838834164441582,
  "val_loss": 4.714712794883989,
  "val_quality": 0.5300745428781781,
  "test_loss": 4.104949782264112,
  "test_quality": 0.6000827694014902,
  "success": true,
  "singular": false
}