{
  "run_id": "MPO2-L2-d6-init1-jit1-rf0.5-seed7",
  "seed": 7,
  "model": "MPO2",
  "grid_params": {
    "model": "MPO2",
    "L": 2,
    "bond_dim": 6,
    "jitter_start": 1.0,
    "reduction_factor": 0.5,
    "init_strength": 1.0
  },
  "train_loss": 4.4159003538666814,
  "train_quality": 0.5788994560780125,
  "val_loss": 4.686407419721908,
  "val_quality": 0.5328957998541024,
  "test_loss": 4.176099657962359,
  "test_quality": 0.5931511227904622,
  "success": true,
  "singular": false
}