{
  "run_id": "MPO2-L3-d8-jit5-seed42",
  "seed": 42,
  "model": "MPO2",
  "grid_params": {
    "model": "MPO2",
    "L": 3,
    "bond_dim": 8,
    "jitter_start": 5.0
  },
  "n_parameters": 880,
  "train_loss": 4.478412193044538,
  "train_quality": 0.5729383230428639,
  "val_loss": 4.678047758162029,
  "val_quality": 0.5337290251110411,
  "test_loss": 4.330716942684009,
  "test_quality": 0.5780878163949237,
  "success": true,
  "singular": false
}