{
  "run_id": "MPO2-L3-d12-jit0.1-seed7",
  "seed": 7,
  "model": "MPO2",
  "grid_params": {
    "model": "MPO2",
    "L": 3,
    "bond_dim": 12,
    "jitter_start": 0.1
  },
  "n_parameters": 1848,
  "train_loss": 4.185192628363258,
  "train_quality": 0.6008997597332859,
  "val_loss": 4.68973798232635,
  "val_quality": 0.532563835591918,
  "test_loss": 4.457110963571499,
  "test_quality": 0.5657741098994313,
  "success": true,
  "singular": false
}