{
  "run_id": "MPO2-L2-d10-init0.1-jit5-rf0.3-seed999",
  "seed": 999,
  "model": "MPO2",
  "grid_params": {
    "model": "MPO2",
    "L": 2,
    "bond_dim": 10,
    "jitter_start": 5.0,
    "reduction_factor": 0.3,
    "init_strength": 0.1
  },
  "train_loss": 4.452477725570383,
  "train_quality": 0.5754114355419109,
  "val_loss": 4.662158599267326,
  "val_quality": 0.5353127313900274,
  "test_loss": 4.201256327964851,
  "test_quality": 0.5907002801901593,
  "success": true,
  "singular": false
}