{
  "run_id": "MPO2-L4-d8-jit5-seed999",
  "seed": 999,
  "model": "MPO2",
  "grid_params": {
    "model": "MPO2",
    "L": 4,
    "bond_dim": 8,
    "jitter_start": 5.0
  },
  "n_parameters": 1584,
  "train_loss": 4.251590305698918,
  "train_quality": 0.5945680729195831,
  "val_loss": 4.69711319575112,
  "val_quality": 0.5318287323755,
  "test_loss": 5.082467901946393,
  "test_quality": 0.5048498530398233,
  "success": true,
  "singular": false
}