{
  "run_id": "MPO2-L2-d4-init1-jit5-rf0.5-seed7",
  "seed": 7,
  "model": "MPO2",
  "grid_params": {
    "model": "MPO2",
    "L": 2,
    "bond_dim": 4,
    "jitter_start": 5.0,
    "reduction_factor": 0.5,
    "init_strength": 1.0
  },
  "train_loss": 4.450965930872082,
  "train_quality": 0.5755556003823145,
  "val_loss": 4.743179623894992,
  "val_quality": 0.5272371934535599,
  "test_loss": 4.186240363377415,
  "test_quality": 0.5921631830978924,
  "success": true,
  "singular": false
}