{
  "run_id": "MPO2-L2-d4-init0.1-jit1-rf0.1-seed7",
  "seed": 7,
  "model": "MPO2",
  "grid_params": {
    "model": "MPO2",
    "L": 2,
    "bond_dim": 4,
    "jitter_start": 1.0,
    "reduction_factor": 0.1,
    "init_strength": 0.1
  },
  "train_loss": 4.645110077903272,
  "train_quality": 0.5570420019396959,
  "val_loss": 4.690224186632973,
  "val_quality": 0.5325153745740395,
  "test_loss": 4.358847005937931,
  "test_quality": 0.5753472963910797,
  "success": true,
  "singular": false
}