{
  "run_id": "MPO2-L4-d12-jit5-seed256",
  "seed": 256,
  "model": "MPO2",
  "grid_params": {
    "model": "MPO2",
    "L": 4,
    "bond_dim": 12,
    "jitter_start": 5.0
  },
  "n_parameters": 3432,
  "train_loss": 4.485492618973094,
  "train_quality": 0.572263133167462,
  "val_loss": 5.003922568863508,
  "val_quality": 0.5012483892704973,
  "test_loss": 5.446718682800068,
  "test_quality": 0.4693633863961314,
  "success": true,
  "singular": false
}