{
  "run_id": "MPO2TypeI-L3-d12-jit5-seed123",
  "seed": 123,
  "model": "MPO2TypeI",
  "grid_params": {
    "model": "MPO2TypeI",
    "L": 3,
    "bond_dim": 12,
    "jitter_start": 5.0
  },
  "n_parameters": 2123,
  "train_loss": 4.261403208595101,
  "train_quality": 0.5936323138634672,
  "val_loss": 4.717189921872585,
  "val_quality": 0.5298276423599265,
  "test_loss": 4.14278243169585,
  "test_quality": 0.5963969926710865,
  "success": true,
  "singular": false
}