{
  "run_id": "MMPO2TypeI_GTN-L4-d16-seed256",
  "seed": 256,
  "model": "MMPO2TypeI_GTN",
  "dataset": "bike",
  "task": "regression",
  "params": {
    "init_strength": 0.01,
    "batch_size": 64,
    "n_epochs": 1000,
    "patience": 40,
    "min_delta": 1e-08,
    "optimizer": "adamw",
    "seeds": [
      42,
      7,
      123,
      256,
      999
    ],
    "model": "MMPO2TypeI_GTN",
    "L": 4,
    "bond_dim": 16,
    "lr": 0.001
  },
  "n_parameters": 10380,
  "train_loss": 10124.09988843407,
  "train_quality": 0.697336333611028,
  "val_loss": 10821.519482627662,
  "val_quality": 0.6701700466924592,
  "test_loss": 10472.660591151018,
  "test_quality": 0.6600263098411193,
  "best_epoch": 118,
  "stopped_early": true,
  "patience_counter": 40,
  "success": true
}