{
  "run_id": "MMPO2TypeI_GTN-L4-d16-seed7",
  "seed": 7,
  "model": "MMPO2TypeI_GTN",
  "dataset": "bike",
  "task": "regression",
  "params": {
    "init_strength": 0.01,
    "batch_size": 64,
    "n_epochs": 1000,
    "patience": 40,
    "min_delta": 1e-08,
    "optimizer": "adamw",
    "seeds": [
      42,
      7,
      123,
      256,
      999
    ],
    "model": "MMPO2TypeI_GTN",
    "L": 4,
    "bond_dim": 16,
    "lr": 0.001
  },
  "n_parameters": 10380,
  "train_loss": 10023.445622847423,
  "train_quality": 0.7003454296685401,
  "val_loss": 10782.796064857932,
  "val_quality": 0.6709606211099941,
  "test_loss": 10337.867058982973,
  "test_quality": 0.66440210853543,
  "best_epoch": 134,
  "stopped_early": true,
  "patience_counter": 40,
  "success": true
}