{
  "run_id": "MMPO2-L3-d16-seed999",
  "seed": 999,
  "model": "MMPO2",
  "dataset": "bike",
  "task": "regression",
  "params": {
    "output_site": 1,
    "init_strength": 0.01,
    "rank": 5,
    "batch_size": 64,
    "n_epochs": 1000,
    "patience": 40,
    "min_delta": 1e-08,
    "optimizer": "adamw",
    "seeds": [
      42,
      7,
      123,
      256,
      999
    ],
    "model": "MMPO2",
    "L": 3,
    "bond_dim": 16,
    "lr": 0.01
  },
  "n_parameters": 3456,
  "train_loss": 16762.1464998409,
  "train_quality": 0.4988895040450241,
  "val_loss": 16295.272821983279,
  "val_quality": 0.5030415093480762,
  "test_loss": 16118.61558627139,
  "test_quality": 0.4767418295072564,
  "best_epoch": 115,
  "stopped_early": true,
  "patience_counter": 40,
  "success": true
}