{
  "run_id": "MMPO2-L4-d12-seed42",
  "seed": 42,
  "model": "MMPO2",
  "dataset": "bike",
  "task": "regression",
  "params": {
    "output_site": 1,
    "init_strength": 0.01,
    "rank": 5,
    "batch_size": 64,
    "n_epochs": 1000,
    "patience": 40,
    "min_delta": 1e-08,
    "optimizer": "adamw",
    "seeds": [
      42,
      7,
      123,
      256,
      999
    ],
    "model": "MMPO2",
    "L": 4,
    "bond_dim": 12,
    "lr": 0.01
  },
  "n_parameters": 3744,
  "train_loss": 12812.172308202935,
  "train_quality": 0.6169754261672202,
  "val_loss": 13279.63982787981,
  "val_quality": 0.5960681208300164,
  "test_loss": 12580.756677854251,
  "test_quality": 0.5915912450771972,
  "best_epoch": 143,
  "stopped_early": true,
  "patience_counter": 40,
  "success": true
}