{
  "run_id": "MMPO2-L3-d12-seed7",
  "seed": 7,
  "model": "MMPO2",
  "dataset": "bike",
  "task": "regression",
  "params": {
    "output_site": 1,
    "init_strength": 0.01,
    "rank": 5,
    "batch_size": 64,
    "n_epochs": 1000,
    "patience": 40,
    "min_delta": 1e-08,
    "optimizer": "adamw",
    "seeds": [
      42,
      7,
      123,
      256,
      999
    ],
    "model": "MMPO2",
    "L": 3,
    "bond_dim": 12,
    "lr": 0.01
  },
  "n_parameters": 2016,
  "train_loss": 16821.782847173883,
  "train_quality": 0.49710665364521,
  "val_loss": 16374.599683160766,
  "val_quality": 0.5049142894347094,
  "test_loss": 16215.020680741658,
  "test_quality": 0.4736122336006663,
  "best_epoch": 103,
  "stopped_early": true,
  "patience_counter": 40,
  "success": true
}