{
  "run_id": "MMPO2-L4-d12-seed42",
  "seed": 42,
  "model": "MMPO2",
  "dataset": "bike",
  "task": "regression",
  "params": {
    "init_strength": 0.01,
    "batch_size": 64,
    "n_epochs": 1000,
    "patience": 40,
    "min_delta": 1e-08,
    "optimizer": "adamw",
    "seeds": [
      42,
      7,
      123,
      256,
      999
    ],
    "model": "MMPO2",
    "L": 4,
    "bond_dim": 12,
    "lr": 0.001
  },
  "n_parameters": 3744,
  "train_loss": 12095.053720925123,
  "train_quality": 0.6384139484312228,
  "val_loss": 12935.779301176794,
  "val_quality": 0.6036608826207494,
  "test_loss": 12220.096024261036,
  "test_quality": 0.6032993618666216,
  "best_epoch": 385,
  "stopped_early": true,
  "patience_counter": 40,
  "success": true
}