{
  "run_id": "MMPO2TypeI_GTN-L4-d12-seed999",
  "seed": 999,
  "model": "MMPO2TypeI_GTN",
  "dataset": "bike",
  "task": "regression",
  "params": {
    "init_strength": 0.01,
    "batch_size": 64,
    "n_epochs": 1000,
    "patience": 40,
    "min_delta": 1e-08,
    "optimizer": "adamw",
    "seeds": [
      42,
      7,
      123,
      256,
      999
    ],
    "model": "MMPO2TypeI_GTN",
    "L": 4,
    "bond_dim": 12,
    "lr": 0.001
  },
  "n_parameters": 6060,
  "train_loss": 10125.793544894108,
  "train_quality": 0.6972857011321468,
  "val_loss": 10767.97328250193,
  "val_quality": 0.6699215320771605,
  "test_loss": 10282.014271840953,
  "test_quality": 0.6662152560145316,
  "best_epoch": 265,
  "stopped_early": true,
  "patience_counter": 40,
  "success": true
}