{
  "run_id": "MMPO2-L3-d16-seed42",
  "seed": 42,
  "model": "MMPO2",
  "dataset": "bike",
  "task": "regression",
  "params": {
    "output_site": 1,
    "init_strength": 0.01,
    "rank": 5,
    "batch_size": 64,
    "n_epochs": 1000,
    "patience": 40,
    "min_delta": 1e-08,
    "optimizer": "adamw",
    "seeds": [
      42,
      7,
      123,
      256,
      999
    ],
    "model": "MMPO2",
    "L": 3,
    "bond_dim": 16,
    "lr": 0.01
  },
  "n_parameters": 3456,
  "train_loss": 16956.578133992894,
  "train_quality": 0.493076899279866,
  "val_loss": 16355.313881235666,
  "val_quality": 0.5055851590143089,
  "test_loss": 16253.869026305181,
  "test_quality": 0.4723511008366619,
  "best_epoch": 81,
  "stopped_early": true,
  "patience_counter": 40,
  "success": true
}