{
  "run_id": "MMPO2-L4-d16-seed7",
  "seed": 7,
  "model": "MMPO2",
  "dataset": "bike",
  "task": "regression",
  "params": {
    "output_site": 1,
    "init_strength": 0.01,
    "rank": 5,
    "batch_size": 64,
    "n_epochs": 1000,
    "patience": 40,
    "min_delta": 1e-08,
    "optimizer": "adamw",
    "seeds": [
      42,
      7,
      123,
      256,
      999
    ],
    "model": "MMPO2",
    "L": 4,
    "bond_dim": 16,
    "lr": 0.01
  },
  "n_parameters": 6528,
  "train_loss": 12821.439619224237,
  "train_quality": 0.6166983765171589,
  "val_loss": 13299.520642906818,
  "val_quality": 0.5935167770267806,
  "test_loss": 12713.033436605554,
  "test_quality": 0.5872971483284748,
  "best_epoch": 141,
  "stopped_early": true,
  "patience_counter": 40,
  "success": true
}