{
  "run_id": "MMPO2-L4-d12-seed7",
  "seed": 7,
  "model": "MMPO2",
  "dataset": "bike",
  "task": "regression",
  "params": {
    "init_strength": 0.01,
    "batch_size": 64,
    "n_epochs": 1000,
    "patience": 40,
    "min_delta": 1e-08,
    "optimizer": "adamw",
    "seeds": [
      42,
      7,
      123,
      256,
      999
    ],
    "model": "MMPO2",
    "L": 4,
    "bond_dim": 12,
    "lr": 0.001
  },
  "n_parameters": 3744,
  "train_loss": 12101.705278577336,
  "train_quality": 0.638215097684154,
  "val_loss": 12944.359120615421,
  "val_quality": 0.6031776461660938,
  "test_loss": 12198.677252785632,
  "test_quality": 0.6039946788506664,
  "best_epoch": 334,
  "stopped_early": true,
  "patience_counter": 40,
  "success": true
}