{
  "run_id": "MMPO2TypeI_GTN-L4-d12-seed123",
  "seed": 123,
  "model": "MMPO2TypeI_GTN",
  "dataset": "bike",
  "task": "regression",
  "params": {
    "init_strength": 0.01,
    "batch_size": 64,
    "n_epochs": 1000,
    "patience": 40,
    "min_delta": 1e-08,
    "optimizer": "adamw",
    "seeds": [
      42,
      7,
      123,
      256,
      999
    ],
    "model": "MMPO2TypeI_GTN",
    "L": 4,
    "bond_dim": 12,
    "lr": 0.001
  },
  "n_parameters": 6060,
  "train_loss": 10005.101723161717,
  "train_quality": 0.7008938272540963,
  "val_loss": 10860.271496665237,
  "val_quality": 0.6705474847075831,
  "test_loss": 10389.723936705004,
  "test_quality": 0.6627186801529451,
  "best_epoch": 207,
  "stopped_early": true,
  "patience_counter": 40,
  "success": true
}