{
  "run_id": "MMPO2TypeI_GTN-L3-d12-seed42",
  "seed": 42,
  "model": "MMPO2TypeI_GTN",
  "dataset": "bike",
  "task": "regression",
  "params": {
    "init_strength": 0.01,
    "batch_size": 64,
    "n_epochs": 1000,
    "patience": 40,
    "min_delta": 1e-08,
    "optimizer": "adamw",
    "seeds": [
      42,
      7,
      123,
      256,
      999
    ],
    "model": "MMPO2TypeI_GTN",
    "L": 3,
    "bond_dim": 12,
    "lr": 0.001
  },
  "n_parameters": 2316,
  "train_loss": 11975.068516297442,
  "train_quality": 0.6420009499765682,
  "val_loss": 11911.818384660945,
  "val_quality": 0.6328442450477643,
  "test_loss": 11551.192487816928,
  "test_quality": 0.6250139588084322,
  "best_epoch": 397,
  "stopped_early": true,
  "patience_counter": 40,
  "success": true
}