{
  "run_id": "MMPO2-L3-d12-seed42",
  "seed": 42,
  "model": "MMPO2",
  "dataset": "bike",
  "task": "regression",
  "params": {
    "init_strength": 0.01,
    "batch_size": 64,
    "n_epochs": 1000,
    "patience": 40,
    "min_delta": 1e-08,
    "optimizer": "adamw",
    "seeds": [
      42,
      7,
      123,
      256,
      999
    ],
    "model": "MMPO2",
    "L": 3,
    "bond_dim": 12,
    "lr": 0.001
  },
  "n_parameters": 2016,
  "train_loss": 16420.692104285055,
  "train_quality": 0.5090974079972184,
  "val_loss": 16006.258132951469,
  "val_quality": 0.5101074058032168,
  "test_loss": 15813.209270513182,
  "test_quality": 0.4866562262608264,
  "best_epoch": 287,
  "stopped_early": true,
  "patience_counter": 40,
  "success": true
}