{
  "run_id": "MMPO2-L4-d16-seed256",
  "seed": 256,
  "model": "MMPO2",
  "dataset": "bike",
  "task": "regression",
  "params": {
    "init_strength": 0.01,
    "batch_size": 64,
    "n_epochs": 1000,
    "patience": 40,
    "min_delta": 1e-08,
    "optimizer": "adamw",
    "seeds": [
      42,
      7,
      123,
      256,
      999
    ],
    "model": "MMPO2",
    "L": 4,
    "bond_dim": 16,
    "lr": 0.001
  },
  "n_parameters": 6528,
  "train_loss": 11995.064485644822,
  "train_quality": 0.6414031631646667,
  "val_loss": 12871.137558118544,
  "val_quality": 0.6046441166360941,
  "test_loss": 12255.931449548403,
  "test_quality": 0.6021360374499349,
  "best_epoch": 301,
  "stopped_early": true,
  "patience_counter": 40,
  "success": true
}