{
  "run_id": "MMPO2-L3-d12-seed999",
  "seed": 999,
  "model": "MMPO2",
  "dataset": "bike",
  "task": "regression",
  "params": {
    "output_site": 1,
    "init_strength": 0.01,
    "rank": 5,
    "batch_size": 64,
    "n_epochs": 1000,
    "patience": 40,
    "min_delta": 1e-08,
    "optimizer": "adamw",
    "seeds": [
      42,
      7,
      123,
      256,
      999
    ],
    "model": "MMPO2",
    "L": 3,
    "bond_dim": 12,
    "lr": 0.01
  },
  "n_parameters": 2016,
  "train_loss": 16638.05757110183,
  "train_quality": 0.502599187922536,
  "val_loss": 16098.121293964488,
  "val_quality": 0.5027219384687234,
  "test_loss": 16048.661203294949,
  "test_quality": 0.4790127567006177,
  "best_epoch": 136,
  "stopped_early": true,
  "patience_counter": 40,
  "success": true
}