{
  "run_id": "MMPO2TypeI_GTN-L3-d12-seed123",
  "seed": 123,
  "model": "MMPO2TypeI_GTN",
  "dataset": "bike",
  "task": "regression",
  "params": {
    "init_strength": 0.01,
    "batch_size": 64,
    "n_epochs": 1000,
    "patience": 40,
    "min_delta": 1e-08,
    "optimizer": "adamw",
    "seeds": [
      42,
      7,
      123,
      256,
      999
    ],
    "model": "MMPO2TypeI_GTN",
    "L": 3,
    "bond_dim": 12,
    "lr": 0.001
  },
  "n_parameters": 2316,
  "train_loss": 11987.199962309687,
  "train_quality": 0.6416382759641495,
  "val_loss": 11907.425847577297,
  "val_quality": 0.6332899460548395,
  "test_loss": 11529.502284156979,
  "test_quality": 0.625718087287952,
  "best_epoch": 468,
  "stopped_early": true,
  "patience_counter": 40,
  "success": true
}