{
  "run_id": "MMPO2-L3-d12-seed123",
  "seed": 123,
  "model": "MMPO2",
  "dataset": "bike",
  "task": "regression",
  "params": {
    "output_site": 1,
    "init_strength": 0.01,
    "rank": 5,
    "batch_size": 64,
    "n_epochs": 1000,
    "patience": 40,
    "min_delta": 1e-08,
    "optimizer": "adamw",
    "seeds": [
      42,
      7,
      123,
      256,
      999
    ],
    "model": "MMPO2",
    "L": 3,
    "bond_dim": 12,
    "lr": 0.01
  },
  "n_parameters": 2016,
  "train_loss": 16751.45899971292,
  "train_quality": 0.4992090107674889,
  "val_loss": 16309.20974437783,
  "val_quality": 0.5056850152725243,
  "test_loss": 15977.217708745784,
  "test_quality": 0.4813320248816422,
  "best_epoch": 67,
  "stopped_early": true,
  "patience_counter": 40,
  "success": true
}