{
  "run_id": "MMPO2-L4-d8-seed256",
  "seed": 256,
  "model": "MMPO2",
  "dataset": "bike",
  "task": "regression",
  "params": {
    "init_strength": 0.01,
    "batch_size": 64,
    "n_epochs": 1000,
    "patience": 40,
    "min_delta": 1e-08,
    "optimizer": "adamw",
    "seeds": [
      42,
      7,
      123,
      256,
      999
    ],
    "model": "MMPO2",
    "L": 4,
    "bond_dim": 8,
    "lr": 0.001
  },
  "n_parameters": 1728,
  "train_loss": 12299.964882216631,
  "train_quality": 0.6322880543721014,
  "val_loss": 12826.29628782781,
  "val_quality": 0.604492480076136,
  "test_loss": 12080.901590489017,
  "test_quality": 0.6078180269075794,
  "best_epoch": 441,
  "stopped_early": true,
  "patience_counter": 40,
  "success": true
}