{
  "run_id": "MMPO2-L3-d16-seed256",
  "seed": 256,
  "model": "MMPO2",
  "dataset": "bike",
  "task": "regression",
  "params": {
    "init_strength": 0.01,
    "batch_size": 64,
    "n_epochs": 1000,
    "patience": 40,
    "min_delta": 1e-08,
    "optimizer": "adamw",
    "seeds": [
      42,
      7,
      123,
      256,
      999
    ],
    "model": "MMPO2",
    "L": 3,
    "bond_dim": 16,
    "lr": 0.001
  },
  "n_parameters": 3456,
  "train_loss": 16449.36298274518,
  "train_quality": 0.5082402816068274,
  "val_loss": 15929.445478410786,
  "val_quality": 0.5090256147967767,
  "test_loss": 15841.243132248685,
  "test_quality": 0.4857461637852337,
  "best_epoch": 178,
  "stopped_early": true,
  "patience_counter": 40,
  "success": true
}