{
  "run_id": "MMPO2-L3-d16-seed7",
  "seed": 7,
  "model": "MMPO2",
  "dataset": "bike",
  "task": "regression",
  "params": {
    "output_site": 1,
    "init_strength": 0.01,
    "rank": 5,
    "batch_size": 64,
    "n_epochs": 1000,
    "patience": 40,
    "min_delta": 1e-08,
    "optimizer": "adamw",
    "seeds": [
      42,
      7,
      123,
      256,
      999
    ],
    "model": "MMPO2",
    "L": 3,
    "bond_dim": 16,
    "lr": 0.01
  },
  "n_parameters": 3456,
  "train_loss": 17346.339122769466,
  "train_quality": 0.4814248520679183,
  "val_loss": 17002.651784393154,
  "val_quality": 0.5036152370163947,
  "test_loss": 16292.420710320743,
  "test_quality": 0.4710995985882569,
  "best_epoch": 83,
  "stopped_early": true,
  "patience_counter": 40,
  "success": true
}