{
  "run_id": "MMPO2TypeI_GTN-L3-d12-seed999",
  "seed": 999,
  "model": "MMPO2TypeI_GTN",
  "dataset": "bike",
  "task": "regression",
  "params": {
    "init_strength": 0.01,
    "batch_size": 64,
    "n_epochs": 1000,
    "patience": 40,
    "min_delta": 1e-08,
    "optimizer": "adamw",
    "seeds": [
      42,
      7,
      123,
      256,
      999
    ],
    "model": "MMPO2TypeI_GTN",
    "L": 3,
    "bond_dim": 12,
    "lr": 0.001
  },
  "n_parameters": 2316,
  "train_loss": 11988.405798243171,
  "train_quality": 0.6416022270582011,
  "val_loss": 11919.900302603657,
  "val_quality": 0.6329698512215955,
  "test_loss": 11572.686395786772,
  "test_quality": 0.6243162026704536,
  "best_epoch": 246,
  "stopped_early": true,
  "patience_counter": 40,
  "success": true
}