{
  "run_id": "MMPO2-L4-d12-seed999",
  "seed": 999,
  "model": "MMPO2",
  "dataset": "bike",
  "task": "regression",
  "params": {
    "init_strength": 0.01,
    "batch_size": 64,
    "n_epochs": 1000,
    "patience": 40,
    "min_delta": 1e-08,
    "optimizer": "adamw",
    "seeds": [
      42,
      7,
      123,
      256,
      999
    ],
    "model": "MMPO2",
    "L": 4,
    "bond_dim": 12,
    "lr": 0.001
  },
  "n_parameters": 3744,
  "train_loss": 12089.954454087469,
  "train_quality": 0.638566392877049,
  "val_loss": 13032.899215960704,
  "val_quality": 0.6016983951554382,
  "test_loss": 12297.227462862671,
  "test_quality": 0.6007954461156597,
  "best_epoch": 531,
  "stopped_early": true,
  "patience_counter": 40,
  "success": true
}