{
  "run_id": "MMPO2-L4-d16-seed42",
  "seed": 42,
  "model": "MMPO2",
  "dataset": "bike",
  "task": "regression",
  "params": {
    "output_site": 1,
    "init_strength": 0.01,
    "rank": 5,
    "batch_size": 64,
    "n_epochs": 1000,
    "patience": 40,
    "min_delta": 1e-08,
    "optimizer": "adamw",
    "seeds": [
      42,
      7,
      123,
      256,
      999
    ],
    "model": "MMPO2",
    "L": 4,
    "bond_dim": 16,
    "lr": 0.01
  },
  "n_parameters": 6528,
  "train_loss": 13037.110610616006,
  "train_quality": 0.610250813404615,
  "val_loss": 13532.002361623418,
  "val_quality": 0.5928835866170284,
  "test_loss": 12719.59330622443,
  "test_quality": 0.5870841954630706,
  "best_epoch": 72,
  "stopped_early": true,
  "patience_counter": 40,
  "success": true
}