{
  "run_id": "MMPO2-L3-d8-seed123",
  "seed": 123,
  "model": "MMPO2",
  "dataset": "bike",
  "task": "regression",
  "params": {
    "init_strength": 0.01,
    "batch_size": 64,
    "n_epochs": 1000,
    "patience": 40,
    "min_delta": 1e-08,
    "optimizer": "adamw",
    "seeds": [
      42,
      7,
      123,
      256,
      999
    ],
    "model": "MMPO2",
    "L": 3,
    "bond_dim": 8,
    "lr": 0.001
  },
  "n_parameters": 960,
  "train_loss": 16531.959224357997,
  "train_quality": 0.5057710367759815,
  "val_loss": 15944.758126704679,
  "val_quality": 0.5080733780919966,
  "test_loss": 15730.641764755424,
  "test_quality": 0.48933661290902897,
  "best_epoch": 374,
  "stopped_early": true,
  "patience_counter": 40,
  "success": true
}