{
  "run_id": "MMPO2TypeI_GTN-L4-d12-seed256",
  "seed": 256,
  "model": "MMPO2TypeI_GTN",
  "dataset": "bike",
  "task": "regression",
  "params": {
    "init_strength": 0.01,
    "batch_size": 64,
    "n_epochs": 1000,
    "patience": 40,
    "min_delta": 1e-08,
    "optimizer": "adamw",
    "seeds": [
      42,
      7,
      123,
      256,
      999
    ],
    "model": "MMPO2TypeI_GTN",
    "L": 4,
    "bond_dim": 12,
    "lr": 0.001
  },
  "n_parameters": 6060,
  "train_loss": 10094.044013540772,
  "train_quality": 0.6982348649759869,
  "val_loss": 10755.065253956447,
  "val_quality": 0.6715815944124315,
  "test_loss": 10394.24766729559,
  "test_quality": 0.6625718264123144,
  "best_epoch": 258,
  "stopped_early": true,
  "patience_counter": 40,
  "success": true
}