{
  "run_id": "MMPO2-L4-d8-seed42",
  "seed": 42,
  "model": "MMPO2",
  "dataset": "bike",
  "task": "regression",
  "params": {
    "output_site": 1,
    "init_strength": 0.01,
    "rank": 5,
    "batch_size": 64,
    "n_epochs": 1000,
    "patience": 40,
    "min_delta": 1e-08,
    "optimizer": "adamw",
    "seeds": [
      42,
      7,
      123,
      256,
      999
    ],
    "model": "MMPO2",
    "L": 4,
    "bond_dim": 8,
    "lr": 0.01
  },
  "n_parameters": 1728,
  "train_loss": 13261.461792270002,
  "train_quality": 0.6035437528316874,
  "val_loss": 13614.046366602062,
  "val_quality": 0.594473034045468,
  "test_loss": 12826.183179112904,
  "test_quality": 0.5836239713773134,
  "best_epoch": 159,
  "stopped_early": true,
  "patience_counter": 40,
  "success": true
}