{
  "run_id": "MMPO2TypeI_GTN-L4-d16-seed999",
  "seed": 999,
  "model": "MMPO2TypeI_GTN",
  "dataset": "bike",
  "task": "regression",
  "params": {
    "init_strength": 0.01,
    "batch_size": 64,
    "n_epochs": 1000,
    "patience": 40,
    "min_delta": 1e-08,
    "optimizer": "adamw",
    "seeds": [
      42,
      7,
      123,
      256,
      999
    ],
    "model": "MMPO2TypeI_GTN",
    "L": 4,
    "bond_dim": 16,
    "lr": 0.001
  },
  "n_parameters": 10380,
  "train_loss": 10033.892892086287,
  "train_quality": 0.700033104736306,
  "val_loss": 10739.644639638915,
  "val_quality": 0.6708321756437119,
  "test_loss": 10363.667965957107,
  "test_quality": 0.6635645344082924,
  "best_epoch": 175,
  "stopped_early": true,
  "patience_counter": 40,
  "success": true
}