{
  "run_id": "MMPO2-L3-d8-seed7",
  "seed": 7,
  "model": "MMPO2",
  "dataset": "bike",
  "task": "regression",
  "params": {
    "output_site": 1,
    "init_strength": 0.01,
    "rank": 5,
    "batch_size": 64,
    "n_epochs": 1000,
    "patience": 40,
    "min_delta": 1e-08,
    "optimizer": "adamw",
    "seeds": [
      42,
      7,
      123,
      256,
      999
    ],
    "model": "MMPO2",
    "L": 3,
    "bond_dim": 8,
    "lr": 0.01
  },
  "n_parameters": 960,
  "train_loss": 16776.55195393972,
  "train_quality": 0.4984588477297368,
  "val_loss": 16239.086030755356,
  "val_quality": 0.5039103091201387,
  "test_loss": 15898.400683157966,
  "test_quality": 0.4838906597961623,
  "best_epoch": 73,
  "stopped_early": true,
  "patience_counter": 40,
  "success": true
}