{
  "run_id": "MMPO2-L4-d8-seed999",
  "seed": 999,
  "model": "MMPO2",
  "dataset": "bike",
  "task": "regression",
  "params": {
    "output_site": 1,
    "init_strength": 0.01,
    "rank": 5,
    "batch_size": 64,
    "n_epochs": 1000,
    "patience": 40,
    "min_delta": 1e-08,
    "optimizer": "adamw",
    "seeds": [
      42,
      7,
      123,
      256,
      999
    ],
    "model": "MMPO2",
    "L": 4,
    "bond_dim": 8,
    "lr": 0.01
  },
  "n_parameters": 1728,
  "train_loss": 13658.84219079362,
  "train_quality": 0.5916639205805587,
  "val_loss": 14108.463066100685,
  "val_quality": 0.5958271969002316,
  "test_loss": 13638.42595836275,
  "test_quality": 0.5572561565739002,
  "best_epoch": 88,
  "stopped_early": true,
  "patience_counter": 40,
  "success": true
}