{
  "run_id": "MMPO2-L4-d16-seed999",
  "seed": 999,
  "model": "MMPO2",
  "dataset": "bike",
  "task": "regression",
  "params": {
    "output_site": 1,
    "init_strength": 0.01,
    "rank": 5,
    "batch_size": 64,
    "n_epochs": 1000,
    "patience": 40,
    "min_delta": 1e-08,
    "optimizer": "adamw",
    "seeds": [
      42,
      7,
      123,
      256,
      999
    ],
    "model": "MMPO2",
    "L": 4,
    "bond_dim": 16,
    "lr": 0.01
  },
  "n_parameters": 6528,
  "train_loss": 13115.544393078857,
  "train_quality": 0.6079060068113809,
  "val_loss": 13474.695325715647,
  "val_quality": 0.5922469849541014,
  "test_loss": 12663.684561508111,
  "test_quality": 0.5888991594913537,
  "best_epoch": 169,
  "stopped_early": true,
  "patience_counter": 40,
  "success": true
}