{
  "run_id": "MMPO2-L3-d8-seed42",
  "seed": 42,
  "model": "MMPO2",
  "dataset": "bike",
  "task": "regression",
  "params": {
    "init_strength": 0.01,
    "batch_size": 64,
    "n_epochs": 1000,
    "patience": 40,
    "min_delta": 1e-08,
    "optimizer": "adamw",
    "seeds": [
      42,
      7,
      123,
      256,
      999
    ],
    "model": "MMPO2",
    "L": 3,
    "bond_dim": 8,
    "lr": 0.001
  },
  "n_parameters": 960,
  "train_loss": 16459.367914253926,
  "train_quality": 0.5079411805227034,
  "val_loss": 15919.802590818308,
  "val_quality": 0.5094590337960934,
  "test_loss": 15804.79332977879,
  "test_quality": 0.48692943271134825,
  "best_epoch": 560,
  "stopped_early": true,
  "patience_counter": 40,
  "success": true
}