{
  "run_id": "MMPO2TypeI_GTN-L4-d12-seed42",
  "seed": 42,
  "model": "MMPO2TypeI_GTN",
  "dataset": "bike",
  "task": "regression",
  "params": {
    "init_strength": 0.01,
    "batch_size": 64,
    "n_epochs": 1000,
    "patience": 40,
    "min_delta": 1e-08,
    "optimizer": "adamw",
    "seeds": [
      42,
      7,
      123,
      256,
      999
    ],
    "model": "MMPO2TypeI_GTN",
    "L": 4,
    "bond_dim": 12,
    "lr": 0.001
  },
  "n_parameters": 6060,
  "train_loss": 10109.818533745305,
  "train_quality": 0.6977632799290943,
  "val_loss": 10763.973570908505,
  "val_quality": 0.6707659427803044,
  "test_loss": 10444.005063857972,
  "test_quality": 0.6609565534284553,
  "best_epoch": 349,
  "stopped_early": true,
  "patience_counter": 40,
  "success": true
}