{
  "run_id": "MPO2-L3-d12-seed7",
  "seed": 7,
  "model": "MPO2",
  "dataset": "bike",
  "task": "regression",
  "params": {
    "init_strength": 0.01,
    "batch_size": 64,
    "n_epochs": 1000,
    "patience": 40,
    "min_delta": 1e-08,
    "optimizer": "adamw",
    "seeds": [
      42,
      7,
      123,
      256,
      999
    ],
    "model": "MPO2",
    "L": 3,
    "bond_dim": 12,
    "lr": 0.001
  },
  "n_parameters": 2016,
  "train_loss": 16410.331678486134,
  "train_quality": 0.5094071367130751,
  "val_loss": 16028.55242464379,
  "val_quality": 0.5070978711327181,
  "test_loss": 15806.243063033919,
  "test_quality": 0.4868823700609166,
  "best_epoch": 214,
  "stopped_early": true,
  "patience_counter": 40,
  "success": true
}