{
  "run_id": "MPO2-L4-d12-seed256",
  "seed": 256,
  "model": "MPO2",
  "dataset": "bike",
  "task": "regression",
  "params": {
    "init_strength": 0.01,
    "batch_size": 64,
    "n_epochs": 1000,
    "patience": 40,
    "min_delta": 1e-08,
    "optimizer": "adamw",
    "seeds": [
      42,
      7,
      123,
      256,
      999
    ],
    "model": "MPO2",
    "L": 4,
    "bond_dim": 12,
    "lr": 0.001
  },
  "n_parameters": 3744,
  "train_loss": 12004.124448986619,
  "train_quality": 0.6411323122492673,
  "val_loss": 13011.396066855701,
  "val_quality": 0.603926824558842,
  "test_loss": 12415.300027558495,
  "test_quality": 0.5969624597244003,
  "best_epoch": 324,
  "stopped_early": true,
  "patience_counter": 40,
  "success": true
}