{
  "run_id": "MPO2TypeI_GTN-L3-d8-seed999",
  "seed": 999,
  "model": "MPO2TypeI_GTN",
  "dataset": "bike",
  "task": "regression",
  "params": {
    "init_strength": 0.01,
    "batch_size": 64,
    "n_epochs": 1000,
    "patience": 40,
    "min_delta": 1e-08,
    "optimizer": "adamw",
    "seeds": [
      42,
      7,
      123,
      256,
      999
    ],
    "model": "MPO2TypeI_GTN",
    "L": 3,
    "bond_dim": 8,
    "lr": 0.001
  },
  "n_parameters": 1164,
  "train_loss": 12032.552108284928,
  "train_quality": 0.640282456984612,
  "val_loss": 11932.59597722128,
  "val_quality": 0.6324955160774217,
  "test_loss": 11527.158703427318,
  "test_quality": 0.6257941668841456,
  "best_epoch": 535,
  "stopped_early": true,
  "patience_counter": 40,
  "success": true
}