{
  "run_id": "MPO2TypeI_GTN-L4-d8-seed123",
  "seed": 123,
  "model": "MPO2TypeI_GTN",
  "dataset": "bike",
  "task": "regression",
  "params": {
    "init_strength": 0.01,
    "batch_size": 64,
    "n_epochs": 1000,
    "patience": 40,
    "min_delta": 1e-08,
    "optimizer": "adamw",
    "seeds": [
      42,
      7,
      123,
      256,
      999
    ],
    "model": "MPO2TypeI_GTN",
    "L": 4,
    "bond_dim": 8,
    "lr": 0.001
  },
  "n_parameters": 2892,
  "train_loss": 10202.953661227903,
  "train_quality": 0.6949789712533485,
  "val_loss": 10769.755328213572,
  "val_quality": 0.6707159033242571,
  "test_loss": 10438.839765856672,
  "test_quality": 0.6611242343541368,
  "best_epoch": 295,
  "stopped_early": true,
  "patience_counter": 40,
  "success": true
}