{
  "run_id": "MPO2-L3-d4-init0.01-rf0.3-seed256",
  "seed": 256,
  "model": "MPO2",
  "dataset": "bike",
  "task": "regression",
  "params": {
    "output_site": 1,
    "init_strength": 0.01,
    "batch_size": 32,
    "n_epochs": 1000,
    "patience": 40,
    "min_delta": 1e-08,
    "optimizer": "adamw",
    "rank": 5,
    "seeds": [
      42,
      7,
      123,
      256,
      999
    ],
    "model": "MPO2",
    "L": 3,
    "bond_dim": 4,
    "weight_decay": 0.1,
    "lr": 0.01,
    "reduction_factor": 0.3
  },
  "train_loss": 20765.71620664064,
  "train_quality": 0.3792013244086162,
  "val_loss": 19734.241776112434,
  "val_quality": 0.40409267280190475,
  "test_loss": 19181.12009630845,
  "test_quality": 0.3773238305810561,
  "best_epoch": 98,
  "stopped_early": true,
  "patience_counter": 40,
  "success": true
}