{
  "run_id": "MPO2TypeI_GTN-L4-d16-seed256",
  "seed": 256,
  "model": "MPO2TypeI_GTN",
  "dataset": "bike",
  "task": "regression",
  "params": {
    "init_strength": 0.01,
    "batch_size": 64,
    "n_epochs": 1000,
    "patience": 40,
    "min_delta": 1e-08,
    "optimizer": "adamw",
    "seeds": [
      42,
      7,
      123,
      256,
      999
    ],
    "model": "MPO2TypeI_GTN",
    "L": 4,
    "bond_dim": 16,
    "lr": 0.001
  },
  "n_parameters": 10380,
  "train_loss": 10061.125278142654,
  "train_quality": 0.6992189826020749,
  "val_loss": 10790.018154603207,
  "val_quality": 0.6713312885643878,
  "test_loss": 10314.305407679954,
  "test_quality": 0.6651669897678547,
  "best_epoch": 281,
  "stopped_early": true,
  "patience_counter": 40,
  "success": true
}