{
  "run_id": "MPO2TypeI_GTN-L4-d16-seed7",
  "seed": 7,
  "model": "MPO2TypeI_GTN",
  "dataset": "bike",
  "task": "regression",
  "params": {
    "init_strength": 0.01,
    "batch_size": 64,
    "n_epochs": 1000,
    "patience": 40,
    "min_delta": 1e-08,
    "optimizer": "adamw",
    "seeds": [
      42,
      7,
      123,
      256,
      999
    ],
    "model": "MPO2TypeI_GTN",
    "L": 4,
    "bond_dim": 16,
    "lr": 0.001
  },
  "n_parameters": 10380,
  "train_loss": 10142.252562678943,
  "train_quality": 0.6967936527799161,
  "val_loss": 10885.231013151453,
  "val_quality": 0.6716715004824712,
  "test_loss": 10299.345033067315,
  "test_quality": 0.6656526479937612,
  "best_epoch": 485,
  "stopped_early": true,
  "patience_counter": 40,
  "success": true
}