{
  "run_id": "MPO2TypeI_GTN-L4-d12-seed999",
  "seed": 999,
  "model": "MPO2TypeI_GTN",
  "dataset": "bike",
  "task": "regression",
  "params": {
    "output_site": 1,
    "init_strength": 0.01,
    "batch_size": 64,
    "n_epochs": 1000,
    "patience": 40,
    "min_delta": 1e-08,
    "optimizer": "adamw",
    "rank": 5,
    "seeds": [
      42,
      7,
      123,
      256,
      999
    ],
    "model": "MPO2TypeI_GTN",
    "L": 4,
    "bond_dim": 12,
    "lr": 0.01
  },
  "n_parameters": 6060,
  "train_loss": 10968.06328856378,
  "train_quality": 0.6721057393067209,
  "val_loss": 11395.656955559816,
  "val_quality": 0.6647499634041651,
  "test_loss": 10997.913575901679,
  "test_quality": 0.6429750367726943,
  "best_epoch": 200,
  "stopped_early": true,
  "patience_counter": 40,
  "success": true
}