{
  "run_id": "MPO2-L3-d12-seed123",
  "seed": 123,
  "model": "MPO2",
  "dataset": "bike",
  "task": "regression",
  "params": {
    "output_site": 1,
    "init_strength": 0.01,
    "batch_size": 64,
    "n_epochs": 1000,
    "patience": 40,
    "min_delta": 1e-08,
    "optimizer": "adamw",
    "rank": 5,
    "seeds": [
      42,
      7,
      123,
      256,
      999
    ],
    "model": "MPO2",
    "L": 3,
    "bond_dim": 12,
    "lr": 0.01
  },
  "n_parameters": 2016,
  "train_loss": 17332.40781439727,
  "train_quality": 0.4818413336234142,
  "val_loss": 16696.289804380805,
  "val_quality": 0.4991854897591038,
  "test_loss": 16521.313445474403,
  "test_quality": 0.46366906007863484,
  "best_epoch": 148,
  "stopped_early": true,
  "patience_counter": 40,
  "success": true
}