{
  "run_id": "MPO2-L4-d8-seed999",
  "seed": 999,
  "model": "MPO2",
  "dataset": "bike",
  "task": "regression",
  "params": {
    "init_strength": 0.01,
    "batch_size": 64,
    "n_epochs": 1000,
    "patience": 40,
    "min_delta": 1e-08,
    "optimizer": "adamw",
    "seeds": [
      42,
      7,
      123,
      256,
      999
    ],
    "model": "MPO2",
    "L": 4,
    "bond_dim": 8,
    "lr": 0.001
  },
  "n_parameters": 1728,
  "train_loss": 12133.327405449367,
  "train_quality": 0.6372697426438462,
  "val_loss": 13036.355605446453,
  "val_quality": 0.6016744202664864,
  "test_loss": 12317.923298793226,
  "test_quality": 0.6001235977681463,
  "best_epoch": 551,
  "stopped_early": true,
  "patience_counter": 40,
  "success": true
}