{
  "run_id": "MPO2-L4-d8-seed123",
  "seed": 123,
  "model": "MPO2",
  "dataset": "bike",
  "task": "regression",
  "params": {
    "output_site": 1,
    "init_strength": 0.01,
    "batch_size": 64,
    "n_epochs": 1000,
    "patience": 40,
    "min_delta": 1e-08,
    "optimizer": "adamw",
    "rank": 5,
    "seeds": [
      42,
      7,
      123,
      256,
      999
    ],
    "model": "MPO2",
    "L": 4,
    "bond_dim": 8,
    "lr": 0.01
  },
  "n_parameters": 1728,
  "train_loss": 13154.273424991989,
  "train_quality": 0.6067481882473904,
  "val_loss": 13705.536238783168,
  "val_quality": 0.5926498525807532,
  "test_loss": 12920.263739701439,
  "test_quality": 0.5805698367496213,
  "best_epoch": 163,
  "stopped_early": true,
  "patience_counter": 40,
  "success": true
}