{
  "run_id": "MPO2-L4-d12-seed123",
  "seed": 123,
  "model": "MPO2",
  "dataset": "bike",
  "task": "regression",
  "params": {
    "output_site": 1,
    "init_strength": 0.01,
    "batch_size": 64,
    "n_epochs": 1000,
    "patience": 40,
    "min_delta": 1e-08,
    "optimizer": "adamw",
    "rank": 5,
    "seeds": [
      42,
      7,
      123,
      256,
      999
    ],
    "model": "MPO2",
    "L": 4,
    "bond_dim": 12,
    "lr": 0.01
  },
  "n_parameters": 3744,
  "train_loss": 13273.089605557348,
  "train_quality": 0.6031961351036506,
  "val_loss": 14099.538527493287,
  "val_quality": 0.5851657828152468,
  "test_loss": 12961.87996895152,
  "test_quality": 0.5792188502543075,
  "best_epoch": 65,
  "stopped_early": true,
  "patience_counter": 40,
  "success": true
}