{
  "run_id": "MPO2-L3-d12-seed42",
  "seed": 42,
  "model": "MPO2",
  "dataset": "bike",
  "task": "regression",
  "params": {
    "init_strength": 0.01,
    "batch_size": 64,
    "n_epochs": 1000,
    "patience": 40,
    "min_delta": 1e-08,
    "optimizer": "adamw",
    "seeds": [
      42,
      7,
      123,
      256,
      999
    ],
    "model": "MPO2",
    "L": 3,
    "bond_dim": 12,
    "lr": 0.001
  },
  "n_parameters": 2016,
  "train_loss": 16425.651520209318,
  "train_quality": 0.508949144445562,
  "val_loss": 15984.01555570898,
  "val_quality": 0.5071633773782355,
  "test_loss": 15831.16944611807,
  "test_quality": 0.4860731855785517,
  "best_epoch": 368,
  "stopped_early": true,
  "patience_counter": 40,
  "success": true
}