{
  "run_id": "MPO2-L4-d12-seed999",
  "seed": 999,
  "model": "MPO2",
  "dataset": "bike",
  "task": "regression",
  "params": {
    "init_strength": 0.01,
    "batch_size": 64,
    "n_epochs": 1000,
    "patience": 40,
    "min_delta": 1e-08,
    "optimizer": "adamw",
    "seeds": [
      42,
      7,
      123,
      256,
      999
    ],
    "model": "MPO2",
    "L": 4,
    "bond_dim": 12,
    "lr": 0.001
  },
  "n_parameters": 3744,
  "train_loss": 12003.8821157973,
  "train_quality": 0.6411395568885316,
  "val_loss": 12867.167771811675,
  "val_quality": 0.6032746618909224,
  "test_loss": 12342.653498461357,
  "test_quality": 0.5993207819825719,
  "best_epoch": 314,
  "stopped_early": true,
  "patience_counter": 40,
  "success": true
}