{
  "run_id": "MPO2-L3-d8-seed256",
  "seed": 256,
  "model": "MPO2",
  "dataset": "bike",
  "task": "regression",
  "params": {
    "init_strength": 0.01,
    "batch_size": 64,
    "n_epochs": 1000,
    "patience": 40,
    "min_delta": 1e-08,
    "optimizer": "adamw",
    "seeds": [
      42,
      7,
      123,
      256,
      999
    ],
    "model": "MPO2",
    "L": 3,
    "bond_dim": 8,
    "lr": 0.001
  },
  "n_parameters": 960,
  "train_loss": 16476.32685550185,
  "train_quality": 0.5074341867758289,
  "val_loss": 16045.33699218629,
  "val_quality": 0.5063243617120353,
  "test_loss": 15730.438837785552,
  "test_quality": 0.48934320052162084,
  "best_epoch": 428,
  "stopped_early": true,
  "patience_counter": 40,
  "success": true
}