{
  "run_id": "MPO2-L3-d16-seed123",
  "seed": 123,
  "model": "MPO2",
  "dataset": "bike",
  "task": "regression",
  "params": {
    "output_site": 1,
    "init_strength": 0.01,
    "batch_size": 64,
    "n_epochs": 1000,
    "patience": 40,
    "min_delta": 1e-08,
    "optimizer": "adamw",
    "rank": 5,
    "seeds": [
      42,
      7,
      123,
      256,
      999
    ],
    "model": "MPO2",
    "L": 3,
    "bond_dim": 16,
    "lr": 0.01
  },
  "n_parameters": 3456,
  "train_loss": 17404.986821871782,
  "train_quality": 0.4796715576682985,
  "val_loss": 16880.688709277412,
  "val_quality": 0.4965524702697023,
  "test_loss": 16726.224319508394,
  "test_quality": 0.4570170440610549,
  "best_epoch": 99,
  "stopped_early": true,
  "patience_counter": 40,
  "success": true
}