{
  "run_id": "MPO2-L3-d8-seed7",
  "seed": 7,
  "model": "MPO2",
  "dataset": "bike",
  "task": "regression",
  "params": {
    "init_strength": 0.01,
    "batch_size": 64,
    "n_epochs": 1000,
    "patience": 40,
    "min_delta": 1e-08,
    "optimizer": "adamw",
    "seeds": [
      42,
      7,
      123,
      256,
      999
    ],
    "model": "MPO2",
    "L": 3,
    "bond_dim": 8,
    "lr": 0.001
  },
  "n_parameters": 960,
  "train_loss": 16459.135927826766,
  "train_quality": 0.5079481158417314,
  "val_loss": 15999.007301677657,
  "val_quality": 0.5078560586019193,
  "test_loss": 15788.394927148895,
  "test_quality": 0.4874617736008743,
  "best_epoch": 330,
  "stopped_early": true,
  "patience_counter": 40,
  "success": true
}