{
  "run_id": "MPO2-L3-d16-seed256",
  "seed": 256,
  "model": "MPO2",
  "dataset": "bike",
  "task": "regression",
  "params": {
    "init_strength": 0.01,
    "batch_size": 64,
    "n_epochs": 1000,
    "patience": 40,
    "min_delta": 1e-08,
    "optimizer": "adamw",
    "seeds": [
      42,
      7,
      123,
      256,
      999
    ],
    "model": "MPO2",
    "L": 3,
    "bond_dim": 16,
    "lr": 0.001
  },
  "n_parameters": 3456,
  "train_loss": 16467.979209305187,
  "train_quality": 0.5076837427098322,
  "val_loss": 16100.048901242882,
  "val_quality": 0.5080087674716812,
  "test_loss": 15785.497527522863,
  "test_quality": 0.48755583180453255,
  "best_epoch": 365,
  "stopped_early": true,
  "patience_counter": 40,
  "success": true
}