{
  "run_id": "MPO2TypeI_GTN-L4-d16-seed123",
  "seed": 123,
  "model": "MPO2TypeI_GTN",
  "dataset": "bike",
  "task": "regression",
  "params": {
    "init_strength": 0.01,
    "batch_size": 64,
    "n_epochs": 1000,
    "patience": 40,
    "min_delta": 1e-08,
    "optimizer": "adamw",
    "seeds": [
      42,
      7,
      123,
      256,
      999
    ],
    "model": "MPO2TypeI_GTN",
    "L": 4,
    "bond_dim": 16,
    "lr": 0.001
  },
  "n_parameters": 10380,
  "train_loss": 10243.509266930103,
  "train_quality": 0.6937665465983452,
  "val_loss": 10719.536129070679,
  "val_quality": 0.6705627372370212,
  "test_loss": 10371.917015871233,
  "test_quality": 0.6632967457298378,
  "best_epoch": 246,
  "stopped_early": true,
  "patience_counter": 40,
  "success": true
}