{
  "run_id": "MPO2-L3-d16-seed999",
  "seed": 999,
  "model": "MPO2",
  "dataset": "bike",
  "task": "regression",
  "params": {
    "init_strength": 0.01,
    "batch_size": 64,
    "n_epochs": 1000,
    "patience": 40,
    "min_delta": 1e-08,
    "optimizer": "adamw",
    "seeds": [
      42,
      7,
      123,
      256,
      999
    ],
    "model": "MPO2",
    "L": 3,
    "bond_dim": 16,
    "lr": 0.001
  },
  "n_parameters": 3456,
  "train_loss": 16419.65951748652,
  "train_quality": 0.5091282775569577,
  "val_loss": 15967.610774482222,
  "val_quality": 0.5071157364686085,
  "test_loss": 15765.863629687516,
  "test_quality": 0.48819320648512965,
  "best_epoch": 228,
  "stopped_early": true,
  "patience_counter": 40,
  "success": true
}