{
  "run_id": "MPO2-L4-d16-seed256",
  "seed": 256,
  "model": "MPO2",
  "dataset": "bike",
  "task": "regression",
  "params": {
    "init_strength": 0.01,
    "batch_size": 64,
    "n_epochs": 1000,
    "patience": 40,
    "min_delta": 1e-08,
    "optimizer": "adamw",
    "seeds": [
      42,
      7,
      123,
      256,
      999
    ],
    "model": "MPO2",
    "L": 4,
    "bond_dim": 16,
    "lr": 0.001
  },
  "n_parameters": 6528,
  "train_loss": 11914.61766612473,
  "train_quality": 0.6438081502364655,
  "val_loss": 13144.199548374432,
  "val_quality": 0.6034096199356682,
  "test_loss": 12393.84365511688,
  "test_quality": 0.5976589973475674,
  "best_epoch": 204,
  "stopped_early": true,
  "patience_counter": 40,
  "success": true
}