{
  "run_id": "MPO2-L3-d12-seed7",
  "seed": 7,
  "model": "MPO2",
  "dataset": "bike",
  "task": "regression",
  "params": {
    "output_site": 1,
    "init_strength": 0.01,
    "batch_size": 64,
    "n_epochs": 1000,
    "patience": 40,
    "min_delta": 1e-08,
    "optimizer": "adamw",
    "rank": 5,
    "seeds": [
      42,
      7,
      123,
      256,
      999
    ],
    "model": "MPO2",
    "L": 3,
    "bond_dim": 12,
    "lr": 0.01
  },
  "n_parameters": 2016,
  "train_loss": 17218.100616522166,
  "train_quality": 0.48525858908165453,
  "val_loss": 16648.544025965937,
  "val_quality": 0.4951942122070323,
  "test_loss": 16465.389820069024,
  "test_quality": 0.465484507178314,
  "best_epoch": 115,
  "stopped_early": true,
  "patience_counter": 40,
  "success": true
}