{
  "run_id": "MPO2-L3-d4-init0.1-rf0.5-seed999",
  "seed": 999,
  "model": "MPO2",
  "dataset": "bike",
  "task": "regression",
  "params": {
    "output_site": 1,
    "init_strength": 0.1,
    "batch_size": 32,
    "n_epochs": 1000,
    "patience": 40,
    "min_delta": 1e-08,
    "optimizer": "adamw",
    "rank": 5,
    "seeds": [
      42,
      7,
      123,
      256,
      999
    ],
    "model": "MPO2",
    "L": 3,
    "bond_dim": 4,
    "weight_decay": 0.1,
    "lr": 0.01,
    "reduction_factor": 0.5
  },
  "n_parameters": 288,
  "train_loss": 20226.942235639646,
  "train_quality": 0.39530816918643163,
  "val_loss": 19556.082039291196,
  "val_quality": 0.40045425541467583,
  "test_loss": 18789.937301599522,
  "test_quality": 0.39002278679054403,
  "best_epoch": 24,
  "stopped_early": true,
  "patience_counter": 40,
  "success": true
}