{
  "run_id": "MPO2-L4-d16-seed7",
  "seed": 7,
  "model": "MPO2",
  "dataset": "bike",
  "task": "regression",
  "params": {
    "output_site": 1,
    "init_strength": 0.01,
    "batch_size": 64,
    "n_epochs": 1000,
    "patience": 40,
    "min_delta": 1e-08,
    "optimizer": "adamw",
    "rank": 5,
    "seeds": [
      42,
      7,
      123,
      256,
      999
    ],
    "model": "MPO2",
    "L": 4,
    "bond_dim": 16,
    "lr": 0.01
  },
  "n_parameters": 6528,
  "train_loss": 13327.210266203147,
  "train_quality": 0.6015781781732612,
  "val_loss": 13915.239153107674,
  "val_quality": 0.5912482253001095,
  "test_loss": 13175.65950847974,
  "test_quality": 0.5722789309948898,
  "best_epoch": 96,
  "stopped_early": true,
  "patience_counter": 40,
  "success": true
}