{
  "run_id": "MPO2-L4-d8-seed7",
  "seed": 7,
  "model": "MPO2",
  "dataset": "bike",
  "task": "regression",
  "params": {
    "init_strength": 0.01,
    "batch_size": 64,
    "n_epochs": 1000,
    "patience": 40,
    "min_delta": 1e-08,
    "optimizer": "adamw",
    "seeds": [
      42,
      7,
      123,
      256,
      999
    ],
    "model": "MPO2",
    "L": 4,
    "bond_dim": 8,
    "lr": 0.001
  },
  "n_parameters": 1728,
  "train_loss": 12134.81412308379,
  "train_quality": 0.63722529667679,
  "val_loss": 12810.586569604151,
  "val_quality": 0.6046108491015194,
  "test_loss": 12194.014520409397,
  "test_quality": 0.6041460450024074,
  "best_epoch": 597,
  "stopped_early": true,
  "patience_counter": 40,
  "success": true
}