{
  "run_id": "MPO2-L2-d4-seed42",
  "seed": 42,
  "model": "MPO2",
  "dataset": "bike",
  "task": "regression",
  "params": {
    "output_site": 1,
    "init_strength": 0.01,
    "batch_size": 32,
    "n_epochs": 1000,
    "patience": 40,
    "min_delta": 1e-08,
    "optimizer": "adamw",
    "rank": 5,
    "seeds": [
      42,
      7,
      123,
      256,
      999
    ],
    "model": "MPO2",
    "L": 2,
    "bond_dim": 4,
    "lr": 0.01
  },
  "n_parameters": 96,
  "train_loss": 23816.97966411194,
  "train_quality": 0.28798268815118633,
  "val_loss": 23238.008760566587,
  "val_quality": 0.28654727134590985,
  "test_loss": 22463.003541500915,
  "test_quality": 0.2707841393705731,
  "best_epoch": 97,
  "stopped_early": true,
  "patience_counter": 40,
  "success": true
}