{
  "run_id": "MPO2-L2-d8-init0.01-rf0.3-seed999",
  "seed": 999,
  "model": "MPO2",
  "dataset": "bike",
  "task": "regression",
  "params": {
    "output_site": 1,
    "init_strength": 0.01,
    "batch_size": 32,
    "n_epochs": 1000,
    "patience": 40,
    "min_delta": 1e-08,
    "optimizer": "adamw",
    "rank": 5,
    "seeds": [
      42,
      7,
      123,
      256,
      999
    ],
    "model": "MPO2",
    "L": 2,
    "bond_dim": 8,
    "weight_decay": 0.1,
    "lr": 0.01,
    "reduction_factor": 0.3
  },
  "train_loss": 27903.035821263107,
  "train_quality": 0.16582854593381857,
  "val_loss": 26676.254057155467,
  "val_quality": 0.17667850416487596,
  "test_loss": 26126.6992437223,
  "test_quality": 0.1518496874552797,
  "best_epoch": 63,
  "stopped_early": true,
  "patience_counter": 40,
  "success": true
}