{
  "run_id": "MPO2TypeI_GTN-L4-d12-seed256",
  "seed": 256,
  "model": "MPO2TypeI_GTN",
  "dataset": "bike",
  "task": "regression",
  "params": {
    "init_strength": 0.01,
    "batch_size": 64,
    "n_epochs": 1000,
    "patience": 40,
    "min_delta": 1e-08,
    "optimizer": "adamw",
    "seeds": [
      42,
      7,
      123,
      256,
      999
    ],
    "model": "MPO2TypeI_GTN",
    "L": 4,
    "bond_dim": 12,
    "lr": 0.001
  },
  "n_parameters": 6060,
  "train_loss": 10085.06478928088,
  "train_quality": 0.6985033021670239,
  "val_loss": 10810.938245057088,
  "val_quality": 0.6709997150280358,
  "test_loss": 10366.501257009528,
  "test_quality": 0.6634725573594802,
  "best_epoch": 433,
  "stopped_early": true,
  "patience_counter": 40,
  "success": true
}