{
  "run_id": "MPO2-L2-d4-init0.1-rf0.5-seed123",
  "seed": 123,
  "model": "MPO2",
  "dataset": "bike",
  "task": "regression",
  "params": {
    "output_site": 1,
    "init_strength": 0.1,
    "batch_size": 32,
    "n_epochs": 1000,
    "patience": 40,
    "min_delta": 1e-08,
    "optimizer": "adamw",
    "rank": 5,
    "seeds": [
      42,
      7,
      123,
      256,
      999
    ],
    "model": "MPO2",
    "L": 2,
    "bond_dim": 4,
    "weight_decay": 0.1,
    "lr": 0.01,
    "reduction_factor": 0.5
  },
  "train_loss": 30566.090031116615,
  "train_quality": 0.08621556701925515,
  "val_loss": 29127.16248404074,
  "val_quality": 0.10453524505466871,
  "test_loss": 28683.730246586863,
  "test_quality": 0.06884086096575648,
  "best_epoch": 81,
  "stopped_early": true,
  "patience_counter": 40,
  "success": true
}