{
  "run_id": "MPO2TypeI_GTN-L4-d16-seed42",
  "seed": 42,
  "model": "MPO2TypeI_GTN",
  "dataset": "bike",
  "task": "regression",
  "params": {
    "init_strength": 0.01,
    "batch_size": 64,
    "n_epochs": 1000,
    "patience": 40,
    "min_delta": 1e-08,
    "optimizer": "adamw",
    "seeds": [
      42,
      7,
      123,
      256,
      999
    ],
    "model": "MPO2TypeI_GTN",
    "L": 4,
    "bond_dim": 16,
    "lr": 0.001
  },
  "n_parameters": 10380,
  "train_loss": 10130.408040488664,
  "train_quality": 0.6971477490998101,
  "val_loss": 10787.132831057681,
  "val_quality": 0.6712124711315113,
  "test_loss": 10282.0296606937,
  "test_quality": 0.6662147564466321,
  "best_epoch": 239,
  "stopped_early": true,
  "patience_counter": 40,
  "success": true
}