{
  "run_id": "MPO2-L3-d8-seed42",
  "seed": 42,
  "model": "MPO2",
  "dataset": "bike",
  "task": "regression",
  "params": {
    "init_strength": 0.01,
    "batch_size": 64,
    "n_epochs": 1000,
    "patience": 40,
    "min_delta": 1e-08,
    "optimizer": "adamw",
    "seeds": [
      42,
      7,
      123,
      256,
      999
    ],
    "model": "MPO2",
    "L": 3,
    "bond_dim": 8,
    "lr": 0.001
  },
  "n_parameters": 960,
  "train_loss": 16455.34446716696,
  "train_quality": 0.5080614629438851,
  "val_loss": 16048.54057227587,
  "val_quality": 0.5068293850684488,
  "test_loss": 15750.403345694556,
  "test_quality": 0.48869509325537697,
  "best_epoch": 436,
  "stopped_early": true,
  "patience_counter": 40,
  "success": true
}