{
  "run_id": "MPO2TypeI_GTN-L3-d12-seed123",
  "seed": 123,
  "model": "MPO2TypeI_GTN",
  "dataset": "bike",
  "task": "regression",
  "params": {
    "init_strength": 0.01,
    "batch_size": 64,
    "n_epochs": 1000,
    "patience": 40,
    "min_delta": 1e-08,
    "optimizer": "adamw",
    "seeds": [
      42,
      7,
      123,
      256,
      999
    ],
    "model": "MPO2TypeI_GTN",
    "L": 3,
    "bond_dim": 12,
    "lr": 0.001
  },
  "n_parameters": 2316,
  "train_loss": 12044.41781001105,
  "train_quality": 0.639927727494753,
  "val_loss": 11961.502905518395,
  "val_quality": 0.6323148911451905,
  "test_loss": 11591.554709457818,
  "test_quality": 0.6237036811273378,
  "best_epoch": 439,
  "stopped_early": true,
  "patience_counter": 40,
  "success": true
}