{
  "run_id": "MPO2-L3-d12-seed123",
  "seed": 123,
  "model": "MPO2",
  "dataset": "bike",
  "task": "regression",
  "params": {
    "init_strength": 0.01,
    "batch_size": 64,
    "n_epochs": 1000,
    "patience": 40,
    "min_delta": 1e-08,
    "optimizer": "adamw",
    "seeds": [
      42,
      7,
      123,
      256,
      999
    ],
    "model": "MPO2",
    "L": 3,
    "bond_dim": 12,
    "lr": 0.001
  },
  "n_parameters": 2016,
  "train_loss": 16430.554036188154,
  "train_quality": 0.50880258193857,
  "val_loss": 16084.784745110015,
  "val_quality": 0.506743367994648,
  "test_loss": 15759.223771200008,
  "test_quality": 0.48840875602695644,
  "best_epoch": 311,
  "stopped_early": true,
  "patience_counter": 40,
  "success": true
}