{
  "run_id": "MPO2-L2-d6-init0.01-rf0.5-seed123",
  "seed": 123,
  "model": "MPO2",
  "dataset": "bike",
  "task": "regression",
  "params": {
    "output_site": 1,
    "init_strength": 0.01,
    "batch_size": 32,
    "n_epochs": 1000,
    "patience": 40,
    "min_delta": 1e-08,
    "optimizer": "adamw",
    "rank": 5,
    "seeds": [
      42,
      7,
      123,
      256,
      999
    ],
    "model": "MPO2",
    "L": 2,
    "bond_dim": 6,
    "weight_decay": 0.1,
    "lr": 0.01,
    "reduction_factor": 0.5
  },
  "train_loss": 28976.53260395199,
  "train_quality": 0.13373596726649883,
  "val_loss": 27772.92850868659,
  "val_quality": 0.14869695899552737,
  "test_loss": 27188.285982626167,
  "test_quality": 0.11738742660880186,
  "best_epoch": 46,
  "stopped_early": true,
  "patience_counter": 40,
  "success": true
}