{
  "run_id": "MPO2-L3-d16-seed256",
  "seed": 256,
  "model": "MPO2",
  "dataset": "bike",
  "task": "regression",
  "params": {
    "output_site": 1,
    "init_strength": 0.01,
    "batch_size": 64,
    "n_epochs": 1000,
    "patience": 40,
    "min_delta": 1e-08,
    "optimizer": "adamw",
    "rank": 5,
    "seeds": [
      42,
      7,
      123,
      256,
      999
    ],
    "model": "MPO2",
    "L": 3,
    "bond_dim": 16,
    "lr": 0.01
  },
  "n_parameters": 3456,
  "train_loss": 17729.264530067067,
  "train_quality": 0.469977157062599,
  "val_loss": 16948.5187108214,
  "val_quality": 0.4982068870534744,
  "test_loss": 16782.221283731455,
  "test_quality": 0.4551992161653723,
  "best_epoch": 155,
  "stopped_early": true,
  "patience_counter": 40,
  "success": true
}