{
  "run_id": "MPO2-L3-d8-seed999",
  "seed": 999,
  "model": "MPO2",
  "dataset": "bike",
  "task": "regression",
  "params": {
    "init_strength": 0.01,
    "batch_size": 64,
    "n_epochs": 1000,
    "patience": 40,
    "min_delta": 1e-08,
    "optimizer": "adamw",
    "seeds": [
      42,
      7,
      123,
      256,
      999
    ],
    "model": "MPO2",
    "L": 3,
    "bond_dim": 8,
    "lr": 0.001
  },
  "n_parameters": 960,
  "train_loss": 16450.536397546985,
  "train_quality": 0.5082052019424596,
  "val_loss": 16081.062302251008,
  "val_quality": 0.50690420666801,
  "test_loss": 15771.309643055116,
  "test_quality": 0.4880164127043015,
  "best_epoch": 480,
  "stopped_early": true,
  "patience_counter": 40,
  "success": true
}