{
  "run_id": "MPO2-L3-d16-seed7",
  "seed": 7,
  "model": "MPO2",
  "dataset": "bike",
  "task": "regression",
  "params": {
    "init_strength": 0.01,
    "batch_size": 64,
    "n_epochs": 1000,
    "patience": 40,
    "min_delta": 1e-08,
    "optimizer": "adamw",
    "seeds": [
      42,
      7,
      123,
      256,
      999
    ],
    "model": "MPO2",
    "L": 3,
    "bond_dim": 16,
    "lr": 0.001
  },
  "n_parameters": 3456,
  "train_loss": 16466.952944385128,
  "train_quality": 0.5077144232747033,
  "val_loss": 16115.278502134957,
  "val_quality": 0.5060049123925398,
  "test_loss": 15773.705039531458,
  "test_quality": 0.48793865101496137,
  "best_epoch": 233,
  "stopped_early": true,
  "patience_counter": 40,
  "success": true
}