{
  "run_id": "MPO2-L4-d8-seed256",
  "seed": 256,
  "model": "MPO2",
  "dataset": "bike",
  "task": "regression",
  "params": {
    "output_site": 1,
    "init_strength": 0.01,
    "batch_size": 64,
    "n_epochs": 1000,
    "patience": 40,
    "min_delta": 1e-08,
    "optimizer": "adamw",
    "rank": 5,
    "seeds": [
      42,
      7,
      123,
      256,
      999
    ],
    "model": "MPO2",
    "L": 4,
    "bond_dim": 8,
    "lr": 0.01
  },
  "n_parameters": 1728,
  "train_loss": 13022.832231344635,
  "train_quality": 0.6106776707714907,
  "val_loss": 13770.725615189065,
  "val_quality": 0.5912597004194804,
  "test_loss": 13030.039796279902,
  "test_quality": 0.5770061796711513,
  "best_epoch": 150,
  "stopped_early": true,
  "patience_counter": 40,
  "success": true
}