{
  "run_id": "MPO2-L4-d12-seed7",
  "seed": 7,
  "model": "MPO2",
  "dataset": "bike",
  "task": "regression",
  "params": {
    "init_strength": 0.01,
    "batch_size": 64,
    "n_epochs": 1000,
    "patience": 40,
    "min_delta": 1e-08,
    "optimizer": "adamw",
    "seeds": [
      42,
      7,
      123,
      256,
      999
    ],
    "model": "MPO2",
    "L": 4,
    "bond_dim": 12,
    "lr": 0.001
  },
  "n_parameters": 3744,
  "train_loss": 11985.136997968635,
  "train_quality": 0.6416999490371114,
  "val_loss": 12880.238652789223,
  "val_quality": 0.6045976359390169,
  "test_loss": 12382.09396385441,
  "test_quality": 0.5980404272489726,
  "best_epoch": 343,
  "stopped_early": true,
  "patience_counter": 40,
  "success": true
}