{
  "run_id": "MPO2-L4-d8-seed999",
  "seed": 999,
  "model": "MPO2",
  "dataset": "bike",
  "task": "regression",
  "params": {
    "output_site": 1,
    "init_strength": 0.01,
    "batch_size": 64,
    "n_epochs": 1000,
    "patience": 40,
    "min_delta": 1e-08,
    "optimizer": "adamw",
    "rank": 5,
    "seeds": [
      42,
      7,
      123,
      256,
      999
    ],
    "model": "MPO2",
    "L": 4,
    "bond_dim": 8,
    "lr": 0.01
  },
  "n_parameters": 1728,
  "train_loss": 13267.595406475142,
  "train_quality": 0.6033603861932701,
  "val_loss": 13927.987708007442,
  "val_quality": 0.5868044863296658,
  "test_loss": 13021.789927291737,
  "test_quality": 0.5772739949391839,
  "best_epoch": 82,
  "stopped_early": true,
  "patience_counter": 40,
  "success": true
}