{
  "run_id": "MPO2-L3-d8-seed7",
  "seed": 7,
  "model": "MPO2",
  "dataset": "bike",
  "task": "regression",
  "params": {
    "output_site": 1,
    "init_strength": 0.01,
    "batch_size": 64,
    "n_epochs": 1000,
    "patience": 40,
    "min_delta": 1e-08,
    "optimizer": "adamw",
    "rank": 5,
    "seeds": [
      42,
      7,
      123,
      256,
      999
    ],
    "model": "MPO2",
    "L": 3,
    "bond_dim": 8,
    "lr": 0.01
  },
  "n_parameters": 960,
  "train_loss": 16950.523748545176,
  "train_quality": 0.49325789734562364,
  "val_loss": 16465.929861109355,
  "val_quality": 0.4985266216440295,
  "test_loss": 16302.05169701386,
  "test_quality": 0.47078694813449373,
  "best_epoch": 56,
  "stopped_early": true,
  "patience_counter": 40,
  "success": true
}