{
  "run_id": "MPO2-L3-d8-seed999",
  "seed": 999,
  "model": "MPO2",
  "dataset": "bike",
  "task": "regression",
  "params": {
    "output_site": 1,
    "init_strength": 0.01,
    "batch_size": 64,
    "n_epochs": 1000,
    "patience": 40,
    "min_delta": 1e-08,
    "optimizer": "adamw",
    "rank": 5,
    "seeds": [
      42,
      7,
      123,
      256,
      999
    ],
    "model": "MPO2",
    "L": 3,
    "bond_dim": 8,
    "lr": 0.01
  },
  "n_parameters": 960,
  "train_loss": 17200.616821686574,
  "train_quality": 0.4857812735183602,
  "val_loss": 16727.70120200902,
  "val_quality": 0.4993530684223848,
  "test_loss": 16255.538339293471,
  "test_quality": 0.47229690997544604,
  "best_epoch": 110,
  "stopped_early": true,
  "patience_counter": 40,
  "success": true
}