{
  "run_id": "MPO2TypeI_GTN-L4-d12-seed123",
  "seed": 123,
  "model": "MPO2TypeI_GTN",
  "dataset": "bike",
  "task": "regression",
  "params": {
    "output_site": 1,
    "init_strength": 0.01,
    "batch_size": 64,
    "n_epochs": 1000,
    "patience": 40,
    "min_delta": 1e-08,
    "optimizer": "adamw",
    "rank": 5,
    "seeds": [
      42,
      7,
      123,
      256,
      999
    ],
    "model": "MPO2TypeI_GTN",
    "L": 4,
    "bond_dim": 12,
    "lr": 0.01
  },
  "n_parameters": 6060,
  "train_loss": 10992.010481275061,
  "train_quality": 0.6713898292282361,
  "val_loss": 11086.264902604968,
  "val_quality": 0.6613228200026557,
  "test_loss": 10646.476130947149,
  "test_quality": 0.654383740796021,
  "best_epoch": 134,
  "stopped_early": true,
  "patience_counter": 40,
  "success": true
}