{
  "run_id": "MPO2TypeI_GTN-L4-d8-seed256",
  "seed": 256,
  "model": "MPO2TypeI_GTN",
  "dataset": "bike",
  "task": "regression",
  "params": {
    "init_strength": 0.01,
    "batch_size": 64,
    "n_epochs": 1000,
    "patience": 40,
    "min_delta": 1e-08,
    "optimizer": "adamw",
    "seeds": [
      42,
      7,
      123,
      256,
      999
    ],
    "model": "MPO2TypeI_GTN",
    "L": 4,
    "bond_dim": 8,
    "lr": 0.001
  },
  "n_parameters": 2892,
  "train_loss": 10218.381049918084,
  "train_quality": 0.6945177638299493,
  "val_loss": 10696.656744780363,
  "val_quality": 0.6720958425955603,
  "test_loss": 10310.571514298734,
  "test_quality": 0.6652882030450755,
  "best_epoch": 341,
  "stopped_early": true,
  "patience_counter": 40,
  "success": true
}