{
  "run_id": "MPO2-L2-d10-init0.01-rf0.3-seed256",
  "seed": 256,
  "model": "MPO2",
  "dataset": "bike",
  "task": "regression",
  "params": {
    "output_site": 1,
    "init_strength": 0.01,
    "batch_size": 32,
    "n_epochs": 1000,
    "patience": 40,
    "min_delta": 1e-08,
    "optimizer": "adamw",
    "rank": 5,
    "seeds": [
      42,
      7,
      123,
      256,
      999
    ],
    "model": "MPO2",
    "L": 2,
    "bond_dim": 10,
    "weight_decay": 0.1,
    "lr": 0.01,
    "reduction_factor": 0.3
  },
  "train_loss": 27570.55437947748,
  "train_quality": 0.17576820015355843,
  "val_loss": 26346.10083995112,
  "val_quality": 0.19500248732771708,
  "test_loss": 25757.616444251344,
  "test_quality": 0.16383121213262275,
  "best_epoch": 42,
  "stopped_early": true,
  "patience_counter": 40,
  "success": true
}