{
  "run_id": "MPO2TypeI_GTN-L4-d8-seed7",
  "seed": 7,
  "model": "MPO2TypeI_GTN",
  "dataset": "bike",
  "task": "regression",
  "params": {
    "init_strength": 0.01,
    "batch_size": 64,
    "n_epochs": 1000,
    "patience": 40,
    "min_delta": 1e-08,
    "optimizer": "adamw",
    "seeds": [
      42,
      7,
      123,
      256,
      999
    ],
    "model": "MPO2TypeI_GTN",
    "L": 4,
    "bond_dim": 8,
    "lr": 0.001
  },
  "n_parameters": 2892,
  "train_loss": 10149.953621009694,
  "train_quality": 0.6965634268264835,
  "val_loss": 10706.587414245576,
  "val_quality": 0.671606523932891,
  "test_loss": 10255.234107750008,
  "test_quality": 0.6670846197382785,
  "best_epoch": 519,
  "stopped_early": true,
  "patience_counter": 40,
  "success": true
}