{
  "run_id": "MPO2-L4-d12-seed123",
  "seed": 123,
  "model": "MPO2",
  "dataset": "bike",
  "task": "regression",
  "params": {
    "init_strength": 0.01,
    "batch_size": 64,
    "n_epochs": 1000,
    "patience": 40,
    "min_delta": 1e-08,
    "optimizer": "adamw",
    "seeds": [
      42,
      7,
      123,
      256,
      999
    ],
    "model": "MPO2",
    "L": 4,
    "bond_dim": 12,
    "lr": 0.001
  },
  "n_parameters": 3744,
  "train_loss": 12250.506769406044,
  "train_quality": 0.633766622730858,
  "val_loss": 13161.989725830497,
  "val_quality": 0.6017160080138513,
  "test_loss": 12566.798905249922,
  "test_quality": 0.5920443558619297,
  "best_epoch": 266,
  "stopped_early": true,
  "patience_counter": 40,
  "success": true
}