{
  "run_id": "MPO2-L4-d16-seed123",
  "seed": 123,
  "model": "MPO2",
  "dataset": "bike",
  "task": "regression",
  "params": {
    "init_strength": 0.01,
    "batch_size": 64,
    "n_epochs": 1000,
    "patience": 40,
    "min_delta": 1e-08,
    "optimizer": "adamw",
    "seeds": [
      42,
      7,
      123,
      256,
      999
    ],
    "model": "MPO2",
    "L": 4,
    "bond_dim": 16,
    "lr": 0.001
  },
  "n_parameters": 6528,
  "train_loss": 12005.66260272075,
  "train_quality": 0.641086328581211,
  "val_loss": 13076.960434689052,
  "val_quality": 0.603166994941547,
  "test_loss": 12425.554004681757,
  "test_quality": 0.5966295851495911,
  "best_epoch": 147,
  "stopped_early": true,
  "patience_counter": 40,
  "success": true
}