{
  "run_id": "MPO2-L3-d8-seed42",
  "seed": 42,
  "model": "MPO2",
  "dataset": "bike",
  "task": "regression",
  "params": {
    "output_site": 1,
    "init_strength": 0.01,
    "batch_size": 64,
    "n_epochs": 1000,
    "patience": 40,
    "min_delta": 1e-08,
    "optimizer": "adamw",
    "rank": 5,
    "seeds": [
      42,
      7,
      123,
      256,
      999
    ],
    "model": "MPO2",
    "L": 3,
    "bond_dim": 8,
    "lr": 0.01
  },
  "n_parameters": 960,
  "train_loss": 16965.423794375496,
  "train_quality": 0.4928124550297568,
  "val_loss": 16517.644217861107,
  "val_quality": 0.4989655597562601,
  "test_loss": 16226.033866147103,
  "test_quality": 0.47325471286846066,
  "best_epoch": 106,
  "stopped_early": true,
  "patience_counter": 40,
  "success": true
}