{
  "run_id": "MPO2-L4-d16-seed7",
  "seed": 7,
  "model": "MPO2",
  "dataset": "bike",
  "task": "regression",
  "params": {
    "init_strength": 0.01,
    "batch_size": 64,
    "n_epochs": 1000,
    "patience": 40,
    "min_delta": 1e-08,
    "optimizer": "adamw",
    "seeds": [
      42,
      7,
      123,
      256,
      999
    ],
    "model": "MPO2",
    "L": 4,
    "bond_dim": 16,
    "lr": 0.001
  },
  "n_parameters": 6528,
  "train_loss": 11919.147886473345,
  "train_quality": 0.6436727176434083,
  "val_loss": 13052.699657623101,
  "val_quality": 0.6023748142104207,
  "test_loss": 12525.487338312649,
  "test_quality": 0.5933854521130368,
  "best_epoch": 245,
  "stopped_early": true,
  "patience_counter": 40,
  "success": true
}