{
  "run_id": "MPO2-L3-d12-seed999",
  "seed": 999,
  "model": "MPO2",
  "dataset": "bike",
  "task": "regression",
  "params": {
    "output_site": 1,
    "init_strength": 0.01,
    "batch_size": 64,
    "n_epochs": 1000,
    "patience": 40,
    "min_delta": 1e-08,
    "optimizer": "adamw",
    "rank": 5,
    "seeds": [
      42,
      7,
      123,
      256,
      999
    ],
    "model": "MPO2",
    "L": 3,
    "bond_dim": 12,
    "lr": 0.01
  },
  "n_parameters": 2016,
  "train_loss": 17130.163965744352,
  "train_quality": 0.48788748739633714,
  "val_loss": 16885.238193993686,
  "val_quality": 0.4977555528102896,
  "test_loss": 16255.719347729795,
  "test_quality": 0.4722910339036003,
  "best_epoch": 89,
  "stopped_early": true,
  "patience_counter": 40,
  "success": true
}