{
  "run_id": "MPO2-L4-d16-seed42",
  "seed": 42,
  "model": "MPO2",
  "dataset": "bike",
  "task": "regression",
  "params": {
    "init_strength": 0.01,
    "batch_size": 64,
    "n_epochs": 1000,
    "patience": 40,
    "min_delta": 1e-08,
    "optimizer": "adamw",
    "seeds": [
      42,
      7,
      123,
      256,
      999
    ],
    "model": "MPO2",
    "L": 4,
    "bond_dim": 16,
    "lr": 0.001
  },
  "n_parameters": 6528,
  "train_loss": 11800.132055039987,
  "train_quality": 0.6472307394228164,
  "val_loss": 12948.952158601027,
  "val_quality": 0.6014772000910618,
  "test_loss": 12357.25352800507,
  "test_quality": 0.5988468216286386,
  "best_epoch": 331,
  "stopped_early": true,
  "patience_counter": 40,
  "success": true
}