{
  "run_id": "MPO2TypeI_GTN-L4-d12-seed256",
  "seed": 256,
  "model": "MPO2TypeI_GTN",
  "dataset": "bike",
  "task": "regression",
  "params": {
    "output_site": 1,
    "init_strength": 0.01,
    "batch_size": 64,
    "n_epochs": 1000,
    "patience": 40,
    "min_delta": 1e-08,
    "optimizer": "adamw",
    "rank": 5,
    "seeds": [
      42,
      7,
      123,
      256,
      999
    ],
    "model": "MPO2TypeI_GTN",
    "L": 4,
    "bond_dim": 12,
    "lr": 0.01
  },
  "n_parameters": 6060,
  "train_loss": 10718.054100691179,
  "train_quality": 0.6795798553532147,
  "val_loss": 11196.306156691808,
  "val_quality": 0.6617625220084118,
  "test_loss": 10762.938264581591,
  "test_quality": 0.6506030337836184,
  "best_epoch": 191,
  "stopped_early": true,
  "patience_counter": 40,
  "success": true
}