{
  "run_id": "MPO2-L3-d16-seed7",
  "seed": 7,
  "model": "MPO2",
  "dataset": "bike",
  "task": "regression",
  "params": {
    "output_site": 1,
    "init_strength": 0.01,
    "batch_size": 64,
    "n_epochs": 1000,
    "patience": 40,
    "min_delta": 1e-08,
    "optimizer": "adamw",
    "rank": 5,
    "seeds": [
      42,
      7,
      123,
      256,
      999
    ],
    "model": "MPO2",
    "L": 3,
    "bond_dim": 16,
    "lr": 0.01
  },
  "n_parameters": 3456,
  "train_loss": 17224.895457399434,
  "train_quality": 0.4850554548302046,
  "val_loss": 16552.818037752433,
  "val_quality": 0.4954292194892109,
  "test_loss": 16229.564546475407,
  "test_quality": 0.4731400964909377,
  "best_epoch": 135,
  "stopped_early": true,
  "patience_counter": 40,
  "success": true
}