{
  "run_id": "MPO2-L3-d8-jit0.1-seed999",
  "seed": 999,
  "model": "MPO2",
  "grid_params": {
    "model": "MPO2",
    "L": 3,
    "bond_dim": 8,
    "jitter_start": 0.1
  },
  "n_parameters": 7200,
  "train_loss": 7.437111362291567e+31,
  "train_quality": 0.4848751319029194,
  "val_loss": 7.3938708507984575e+31,
  "val_quality": 0.4831829368334701,
  "test_loss": 7.065117366543292e+31,
  "test_quality": 0.4971287940935193,
  "success": true,
  "singular": true
}