{
  "run_id": "MPO2-L3-d12-jit5-seed999",
  "seed": 999,
  "model": "MPO2",
  "grid_params": {
    "model": "MPO2",
    "L": 3,
    "bond_dim": 12,
    "jitter_start": 5.0
  },
  "n_parameters": 15600,
  "train_loss": 121787898.79058045,
  "train_quality": 0.5189940204009849,
  "val_loss": 121390733.96912368,
  "val_quality": 0.5217391304347826,
  "test_loss": 123432540.0675127,
  "test_quality": 0.5094339622641509,
  "success": true,
  "singular": true
}