{
  "run_id": "MPO2-L3-d8-jit0.1-seed7",
  "seed": 7,
  "model": "MPO2",
  "grid_params": {
    "model": "MPO2",
    "L": 3,
    "bond_dim": 8,
    "jitter_start": 0.1
  },
  "n_parameters": 7200,
  "train_loss": 2.0204826031633795e+49,
  "train_quality": 0.5541681322546606,
  "val_loss": 2.004070043272878e+49,
  "val_quality": 0.5520918785890074,
  "test_loss": 1.8856190869718599e+49,
  "test_quality": 0.5643970467596391,
  "success": true,
  "singular": true
}