{
  "run_id": "MPO2-L3-d12-jit0.1-seed999",
  "seed": 999,
  "model": "MPO2",
  "grid_params": {
    "model": "MPO2",
    "L": 3,
    "bond_dim": 12,
    "jitter_start": 0.1
  },
  "n_parameters": 15600,
  "train_loss": 6.294492309937683e+20,
  "train_quality": 0.5189940204009849,
  "val_loss": 6.254672809243952e+20,
  "val_quality": 0.5217391304347826,
  "test_loss": 6.371929209045604e+20,
  "test_quality": 0.5094339622641509,
  "success": true,
  "singular": true
}