{
  "run_id": "MPO2-L3-d12-jit5-seed42",
  "seed": 42,
  "model": "MPO2",
  "grid_params": {
    "model": "MPO2",
    "L": 3,
    "bond_dim": 12,
    "jitter_start": 5.0
  },
  "n_parameters": 15600,
  "train_loss": 3.961470450397709,
  "train_quality": 0.6915230390432642,
  "val_loss": 3.7158492070905322,
  "val_quality": 0.6923707957342085,
  "test_loss": 4.143912717174046,
  "test_quality": 0.6800656275635767,
  "success": true,
  "singular": true
}