{
  "run_id": "MPO2-L3-d12-jit5-seed7",
  "seed": 7,
  "model": "MPO2",
  "grid_params": {
    "model": "MPO2",
    "L": 3,
    "bond_dim": 12,
    "jitter_start": 5.0
  },
  "n_parameters": 15600,
  "train_loss": 1.749681473693068e+80,
  "train_quality": 0.5189940204009849,
  "val_loss": 1.7459850917058117e+80,
  "val_quality": 0.5217391304347826,
  "test_loss": 1.7914251787444833e+80,
  "test_quality": 0.5094339622641509,
  "success": true,
  "singular": true
}