{
  "run_id": "MPO2-L3-d12-jit0.1-seed7",
  "seed": 7,
  "model": "MPO2",
  "grid_params": {
    "model": "MPO2",
    "L": 3,
    "bond_dim": 12,
    "jitter_start": 0.1
  },
  "n_parameters": 15600,
  "train_loss": 1.1018947885883858e+63,
  "train_quality": 0.5189940204009849,
  "val_loss": 1.099559254109362e+63,
  "val_quality": 0.5217391304347826,
  "test_loss": 1.1279709746002334e+63,
  "test_quality": 0.5094339622641509,
  "success": true,
  "singular": true
}