{
  "run_id": "MPO2-L3-d12-jit0.1-seed256",
  "seed": 256,
  "model": "MPO2",
  "grid_params": {
    "model": "MPO2",
    "L": 3,
    "bond_dim": 12,
    "jitter_start": 0.1
  },
  "n_parameters": 15600,
  "train_loss": 313244.05085404596,
  "train_quality": 0.663559620119592,
  "val_loss": 322665.7837088832,
  "val_quality": 0.6620180475799836,
  "test_loss": 316609.1992695553,
  "test_quality": 0.6415094339622642,
  "success": true,
  "singular": true
}