{
  "run_id": "MPO2-L3-d8-jit5-seed999",
  "seed": 999,
  "model": "MPO2",
  "grid_params": {
    "model": "MPO2",
    "L": 3,
    "bond_dim": 8,
    "jitter_start": 5.0
  },
  "n_parameters": 7200,
  "train_loss": 140824477747037.8,
  "train_quality": 0.48100597959901514,
  "val_loss": 140367866192423.25,
  "val_quality": 0.4782608695652174,
  "test_loss": 134827161287370.95,
  "test_quality": 0.49056603773584906,
  "success": true,
  "singular": true
}