{
  "run_id": "LMPO2-L3-d16-rf0.5-seed256",
  "seed": 256,
  "model": "LMPO2",
  "dataset": "realstate",
  "task": "regression",
  "params": {
    "init_strength": 0.01,
    "bond_dim_mpo": 2,
    "batch_size": 64,
    "n_epochs": 1000,
    "patience": 40,
    "min_delta": 1e-08,
    "optimizer": "adamw",
    "seeds": [
      42,
      7,
      123,
      256,
      999
    ],
    "model": "LMPO2",
    "L": 3,
    "bond_dim": 16,
    "lr": 0.001,
    "reduction_factor": 0.5
  },
  "n_parameters": 1008,
  "train_loss": 506.43472543106776,
  "train_quality": -1.6440554429920144,
  "val_loss": 658.8201190542156,
  "val_quality": -2.483845757692715,
  "test_loss": 788.3030184146597,
  "test_quality": -3.7271310419854524,
  "best_epoch": 678,
  "stopped_early": true,
  "patience_counter": 40,
  "success": true
}