{
  "run_id": "LMPO2-L4-d12-rf0.5-seed999",
  "seed": 999,
  "model": "LMPO2",
  "dataset": "realstate",
  "task": "regression",
  "params": {
    "init_strength": 0.01,
    "bond_dim_mpo": 2,
    "batch_size": 64,
    "n_epochs": 1000,
    "patience": 40,
    "min_delta": 1e-08,
    "optimizer": "adamw",
    "seeds": [
      42,
      7,
      123,
      256,
      999
    ],
    "model": "LMPO2",
    "L": 4,
    "bond_dim": 12,
    "lr": 0.001,
    "reduction_factor": 0.5
  },
  "n_parameters": 1152,
  "train_loss": 373.4321228613141,
  "train_quality": -0.9496594278741148,
  "val_loss": 1404.5161915286333,
  "val_quality": -3.4535380849431716,
  "test_loss": 12458.699385335325,
  "test_quality": -73.70972865944881,
  "best_epoch": 410,
  "stopped_early": false,
  "patience_counter": 0,
  "success": true
}