{
  "run_id": "LMPO2-L4-d16-rf0.5-seed999",
  "seed": 999,
  "model": "LMPO2",
  "dataset": "realstate",
  "task": "regression",
  "params": {
    "init_strength": 0.01,
    "bond_dim_mpo": 2,
    "batch_size": 64,
    "n_epochs": 1000,
    "patience": 40,
    "min_delta": 1e-08,
    "optimizer": "adamw",
    "seeds": [
      42,
      7,
      123,
      256,
      999
    ],
    "model": "LMPO2",
    "L": 4,
    "bond_dim": 16,
    "lr": 0.001,
    "reduction_factor": 0.5
  },
  "n_parameters": 1848,
  "train_loss": 436.2136387262912,
  "train_quality": -1.2774367314561084,
  "val_loss": 1106.5375461393148,
  "val_quality": -3.1099373525259626,
  "test_loss": 4635.178262587033,
  "test_quality": -26.79526976095604,
  "best_epoch": 279,
  "stopped_early": true,
  "patience_counter": 40,
  "success": true
}