{
  "run_id": "LMPO2-L4-d16-rf0.5-seed123",
  "seed": 123,
  "model": "LMPO2",
  "dataset": "realstate",
  "task": "regression",
  "params": {
    "init_strength": 0.01,
    "bond_dim_mpo": 2,
    "batch_size": 64,
    "n_epochs": 1000,
    "patience": 40,
    "min_delta": 1e-08,
    "optimizer": "adamw",
    "seeds": [
      42,
      7,
      123,
      256,
      999
    ],
    "model": "LMPO2",
    "L": 4,
    "bond_dim": 16,
    "lr": 0.001,
    "reduction_factor": 0.5
  },
  "n_parameters": 1848,
  "train_loss": 378.25352972264227,
  "train_quality": -0.9748316098245593,
  "val_loss": 1818.8612409900477,
  "val_quality": -4.094365754242371,
  "test_loss": 18252.076986873108,
  "test_quality": -108.45024652940191,
  "best_epoch": 27,
  "stopped_early": true,
  "patience_counter": 40,
  "success": true
}