{
  "run_id": "LMPO2-L4-d12-rf0.5-seed256",
  "seed": 256,
  "model": "LMPO2",
  "dataset": "realstate",
  "task": "regression",
  "params": {
    "init_strength": 0.01,
    "bond_dim_mpo": 2,
    "batch_size": 64,
    "n_epochs": 1000,
    "patience": 40,
    "min_delta": 1e-08,
    "optimizer": "adamw",
    "seeds": [
      42,
      7,
      123,
      256,
      999
    ],
    "model": "LMPO2",
    "L": 4,
    "bond_dim": 12,
    "lr": 0.001,
    "reduction_factor": 0.5
  },
  "n_parameters": 1152,
  "train_loss": 394.9782286083787,
  "train_quality": -1.0621499331950464,
  "val_loss": 1807.0177347606507,
  "val_quality": -5.078221077547202,
  "test_loss": 9311.694983737707,
  "test_quality": -54.838429363938815,
  "best_epoch": 244,
  "stopped_early": true,
  "patience_counter": 40,
  "success": true
}