{
  "run_id": "LMPO2-L4-d12-rf0.5-seed123",
  "seed": 123,
  "model": "LMPO2",
  "dataset": "realstate",
  "task": "regression",
  "params": {
    "init_strength": 0.01,
    "bond_dim_mpo": 2,
    "batch_size": 64,
    "n_epochs": 1000,
    "patience": 40,
    "min_delta": 1e-08,
    "optimizer": "adamw",
    "seeds": [
      42,
      7,
      123,
      256,
      999
    ],
    "model": "LMPO2",
    "L": 4,
    "bond_dim": 12,
    "lr": 0.001,
    "reduction_factor": 0.5
  },
  "n_parameters": 1152,
  "train_loss": 396.1576475956363,
  "train_quality": -1.0683075859708744,
  "val_loss": 2238.6817539145623,
  "val_quality": -3.667396085865585,
  "test_loss": 9652.901162815337,
  "test_quality": -56.884503377557145,
  "best_epoch": 561,
  "stopped_early": false,
  "patience_counter": 1,
  "success": true
}