{
  "run_id": "MMPO2-L3-d8-jit5-seed42",
  "seed": 42,
  "model": "MMPO2",
  "grid_params": {
    "model": "MMPO2",
    "L": 3,
    "bond_dim": 8,
    "jitter_start": 5.0
  },
  "n_parameters": 866640,
  "train_loss": 0.01574320310812294,
  "train_quality": 1.0,
  "val_loss": 0.0751335955577146,
  "val_quality": 0.9764705882352941,
  "test_loss": 0.4198950954050047,
  "test_quality": 0.9767441860465116,
  "success": true,
  "singular": false
}