{
  "run_id": "MPO2-L4-d8-jit5-seed42",
  "seed": 42,
  "model": "MPO2",
  "grid_params": {
    "model": "MPO2",
    "L": 4,
    "bond_dim": 8,
    "jitter_start": 5.0
  },
  "n_parameters": 6240,
  "train_loss": 9.567984907273977e+101,
  "train_quality": 0.6180904522613065,
  "val_loss": 1.4901869648401382e+102,
  "val_quality": 0.5411764705882353,
  "test_loss": 9.808941534249385e+101,
  "test_quality": 0.7209302325581395,
  "success": true,
  "singular": true
}