{
  "run_id": "MPO2-L2-d4-init0.1-jit5-rf0.5-seed256",
  "seed": 256,
  "model": "MPO2",
  "grid_params": {
    "model": "MPO2",
    "L": 2,
    "bond_dim": 4,
    "jitter_start": 5.0,
    "reduction_factor": 0.5,
    "init_strength": 0.1
  },
  "train_loss": 1.8373435620838135e+200,
  "train_quality": 0.628140703517588,
  "val_loss": 3.0247491274418377e+200,
  "val_quality": 0.5647058823529412,
  "test_loss": 1.7180634048798136e+200,
  "test_quality": 0.6976744186046512,
  "success": true,
  "singular": true
}