{
  "run_id": "MPO2-L2-d6-init1-jit1-rf0.5-seed256",
  "seed": 256,
  "model": "MPO2",
  "grid_params": {
    "model": "MPO2",
    "L": 2,
    "bond_dim": 6,
    "jitter_start": 1.0,
    "reduction_factor": 0.5,
    "init_strength": 1.0
  },
  "train_loss": 25.156153966132397,
  "train_quality": 0.6407035175879398,
  "val_loss": 21.13479770538373,
  "val_quality": 0.5764705882352941,
  "test_loss": 15.475869386226988,
  "test_quality": 0.6976744186046512,
  "success": true,
  "singular": false
}