{
  "run_id": "MPO2-L2-d4-init0.01-jit1-rf0.5-seed999",
  "seed": 999,
  "model": "MPO2",
  "grid_params": {
    "model": "MPO2",
    "L": 2,
    "bond_dim": 4,
    "jitter_start": 1.0,
    "reduction_factor": 0.5,
    "init_strength": 0.01
  },
  "train_loss": 1.9079789045064008e+19,
  "train_quality": 0.6155778894472362,
  "val_loss": 3.0694404043701813e+19,
  "val_quality": 0.5882352941176471,
  "test_loss": 1.8670145066517058e+19,
  "test_quality": 0.6744186046511628,
  "success": true,
  "singular": false
}