{
  "run_id": "MPO2TypeI-L3-d12-jit5-seed256",
  "seed": 256,
  "model": "MPO2TypeI",
  "grid_params": {
    "model": "MPO2TypeI",
    "L": 3,
    "bond_dim": 12,
    "jitter_start": 5.0
  },
  "n_parameters": 6540,
  "train_loss": 6.740129640716635e-05,
  "train_quality": 1.0,
  "val_loss": 0.1549978888488208,
  "val_quality": 0.9647058823529412,
  "test_loss": 1.0271922380617884,
  "test_quality": 0.9651162790697674,
  "success": true,
  "singular": false
}