{
  "run_id": "MPO2TypeI-L3-d16-jit5-seed256",
  "seed": 256,
  "model": "MPO2TypeI",
  "grid_params": {
    "model": "MPO2TypeI",
    "L": 3,
    "bond_dim": 16,
    "jitter_start": 5.0
  },
  "n_parameters": 10620,
  "train_loss": 0.021856095296185284,
  "train_quality": 0.9974874371859297,
  "val_loss": 0.0850474002954963,
  "val_quality": 0.9529411764705882,
  "test_loss": 0.031085325470183743,
  "test_quality": 1.0,
  "success": true,
  "singular": false
}