{
  "run_id": "MPO2-L3-d12-jit5-seed7",
  "seed": 7,
  "model": "MPO2",
  "grid_params": {
    "model": "MPO2",
    "L": 3,
    "bond_dim": 12,
    "jitter_start": 5.0
  },
  "n_parameters": 9360,
  "train_loss": 3.1934043965922005e+177,
  "train_quality": 0.8768844221105527,
  "val_loss": 6.452320563911869e+176,
  "val_quality": 0.8823529411764706,
  "test_loss": 6.918803326226484e+175,
  "test_quality": 0.9302325581395349,
  "success": true,
  "singular": true
}