{
  "run_id": "MPO2-L3-d8-jit5-seed999",
  "seed": 999,
  "model": "MPO2",
  "grid_params": {
    "model": "MPO2",
    "L": 3,
    "bond_dim": 8,
    "jitter_start": 5.0
  },
  "n_parameters": 4320,
  "train_loss": 31.279591849034464,
  "train_quality": 0.46733668341708545,
  "val_loss": 32.77034725473535,
  "val_quality": 0.5529411764705883,
  "test_loss": 25.923460767295786,
  "test_quality": 0.5232558139534884,
  "success": true,
  "singular": true
}