{
  "run_id": "MPO2-L2-d8-init0.01-jit1-rf0.1-seed999",
  "seed": 999,
  "model": "MPO2",
  "grid_params": {
    "model": "MPO2",
    "L": 2,
    "bond_dim": 8,
    "jitter_start": 1.0,
    "reduction_factor": 0.1,
    "init_strength": 0.01
  },
  "train_loss": 23.924475301845696,
  "train_quality": 0.5201005025125628,
  "val_loss": 29.71540127933194,
  "val_quality": 0.5058823529411764,
  "test_loss": 17.647520301569944,
  "test_quality": 0.5581395348837209,
  "success": true,
  "singular": false
}