{
  "run_id": "MPO2-L2-d4-init1-jit5-rf0.3-seed123",
  "seed": 123,
  "model": "MPO2",
  "grid_params": {
    "model": "MPO2",
    "L": 2,
    "bond_dim": 4,
    "jitter_start": 5.0,
    "reduction_factor": 0.3,
    "init_strength": 1.0
  },
  "train_loss": 1.666570776746393e+146,
  "train_quality": 0.6080402010050251,
  "val_loss": 2.688627175113169e+146,
  "val_quality": 0.5764705882352941,
  "test_loss": 1.423722655170631e+146,
  "test_quality": 0.6976744186046512,
  "success": true,
  "singular": false
}