{
  "run_id": "MPO2-L2-d4-init0.01-jit0.1-rf0.1-seed999",
  "seed": 999,
  "model": "MPO2",
  "grid_params": {
    "model": "MPO2",
    "L": 2,
    "bond_dim": 4,
    "jitter_start": 0.1,
    "reduction_factor": 0.1,
    "init_strength": 0.01
  },
  "train_loss": 5.480151724078254e+89,
  "train_quality": 0.592964824120603,
  "val_loss": 8.96224372813236e+89,
  "val_quality": 0.611764705882353,
  "test_loss": 5.477101355579193e+89,
  "test_quality": 0.6744186046511628,
  "success": true,
  "singular": false
}