{
  "run_id": "MPO2-L2-d6-init0.1-jit0.1-rf0.3-seed7",
  "seed": 7,
  "model": "MPO2",
  "grid_params": {
    "model": "MPO2",
    "L": 2,
    "bond_dim": 6,
    "jitter_start": 0.1,
    "reduction_factor": 0.3,
    "init_strength": 0.1
  },
  "train_loss": 103919.13934332832,
  "train_quality": 0.46733668341708545,
  "val_loss": 89448.94675004247,
  "val_quality": 0.5411764705882353,
  "test_loss": 117015.34412491281,
  "test_quality": 0.41860465116279066,
  "success": true,
  "singular": false
}