{
  "run_id": "MPO2-L3-d12-jit0.1-seed42",
  "seed": 42,
  "model": "MPO2",
  "grid_params": {
    "model": "MPO2",
    "L": 3,
    "bond_dim": 12,
    "jitter_start": 0.1
  },
  "n_parameters": 9360,
  "train_loss": 3.7301017481577645e+177,
  "train_quality": 0.8768844221105527,
  "val_loss": 3.5502140914708527e+177,
  "val_quality": 0.8588235294117647,
  "test_loss": 1.7550858982875096e+176,
  "test_quality": 0.9186046511627907,
  "success": true,
  "singular": true
}