{
  "run_id": "MPO2TypeI-L3-d8-jit5-seed123",
  "seed": 123,
  "model": "MPO2TypeI",
  "grid_params": {
    "model": "MPO2TypeI",
    "L": 3,
    "bond_dim": 8,
    "jitter_start": 5.0
  },
  "n_parameters": 3420,
  "train_loss": 0.0033880873338691508,
  "train_quality": 1.0,
  "val_loss": 0.10966947082858662,
  "val_quality": 0.9647058823529412,
  "test_loss": 0.8644126509831968,
  "test_quality": 0.9767441860465116,
  "success": true,
  "singular": false
}