{
  "run_id": "MPO2-L3-d8-jit0.1-seed256",
  "seed": 256,
  "model": "MPO2",
  "grid_params": {
    "model": "MPO2",
    "L": 3,
    "bond_dim": 8,
    "jitter_start": 0.1
  },
  "n_parameters": 4320,
  "train_loss": 3.191468588217449e+145,
  "train_quality": 0.6683417085427136,
  "val_loss": 8.229037257328114e+144,
  "val_quality": 0.6470588235294118,
  "test_loss": 3.1383715748595697e+145,
  "test_quality": 0.686046511627907,
  "success": true,
  "singular": true
}