{
  "run_id": "MPO2-L3-d16-jit0.1-seed42",
  "seed": 42,
  "model": "MPO2",
  "grid_params": {
    "model": "MPO2",
    "L": 3,
    "bond_dim": 16,
    "jitter_start": 0.1
  },
  "n_parameters": 16320,
  "train_loss": 2.701236082531513e+27,
  "train_quality": 0.9371859296482412,
  "val_loss": 1.6864821479197742e+27,
  "val_quality": 0.9294117647058824,
  "test_loss": 3.37324150656154e+26,
  "test_quality": 0.9418604651162791,
  "success": true,
  "singular": true
}