{
  "run_id": "MPO2-L3-d16-jit5-seed123",
  "seed": 123,
  "model": "MPO2",
  "grid_params": {
    "model": "MPO2",
    "L": 3,
    "bond_dim": 16,
    "jitter_start": 5.0
  },
  "n_parameters": 16320,
  "train_loss": 87.05812711904645,
  "train_quality": 0.2914572864321608,
  "val_loss": 93.94995442662692,
  "val_quality": 0.32941176470588235,
  "test_loss": 67.9086923422082,
  "test_quality": 0.2558139534883721,
  "success": true,
  "singular": true
}