{
  "run_id": "MPO2-L2-d6-init1-jit0.1-rf0.3-seed42",
  "seed": 42,
  "model": "MPO2",
  "grid_params": {
    "model": "MPO2",
    "L": 2,
    "bond_dim": 6,
    "jitter_start": 0.1,
    "reduction_factor": 0.3,
    "init_strength": 1.0
  },
  "train_loss": 1.7505681891322e+132,
  "train_quality": 0.4020100502512563,
  "val_loss": 1.248716184362412e+132,
  "val_quality": 0.4823529411764706,
  "test_loss": 2.1480742525884e+132,
  "test_quality": 0.3372093023255814,
  "success": true,
  "singular": false
}