{
  "run_id": "MPO2-L2-d8-init1-jit1-rf0.1-seed256",
  "seed": 256,
  "model": "MPO2",
  "grid_params": {
    "model": "MPO2",
    "L": 2,
    "bond_dim": 8,
    "jitter_start": 1.0,
    "reduction_factor": 0.1,
    "init_strength": 1.0
  },
  "train_loss": 2.1861433744303686e+22,
  "train_quality": 0.3969849246231156,
  "val_loss": 1.547088677704384e+22,
  "val_quality": 0.4823529411764706,
  "test_loss": 2.6691432077228685e+22,
  "test_quality": 0.3488372093023256,
  "success": true,
  "singular": false
}