{
  "run_id": "MPO2-L3-d12-jit0.1-seed999",
  "seed": 999,
  "model": "MPO2",
  "grid_params": {
    "model": "MPO2",
    "L": 3,
    "bond_dim": 12,
    "jitter_start": 0.1
  },
  "n_parameters": 9360,
  "train_loss": 1.2262457397339049e+185,
  "train_quality": 0.8467336683417086,
  "val_loss": 3.143449844999443e+184,
  "val_quality": 0.8470588235294118,
  "test_loss": 1.2818818340931077e+185,
  "test_quality": 0.8604651162790697,
  "success": true,
  "singular": true
}