{
  "run_id": "MPO2-L2-d6-init0.1-jit5-rf0.5-seed42",
  "seed": 42,
  "model": "MPO2",
  "grid_params": {
    "model": "MPO2",
    "L": 2,
    "bond_dim": 6,
    "jitter_start": 5.0,
    "reduction_factor": 0.5,
    "init_strength": 0.1
  },
  "train_loss": 1.74828702620854e+39,
  "train_quality": 0.39949748743718594,
  "val_loss": 1.2552534009261826e+39,
  "val_quality": 0.47058823529411764,
  "test_loss": 2.1574518760614216e+39,
  "test_quality": 0.3372093023255814,
  "success": true,
  "singular": false
}