{
  "run_id": "MPO2-L2-d4-init0.01-jit0.1-rf0.1-seed123",
  "seed": 123,
  "model": "MPO2",
  "grid_params": {
    "model": "MPO2",
    "L": 2,
    "bond_dim": 4,
    "jitter_start": 0.1,
    "reduction_factor": 0.1,
    "init_strength": 0.01
  },
  "train_loss": 2.1782562945546837e+45,
  "train_quality": 0.6105527638190955,
  "val_loss": 3.5145332642067624e+45,
  "val_quality": 0.5764705882352941,
  "test_loss": 1.8638898998006323e+45,
  "test_quality": 0.6976744186046512,
  "success": true,
  "singular": false
}