{
  "run_id": "MPO2-L3-d16-jit5-seed42",
  "seed": 42,
  "model": "MPO2",
  "grid_params": {
    "model": "MPO2",
    "L": 3,
    "bond_dim": 16,
    "jitter_start": 5.0
  },
  "n_parameters": 16320,
  "train_loss": 3.806119442749376e+57,
  "train_quality": 0.907035175879397,
  "val_loss": 4.604953345925084e+56,
  "val_quality": 0.8705882352941177,
  "test_loss": 4.8317316942917475e+57,
  "test_quality": 0.8604651162790697,
  "success": true,
  "singular": true
}