{
  "run_id": "MPO2-L2-d8-init1-jit1-rf0.1-seed123",
  "seed": 123,
  "model": "MPO2",
  "grid_params": {
    "model": "MPO2",
    "L": 2,
    "bond_dim": 8,
    "jitter_start": 1.0,
    "reduction_factor": 0.1,
    "init_strength": 1.0
  },
  "train_loss": 3406.1386589276126,
  "train_quality": 0.40452261306532666,
  "val_loss": 3018.7886852743295,
  "val_quality": 0.47058823529411764,
  "test_loss": 3490.3314031974155,
  "test_quality": 0.37209302325581395,
  "success": true,
  "singular": true
}