{
  "run_id": "MPO2-L4-d12-jit0.1-seed256",
  "seed": 256,
  "model": "MPO2",
  "grid_params": {
    "model": "MPO2",
    "L": 4,
    "bond_dim": 12,
    "jitter_start": 0.1
  },
  "n_parameters": 13680,
  "train_loss": 1125.3533587988964,
  "train_quality": 0.5175879396984925,
  "val_loss": 639.198864626041,
  "val_quality": 0.5647058823529412,
  "test_loss": 655.4088547845353,
  "test_quality": 0.5465116279069767,
  "success": true,
  "singular": true
}