{
  "run_id": "MPO2-L3-d16-jit0.1-seed123",
  "seed": 123,
  "model": "MPO2",
  "grid_params": {
    "model": "MPO2",
    "L": 3,
    "bond_dim": 16,
    "jitter_start": 0.1
  },
  "n_parameters": 16320,
  "train_loss": 2.9717010725679967e+25,
  "train_quality": 0.6030150753768845,
  "val_loss": 2.1221844458525936e+25,
  "val_quality": 0.6352941176470588,
  "test_loss": 2.2499373063644132e+25,
  "test_quality": 0.6511627906976745,
  "success": true,
  "singular": true
}