{
  "run_id": "MPO2-L2-d8-init0.01-jit5-rf0.1-seed999",
  "seed": 999,
  "model": "MPO2",
  "grid_params": {
    "model": "MPO2",
    "L": 2,
    "bond_dim": 8,
    "jitter_start": 5.0,
    "reduction_factor": 0.1,
    "init_strength": 0.01
  },
  "train_loss": 7.156076954685914e+56,
  "train_quality": 0.6080402010050251,
  "val_loss": 1.1515130953578991e+57,
  "val_quality": 0.5764705882352941,
  "test_loss": 6.096095673881495e+56,
  "test_quality": 0.6976744186046512,
  "success": true,
  "singular": false
}