{
  "run_id": "MPO2TypeI-L3-d12-jit5-seed7",
  "seed": 7,
  "model": "MPO2TypeI",
  "grid_params": {
    "model": "MPO2TypeI",
    "L": 3,
    "bond_dim": 12,
    "jitter_start": 5.0
  },
  "n_parameters": 6540,
  "train_loss": 0.0020489879597809287,
  "train_quality": 1.0,
  "val_loss": 0.11558936740140707,
  "val_quality": 0.9647058823529412,
  "test_loss": 0.7492782070062259,
  "test_quality": 0.9767441860465116,
  "success": true,
  "singular": false
}