{
  "run_id": "MPO2-L3-d12-jit5-seed123",
  "seed": 123,
  "model": "MPO2",
  "grid_params": {
    "model": "MPO2",
    "L": 3,
    "bond_dim": 12,
    "jitter_start": 5.0
  },
  "n_parameters": 9360,
  "train_loss": 1.3122160665718003e+18,
  "train_quality": 0.8869346733668342,
  "val_loss": 1.930513993492721e+17,
  "val_quality": 0.9294117647058824,
  "test_loss": 7.531161475606964e+17,
  "test_quality": 0.9069767441860465,
  "success": true,
  "singular": true
}