{
  "run_id": "MPO2-L2-d4-init0.1-jit1-rf0.3-seed42",
  "seed": 42,
  "model": "MPO2",
  "grid_params": {
    "model": "MPO2",
    "L": 2,
    "bond_dim": 4,
    "jitter_start": 1.0,
    "reduction_factor": 0.3,
    "init_strength": 0.1
  },
  "train_loss": 3.1043415834875567e+246,
  "train_quality": 0.6206030150753769,
  "val_loss": 4.9980175924817166e+246,
  "val_quality": 0.5647058823529412,
  "test_loss": 2.827615443864699e+246,
  "test_quality": 0.6976744186046512,
  "success": true,
  "singular": true
}