{
  "run_id": "MPO2-L3-d12-jit0.1-seed256",
  "seed": 256,
  "model": "MPO2",
  "grid_params": {
    "model": "MPO2",
    "L": 3,
    "bond_dim": 12,
    "jitter_start": 0.1
  },
  "n_parameters": 9360,
  "train_loss": 6.565611467854495e+199,
  "train_quality": 0.7989949748743719,
  "val_loss": 1.6169217822617962e+199,
  "val_quality": 0.8,
  "test_loss": 6.8979669868624744e+199,
  "test_quality": 0.8372093023255813,
  "success": true,
  "singular": true
}