{
  "run_id": "MPO2-L3-d12-jit0.1-seed123",
  "seed": 123,
  "model": "MPO2",
  "grid_params": {
    "model": "MPO2",
    "L": 3,
    "bond_dim": 12,
    "jitter_start": 0.1
  },
  "n_parameters": 9360,
  "train_loss": 15.240464815213034,
  "train_quality": 0.5753768844221105,
  "val_loss": 26.65477280739079,
  "val_quality": 0.6235294117647059,
  "test_loss": 25.829264750968104,
  "test_quality": 0.627906976744186,
  "success": true,
  "singular": true
}