{
  "run_id": "MPO2-L2-d6-init1-jit0.1-rf0.5-seed123",
  "seed": 123,
  "model": "MPO2",
  "grid_params": {
    "model": "MPO2",
    "L": 2,
    "bond_dim": 6,
    "jitter_start": 0.1,
    "reduction_factor": 0.5,
    "init_strength": 1.0
  },
  "train_loss": 17.171994421194725,
  "train_quality": 0.4371859296482412,
  "val_loss": 13.05041129309523,
  "val_quality": 0.5411764705882353,
  "test_loss": 20.37766584536205,
  "test_quality": 0.43023255813953487,
  "success": true,
  "singular": false
}