{
  "run_id": "MPO2-L3-d16-jit5-seed256",
  "seed": 256,
  "model": "MPO2",
  "grid_params": {
    "model": "MPO2",
    "L": 3,
    "bond_dim": 16,
    "jitter_start": 5.0
  },
  "n_parameters": 16320,
  "train_loss": 25.71903982255149,
  "train_quality": 0.628140703517588,
  "val_loss": 17.956303580646743,
  "val_quality": 0.6235294117647059,
  "test_loss": 30.97751415488231,
  "test_quality": 0.5581395348837209,
  "success": true,
  "singular": true
}