{
  "run_id": "MPO2-L2-d8-init1-jit5-rf0.5-seed7",
  "seed": 7,
  "model": "MPO2",
  "grid_params": {
    "model": "MPO2",
    "L": 2,
    "bond_dim": 8,
    "jitter_start": 5.0,
    "reduction_factor": 0.5,
    "init_strength": 1.0
  },
  "train_loss": 21.108045092906,
  "train_quality": 0.5125628140703518,
  "val_loss": 23.565476986530086,
  "val_quality": 0.5764705882352941,
  "test_loss": 36.802628923078544,
  "test_quality": 0.41860465116279066,
  "success": true,
  "singular": false
}