{
  "run_id": "MPO2-L4-d8-jit5-seed256",
  "seed": 256,
  "model": "MPO2",
  "grid_params": {
    "model": "MPO2",
    "L": 4,
    "bond_dim": 8,
    "jitter_start": 5.0
  },
  "n_parameters": 6240,
  "train_loss": 1335.7503329572644,
  "train_quality": 0.4396984924623116,
  "val_loss": 203.68020345806443,
  "val_quality": 0.5647058823529412,
  "test_loss": 379.94025599691986,
  "test_quality": 0.5116279069767442,
  "success": true,
  "singular": true
}