{
  "run_id": "MPO2-L2-d4-init0.01-jit1-rf0.3-seed256",
  "seed": 256,
  "model": "MPO2",
  "grid_params": {
    "model": "MPO2",
    "L": 2,
    "bond_dim": 4,
    "jitter_start": 1.0,
    "reduction_factor": 0.3,
    "init_strength": 0.01
  },
  "train_loss": 3.503566040498845e+55,
  "train_quality": 0.6105527638190955,
  "val_loss": 5.662703337134717e+55,
  "val_quality": 0.5764705882352941,
  "test_loss": 3.008423236677106e+55,
  "test_quality": 0.6976744186046512,
  "success": true,
  "singular": false
}