{
  "run_id": "MPO2-L3-d12-jit0.1-seed7",
  "seed": 7,
  "model": "MPO2",
  "grid_params": {
    "model": "MPO2",
    "L": 3,
    "bond_dim": 12,
    "jitter_start": 0.1
  },
  "n_parameters": 9360,
  "train_loss": 1.1268172596665482e+275,
  "train_quality": 0.8743718592964824,
  "val_loss": 3.537979739412846e+273,
  "val_quality": 0.8823529411764706,
  "test_loss": 1.0204350006779134e+275,
  "test_quality": 0.8837209302325582,
  "success": true,
  "singular": true
}