{
  "run_id": "MPO2-L4-d8-seed7",
  "seed": 7,
  "model": "MPO2",
  "dataset": "student_dropout",
  "task": "classification",
  "params": {
    "init_strength": 0.01,
    "batch_size": 64,
    "n_epochs": 1000,
    "patience": 40,
    "min_delta": 1e-08,
    "optimizer": "adamw",
    "seeds": [
      42,
      7,
      123,
      256,
      999
    ],
    "model": "MPO2",
    "L": 4,
    "bond_dim": 8,
    "lr": 0.001
  },
  "n_parameters": 5760,
  "train_loss": 0.0538435121359859,
  "train_quality": 0.9841731266149871,
  "val_loss": 96.89438782103035,
  "val_quality": 0.6114457831325302,
  "test_loss": 63.56296369568716,
  "test_quality": 0.6129518072289156,
  "best_epoch": 379,
  "stopped_early": true,
  "patience_counter": 40,
  "success": true
}