{
  "run_id": "MPO2-L4-d12-seed123",
  "seed": 123,
  "model": "MPO2",
  "dataset": "student_dropout",
  "task": "classification",
  "params": {
    "output_site": 1,
    "init_strength": 0.01,
    "batch_size": 64,
    "n_epochs": 1000,
    "patience": 40,
    "min_delta": 1e-08,
    "optimizer": "adamw",
    "rank": 5,
    "seeds": [
      42,
      7,
      123,
      256,
      999
    ],
    "model": "MPO2",
    "L": 4,
    "bond_dim": 12,
    "lr": 0.01
  },
  "n_parameters": 21600,
  "train_loss": 1.4261010955863656,
  "train_quality": 0.9024547803617571,
  "val_loss": 140.56836674424065,
  "val_quality": 0.6536144578313253,
  "test_loss": 131.7029302136288,
  "test_quality": 0.6536144578313253,
  "best_epoch": 116,
  "stopped_early": true,
  "patience_counter": 40,
  "success": true
}