{
  "run_id": "MPO2-L3-d16-seed42",
  "seed": 42,
  "model": "MPO2",
  "dataset": "student_dropout",
  "task": "classification",
  "params": {
    "output_site": 1,
    "init_strength": 0.01,
    "batch_size": 64,
    "n_epochs": 1000,
    "patience": 40,
    "min_delta": 1e-08,
    "optimizer": "adamw",
    "rank": 5,
    "seeds": [
      42,
      7,
      123,
      256,
      999
    ],
    "model": "MPO2",
    "L": 3,
    "bond_dim": 16,
    "lr": 0.01
  },
  "n_parameters": 28800,
  "train_loss": 0.038207501378297114,
  "train_quality": 0.9928940568475452,
  "val_loss": 46.02085694948352,
  "val_quality": 0.7153614457831325,
  "test_loss": 70.74890111367588,
  "test_quality": 0.6927710843373494,
  "best_epoch": 24,
  "stopped_early": true,
  "patience_counter": 40,
  "success": true
}