{
  "run_id": "MPO2TypeI_GTN-L3-d12-seed123",
  "seed": 123,
  "model": "MPO2TypeI_GTN",
  "dataset": "student_dropout",
  "task": "classification",
  "params": {
    "init_strength": 0.01,
    "batch_size": 64,
    "n_epochs": 1000,
    "patience": 40,
    "min_delta": 1e-08,
    "optimizer": "adamw",
    "seeds": [
      42,
      7,
      123,
      256,
      999
    ],
    "model": "MPO2TypeI_GTN",
    "L": 3,
    "bond_dim": 12,
    "lr": 0.001
  },
  "n_parameters": 8748,
  "train_loss": 0.005280835322693076,
  "train_quality": 0.9996770025839793,
  "val_loss": 7.06350772378495,
  "val_quality": 0.7560240963855421,
  "test_loss": 8.522706968377726,
  "test_quality": 0.6897590361445783,
  "best_epoch": 13,
  "stopped_early": true,
  "patience_counter": 40,
  "success": true
}