{
  "run_id": "MPO2-L4-d16-seed123",
  "seed": 123,
  "model": "MPO2",
  "dataset": "student_dropout",
  "task": "classification",
  "params": {
    "init_strength": 0.01,
    "batch_size": 64,
    "n_epochs": 1000,
    "patience": 40,
    "min_delta": 1e-08,
    "optimizer": "adamw",
    "seeds": [
      42,
      7,
      123,
      256,
      999
    ],
    "model": "MPO2",
    "L": 4,
    "bond_dim": 16,
    "lr": 0.001
  },
  "n_parameters": 20736,
  "train_loss": 0.005557641469283836,
  "train_quality": 0.9996770025839793,
  "val_loss": 288.41699430724555,
  "val_quality": 0.6219879518072289,
  "test_loss": 212.50490110709393,
  "test_quality": 0.6445783132530121,
  "best_epoch": 327,
  "stopped_early": true,
  "patience_counter": 40,
  "success": true
}