{
  "run_id": "MPO2-L4-d16-seed42",
  "seed": 42,
  "model": "MPO2",
  "dataset": "student_dropout",
  "task": "classification",
  "params": {
    "output_site": 1,
    "init_strength": 0.01,
    "batch_size": 64,
    "n_epochs": 1000,
    "patience": 40,
    "min_delta": 1e-08,
    "optimizer": "adamw",
    "rank": 5,
    "seeds": [
      42,
      7,
      123,
      256,
      999
    ],
    "model": "MPO2",
    "L": 4,
    "bond_dim": 16,
    "lr": 0.01
  },
  "n_parameters": 38016,
  "train_loss": 1.572660465621698,
  "train_quality": 0.9509043927648578,
  "val_loss": 606.2522117660604,
  "val_quality": 0.6566265060240963,
  "test_loss": 886.0903310469943,
  "test_quality": 0.6596385542168675,
  "best_epoch": 11,
  "stopped_early": true,
  "patience_counter": 40,
  "success": true
}