{
  "run_id": "MPO2-L4-d16-seed123",
  "seed": 123,
  "model": "MPO2",
  "dataset": "student_dropout",
  "task": "classification",
  "params": {
    "output_site": 1,
    "init_strength": 0.01,
    "batch_size": 64,
    "n_epochs": 1000,
    "patience": 40,
    "min_delta": 1e-08,
    "optimizer": "adamw",
    "rank": 5,
    "seeds": [
      42,
      7,
      123,
      256,
      999
    ],
    "model": "MPO2",
    "L": 4,
    "bond_dim": 16,
    "lr": 0.01
  },
  "n_parameters": 38016,
  "train_loss": 6.813134879739886,
  "train_quality": 0.8917958656330749,
  "val_loss": 582.6610774732098,
  "val_quality": 0.6430722891566265,
  "test_loss": 1102.3743883760449,
  "test_quality": 0.6626506024096386,
  "best_epoch": 76,
  "stopped_early": true,
  "patience_counter": 40,
  "success": true
}