{
  "run_id": "MPO2-L4-d12-seed256",
  "seed": 256,
  "model": "MPO2",
  "dataset": "student_dropout",
  "task": "classification",
  "params": {
    "output_site": 1,
    "init_strength": 0.01,
    "batch_size": 64,
    "n_epochs": 1000,
    "patience": 40,
    "min_delta": 1e-08,
    "optimizer": "adamw",
    "rank": 5,
    "seeds": [
      42,
      7,
      123,
      256,
      999
    ],
    "model": "MPO2",
    "L": 4,
    "bond_dim": 12,
    "lr": 0.01
  },
  "n_parameters": 21600,
  "train_loss": 1.8590997097729989,
  "train_quality": 0.896640826873385,
  "val_loss": 277.38189195397763,
  "val_quality": 0.6340361445783133,
  "test_loss": 691.4841005461036,
  "test_quality": 0.6310240963855421,
  "best_epoch": 73,
  "stopped_early": true,
  "patience_counter": 40,
  "success": true
}