{
  "run_id": "MPO2-L4-d12-seed123",
  "seed": 123,
  "model": "MPO2",
  "dataset": "student_dropout",
  "task": "classification",
  "params": {
    "init_strength": 0.01,
    "batch_size": 64,
    "n_epochs": 1000,
    "patience": 40,
    "min_delta": 1e-08,
    "optimizer": "adamw",
    "seeds": [
      42,
      7,
      123,
      256,
      999
    ],
    "model": "MPO2",
    "L": 4,
    "bond_dim": 12,
    "lr": 0.001
  },
  "n_parameters": 12096,
  "train_loss": 0.01292122065280625,
  "train_quality": 0.9967700258397932,
  "val_loss": 251.78756813721154,
  "val_quality": 0.6174698795180723,
  "test_loss": 219.94051803678627,
  "test_quality": 0.6656626506024096,
  "best_epoch": 306,
  "stopped_early": true,
  "patience_counter": 40,
  "success": true
}