{
  "run_id": "MPO2-L3-d12-seed42",
  "seed": 42,
  "model": "MPO2",
  "dataset": "student_dropout",
  "task": "classification",
  "params": {
    "output_site": 1,
    "init_strength": 0.01,
    "batch_size": 64,
    "n_epochs": 1000,
    "patience": 40,
    "min_delta": 1e-08,
    "optimizer": "adamw",
    "rank": 5,
    "seeds": [
      42,
      7,
      123,
      256,
      999
    ],
    "model": "MPO2",
    "L": 3,
    "bond_dim": 12,
    "lr": 0.01
  },
  "n_parameters": 16416,
  "train_loss": 0.022986719102699022,
  "train_quality": 0.997093023255814,
  "val_loss": 9.474161069581696,
  "val_quality": 0.7003012048192772,
  "test_loss": 10.921604194317748,
  "test_quality": 0.6912650602409639,
  "best_epoch": 128,
  "stopped_early": true,
  "patience_counter": 40,
  "success": true
}