{
  "run_id": "MPO2-L4-d8-seed42",
  "seed": 42,
  "model": "MPO2",
  "dataset": "student_dropout",
  "task": "classification",
  "params": {
    "output_site": 1,
    "init_strength": 0.01,
    "batch_size": 64,
    "n_epochs": 1000,
    "patience": 40,
    "min_delta": 1e-08,
    "optimizer": "adamw",
    "rank": 5,
    "seeds": [
      42,
      7,
      123,
      256,
      999
    ],
    "model": "MPO2",
    "L": 4,
    "bond_dim": 8,
    "lr": 0.01
  },
  "n_parameters": 9792,
  "train_loss": 1.5429295574688624,
  "train_quality": 0.8546511627906976,
  "val_loss": 125.08095441890536,
  "val_quality": 0.6445783132530121,
  "test_loss": 148.26559923284827,
  "test_quality": 0.6566265060240963,
  "best_epoch": 76,
  "stopped_early": true,
  "patience_counter": 40,
  "success": true
}