{
  "run_id": "MPO2-L4-d16-seed256",
  "seed": 256,
  "model": "MPO2",
  "dataset": "student_dropout",
  "task": "classification",
  "params": {
    "output_site": 1,
    "init_strength": 0.01,
    "batch_size": 64,
    "n_epochs": 1000,
    "patience": 40,
    "min_delta": 1e-08,
    "optimizer": "adamw",
    "rank": 5,
    "seeds": [
      42,
      7,
      123,
      256,
      999
    ],
    "model": "MPO2",
    "L": 4,
    "bond_dim": 16,
    "lr": 0.01
  },
  "n_parameters": 38016,
  "train_loss": 2.0355002789115053,
  "train_quality": 0.9247416020671835,
  "val_loss": 455.2029426762828,
  "val_quality": 0.6506024096385542,
  "test_loss": 1342.0222753528953,
  "test_quality": 0.6445783132530121,
  "best_epoch": 110,
  "stopped_early": true,
  "patience_counter": 40,
  "success": true
}