{
  "run_id": "MPO2-L4-d12-seed999",
  "seed": 999,
  "model": "MPO2",
  "dataset": "student_dropout",
  "task": "classification",
  "params": {
    "output_site": 1,
    "init_strength": 0.01,
    "batch_size": 64,
    "n_epochs": 1000,
    "patience": 40,
    "min_delta": 1e-08,
    "optimizer": "adamw",
    "rank": 5,
    "seeds": [
      42,
      7,
      123,
      256,
      999
    ],
    "model": "MPO2",
    "L": 4,
    "bond_dim": 12,
    "lr": 0.01
  },
  "n_parameters": 21600,
  "train_loss": 3.965104494399892,
  "train_quality": 0.8911498708010336,
  "val_loss": 467.64777325313366,
  "val_quality": 0.6656626506024096,
  "test_loss": 1235.6737833313814,
  "test_quality": 0.6355421686746988,
  "best_epoch": 140,
  "stopped_early": true,
  "patience_counter": 40,
  "success": true
}