{
  "run_id": "MPO2-L3-d16-seed7",
  "seed": 7,
  "model": "MPO2",
  "dataset": "student_dropout",
  "task": "classification",
  "params": {
    "output_site": 1,
    "init_strength": 0.01,
    "batch_size": 64,
    "n_epochs": 1000,
    "patience": 40,
    "min_delta": 1e-08,
    "optimizer": "adamw",
    "rank": 5,
    "seeds": [
      42,
      7,
      123,
      256,
      999
    ],
    "model": "MPO2",
    "L": 3,
    "bond_dim": 16,
    "lr": 0.01
  },
  "n_parameters": 28800,
  "train_loss": 0.03817476866013939,
  "train_quality": 0.9903100775193798,
  "val_loss": 20.860025192306985,
  "val_quality": 0.7198795180722891,
  "test_loss": 24.70304392655466,
  "test_quality": 0.6942771084337349,
  "best_epoch": 69,
  "stopped_early": true,
  "patience_counter": 40,
  "success": true
}