{
  "run_id": "MPO2-L4-d12-seed7",
  "seed": 7,
  "model": "MPO2",
  "dataset": "student_dropout",
  "task": "classification",
  "params": {
    "init_strength": 0.01,
    "batch_size": 64,
    "n_epochs": 1000,
    "patience": 40,
    "min_delta": 1e-08,
    "optimizer": "adamw",
    "seeds": [
      42,
      7,
      123,
      256,
      999
    ],
    "model": "MPO2",
    "L": 4,
    "bond_dim": 12,
    "lr": 0.001
  },
  "n_parameters": 12096,
  "train_loss": 0.009686578140027206,
  "train_quality": 0.999031007751938,
  "val_loss": 296.2341124929215,
  "val_quality": 0.6370481927710844,
  "test_loss": 334.3747192982142,
  "test_quality": 0.6370481927710844,
  "best_epoch": 219,
  "stopped_early": true,
  "patience_counter": 40,
  "success": true
}