{
  "run_id": "MPO2-L3-d8-seed999",
  "seed": 999,
  "model": "MPO2",
  "dataset": "student_dropout",
  "task": "classification",
  "params": {
    "init_strength": 0.01,
    "batch_size": 64,
    "n_epochs": 1000,
    "patience": 40,
    "min_delta": 1e-08,
    "optimizer": "adamw",
    "seeds": [
      42,
      7,
      123,
      256,
      999
    ],
    "model": "MPO2",
    "L": 3,
    "bond_dim": 8,
    "lr": 0.001
  },
  "n_parameters": 3456,
  "train_loss": 0.012419669026930797,
  "train_quality": 0.9993540051679587,
  "val_loss": 17.785044226388194,
  "val_quality": 0.7003012048192772,
  "test_loss": 12.870583938135027,
  "test_quality": 0.6897590361445783,
  "best_epoch": 415,
  "stopped_early": false,
  "patience_counter": 24,
  "success": true
}