{
  "run_id": "MPO2-L4-d8-seed123",
  "seed": 123,
  "model": "MPO2",
  "dataset": "student_dropout",
  "task": "classification",
  "params": {
    "init_strength": 0.01,
    "batch_size": 64,
    "n_epochs": 1000,
    "patience": 40,
    "min_delta": 1e-08,
    "optimizer": "adamw",
    "seeds": [
      42,
      7,
      123,
      256,
      999
    ],
    "model": "MPO2",
    "L": 4,
    "bond_dim": 8,
    "lr": 0.001
  },
  "n_parameters": 5760,
  "train_loss": 0.03783977040253272,
  "train_quality": 0.9906330749354005,
  "val_loss": 67.6698055439548,
  "val_quality": 0.6114457831325302,
  "test_loss": 83.09151368728183,
  "test_quality": 0.6536144578313253,
  "best_epoch": 568,
  "stopped_early": true,
  "patience_counter": 40,
  "success": true
}