{
  "run_id": "MPO2TypeI-L2-d4-jit1-seed42",
  "seed": 42,
  "model": "MPO2TypeI",
  "grid_params": {
    "model": "MPO2TypeI",
    "L": 2,
    "bond_dim": 4,
    "jitter_start": 1.0
  },
  "train_loss": 0.40183343435194574,
  "train_quality": 0.8380952380952381,
  "val_loss": 0.22513053565932256,
  "val_quality": 0.9090909090909091,
  "test_loss": 0.4751259468336628,
  "test_quality": 0.782608695652174,
  "success": true
}