{
  "run_id": "MPO2-L3-d4-jit1-seed7",
  "seed": 7,
  "model": "MPO2",
  "grid_params": {
    "model": "MPO2",
    "L": 3,
    "bond_dim": 4,
    "jitter_start": 1.0
  },
  "train_loss": 0.5292288596434112,
  "train_quality": 0.7904761904761904,
  "val_loss": 0.34635931227914024,
  "val_quality": 0.9090909090909091,
  "test_loss": 0.5630192849028708,
  "test_quality": 0.6956521739130435,
  "success": true
}