{
  "run_id": "MMPO2-L4-d8-seed999",
  "seed": 999,
  "model": "MMPO2",
  "dataset": "winequalityc",
  "task": "classification",
  "params": {
    "output_site": 1,
    "init_strength": 0.01,
    "rank": 5,
    "batch_size": 64,
    "n_epochs": 1000,
    "patience": 40,
    "min_delta": 1e-08,
    "optimizer": "adamw",
    "seeds": [
      42,
      7,
      123,
      256,
      999
    ],
    "model": "MMPO2",
    "L": 4,
    "bond_dim": 8,
    "lr": 0.01
  },
  "n_parameters": 5808,
  "train_loss": 2.209073267481351,
  "train_quality": 0.4229162084891137,
  "val_loss": 3.4276958697680904,
  "val_quality": 0.5097435897435898,
  "test_loss": 2.862516157089155,
  "test_quality": 0.39692307692307693,
  "best_epoch": 92,
  "stopped_early": true,
  "patience_counter": 40,
  "success": true
}