{
  "run_id": "MMPO2-L4-d12-seed123",
  "seed": 123,
  "model": "MMPO2",
  "dataset": "winequalityc",
  "task": "classification",
  "params": {
    "init_strength": 0.01,
    "batch_size": 64,
    "n_epochs": 1000,
    "patience": 40,
    "min_delta": 1e-08,
    "optimizer": "adamw",
    "seeds": [
      42,
      7,
      123,
      256,
      999
    ],
    "model": "MMPO2",
    "L": 4,
    "bond_dim": 12,
    "lr": 0.001
  },
  "n_parameters": 4224,
  "train_loss": 0.8716751805165543,
  "train_quality": 0.6298658456124917,
  "val_loss": 6.35778435319382,
  "val_quality": 0.5241025641025641,
  "test_loss": 2.5500292286471486,
  "test_quality": 0.49435897435897436,
  "best_epoch": 269,
  "stopped_early": true,
  "patience_counter": 40,
  "success": true
}