{
  "run_id": "MMPO2-L4-d8-seed42",
  "seed": 42,
  "model": "MMPO2",
  "dataset": "winequalityc",
  "task": "classification",
  "params": {
    "output_site": 1,
    "init_strength": 0.01,
    "rank": 5,
    "batch_size": 64,
    "n_epochs": 1000,
    "patience": 40,
    "min_delta": 1e-08,
    "optimizer": "adamw",
    "seeds": [
      42,
      7,
      123,
      256,
      999
    ],
    "model": "MMPO2",
    "L": 4,
    "bond_dim": 8,
    "lr": 0.01
  },
  "n_parameters": 5808,
  "train_loss": 1.2064132513990302,
  "train_quality": 0.5322190455245217,
  "val_loss": 1.9292123419497076,
  "val_quality": 0.5251282051282051,
  "test_loss": 1.8727699869730219,
  "test_quality": 0.4625641025641026,
  "best_epoch": 78,
  "stopped_early": true,
  "patience_counter": 40,
  "success": true
}