{
  "run_id": "MMPO2-L3-d12-seed7",
  "seed": 7,
  "model": "MMPO2",
  "dataset": "winequalityc",
  "task": "classification",
  "params": {
    "output_site": 1,
    "init_strength": 0.01,
    "rank": 5,
    "batch_size": 64,
    "n_epochs": 1000,
    "patience": 40,
    "min_delta": 1e-08,
    "optimizer": "adamw",
    "seeds": [
      42,
      7,
      123,
      256,
      999
    ],
    "model": "MMPO2",
    "L": 3,
    "bond_dim": 12,
    "lr": 0.01
  },
  "n_parameters": 11352,
  "train_loss": 1.2786538420163795,
  "train_quality": 0.5295799428194414,
  "val_loss": 1.7614550927471258,
  "val_quality": 0.5076923076923077,
  "test_loss": 1.6584432972442569,
  "test_quality": 0.4625641025641026,
  "best_epoch": 72,
  "stopped_early": true,
  "patience_counter": 40,
  "success": true
}