{
  "run_id": "MMPO2-L4-d16-seed123",
  "seed": 123,
  "model": "MMPO2",
  "dataset": "winequalityc",
  "task": "classification",
  "params": {
    "init_strength": 0.01,
    "batch_size": 64,
    "n_epochs": 1000,
    "patience": 40,
    "min_delta": 1e-08,
    "optimizer": "adamw",
    "seeds": [
      42,
      7,
      123,
      256,
      999
    ],
    "model": "MMPO2",
    "L": 4,
    "bond_dim": 16,
    "lr": 0.001
  },
  "n_parameters": 7040,
  "train_loss": 0.7626569356925852,
  "train_quality": 0.674510666373433,
  "val_loss": 11.83561901314285,
  "val_quality": 0.5323076923076923,
  "test_loss": 3.1996382191429094,
  "test_quality": 0.5097435897435898,
  "best_epoch": 275,
  "stopped_early": true,
  "patience_counter": 40,
  "success": true
}