{
  "run_id": "MMPO2-L4-d8-seed42",
  "seed": 42,
  "model": "MMPO2",
  "dataset": "winequalityc",
  "task": "classification",
  "params": {
    "init_strength": 0.01,
    "batch_size": 64,
    "n_epochs": 1000,
    "patience": 40,
    "min_delta": 1e-08,
    "optimizer": "adamw",
    "seeds": [
      42,
      7,
      123,
      256,
      999
    ],
    "model": "MMPO2",
    "L": 4,
    "bond_dim": 8,
    "lr": 0.001
  },
  "n_parameters": 2112,
  "train_loss": 0.897691490596511,
  "train_quality": 0.6072135473938861,
  "val_loss": 5.921859580101642,
  "val_quality": 0.521025641025641,
  "test_loss": 3.8631634438994973,
  "test_quality": 0.48717948717948717,
  "best_epoch": 397,
  "stopped_early": true,
  "patience_counter": 40,
  "success": true
}