{
  "run_id": "MMPO2TypeI_GTN-L3-d12-seed256",
  "seed": 256,
  "model": "MMPO2TypeI_GTN",
  "dataset": "winequalityc",
  "task": "classification",
  "params": {
    "init_strength": 0.01,
    "batch_size": 64,
    "n_epochs": 1000,
    "patience": 40,
    "min_delta": 1e-08,
    "optimizer": "adamw",
    "seeds": [
      42,
      7,
      123,
      256,
      999
    ],
    "model": "MMPO2TypeI_GTN",
    "L": 3,
    "bond_dim": 12,
    "lr": 0.001
  },
  "n_parameters": 3773,
  "train_loss": 0.7922784772239363,
  "train_quality": 0.6542775456344843,
  "val_loss": 3.250735357028341,
  "val_quality": 0.5671794871794872,
  "test_loss": 1.6602778021850475,
  "test_quality": 0.5466666666666666,
  "best_epoch": 16,
  "stopped_early": true,
  "patience_counter": 40,
  "success": true
}