{
  "run_id": "MMPO2-L4-d12-seed999",
  "seed": 999,
  "model": "MMPO2",
  "dataset": "winequalityc",
  "task": "classification",
  "params": {
    "init_strength": 0.01,
    "batch_size": 64,
    "n_epochs": 1000,
    "patience": 40,
    "min_delta": 1e-08,
    "optimizer": "adamw",
    "seeds": [
      42,
      7,
      123,
      256,
      999
    ],
    "model": "MMPO2",
    "L": 4,
    "bond_dim": 12,
    "lr": 0.001
  },
  "n_parameters": 4224,
  "train_loss": 0.816022608954112,
  "train_quality": 0.651638442929404,
  "val_loss": 9.635087914758468,
  "val_quality": 0.5241025641025641,
  "test_loss": 3.623794718144863,
  "test_quality": 0.5056410256410256,
  "best_epoch": 654,
  "stopped_early": true,
  "patience_counter": 40,
  "success": true
}