{
  "run_id": "MMPO2-L3-d8-seed123",
  "seed": 123,
  "model": "MMPO2",
  "dataset": "winequalityc",
  "task": "classification",
  "params": {
    "output_site": 1,
    "init_strength": 0.01,
    "rank": 5,
    "batch_size": 64,
    "n_epochs": 1000,
    "patience": 40,
    "min_delta": 1e-08,
    "optimizer": "adamw",
    "seeds": [
      42,
      7,
      123,
      256,
      999
    ],
    "model": "MMPO2",
    "L": 3,
    "bond_dim": 8,
    "lr": 0.01
  },
  "n_parameters": 5104,
  "train_loss": 1.2396468080682699,
  "train_quality": 0.5326588959753684,
  "val_loss": 1.7760738755630117,
  "val_quality": 0.5087179487179487,
  "test_loss": 1.635741173516393,
  "test_quality": 0.4748717948717949,
  "best_epoch": 64,
  "stopped_early": true,
  "patience_counter": 40,
  "success": true
}