{
  "run_id": "MMPO2-L3-d16-seed7",
  "seed": 7,
  "model": "MMPO2",
  "dataset": "winequalityc",
  "task": "classification",
  "params": {
    "output_site": 1,
    "init_strength": 0.01,
    "rank": 5,
    "batch_size": 64,
    "n_epochs": 1000,
    "patience": 40,
    "min_delta": 1e-08,
    "optimizer": "adamw",
    "seeds": [
      42,
      7,
      123,
      256,
      999
    ],
    "model": "MMPO2",
    "L": 3,
    "bond_dim": 16,
    "lr": 0.01
  },
  "n_parameters": 20064,
  "train_loss": 1.2336360660506247,
  "train_quality": 0.5339784473279086,
  "val_loss": 1.9143187279245446,
  "val_quality": 0.5128205128205128,
  "test_loss": 1.6051160082787983,
  "test_quality": 0.4666666666666667,
  "best_epoch": 77,
  "stopped_early": true,
  "patience_counter": 40,
  "success": true
}