{
  "run_id": "MMPO2-L3-d16-seed999",
  "seed": 999,
  "model": "MMPO2",
  "dataset": "winequalityc",
  "task": "classification",
  "params": {
    "init_strength": 0.01,
    "batch_size": 64,
    "n_epochs": 1000,
    "patience": 40,
    "min_delta": 1e-08,
    "optimizer": "adamw",
    "seeds": [
      42,
      7,
      123,
      256,
      999
    ],
    "model": "MMPO2",
    "L": 3,
    "bond_dim": 16,
    "lr": 0.001
  },
  "n_parameters": 4224,
  "train_loss": 1.0478566488877663,
  "train_quality": 0.5748845392566527,
  "val_loss": 2.96338746037027,
  "val_quality": 0.5117948717948718,
  "test_loss": 1.7978610073933854,
  "test_quality": 0.5087179487179487,
  "best_epoch": 96,
  "stopped_early": true,
  "patience_counter": 40,
  "success": true
}