{
  "run_id": "MMPO2-L3-d16-seed123",
  "seed": 123,
  "model": "MMPO2",
  "dataset": "winequalityc",
  "task": "classification",
  "params": {
    "init_strength": 0.01,
    "batch_size": 64,
    "n_epochs": 1000,
    "patience": 40,
    "min_delta": 1e-08,
    "optimizer": "adamw",
    "seeds": [
      42,
      7,
      123,
      256,
      999
    ],
    "model": "MMPO2",
    "L": 3,
    "bond_dim": 16,
    "lr": 0.001
  },
  "n_parameters": 4224,
  "train_loss": 1.0681882905971323,
  "train_quality": 0.5733450626786892,
  "val_loss": 2.9434189437680085,
  "val_quality": 0.5158974358974359,
  "test_loss": 1.7511217792102425,
  "test_quality": 0.4748717948717949,
  "best_epoch": 402,
  "stopped_early": true,
  "patience_counter": 40,
  "success": true
}