{
  "run_id": "MMPO2-L3-d16-seed42",
  "seed": 42,
  "model": "MMPO2",
  "dataset": "winequalityc",
  "task": "classification",
  "params": {
    "init_strength": 0.01,
    "batch_size": 64,
    "n_epochs": 1000,
    "patience": 40,
    "min_delta": 1e-08,
    "optimizer": "adamw",
    "seeds": [
      42,
      7,
      123,
      256,
      999
    ],
    "model": "MMPO2",
    "L": 3,
    "bond_dim": 16,
    "lr": 0.001
  },
  "n_parameters": 4224,
  "train_loss": 1.0568425417630503,
  "train_quality": 0.5740048383549593,
  "val_loss": 2.8200410911820644,
  "val_quality": 0.5158974358974359,
  "test_loss": 1.9326479480043233,
  "test_quality": 0.48205128205128206,
  "best_epoch": 46,
  "stopped_early": true,
  "patience_counter": 40,
  "success": true
}