{
  "run_id": "MMPO2-L3-d8-seed999",
  "seed": 999,
  "model": "MMPO2",
  "dataset": "winequalityc",
  "task": "classification",
  "params": {
    "init_strength": 0.01,
    "batch_size": 64,
    "n_epochs": 1000,
    "patience": 40,
    "min_delta": 1e-08,
    "optimizer": "adamw",
    "seeds": [
      42,
      7,
      123,
      256,
      999
    ],
    "model": "MMPO2",
    "L": 3,
    "bond_dim": 8,
    "lr": 0.001
  },
  "n_parameters": 1408,
  "train_loss": 1.1396603463877877,
  "train_quality": 0.545414559049923,
  "val_loss": 2.3235458748343656,
  "val_quality": 0.5097435897435898,
  "test_loss": 1.6585366977228277,
  "test_quality": 0.46564102564102566,
  "best_epoch": 214,
  "stopped_early": true,
  "patience_counter": 40,
  "success": true
}