{
  "run_id": "MMPO2-L4-d12-seed42",
  "seed": 42,
  "model": "MMPO2",
  "dataset": "winequalityc",
  "task": "classification",
  "params": {
    "output_site": 1,
    "init_strength": 0.01,
    "rank": 5,
    "batch_size": 64,
    "n_epochs": 1000,
    "patience": 40,
    "min_delta": 1e-08,
    "optimizer": "adamw",
    "seeds": [
      42,
      7,
      123,
      256,
      999
    ],
    "model": "MMPO2",
    "L": 4,
    "bond_dim": 12,
    "lr": 0.01
  },
  "n_parameters": 12936,
  "train_loss": 1.0669082139834851,
  "train_quality": 0.5693864086210688,
  "val_loss": 1.9104530067298084,
  "val_quality": 0.5117948717948718,
  "test_loss": 1.634558243759014,
  "test_quality": 0.49333333333333335,
  "best_epoch": 30,
  "stopped_early": true,
  "patience_counter": 40,
  "success": true
}