{
  "run_id": "MMPO2-L4-d16-seed123",
  "seed": 123,
  "model": "MMPO2",
  "dataset": "winequalityc",
  "task": "classification",
  "params": {
    "output_site": 1,
    "init_strength": 0.01,
    "rank": 5,
    "batch_size": 64,
    "n_epochs": 1000,
    "patience": 40,
    "min_delta": 1e-08,
    "optimizer": "adamw",
    "seeds": [
      42,
      7,
      123,
      256,
      999
    ],
    "model": "MMPO2",
    "L": 4,
    "bond_dim": 16,
    "lr": 0.01
  },
  "n_parameters": 22880,
  "train_loss": 38.997940055909794,
  "train_quality": 0.3974048823400044,
  "val_loss": 48.024822427412005,
  "val_quality": 0.5148717948717949,
  "test_loss": 138.77082640550273,
  "test_quality": 0.38974358974358975,
  "best_epoch": 131,
  "stopped_early": true,
  "patience_counter": 40,
  "success": true
}