{
  "run_id": "MMPO2-L4-d16-seed42",
  "seed": 42,
  "model": "MMPO2",
  "dataset": "winequalityc",
  "task": "classification",
  "params": {
    "init_strength": 0.01,
    "batch_size": 64,
    "n_epochs": 1000,
    "patience": 40,
    "min_delta": 1e-08,
    "optimizer": "adamw",
    "seeds": [
      42,
      7,
      123,
      256,
      999
    ],
    "model": "MMPO2",
    "L": 4,
    "bond_dim": 16,
    "lr": 0.001
  },
  "n_parameters": 7040,
  "train_loss": 0.9027194545618941,
  "train_quality": 0.657796349241258,
  "val_loss": 6.988853888286133,
  "val_quality": 0.518974358974359,
  "test_loss": 3.108631632570491,
  "test_quality": 0.5025641025641026,
  "best_epoch": 356,
  "stopped_early": true,
  "patience_counter": 40,
  "success": true
}