{
  "run_id": "MMPO2-L4-d8-seed7",
  "seed": 7,
  "model": "MMPO2",
  "dataset": "winequalityc",
  "task": "classification",
  "params": {
    "init_strength": 0.01,
    "batch_size": 64,
    "n_epochs": 1000,
    "patience": 40,
    "min_delta": 1e-08,
    "optimizer": "adamw",
    "seeds": [
      42,
      7,
      123,
      256,
      999
    ],
    "model": "MMPO2",
    "L": 4,
    "bond_dim": 8,
    "lr": 0.001
  },
  "n_parameters": 2112,
  "train_loss": 0.955757548450633,
  "train_quality": 0.592918407741368,
  "val_loss": 5.2902758625173325,
  "val_quality": 0.5117948717948718,
  "test_loss": 2.235049142093085,
  "test_quality": 0.48717948717948717,
  "best_epoch": 191,
  "stopped_early": true,
  "patience_counter": 40,
  "success": true
}