{
  "run_id": "MMPO2TypeI_GTN-L4-d16-seed123",
  "seed": 123,
  "model": "MMPO2TypeI_GTN",
  "dataset": "winequalityc",
  "task": "classification",
  "params": {
    "init_strength": 0.01,
    "batch_size": 64,
    "n_epochs": 1000,
    "patience": 40,
    "min_delta": 1e-08,
    "optimizer": "adamw",
    "seeds": [
      42,
      7,
      123,
      256,
      999
    ],
    "model": "MMPO2TypeI_GTN",
    "L": 4,
    "bond_dim": 16,
    "lr": 0.001
  },
  "n_parameters": 12749,
  "train_loss": 0.5473190613038427,
  "train_quality": 0.7679788871783594,
  "val_loss": 13.421991721119081,
  "val_quality": 0.5702564102564103,
  "test_loss": 3.773810867816146,
  "test_quality": 0.5548717948717948,
  "best_epoch": 554,
  "stopped_early": true,
  "patience_counter": 40,
  "success": true
}