{
  "run_id": "MMPO2-L3-d12-seed7",
  "seed": 7,
  "model": "MMPO2",
  "dataset": "winequalityc",
  "task": "classification",
  "params": {
    "init_strength": 0.01,
    "batch_size": 64,
    "n_epochs": 1000,
    "patience": 40,
    "min_delta": 1e-08,
    "optimizer": "adamw",
    "seeds": [
      42,
      7,
      123,
      256,
      999
    ],
    "model": "MMPO2",
    "L": 3,
    "bond_dim": 12,
    "lr": 0.001
  },
  "n_parameters": 2640,
  "train_loss": 1.0815544621169066,
  "train_quality": 0.5766439410600396,
  "val_loss": 2.422674746915853,
  "val_quality": 0.5107692307692308,
  "test_loss": 1.887927934310362,
  "test_quality": 0.48717948717948717,
  "best_epoch": 413,
  "stopped_early": true,
  "patience_counter": 40,
  "success": true
}