{
  "run_id": "MMPO2-L3-d12-seed999",
  "seed": 999,
  "model": "MMPO2",
  "dataset": "winequalityc",
  "task": "classification",
  "params": {
    "output_site": 1,
    "init_strength": 0.01,
    "rank": 5,
    "batch_size": 64,
    "n_epochs": 1000,
    "patience": 40,
    "min_delta": 1e-08,
    "optimizer": "adamw",
    "seeds": [
      42,
      7,
      123,
      256,
      999
    ],
    "model": "MMPO2",
    "L": 3,
    "bond_dim": 12,
    "lr": 0.01
  },
  "n_parameters": 11352,
  "train_loss": 1.2211901879506453,
  "train_quality": 0.5315592698482516,
  "val_loss": 2.0282198010838104,
  "val_quality": 0.5066666666666667,
  "test_loss": 1.627216560980232,
  "test_quality": 0.4584615384615385,
  "best_epoch": 72,
  "stopped_early": true,
  "patience_counter": 40,
  "success": true
}