{
  "run_id": "MMPO2-L3-d8-seed999",
  "seed": 999,
  "model": "MMPO2",
  "dataset": "winequalityc",
  "task": "classification",
  "params": {
    "output_site": 1,
    "init_strength": 0.01,
    "rank": 5,
    "batch_size": 64,
    "n_epochs": 1000,
    "patience": 40,
    "min_delta": 1e-08,
    "optimizer": "adamw",
    "seeds": [
      42,
      7,
      123,
      256,
      999
    ],
    "model": "MMPO2",
    "L": 3,
    "bond_dim": 8,
    "lr": 0.01
  },
  "n_parameters": 5104,
  "train_loss": 1.2467441059096713,
  "train_quality": 0.5247415878601276,
  "val_loss": 2.02879410870899,
  "val_quality": 0.5107692307692308,
  "test_loss": 1.6232166396111822,
  "test_quality": 0.4564102564102564,
  "best_epoch": 35,
  "stopped_early": true,
  "patience_counter": 40,
  "success": true
}