{
  "run_id": "MMPO2TypeI_GTN-L4-d16-seed999",
  "seed": 999,
  "model": "MMPO2TypeI_GTN",
  "dataset": "winequalityc",
  "task": "classification",
  "params": {
    "init_strength": 0.01,
    "batch_size": 64,
    "n_epochs": 1000,
    "patience": 40,
    "min_delta": 1e-08,
    "optimizer": "adamw",
    "seeds": [
      42,
      7,
      123,
      256,
      999
    ],
    "model": "MMPO2TypeI_GTN",
    "L": 4,
    "bond_dim": 16,
    "lr": 0.001
  },
  "n_parameters": 12749,
  "train_loss": 0.5269632284188777,
  "train_quality": 0.7794149989003739,
  "val_loss": 6.480793943770521,
  "val_quality": 0.5764102564102564,
  "test_loss": 3.2695708001514823,
  "test_quality": 0.5517948717948717,
  "best_epoch": 340,
  "stopped_early": true,
  "patience_counter": 40,
  "success": true
}