{
  "run_id": "MMPO2-L3-d16-seed256",
  "seed": 256,
  "model": "MMPO2",
  "dataset": "winequalityc",
  "task": "classification",
  "params": {
    "output_site": 1,
    "init_strength": 0.01,
    "rank": 5,
    "batch_size": 64,
    "n_epochs": 1000,
    "patience": 40,
    "min_delta": 1e-08,
    "optimizer": "adamw",
    "seeds": [
      42,
      7,
      123,
      256,
      999
    ],
    "model": "MMPO2",
    "L": 3,
    "bond_dim": 16,
    "lr": 0.01
  },
  "n_parameters": 20064,
  "train_loss": 1.274534441354136,
  "train_quality": 0.5267209148889378,
  "val_loss": 1.83423389416072,
  "val_quality": 0.5056410256410256,
  "test_loss": 1.7415261739275365,
  "test_quality": 0.4584615384615385,
  "best_epoch": 22,
  "stopped_early": true,
  "patience_counter": 40,
  "success": true
}