{
  "run_id": "MMPO2-L3-d12-seed42",
  "seed": 42,
  "model": "MMPO2",
  "dataset": "winequalityc",
  "task": "classification",
  "params": {
    "init_strength": 0.01,
    "batch_size": 64,
    "n_epochs": 1000,
    "patience": 40,
    "min_delta": 1e-08,
    "optimizer": "adamw",
    "seeds": [
      42,
      7,
      123,
      256,
      999
    ],
    "model": "MMPO2",
    "L": 3,
    "bond_dim": 12,
    "lr": 0.001
  },
  "n_parameters": 2640,
  "train_loss": 1.0621854055513904,
  "train_quality": 0.5691664833956455,
  "val_loss": 2.753114999914944,
  "val_quality": 0.517948717948718,
  "test_loss": 1.7811335544231957,
  "test_quality": 0.48923076923076925,
  "best_epoch": 209,
  "stopped_early": true,
  "patience_counter": 40,
  "success": true
}