{
  "run_id": "MMPO2-L4-d16-seed7",
  "seed": 7,
  "model": "MMPO2",
  "dataset": "winequalityc",
  "task": "classification",
  "params": {
    "init_strength": 0.01,
    "batch_size": 64,
    "n_epochs": 1000,
    "patience": 40,
    "min_delta": 1e-08,
    "optimizer": "adamw",
    "seeds": [
      42,
      7,
      123,
      256,
      999
    ],
    "model": "MMPO2",
    "L": 4,
    "bond_dim": 16,
    "lr": 0.001
  },
  "n_parameters": 7040,
  "train_loss": 0.7517797780498834,
  "train_quality": 0.6751704420497031,
  "val_loss": 9.170031749644558,
  "val_quality": 0.5158974358974359,
  "test_loss": 3.251349379872219,
  "test_quality": 0.5076923076923077,
  "best_epoch": 423,
  "stopped_early": true,
  "patience_counter": 40,
  "success": true
}