{
  "run_id": "MMPO2-L4-d12-seed42",
  "seed": 42,
  "model": "MMPO2",
  "dataset": "winequalityc",
  "task": "classification",
  "params": {
    "init_strength": 0.01,
    "batch_size": 64,
    "n_epochs": 1000,
    "patience": 40,
    "min_delta": 1e-08,
    "optimizer": "adamw",
    "seeds": [
      42,
      7,
      123,
      256,
      999
    ],
    "model": "MMPO2",
    "L": 4,
    "bond_dim": 12,
    "lr": 0.001
  },
  "n_parameters": 4224,
  "train_loss": 0.7676561272380443,
  "train_quality": 0.6674730591598856,
  "val_loss": 11.44308042742604,
  "val_quality": 0.5107692307692308,
  "test_loss": 2.6122895506533403,
  "test_quality": 0.49230769230769234,
  "best_epoch": 132,
  "stopped_early": false,
  "patience_counter": 27,
  "success": true
}