{
  "run_id": "MPO2-L4-d16-seed42",
  "seed": 42,
  "model": "MPO2",
  "dataset": "winequalityc",
  "task": "classification",
  "params": {
    "init_strength": 0.01,
    "batch_size": 64,
    "n_epochs": 1000,
    "patience": 40,
    "min_delta": 1e-08,
    "optimizer": "adamw",
    "seeds": [
      42,
      7,
      123,
      256,
      999
    ],
    "model": "MPO2",
    "L": 4,
    "bond_dim": 16,
    "lr": 0.001
  },
  "n_parameters": 7040,
  "train_loss": 0.8380985909500207,
  "train_quality": 0.7178359357818341,
  "val_loss": 17.513896899792606,
  "val_quality": 0.5446153846153846,
  "test_loss": 5.050078146861796,
  "test_quality": 0.5148717948717949,
  "best_epoch": 650,
  "stopped_early": true,
  "patience_counter": 40,
  "success": true
}