{
  "run_id": "MPO2TypeI_GTN-L3-d16-seed42",
  "seed": 42,
  "model": "MPO2TypeI_GTN",
  "dataset": "winequalityc",
  "task": "classification",
  "params": {
    "init_strength": 0.01,
    "batch_size": 64,
    "n_epochs": 1000,
    "patience": 40,
    "min_delta": 1e-08,
    "optimizer": "adamw",
    "seeds": [
      42,
      7,
      123,
      256,
      999
    ],
    "model": "MPO2TypeI_GTN",
    "L": 3,
    "bond_dim": 16,
    "lr": 0.001
  },
  "n_parameters": 5709,
  "train_loss": 0.7720401923102741,
  "train_quality": 0.6617550032988784,
  "val_loss": 3.1633534720856757,
  "val_quality": 0.5733333333333334,
  "test_loss": 1.7119089532596448,
  "test_quality": 0.5476923076923077,
  "best_epoch": 181,
  "stopped_early": true,
  "patience_counter": 40,
  "success": true
}