{
  "run_id": "MPO2-L4-d16-seed123",
  "seed": 123,
  "model": "MPO2",
  "dataset": "winequalityc",
  "task": "classification",
  "params": {
    "init_strength": 0.01,
    "batch_size": 64,
    "n_epochs": 1000,
    "patience": 40,
    "min_delta": 1e-08,
    "optimizer": "adamw",
    "seeds": [
      42,
      7,
      123,
      256,
      999
    ],
    "model": "MPO2",
    "L": 4,
    "bond_dim": 16,
    "lr": 0.001
  },
  "n_parameters": 7040,
  "train_loss": 0.5824893048514208,
  "train_quality": 0.7512645700461843,
  "val_loss": 17.77874749013532,
  "val_quality": 0.5364102564102564,
  "test_loss": 7.306819379917459,
  "test_quality": 0.5364102564102564,
  "best_epoch": 625,
  "stopped_early": true,
  "patience_counter": 40,
  "success": true
}