{
  "run_id": "MPO2-L3-d16-seed999",
  "seed": 999,
  "model": "MPO2",
  "dataset": "winequalityc",
  "task": "classification",
  "params": {
    "init_strength": 0.01,
    "batch_size": 64,
    "n_epochs": 1000,
    "patience": 40,
    "min_delta": 1e-08,
    "optimizer": "adamw",
    "seeds": [
      42,
      7,
      123,
      256,
      999
    ],
    "model": "MPO2",
    "L": 3,
    "bond_dim": 16,
    "lr": 0.001
  },
  "n_parameters": 4224,
  "train_loss": 1.0004095322017024,
  "train_quality": 0.5922586320650979,
  "val_loss": 3.051031218623317,
  "val_quality": 0.5241025641025641,
  "test_loss": 2.0969343379756005,
  "test_quality": 0.48102564102564105,
  "best_epoch": 130,
  "stopped_early": true,
  "patience_counter": 40,
  "success": true
}