{
  "run_id": "MPO2-L4-d12-seed256",
  "seed": 256,
  "model": "MPO2",
  "dataset": "winequalityc",
  "task": "classification",
  "params": {
    "init_strength": 0.01,
    "batch_size": 64,
    "n_epochs": 1000,
    "patience": 40,
    "min_delta": 1e-08,
    "optimizer": "adamw",
    "seeds": [
      42,
      7,
      123,
      256,
      999
    ],
    "model": "MPO2",
    "L": 4,
    "bond_dim": 12,
    "lr": 0.001
  },
  "n_parameters": 4224,
  "train_loss": 0.7232618303212626,
  "train_quality": 0.7272927204750385,
  "val_loss": 26.24354837642494,
  "val_quality": 0.5148717948717949,
  "test_loss": 6.779922926776964,
  "test_quality": 0.521025641025641,
  "best_epoch": 856,
  "stopped_early": true,
  "patience_counter": 40,
  "success": true
}