{
  "run_id": "MPO2-L4-d8-seed42",
  "seed": 42,
  "model": "MPO2",
  "dataset": "winequalityc",
  "task": "classification",
  "params": {
    "output_site": 1,
    "init_strength": 0.01,
    "batch_size": 64,
    "n_epochs": 1000,
    "patience": 40,
    "min_delta": 1e-08,
    "optimizer": "adamw",
    "rank": 5,
    "seeds": [
      42,
      7,
      123,
      256,
      999
    ],
    "model": "MPO2",
    "L": 4,
    "bond_dim": 8,
    "lr": 0.01
  },
  "n_parameters": 5808,
  "train_loss": 1.1035031927778585,
  "train_quality": 0.5685067077193754,
  "val_loss": 2.0976145806161126,
  "val_quality": 0.5138461538461538,
  "test_loss": 1.7718614442301739,
  "test_quality": 0.5087179487179487,
  "best_epoch": 82,
  "stopped_early": true,
  "patience_counter": 40,
  "success": true
}