{
  "run_id": "MPO2-L3-d8-seed256",
  "seed": 256,
  "model": "MPO2",
  "dataset": "winequalityc",
  "task": "classification",
  "params": {
    "output_site": 1,
    "init_strength": 0.01,
    "batch_size": 64,
    "n_epochs": 1000,
    "patience": 40,
    "min_delta": 1e-08,
    "optimizer": "adamw",
    "rank": 5,
    "seeds": [
      42,
      7,
      123,
      256,
      999
    ],
    "model": "MPO2",
    "L": 3,
    "bond_dim": 8,
    "lr": 0.01
  },
  "n_parameters": 5104,
  "train_loss": 1.1298553907437558,
  "train_quality": 0.5698262590719155,
  "val_loss": 2.5091672404463083,
  "val_quality": 0.5097435897435898,
  "test_loss": 1.8571284889741537,
  "test_quality": 0.48615384615384616,
  "best_epoch": 59,
  "stopped_early": true,
  "patience_counter": 40,
  "success": true
}