{
  "run_id": "MPO2TypeI_GTN-L4-d8-seed999",
  "seed": 999,
  "model": "MPO2TypeI_GTN",
  "dataset": "winequalityc",
  "task": "classification",
  "params": {
    "init_strength": 0.01,
    "batch_size": 64,
    "n_epochs": 1000,
    "patience": 40,
    "min_delta": 1e-08,
    "optimizer": "adamw",
    "seeds": [
      42,
      7,
      123,
      256,
      999
    ],
    "model": "MPO2TypeI_GTN",
    "L": 4,
    "bond_dim": 8,
    "lr": 0.001
  },
  "n_parameters": 4301,
  "train_loss": 0.5444057007302612,
  "train_quality": 0.7763360457444469,
  "val_loss": 7.7445931906008205,
  "val_quality": 0.5682051282051283,
  "test_loss": 4.333599687456981,
  "test_quality": 0.5497435897435897,
  "best_epoch": 503,
  "stopped_early": true,
  "patience_counter": 40,
  "success": true
}