{
  "run_id": "MPO2-L4-d12-seed999",
  "seed": 999,
  "model": "MPO2",
  "dataset": "winequalityc",
  "task": "classification",
  "params": {
    "init_strength": 0.01,
    "batch_size": 64,
    "n_epochs": 1000,
    "patience": 40,
    "min_delta": 1e-08,
    "optimizer": "adamw",
    "seeds": [
      42,
      7,
      123,
      256,
      999
    ],
    "model": "MPO2",
    "L": 4,
    "bond_dim": 12,
    "lr": 0.001
  },
  "n_parameters": 4224,
  "train_loss": 0.6534588604316033,
  "train_quality": 0.719595337585221,
  "val_loss": 17.677827171525987,
  "val_quality": 0.522051282051282,
  "test_loss": 3.9747789862576304,
  "test_quality": 0.5056410256410256,
  "best_epoch": 647,
  "stopped_early": true,
  "patience_counter": 40,
  "success": true
}