{
  "run_id": "MPO2-L3-d12-seed7",
  "seed": 7,
  "model": "MPO2",
  "dataset": "winequalityc",
  "task": "classification",
  "params": {
    "output_site": 1,
    "init_strength": 0.01,
    "batch_size": 64,
    "n_epochs": 1000,
    "patience": 40,
    "min_delta": 1e-08,
    "optimizer": "adamw",
    "rank": 5,
    "seeds": [
      42,
      7,
      123,
      256,
      999
    ],
    "model": "MPO2",
    "L": 3,
    "bond_dim": 12,
    "lr": 0.01
  },
  "n_parameters": 11352,
  "train_loss": 1.3619091687567066,
  "train_quality": 0.5500329887838135,
  "val_loss": 3.590302002647354,
  "val_quality": 0.5087179487179487,
  "test_loss": 1.948204977998769,
  "test_quality": 0.48102564102564105,
  "best_epoch": 65,
  "stopped_early": true,
  "patience_counter": 40,
  "success": true
}