{
  "run_id": "MPO2-L4-d16-seed999",
  "seed": 999,
  "model": "MPO2",
  "dataset": "winequalityc",
  "task": "classification",
  "params": {
    "init_strength": 0.01,
    "batch_size": 64,
    "n_epochs": 1000,
    "patience": 40,
    "min_delta": 1e-08,
    "optimizer": "adamw",
    "seeds": [
      42,
      7,
      123,
      256,
      999
    ],
    "model": "MPO2",
    "L": 4,
    "bond_dim": 16,
    "lr": 0.001
  },
  "n_parameters": 7040,
  "train_loss": 0.7049043681117653,
  "train_quality": 0.7147569826259071,
  "val_loss": 12.055834801387203,
  "val_quality": 0.5282051282051282,
  "test_loss": 4.070286222928001,
  "test_quality": 0.5261538461538462,
  "best_epoch": 425,
  "stopped_early": true,
  "patience_counter": 40,
  "success": true
}