{
  "run_id": "MPO2-L4-d12-seed123",
  "seed": 123,
  "model": "MPO2",
  "dataset": "winequalityc",
  "task": "classification",
  "params": {
    "output_site": 1,
    "init_strength": 0.01,
    "batch_size": 64,
    "n_epochs": 1000,
    "patience": 40,
    "min_delta": 1e-08,
    "optimizer": "adamw",
    "rank": 5,
    "seeds": [
      42,
      7,
      123,
      256,
      999
    ],
    "model": "MPO2",
    "L": 4,
    "bond_dim": 12,
    "lr": 0.01
  },
  "n_parameters": 12936,
  "train_loss": 0.9831981595537486,
  "train_quality": 0.6102925005498131,
  "val_loss": 2.6649640160715258,
  "val_quality": 0.5282051282051282,
  "test_loss": 1.7084763255917113,
  "test_quality": 0.5333333333333333,
  "best_epoch": 95,
  "stopped_early": true,
  "patience_counter": 40,
  "success": true
}