{
  "run_id": "MPO2-L4-d16-seed42",
  "seed": 42,
  "model": "MPO2",
  "dataset": "winequalityc",
  "task": "classification",
  "params": {
    "output_site": 1,
    "init_strength": 0.01,
    "batch_size": 64,
    "n_epochs": 1000,
    "patience": 40,
    "min_delta": 1e-08,
    "optimizer": "adamw",
    "rank": 5,
    "seeds": [
      42,
      7,
      123,
      256,
      999
    ],
    "model": "MPO2",
    "L": 4,
    "bond_dim": 16,
    "lr": 0.01
  },
  "n_parameters": 22880,
  "train_loss": 1.0050796497304273,
  "train_quality": 0.5984165383769519,
  "val_loss": 12.34743534810357,
  "val_quality": 0.5241025641025641,
  "test_loss": 1.8290003147294769,
  "test_quality": 0.5158974358974359,
  "best_epoch": 80,
  "stopped_early": true,
  "patience_counter": 40,
  "success": true
}