{
  "run_id": "MPO2-L3-d16-seed999",
  "seed": 999,
  "model": "MPO2",
  "dataset": "winequalityc",
  "task": "classification",
  "params": {
    "output_site": 1,
    "init_strength": 0.01,
    "batch_size": 64,
    "n_epochs": 1000,
    "patience": 40,
    "min_delta": 1e-08,
    "optimizer": "adamw",
    "rank": 5,
    "seeds": [
      42,
      7,
      123,
      256,
      999
    ],
    "model": "MPO2",
    "L": 3,
    "bond_dim": 16,
    "lr": 0.01
  },
  "n_parameters": 20064,
  "train_loss": 1.2330019634522684,
  "train_quality": 0.5302397184957115,
  "val_loss": 1.9964691774316599,
  "val_quality": 0.5066666666666667,
  "test_loss": 1.7410231944999022,
  "test_quality": 0.4687179487179487,
  "best_epoch": 50,
  "stopped_early": true,
  "patience_counter": 40,
  "success": true
}