{
  "run_id": "MPO2TypeI_GTN-L3-d16-seed256",
  "seed": 256,
  "model": "MPO2TypeI_GTN",
  "dataset": "winequalityc",
  "task": "classification",
  "params": {
    "init_strength": 0.01,
    "batch_size": 64,
    "n_epochs": 1000,
    "patience": 40,
    "min_delta": 1e-08,
    "optimizer": "adamw",
    "seeds": [
      42,
      7,
      123,
      256,
      999
    ],
    "model": "MPO2TypeI_GTN",
    "L": 3,
    "bond_dim": 16,
    "lr": 0.001
  },
  "n_parameters": 5709,
  "train_loss": 0.7471729859142463,
  "train_quality": 0.6659335825819221,
  "val_loss": 4.16276364465636,
  "val_quality": 0.563076923076923,
  "test_loss": 1.7592545341475525,
  "test_quality": 0.5456410256410257,
  "best_epoch": 240,
  "stopped_early": true,
  "patience_counter": 40,
  "success": true
}