{
  "run_id": "MPO2-L3-d12-seed42",
  "seed": 42,
  "model": "MPO2",
  "dataset": "winequalityc",
  "task": "classification",
  "params": {
    "output_site": 1,
    "init_strength": 0.01,
    "batch_size": 64,
    "n_epochs": 1000,
    "patience": 40,
    "min_delta": 1e-08,
    "optimizer": "adamw",
    "rank": 5,
    "seeds": [
      42,
      7,
      123,
      256,
      999
    ],
    "model": "MPO2",
    "L": 3,
    "bond_dim": 12,
    "lr": 0.01
  },
  "n_parameters": 11352,
  "train_loss": 1.1250373956380717,
  "train_quality": 0.561469100505828,
  "val_loss": 2.065203593410001,
  "val_quality": 0.5158974358974359,
  "test_loss": 1.7471460947883335,
  "test_quality": 0.4748717948717949,
  "best_epoch": 40,
  "stopped_early": true,
  "patience_counter": 40,
  "success": true
}