{
  "run_id": "MPO2-L3-d8-seed7",
  "seed": 7,
  "model": "MPO2",
  "dataset": "winequalityc",
  "task": "classification",
  "params": {
    "init_strength": 0.01,
    "batch_size": 64,
    "n_epochs": 1000,
    "patience": 40,
    "min_delta": 1e-08,
    "optimizer": "adamw",
    "seeds": [
      42,
      7,
      123,
      256,
      999
    ],
    "model": "MPO2",
    "L": 3,
    "bond_dim": 8,
    "lr": 0.001
  },
  "n_parameters": 1408,
  "train_loss": 1.0514296293584195,
  "train_quality": 0.5810424455685067,
  "val_loss": 2.8032293954912366,
  "val_quality": 0.5015384615384615,
  "test_loss": 1.8352630020079923,
  "test_quality": 0.5005128205128205,
  "best_epoch": 364,
  "stopped_early": true,
  "patience_counter": 40,
  "success": true
}