{
  "run_id": "MPO2-L3-d16-seed123",
  "seed": 123,
  "model": "MPO2",
  "dataset": "winequalityc",
  "task": "classification",
  "params": {
    "output_site": 1,
    "init_strength": 0.01,
    "batch_size": 64,
    "n_epochs": 1000,
    "patience": 40,
    "min_delta": 1e-08,
    "optimizer": "adamw",
    "rank": 5,
    "seeds": [
      42,
      7,
      123,
      256,
      999
    ],
    "model": "MPO2",
    "L": 3,
    "bond_dim": 16,
    "lr": 0.01
  },
  "n_parameters": 20064,
  "train_loss": 1.1550299250490585,
  "train_quality": 0.5599296239278645,
  "val_loss": 1.8780664531149935,
  "val_quality": 0.5076923076923077,
  "test_loss": 1.651800020822881,
  "test_quality": 0.49025641025641026,
  "best_epoch": 66,
  "stopped_early": true,
  "patience_counter": 40,
  "success": true
}