{
  "run_id": "MPO2-L3-d12-seed999",
  "seed": 999,
  "model": "MPO2",
  "dataset": "winequalityc",
  "task": "classification",
  "params": {
    "init_strength": 0.01,
    "batch_size": 64,
    "n_epochs": 1000,
    "patience": 40,
    "min_delta": 1e-08,
    "optimizer": "adamw",
    "seeds": [
      42,
      7,
      123,
      256,
      999
    ],
    "model": "MPO2",
    "L": 3,
    "bond_dim": 12,
    "lr": 0.001
  },
  "n_parameters": 2640,
  "train_loss": 1.0215327637618885,
  "train_quality": 0.5812623707939301,
  "val_loss": 3.2743867926891492,
  "val_quality": 0.5169230769230769,
  "test_loss": 2.0028472071523904,
  "test_quality": 0.4758974358974359,
  "best_epoch": 249,
  "stopped_early": true,
  "patience_counter": 40,
  "success": true
}