{
  "run_id": "MPO2-L4-d12-seed999",
  "seed": 999,
  "model": "MPO2",
  "dataset": "winequalityc",
  "task": "classification",
  "params": {
    "output_site": 1,
    "init_strength": 0.01,
    "batch_size": 64,
    "n_epochs": 1000,
    "patience": 40,
    "min_delta": 1e-08,
    "optimizer": "adamw",
    "rank": 5,
    "seeds": [
      42,
      7,
      123,
      256,
      999
    ],
    "model": "MPO2",
    "L": 4,
    "bond_dim": 12,
    "lr": 0.01
  },
  "n_parameters": 12936,
  "train_loss": 1.870212569802967,
  "train_quality": 0.48119639322630303,
  "val_loss": 19.93730435118975,
  "val_quality": 0.5241025641025641,
  "test_loss": 3.5025316996608424,
  "test_quality": 0.4266666666666667,
  "best_epoch": 26,
  "stopped_early": true,
  "patience_counter": 40,
  "success": true
}