{
  "run_id": "MPO2-L4-d12-seed256",
  "seed": 256,
  "model": "MPO2",
  "dataset": "winequalityc",
  "task": "classification",
  "params": {
    "output_site": 1,
    "init_strength": 0.01,
    "batch_size": 64,
    "n_epochs": 1000,
    "patience": 40,
    "min_delta": 1e-08,
    "optimizer": "adamw",
    "rank": 5,
    "seeds": [
      42,
      7,
      123,
      256,
      999
    ],
    "model": "MPO2",
    "L": 4,
    "bond_dim": 12,
    "lr": 0.01
  },
  "n_parameters": 12936,
  "train_loss": 0.9672110588240704,
  "train_quality": 0.606553771717616,
  "val_loss": 2.978599462923877,
  "val_quality": 0.517948717948718,
  "test_loss": 1.7597537147716333,
  "test_quality": 0.522051282051282,
  "best_epoch": 152,
  "stopped_early": true,
  "patience_counter": 40,
  "success": true
}