{
  "run_id": "MPO2-L4-d12-seed42",
  "seed": 42,
  "model": "MPO2",
  "dataset": "winequalityc",
  "task": "classification",
  "params": {
    "output_site": 1,
    "init_strength": 0.01,
    "batch_size": 64,
    "n_epochs": 1000,
    "patience": 40,
    "min_delta": 1e-08,
    "optimizer": "adamw",
    "rank": 5,
    "seeds": [
      42,
      7,
      123,
      256,
      999
    ],
    "model": "MPO2",
    "L": 4,
    "bond_dim": 12,
    "lr": 0.01
  },
  "n_parameters": 12936,
  "train_loss": 1.2034844642569111,
  "train_quality": 0.5469540356278865,
  "val_loss": 2.9496492203966587,
  "val_quality": 0.5107692307692308,
  "test_loss": 1.8552847572690427,
  "test_quality": 0.4605128205128205,
  "best_epoch": 36,
  "stopped_early": true,
  "patience_counter": 40,
  "success": true
}