{
  "run_id": "MPO2-L3-d12-seed256",
  "seed": 256,
  "model": "MPO2",
  "dataset": "winequalityc",
  "task": "classification",
  "params": {
    "init_strength": 0.01,
    "batch_size": 64,
    "n_epochs": 1000,
    "patience": 40,
    "min_delta": 1e-08,
    "optimizer": "adamw",
    "seeds": [
      42,
      7,
      123,
      256,
      999
    ],
    "model": "MPO2",
    "L": 3,
    "bond_dim": 12,
    "lr": 0.001
  },
  "n_parameters": 2640,
  "train_loss": 1.01523623991617,
  "train_quality": 0.5852210248515505,
  "val_loss": 2.681451441348241,
  "val_quality": 0.5138461538461538,
  "test_loss": 2.0525781050028797,
  "test_quality": 0.48512820512820515,
  "best_epoch": 555,
  "stopped_early": true,
  "patience_counter": 40,
  "success": true
}