{
  "run_id": "MPO2TypeI_GTN-L4-d12-seed123",
  "seed": 123,
  "model": "MPO2TypeI_GTN",
  "dataset": "winequalityc",
  "task": "classification",
  "params": {
    "init_strength": 0.01,
    "batch_size": 64,
    "n_epochs": 1000,
    "patience": 40,
    "min_delta": 1e-08,
    "optimizer": "adamw",
    "seeds": [
      42,
      7,
      123,
      256,
      999
    ],
    "model": "MPO2TypeI_GTN",
    "L": 4,
    "bond_dim": 12,
    "lr": 0.001
  },
  "n_parameters": 7997,
  "train_loss": 0.4576844680872455,
  "train_quality": 0.8077853529799868,
  "val_loss": 11.804900637483456,
  "val_quality": 0.5753846153846154,
  "test_loss": 5.920802170469776,
  "test_quality": 0.5784615384615385,
  "best_epoch": 370,
  "stopped_early": true,
  "patience_counter": 40,
  "success": true
}