{
  "run_id": "MPO2-L4-d16-seed256",
  "seed": 256,
  "model": "MPO2",
  "dataset": "winequalityc",
  "task": "classification",
  "params": {
    "output_site": 1,
    "init_strength": 0.01,
    "batch_size": 64,
    "n_epochs": 1000,
    "patience": 40,
    "min_delta": 1e-08,
    "optimizer": "adamw",
    "rank": 5,
    "seeds": [
      42,
      7,
      123,
      256,
      999
    ],
    "model": "MPO2",
    "L": 4,
    "bond_dim": 16,
    "lr": 0.01
  },
  "n_parameters": 22880,
  "train_loss": 1.1127583904224385,
  "train_quality": 0.5546514185177039,
  "val_loss": 2.904420099187386,
  "val_quality": 0.5323076923076923,
  "test_loss": 2.05313604499073,
  "test_quality": 0.47897435897435897,
  "best_epoch": 86,
  "stopped_early": true,
  "patience_counter": 40,
  "success": true
}