{
  "run_id": "MPO2TypeI_GTN-L4-d12-seed999",
  "seed": 999,
  "model": "MPO2TypeI_GTN",
  "dataset": "winequalityc",
  "task": "classification",
  "params": {
    "init_strength": 0.01,
    "batch_size": 64,
    "n_epochs": 1000,
    "patience": 40,
    "min_delta": 1e-08,
    "optimizer": "adamw",
    "seeds": [
      42,
      7,
      123,
      256,
      999
    ],
    "model": "MPO2TypeI_GTN",
    "L": 4,
    "bond_dim": 12,
    "lr": 0.001
  },
  "n_parameters": 7997,
  "train_loss": 0.44212066473183964,
  "train_quality": 0.8119639322630305,
  "val_loss": 7.836764895842122,
  "val_quality": 0.5702564102564103,
  "test_loss": 5.946579957549348,
  "test_quality": 0.5682051282051283,
  "best_epoch": 692,
  "stopped_early": true,
  "patience_counter": 40,
  "success": true
}