{
  "run_id": "MPO2-L4-d16-seed123",
  "seed": 123,
  "model": "MPO2",
  "dataset": "winequalityc",
  "task": "classification",
  "params": {
    "output_site": 1,
    "init_strength": 0.01,
    "batch_size": 64,
    "n_epochs": 1000,
    "patience": 40,
    "min_delta": 1e-08,
    "optimizer": "adamw",
    "rank": 5,
    "seeds": [
      42,
      7,
      123,
      256,
      999
    ],
    "model": "MPO2",
    "L": 4,
    "bond_dim": 16,
    "lr": 0.01
  },
  "n_parameters": 22880,
  "train_loss": 1.0737041560853973,
  "train_quality": 0.5847811744007038,
  "val_loss": 3.674762474402106,
  "val_quality": 0.517948717948718,
  "test_loss": 2.0457110950006743,
  "test_quality": 0.49743589743589745,
  "best_epoch": 57,
  "stopped_early": true,
  "patience_counter": 40,
  "success": true
}