{
  "run_id": "MPO2-L3-d16-seed42",
  "seed": 42,
  "model": "MPO2",
  "dataset": "winequalityc",
  "task": "classification",
  "params": {
    "output_site": 1,
    "init_strength": 0.01,
    "batch_size": 64,
    "n_epochs": 1000,
    "patience": 40,
    "min_delta": 1e-08,
    "optimizer": "adamw",
    "rank": 5,
    "seeds": [
      42,
      7,
      123,
      256,
      999
    ],
    "model": "MPO2",
    "L": 3,
    "bond_dim": 16,
    "lr": 0.01
  },
  "n_parameters": 20064,
  "train_loss": 2.2784138275063075,
  "train_quality": 0.464482076094128,
  "val_loss": 3.1282395403578866,
  "val_quality": 0.5087179487179487,
  "test_loss": 3.3637961177656805,
  "test_quality": 0.38769230769230767,
  "best_epoch": 142,
  "stopped_early": true,
  "patience_counter": 40,
  "success": true
}