{
  "run_id": "MPO2-L4-d12-seed7",
  "seed": 7,
  "model": "MPO2",
  "dataset": "winequalityc",
  "task": "classification",
  "params": {
    "output_site": 1,
    "init_strength": 0.01,
    "batch_size": 64,
    "n_epochs": 1000,
    "patience": 40,
    "min_delta": 1e-08,
    "optimizer": "adamw",
    "rank": 5,
    "seeds": [
      42,
      7,
      123,
      256,
      999
    ],
    "model": "MPO2",
    "L": 4,
    "bond_dim": 12,
    "lr": 0.01
  },
  "n_parameters": 12936,
  "train_loss": 1.0128065558554742,
  "train_quality": 0.5933582581922147,
  "val_loss": 3.512021518230344,
  "val_quality": 0.517948717948718,
  "test_loss": 1.9032805327177562,
  "test_quality": 0.5066666666666667,
  "best_epoch": 20,
  "stopped_early": true,
  "patience_counter": 40,
  "success": true
}