{
  "run_id": "MPO2-L4-d8-seed7",
  "seed": 7,
  "model": "MPO2",
  "dataset": "winequalityc",
  "task": "classification",
  "params": {
    "init_strength": 0.01,
    "batch_size": 64,
    "n_epochs": 1000,
    "patience": 40,
    "min_delta": 1e-08,
    "optimizer": "adamw",
    "seeds": [
      42,
      7,
      123,
      256,
      999
    ],
    "model": "MPO2",
    "L": 4,
    "bond_dim": 8,
    "lr": 0.001
  },
  "n_parameters": 2112,
  "train_loss": 0.7819551716354431,
  "train_quality": 0.6786892456564768,
  "val_loss": 11.993086794832884,
  "val_quality": 0.5230769230769231,
  "test_loss": 5.7249467381766985,
  "test_quality": 0.5435897435897435,
  "best_epoch": 832,
  "stopped_early": true,
  "patience_counter": 40,
  "success": true
}