{
  "run_id": "MPO2-L4-d12-seed123",
  "seed": 123,
  "model": "MPO2",
  "dataset": "winequalityc",
  "task": "classification",
  "params": {
    "init_strength": 0.01,
    "batch_size": 64,
    "n_epochs": 1000,
    "patience": 40,
    "min_delta": 1e-08,
    "optimizer": "adamw",
    "seeds": [
      42,
      7,
      123,
      256,
      999
    ],
    "model": "MPO2",
    "L": 4,
    "bond_dim": 12,
    "lr": 0.001
  },
  "n_parameters": 4224,
  "train_loss": 0.6370017672894025,
  "train_quality": 0.725753243897075,
  "val_loss": 19.958637653437275,
  "val_quality": 0.5333333333333333,
  "test_loss": 7.832569572541658,
  "test_quality": 0.5271794871794871,
  "best_epoch": 374,
  "stopped_early": true,
  "patience_counter": 40,
  "success": true
}