{
  "run_id": "MPO2-L3-d8-seed42",
  "seed": 42,
  "model": "MPO2",
  "dataset": "winequalityc",
  "task": "classification",
  "params": {
    "output_site": 1,
    "init_strength": 0.01,
    "batch_size": 64,
    "n_epochs": 1000,
    "patience": 40,
    "min_delta": 1e-08,
    "optimizer": "adamw",
    "rank": 5,
    "seeds": [
      42,
      7,
      123,
      256,
      999
    ],
    "model": "MPO2",
    "L": 3,
    "bond_dim": 8,
    "lr": 0.01
  },
  "n_parameters": 5104,
  "train_loss": 1.1060249751350664,
  "train_quality": 0.5722454365515725,
  "val_loss": 1.8426114832153941,
  "val_quality": 0.517948717948718,
  "test_loss": 1.694978066577034,
  "test_quality": 0.49230769230769234,
  "best_epoch": 183,
  "stopped_early": true,
  "patience_counter": 40,
  "success": true
}