{
  "run_id": "MPO2-L4-d8-seed256",
  "seed": 256,
  "model": "MPO2",
  "dataset": "winequalityc",
  "task": "classification",
  "params": {
    "init_strength": 0.01,
    "batch_size": 64,
    "n_epochs": 1000,
    "patience": 40,
    "min_delta": 1e-08,
    "optimizer": "adamw",
    "seeds": [
      42,
      7,
      123,
      256,
      999
    ],
    "model": "MPO2",
    "L": 4,
    "bond_dim": 8,
    "lr": 0.001
  },
  "n_parameters": 2112,
  "train_loss": 0.7821342331658662,
  "train_quality": 0.6648339564548054,
  "val_loss": 9.533706988474234,
  "val_quality": 0.5241025641025641,
  "test_loss": 7.134577868673427,
  "test_quality": 0.5323076923076923,
  "best_epoch": 844,
  "stopped_early": true,
  "patience_counter": 40,
  "success": true
}