{
  "run_id": "MPO2TypeI_GTN-L4-d16-seed123",
  "seed": 123,
  "model": "MPO2TypeI_GTN",
  "dataset": "winequalityc",
  "task": "classification",
  "params": {
    "init_strength": 0.01,
    "batch_size": 64,
    "n_epochs": 1000,
    "patience": 40,
    "min_delta": 1e-08,
    "optimizer": "adamw",
    "seeds": [
      42,
      7,
      123,
      256,
      999
    ],
    "model": "MPO2TypeI_GTN",
    "L": 4,
    "bond_dim": 16,
    "lr": 0.001
  },
  "n_parameters": 12749,
  "train_loss": 0.42219056382132736,
  "train_quality": 0.8242797448867385,
  "val_loss": 12.452809619003993,
  "val_quality": 0.5743589743589743,
  "test_loss": 5.6298207408693,
  "test_quality": 0.5764102564102564,
  "best_epoch": 480,
  "stopped_early": true,
  "patience_counter": 40,
  "success": true
}