{
  "run_id": "MPO2-L3-d12-seed7",
  "seed": 7,
  "model": "MPO2",
  "dataset": "winequalityc",
  "task": "classification",
  "params": {
    "init_strength": 0.01,
    "batch_size": 64,
    "n_epochs": 1000,
    "patience": 40,
    "min_delta": 1e-08,
    "optimizer": "adamw",
    "seeds": [
      42,
      7,
      123,
      256,
      999
    ],
    "model": "MPO2",
    "L": 3,
    "bond_dim": 12,
    "lr": 0.001
  },
  "n_parameters": 2640,
  "train_loss": 1.0135001217024766,
  "train_quality": 0.5889597536837475,
  "val_loss": 3.016095299223769,
  "val_quality": 0.5282051282051282,
  "test_loss": 2.0131368900786804,
  "test_quality": 0.5076923076923077,
  "best_epoch": 231,
  "stopped_early": true,
  "patience_counter": 40,
  "success": true
}