{
  "run_id": "LMPO2-L4-d12-jit0.1-rf0.3-seed123",
  "seed": 123,
  "model": "LMPO2",
  "grid_params": {
    "model": "LMPO2",
    "L": 4,
    "bond_dim": 12,
    "jitter_start": 0.1,
    "reduction_factor": 0.3
  },
  "n_parameters": 816,
  "train_loss": 3.237637133840939,
  "train_quality": 0.9681278456474097,
  "val_loss": 4.030202343789211,
  "val_quality": 0.9605713534139875,
  "test_loss": 4.77522961621989,
  "test_quality": 0.951249628212317,
  "success": true,
  "singular": false
}