{
  "run_id": "LMPO2-L4-d16-jit5-rf0.5-seed42",
  "seed": 42,
  "model": "LMPO2",
  "grid_params": {
    "model": "LMPO2",
    "L": 4,
    "bond_dim": 16,
    "jitter_start": 5.0,
    "reduction_factor": 0.5
  },
  "n_parameters": 2560,
  "train_loss": 4.704344970852116,
  "train_quality": 0.9536891866381105,
  "val_loss": 5.236712578990784,
  "val_quality": 0.9487677114108808,
  "test_loss": 6.873229564785612,
  "test_quality": 0.9298311236118861,
  "success": true,
  "singular": false
}