{
  "run_id": "LMPO2-L4-d16-jit0.1-rf0.3-seed999",
  "seed": 999,
  "model": "LMPO2",
  "grid_params": {
    "model": "LMPO2",
    "L": 4,
    "bond_dim": 16,
    "jitter_start": 0.1,
    "reduction_factor": 0.3
  },
  "n_parameters": 1280,
  "train_loss": 3.27116315421128,
  "train_quality": 0.967797806655423,
  "val_loss": 3.856006152303891,
  "val_quality": 0.9622755656308477,
  "test_loss": 3.973980124873248,
  "test_quality": 0.9594295931013691,
  "success": true,
  "singular": false
}