{
  "run_id": "LMPO2-L3-d8-jit0.1-rf0.5-seed123",
  "seed": 123,
  "model": "LMPO2",
  "grid_params": {
    "model": "LMPO2",
    "L": 3,
    "bond_dim": 8,
    "jitter_start": 0.1,
    "reduction_factor": 0.5
  },
  "n_parameters": 576,
  "train_loss": 1.5636333085749852,
  "train_quality": 0.9846071810701558,
  "val_loss": 1.7527035521380907,
  "val_quality": 0.9828527892566488,
  "test_loss": 2.1939669781903057,
  "test_quality": 0.9776017669363207,
  "success": true,
  "singular": false
}