{
  "run_id": "LMPO2-L3-d12-jit5-rf0.3-seed42",
  "seed": 42,
  "model": "LMPO2",
  "grid_params": {
    "model": "LMPO2",
    "L": 3,
    "bond_dim": 12,
    "jitter_start": 5.0,
    "reduction_factor": 0.3
  },
  "n_parameters": 464,
  "train_loss": 21.545280156915595,
  "train_quality": 0.7879025763716884,
  "val_loss": 22.82474340426039,
  "val_quality": 0.7766988691052006,
  "test_loss": 26.63837409888442,
  "test_quality": 0.7280485451989617,
  "success": true,
  "singular": false
}