{
  "run_id": "LMPO2-L4-d8-jit0.1-rf0.1-seed7",
  "seed": 7,
  "model": "LMPO2",
  "grid_params": {
    "model": "LMPO2",
    "L": 4,
    "bond_dim": 8,
    "jitter_start": 0.1,
    "reduction_factor": 0.1
  },
  "n_parameters": 480,
  "train_loss": 6.867284959253069,
  "train_quality": 0.9323966345960225,
  "val_loss": 8.540586816933525,
  "val_quality": 0.9164449448149987,
  "test_loss": 9.650076335279483,
  "test_quality": 0.9014822643236986,
  "success": true,
  "singular": false
}