{
  "run_id": "LMPO2-L3-d12-jit5-rf0.1-seed999",
  "seed": 999,
  "model": "LMPO2",
  "grid_params": {
    "model": "LMPO2",
    "L": 3,
    "bond_dim": 12,
    "jitter_start": 5.0,
    "reduction_factor": 0.1
  },
  "n_parameters": 464,
  "train_loss": 39.08029885545769,
  "train_quality": 0.6152832248409411,
  "val_loss": 39.264030210375374,
  "val_quality": 0.6158685250398985,
  "test_loss": 50.6413069501508,
  "test_quality": 0.4830023391444076,
  "success": true,
  "singular": false
}