{
  "run_id": "LMPO2-L3-d8-jit5-rf0.3-seed7",
  "seed": 7,
  "model": "LMPO2",
  "grid_params": {
    "model": "LMPO2",
    "L": 3,
    "bond_dim": 8,
    "jitter_start": 5.0,
    "reduction_factor": 0.3
  },
  "n_parameters": 3600,
  "train_loss": 0.5185184459401097,
  "train_quality": 0.9948955675820093,
  "val_loss": 0.578323640924377,
  "val_quality": 0.9943420909162332,
  "test_loss": 0.8615928625154947,
  "test_quality": 0.991203988969541,
  "success": true,
  "singular": false
}