{
  "run_id": "LMPO2-L4-d16-jit5-rf0.5-seed123",
  "seed": 123,
  "model": "LMPO2",
  "grid_params": {
    "model": "LMPO2",
    "L": 4,
    "bond_dim": 16,
    "jitter_start": 5.0,
    "reduction_factor": 0.5
  },
  "n_parameters": 2560,
  "train_loss": 2.328694353691094,
  "train_quality": 0.9770757182436942,
  "val_loss": 2.5622422487446124,
  "val_quality": 0.9749328357547139,
  "test_loss": 3.5134962725872794,
  "test_quality": 0.9641306778251097,
  "success": true,
  "singular": false
}