{
  "run_id": "LMPO2-L4-d8-jit0.1-rf0.1-seed999",
  "seed": 999,
  "model": "LMPO2",
  "grid_params": {
    "model": "LMPO2",
    "L": 4,
    "bond_dim": 8,
    "jitter_start": 0.1,
    "reduction_factor": 0.1
  },
  "n_parameters": 480,
  "train_loss": 2.3986628903082843,
  "train_quality": 0.976386929504654,
  "val_loss": 2.7403522747031888,
  "val_quality": 0.9731903333521315,
  "test_loss": 3.312174680870992,
  "test_quality": 0.9661859721740392,
  "success": true,
  "singular": false
}