{
  "run_id": "LMPO2-L3-d8-jit0.1-rf0.1-seed42",
  "seed": 42,
  "model": "LMPO2",
  "grid_params": {
    "model": "LMPO2",
    "L": 3,
    "bond_dim": 8,
    "jitter_start": 0.1,
    "reduction_factor": 0.1
  },
  "n_parameters": 288,
  "train_loss": 12.324141873127452,
  "train_quality": 0.8786778950803704,
  "val_loss": 14.855922175913502,
  "val_quality": 0.8546601745477931,
  "test_loss": 14.085901738280645,
  "test_quality": 0.8561968738899001,
  "success": true,
  "singular": false
}