{
  "run_id": "LMPO2-L3-d12-jit5-rf0.3-seed256",
  "seed": 256,
  "model": "LMPO2",
  "grid_params": {
    "model": "LMPO2",
    "L": 3,
    "bond_dim": 12,
    "jitter_start": 5.0,
    "reduction_factor": 0.3
  },
  "n_parameters": 464,
  "train_loss": 31.421303915224332,
  "train_quality": 0.6906803922286371,
  "val_loss": 36.03921347429309,
  "val_quality": 0.6474178490056276,
  "test_loss": 39.60626906525235,
  "test_quality": 0.5956591625467182,
  "success": true,
  "singular": false
}