{
  "run_id": "LMPO2-L4-d8-jit5-rf0.3-seed256",
  "seed": 256,
  "model": "LMPO2",
  "grid_params": {
    "model": "LMPO2",
    "L": 4,
    "bond_dim": 8,
    "jitter_start": 5.0,
    "reduction_factor": 0.3
  },
  "n_parameters": 480,
  "train_loss": 5.295965062263452,
  "train_quality": 0.9478651223306982,
  "val_loss": 5.634958914930827,
  "val_quality": 0.9448715511949669,
  "test_loss": 7.634667561607252,
  "test_quality": 0.922057594709268,
  "success": true,
  "singular": false
}