{
  "run_id": "LMPO2-L4-d8-jit5-rf0.1-seed999",
  "seed": 999,
  "model": "LMPO2",
  "grid_params": {
    "model": "LMPO2",
    "L": 4,
    "bond_dim": 8,
    "jitter_start": 5.0,
    "reduction_factor": 0.1
  },
  "n_parameters": 480,
  "train_loss": 4.49790973337172,
  "train_quality": 0.9557213895937837,
  "val_loss": 4.947642964250556,
  "val_quality": 0.9515957638772568,
  "test_loss": 6.260918393913773,
  "test_quality": 0.9360822151046096,
  "success": true,
  "singular": false
}