{
  "run_id": "LMPO2-L3-d8-jit0.1-rf0.3-seed7",
  "seed": 7,
  "model": "LMPO2",
  "grid_params": {
    "model": "LMPO2",
    "L": 3,
    "bond_dim": 8,
    "jitter_start": 0.1,
    "reduction_factor": 0.3
  },
  "n_parameters": 288,
  "train_loss": 4.94805554680406,
  "train_quality": 0.9512900354136236,
  "val_loss": 5.771923620835718,
  "val_quality": 0.9435315854753292,
  "test_loss": 6.863876186187542,
  "test_quality": 0.9299266123570928,
  "success": true,
  "singular": false
}