{
  "run_id": "LMPO2TypeI-L3-d8-jit5-rf0.3-seed42",
  "seed": 42,
  "model": "LMPO2TypeI",
  "grid_params": {
    "model": "LMPO2TypeI",
    "L": 3,
    "bond_dim": 8,
    "jitter_start": 5.0,
    "reduction_factor": 0.3
  },
  "n_parameters": 1746,
  "train_loss": 0.29524714950351766,
  "train_quality": 0.9970935091450552,
  "val_loss": 0.38490011451926137,
  "val_quality": 0.9962344097661292,
  "success": true,
  "singular": false
}