{
  "run_id": "LMPO2-L4-d12-jit5-rf0.5-seed256",
  "seed": 256,
  "model": "LMPO2",
  "grid_params": {
    "model": "LMPO2",
    "L": 4,
    "bond_dim": 12,
    "jitter_start": 5.0,
    "reduction_factor": 0.5
  },
  "n_parameters": 1632,
  "train_loss": 3.918034842285716,
  "train_quality": 0.9614298310496546,
  "val_loss": 4.210203877192851,
  "val_quality": 0.9588103458416383,
  "test_loss": 5.50387138804774,
  "test_quality": 0.9438109163321617,
  "success": true,
  "singular": false
}