{
  "run_id": "LMPO2-L3-d8-jit0.1-rf0.3-seed256",
  "seed": 256,
  "model": "LMPO2",
  "grid_params": {
    "model": "LMPO2",
    "L": 3,
    "bond_dim": 8,
    "jitter_start": 0.1,
    "reduction_factor": 0.3
  },
  "n_parameters": 288,
  "train_loss": 4.766821045833361,
  "train_quality": 0.9530741556686628,
  "val_loss": 5.567212590318017,
  "val_quality": 0.9455343332745754,
  "test_loss": 6.062991528509651,
  "test_quality": 0.9381028526551993,
  "success": true,
  "singular": false
}