{
  "run_id": "LMPO2-L4-d12-jit5-rf0.3-seed123",
  "seed": 123,
  "model": "LMPO2",
  "grid_params": {
    "model": "LMPO2",
    "L": 4,
    "bond_dim": 12,
    "jitter_start": 5.0,
    "reduction_factor": 0.3
  },
  "n_parameters": 816,
  "train_loss": 6.541645373257585,
  "train_quality": 0.9356023166163077,
  "val_loss": 6.81416520449729,
  "val_quality": 0.9333350316663706,
  "test_loss": 8.7003916115627,
  "test_quality": 0.9111776061361675,
  "success": true,
  "singular": false
}