{
  "run_id": "LMPO2-L3-d16-jit0.1-rf0.1-seed7",
  "seed": 7,
  "model": "LMPO2",
  "grid_params": {
    "model": "LMPO2",
    "L": 3,
    "bond_dim": 16,
    "jitter_start": 0.1,
    "reduction_factor": 0.1
  },
  "n_parameters": 704,
  "train_loss": 5.3118392786819255,
  "train_quality": 0.9477088523550955,
  "val_loss": 6.824171098818363,
  "val_quality": 0.9332371410799163,
  "test_loss": 6.703385864220594,
  "test_quality": 0.9315650598230825,
  "success": true,
  "singular": false
}