{
  "run_id": "LMPO2-L4-d8-jit0.1-rf0.3-seed42",
  "seed": 42,
  "model": "LMPO2",
  "grid_params": {
    "model": "LMPO2",
    "L": 4,
    "bond_dim": 8,
    "jitter_start": 0.1,
    "reduction_factor": 0.3
  },
  "n_parameters": 480,
  "train_loss": 3.470572860018503,
  "train_quality": 0.9658347648875667,
  "val_loss": 4.261219589958692,
  "val_quality": 0.9583112442240538,
  "test_loss": 4.218601030586439,
  "test_quality": 0.956932255578572,
  "success": true,
  "singular": false
}