{
  "run_id": "LMPO2-L4-d16-jit5-rf0.3-seed123",
  "seed": 123,
  "model": "LMPO2",
  "grid_params": {
    "model": "LMPO2",
    "L": 4,
    "bond_dim": 16,
    "jitter_start": 5.0,
    "reduction_factor": 0.3
  },
  "n_parameters": 1280,
  "train_loss": 2.9931034072456586,
  "train_quality": 0.9705351001840579,
  "val_loss": 3.755183134761645,
  "val_quality": 0.9632619466577296,
  "test_loss": 4.449514973453435,
  "test_quality": 0.9545748525905589,
  "success": true,
  "singular": false
}