{
  "run_id": "LMPO2-L3-d8-jit5-rf0.5-seed42",
  "seed": 42,
  "model": "LMPO2",
  "grid_params": {
    "model": "LMPO2",
    "L": 3,
    "bond_dim": 8,
    "jitter_start": 5.0,
    "reduction_factor": 0.5
  },
  "n_parameters": 576,
  "train_loss": 20.774505005001746,
  "train_quality": 0.7954902903734102,
  "val_loss": 22.436371311682937,
  "val_quality": 0.7804984267144369,
  "test_loss": 24.071090661910187,
  "test_quality": 0.7542579701053035,
  "success": true,
  "singular": false
}