{
  "run_id": "LMPO2-L3-d8-jit0.1-rf0.5-seed42",
  "seed": 42,
  "model": "LMPO2",
  "grid_params": {
    "model": "LMPO2",
    "L": 3,
    "bond_dim": 8,
    "jitter_start": 0.1,
    "reduction_factor": 0.5
  },
  "n_parameters": 576,
  "train_loss": 1.851749739574319,
  "train_quality": 0.981770886889951,
  "val_loss": 2.2161228612606587,
  "val_quality": 0.9783190228097393,
  "test_loss": 2.4192824393424814,
  "test_quality": 0.9753015189098442,
  "success": true,
  "singular": false
}