{
  "run_id": "LMPO2TypeI-L3-d8-jit5-rf0.1-seed256",
  "seed": 256,
  "model": "LMPO2TypeI",
  "grid_params": {
    "model": "LMPO2TypeI",
    "L": 3,
    "bond_dim": 8,
    "jitter_start": 5.0,
    "reduction_factor": 0.1
  },
  "n_parameters": 1746,
  "train_loss": 0.3913177559045739,
  "train_quality": 0.9961477647427698,
  "val_loss": 0.4759149000562656,
  "val_quality": 0.9953439855375368,
  "success": true,
  "singular": false
}