{
  "run_id": "LMPO2-L3-d12-jit0.1-rf0.3-seed123",
  "seed": 123,
  "model": "LMPO2",
  "grid_params": {
    "model": "LMPO2",
    "L": 3,
    "bond_dim": 12,
    "jitter_start": 0.1,
    "reduction_factor": 0.3
  },
  "n_parameters": 464,
  "train_loss": 26.137263161313292,
  "train_quality": 0.7426978838597125,
  "val_loss": 28.90848506518698,
  "val_quality": 0.7171798476250668,
  "test_loss": 35.97241319827399,
  "test_quality": 0.6327572371474288,
  "success": true,
  "singular": false
}