{
  "run_id": "LMPO2-L4-d8-jit0.1-rf0.5-seed42",
  "seed": 42,
  "model": "LMPO2",
  "grid_params": {
    "model": "LMPO2",
    "L": 4,
    "bond_dim": 8,
    "jitter_start": 0.1,
    "reduction_factor": 0.5
  },
  "n_parameters": 960,
  "train_loss": 1.78133496846723,
  "train_quality": 0.9824640684790702,
  "val_loss": 2.473075976059332,
  "val_quality": 0.9758051754422032,
  "test_loss": 2.85429177776563,
  "test_quality": 0.9708605037789257,
  "success": true,
  "singular": false
}