{
  "run_id": "LMPO2-L3-d16-jit0.1-rf0.1-seed256",
  "seed": 256,
  "model": "LMPO2",
  "grid_params": {
    "model": "LMPO2",
    "L": 3,
    "bond_dim": 16,
    "jitter_start": 0.1,
    "reduction_factor": 0.1
  },
  "n_parameters": 704,
  "train_loss": 7.646477381149253,
  "train_quality": 0.924726058767291,
  "val_loss": 10.368185009791267,
  "val_quality": 0.8985650179278359,
  "test_loss": 12.009602906625943,
  "test_quality": 0.8773938315485823,
  "success": true,
  "singular": false
}