{
  "run_id": "LMPO2-L3-d12-jit0.1-rf0.1-seed7",
  "seed": 7,
  "model": "LMPO2",
  "grid_params": {
    "model": "LMPO2",
    "L": 3,
    "bond_dim": 12,
    "jitter_start": 0.1,
    "reduction_factor": 0.1
  },
  "n_parameters": 464,
  "train_loss": 15.385958009262254,
  "train_quality": 0.8485365690280685,
  "val_loss": 17.12032437072636,
  "val_quality": 0.832506866536979,
  "test_loss": 18.63118016107006,
  "test_quality": 0.8097940763706206,
  "success": true,
  "singular": false
}