{
  "run_id": "LMPO2-L3-d8-jit0.1-rf0.3-seed999",
  "seed": 999,
  "model": "LMPO2",
  "grid_params": {
    "model": "LMPO2",
    "L": 3,
    "bond_dim": 8,
    "jitter_start": 0.1,
    "reduction_factor": 0.3
  },
  "n_parameters": 288,
  "train_loss": 8.16380167959527,
  "train_quality": 0.9196333818523657,
  "val_loss": 9.684218196468125,
  "val_quality": 0.9052564650212154,
  "test_loss": 10.434165451947322,
  "test_quality": 0.8934774898888952,
  "success": true,
  "singular": false
}