{
  "run_id": "LMPO2-L4-d16-jit0.1-rf0.3-seed42",
  "seed": 42,
  "model": "LMPO2",
  "grid_params": {
    "model": "LMPO2",
    "L": 4,
    "bond_dim": 16,
    "jitter_start": 0.1,
    "reduction_factor": 0.3
  },
  "n_parameters": 1280,
  "train_loss": 4.468316326206971,
  "train_quality": 0.9560127149035645,
  "val_loss": 4.980771908730114,
  "val_quality": 0.951271653737808,
  "test_loss": 6.828487551084283,
  "test_quality": 0.9302878953229387,
  "success": true,
  "singular": false
}