{
  "run_id": "LMPO2-L4-d16-jit5-rf0.1-seed7",
  "seed": 7,
  "model": "LMPO2",
  "grid_params": {
    "model": "LMPO2",
    "L": 4,
    "bond_dim": 16,
    "jitter_start": 5.0,
    "reduction_factor": 0.1
  },
  "n_parameters": 1280,
  "train_loss": 5.138222544302686,
  "train_quality": 0.9494179813054924,
  "val_loss": 5.345039458163155,
  "val_quality": 0.9477079179141014,
  "test_loss": 6.405265346324658,
  "test_quality": 0.9346085754763608,
  "success": true,
  "singular": false
}