{
  "run_id": "LMPO2-L4-d12-jit5-rf0.3-seed999",
  "seed": 999,
  "model": "LMPO2",
  "grid_params": {
    "model": "LMPO2",
    "L": 4,
    "bond_dim": 12,
    "jitter_start": 5.0,
    "reduction_factor": 0.3
  },
  "n_parameters": 816,
  "train_loss": 5.097462331852846,
  "train_quality": 0.949819235593401,
  "val_loss": 5.483595887139639,
  "val_quality": 0.9463523799027772,
  "test_loss": 7.340930336385028,
  "test_quality": 0.9250563612793249,
  "success": true,
  "singular": false
}