{
  "run_id": "LMPO2-L4-d12-jit0.1-rf0.3-seed42",
  "seed": 42,
  "model": "LMPO2",
  "grid_params": {
    "model": "LMPO2",
    "L": 4,
    "bond_dim": 12,
    "jitter_start": 0.1,
    "reduction_factor": 0.3
  },
  "n_parameters": 816,
  "train_loss": 2.583672177351739,
  "train_quality": 0.9745656492593548,
  "val_loss": 3.3803334234632065,
  "val_quality": 0.9669292108615807,
  "test_loss": 3.647992840824508,
  "test_quality": 0.9627576008774671,
  "success": true,
  "singular": false
}