{
  "run_id": "LMPO2-L4-d12-jit5-rf0.5-seed7",
  "seed": 7,
  "model": "LMPO2",
  "grid_params": {
    "model": "LMPO2",
    "L": 4,
    "bond_dim": 12,
    "jitter_start": 5.0,
    "reduction_factor": 0.5
  },
  "n_parameters": 1632,
  "train_loss": 2.5519290622537034,
  "train_quality": 0.9748781368613352,
  "val_loss": 2.7835003451371256,
  "val_quality": 0.9727682031772954,
  "test_loss": 3.2942812804198787,
  "test_quality": 0.9663686460964773,
  "success": true,
  "singular": false
}