{
  "run_id": "LMPO2-L3-d16-jit5-rf0.3-seed7",
  "seed": 7,
  "model": "LMPO2",
  "grid_params": {
    "model": "LMPO2",
    "L": 3,
    "bond_dim": 16,
    "jitter_start": 5.0,
    "reduction_factor": 0.3
  },
  "n_parameters": 704,
  "train_loss": 27.48650023604588,
  "train_quality": 0.7294156380346227,
  "val_loss": 26.303553771874235,
  "val_quality": 0.7426646512610812,
  "test_loss": 27.725530869817632,
  "test_quality": 0.7169497497411537,
  "success": true,
  "singular": false
}