{
  "run_id": "LMPO2-L4-d12-jit5-rf0.3-seed7",
  "seed": 7,
  "model": "LMPO2",
  "grid_params": {
    "model": "LMPO2",
    "L": 4,
    "bond_dim": 12,
    "jitter_start": 5.0,
    "reduction_factor": 0.3
  },
  "n_parameters": 816,
  "train_loss": 4.1900583977646475,
  "train_quality": 0.9587519593829557,
  "val_loss": 5.301185952516999,
  "val_quality": 0.9481369495676472,
  "test_loss": 6.276115582309713,
  "test_quality": 0.9359270668407622,
  "success": true,
  "singular": false
}