{
  "run_id": "LMPO2-L3-d12-jit5-rf0.1-seed7",
  "seed": 7,
  "model": "LMPO2",
  "grid_params": {
    "model": "LMPO2",
    "L": 3,
    "bond_dim": 12,
    "jitter_start": 5.0,
    "reduction_factor": 0.1
  },
  "n_parameters": 464,
  "train_loss": 17.516980198150538,
  "train_quality": 0.8275582242274374,
  "val_loss": 19.888109316876655,
  "val_quality": 0.8054288180523859,
  "test_loss": 20.69688966086093,
  "test_quality": 0.7887052253176587,
  "success": true,
  "singular": false
}