{
  "run_id": "LMPO2-L3-d8-jit5-rf0.3-seed123",
  "seed": 123,
  "model": "LMPO2",
  "grid_params": {
    "model": "LMPO2",
    "L": 3,
    "bond_dim": 8,
    "jitter_start": 5.0,
    "reduction_factor": 0.3
  },
  "n_parameters": 288,
  "train_loss": 12.372107054046804,
  "train_quality": 0.8782057131814688,
  "val_loss": 13.557479685071167,
  "val_quality": 0.8673632166574728,
  "test_loss": 18.519262943432665,
  "test_quality": 0.8109366404791054,
  "success": true,
  "singular": false
}