{
  "run_id": "LMPO2-L4-d12-jit0.1-rf0.1-seed256",
  "seed": 256,
  "model": "LMPO2",
  "grid_params": {
    "model": "LMPO2",
    "L": 4,
    "bond_dim": 12,
    "jitter_start": 0.1,
    "reduction_factor": 0.1
  },
  "n_parameters": 816,
  "train_loss": 3.7950891797034196,
  "train_quality": 0.9626401405972708,
  "val_loss": 4.957420227491594,
  "val_quality": 0.9515001100554322,
  "test_loss": 6.06693557133203,
  "test_quality": 0.9380625878785519,
  "success": true,
  "singular": false
}