{
  "run_id": "LMPO2-L4-d12-jit5-rf0.5-seed999",
  "seed": 999,
  "model": "LMPO2",
  "grid_params": {
    "model": "LMPO2",
    "L": 4,
    "bond_dim": 12,
    "jitter_start": 5.0,
    "reduction_factor": 0.5
  },
  "n_parameters": 1632,
  "train_loss": 3.9190788227732805,
  "train_quality": 0.9614195538302304,
  "val_loss": 4.7059410160469834,
  "val_quality": 0.953960404627753,
  "test_loss": 5.5878164720170584,
  "test_quality": 0.9429539200446215,
  "success": true,
  "singular": false
}