{
  "run_id": "LMPO2-L4-d8-jit0.1-rf0.5-seed256",
  "seed": 256,
  "model": "LMPO2",
  "grid_params": {
    "model": "LMPO2",
    "L": 4,
    "bond_dim": 8,
    "jitter_start": 0.1,
    "reduction_factor": 0.5
  },
  "n_parameters": 960,
  "train_loss": 2.124337298293115,
  "train_quality": 0.9790874630265193,
  "val_loss": 2.4782760886295603,
  "val_quality": 0.9757543012221892,
  "test_loss": 2.772146205131037,
  "test_quality": 0.9716991288354143,
  "success": true,
  "singular": false
}