{
  "run_id": "LMPO2-L4-d16-jit5-rf0.3-seed999",
  "seed": 999,
  "model": "LMPO2",
  "grid_params": {
    "model": "LMPO2",
    "L": 4,
    "bond_dim": 16,
    "jitter_start": 5.0,
    "reduction_factor": 0.3
  },
  "n_parameters": 1280,
  "train_loss": 2.9622266667413886,
  "train_quality": 0.9708390589659024,
  "val_loss": 3.566289705576704,
  "val_quality": 0.9651099462434651,
  "test_loss": 3.8018264086851827,
  "test_quality": 0.9611871122875235,
  "success": true,
  "singular": false
}