{
  "run_id": "LMPO2-L3-d8-jit0.1-rf0.5-seed256",
  "seed": 256,
  "model": "LMPO2",
  "grid_params": {
    "model": "LMPO2",
    "L": 3,
    "bond_dim": 8,
    "jitter_start": 0.1,
    "reduction_factor": 0.5
  },
  "n_parameters": 576,
  "train_loss": 2.372592816502632,
  "train_quality": 0.9766435701910461,
  "val_loss": 2.956098161044446,
  "val_quality": 0.9710796283355347,
  "test_loss": 3.168517605527241,
  "test_quality": 0.9676525688397055,
  "success": true,
  "singular": false
}