{
  "run_id": "LMPO2-L4-d8-jit5-rf0.3-seed123",
  "seed": 123,
  "model": "LMPO2",
  "grid_params": {
    "model": "LMPO2",
    "L": 4,
    "bond_dim": 8,
    "jitter_start": 5.0,
    "reduction_factor": 0.3
  },
  "n_parameters": 480,
  "train_loss": 6.083154535199509,
  "train_quality": 0.9401158214211218,
  "val_loss": 6.216069015306303,
  "val_quality": 0.9391863813645795,
  "test_loss": 8.090191475913871,
  "test_quality": 0.9174071460470301,
  "success": true,
  "singular": false
}