{
  "run_id": "LMPO2-L3-d8-jit5-rf0.3-seed999",
  "seed": 999,
  "model": "LMPO2",
  "grid_params": {
    "model": "LMPO2",
    "L": 3,
    "bond_dim": 8,
    "jitter_start": 5.0,
    "reduction_factor": 0.3
  },
  "n_parameters": 288,
  "train_loss": 5.88288072908334,
  "train_quality": 0.942087369620454,
  "val_loss": 7.101284309753466,
  "val_quality": 0.9305260616039408,
  "test_loss": 6.301363309253097,
  "test_quality": 0.9356693125181003,
  "success": true,
  "singular": false
}