{
  "run_id": "LMPO2-L4-d16-jit5-rf0.5-seed999",
  "seed": 999,
  "model": "LMPO2",
  "grid_params": {
    "model": "LMPO2",
    "L": 4,
    "bond_dim": 16,
    "jitter_start": 5.0,
    "reduction_factor": 0.5
  },
  "n_parameters": 2560,
  "train_loss": 6.161309648630569,
  "train_quality": 0.9393464418595019,
  "val_loss": 6.379447819801921,
  "val_quality": 0.9375879988039545,
  "test_loss": 8.980953700645138,
  "test_quality": 0.9083133446761866,
  "success": true,
  "singular": false
}