{
  "run_id": "LMPO2-L3-d16-jit0.1-rf0.5-seed123",
  "seed": 123,
  "model": "LMPO2",
  "grid_params": {
    "model": "LMPO2",
    "L": 3,
    "bond_dim": 16,
    "jitter_start": 0.1,
    "reduction_factor": 0.5
  },
  "n_parameters": 1408,
  "train_loss": 2.0135496615841215,
  "train_quality": 0.9801780857589558,
  "val_loss": 2.2959534375236137,
  "val_quality": 0.9775380169669233,
  "test_loss": 3.0173278921405173,
  "test_quality": 0.9691960662901822,
  "success": true,
  "singular": false
}