{
  "run_id": "LMPO2-L3-d16-jit5-rf0.3-seed42",
  "seed": 42,
  "model": "LMPO2",
  "grid_params": {
    "model": "LMPO2",
    "L": 3,
    "bond_dim": 16,
    "jitter_start": 5.0,
    "reduction_factor": 0.3
  },
  "n_parameters": 704,
  "train_loss": 7.440457370763427,
  "train_quality": 0.9267541741178675,
  "val_loss": 7.583798619174578,
  "val_quality": 0.9258054831922445,
  "test_loss": 9.58133082226304,
  "test_quality": 0.9021840880238413,
  "success": true,
  "singular": false
}