{
  "run_id": "LMPO2TypeI-L3-d8-jit5-rf0.1-seed123",
  "seed": 123,
  "model": "LMPO2TypeI",
  "grid_params": {
    "model": "LMPO2TypeI",
    "L": 3,
    "bond_dim": 8,
    "jitter_start": 5.0,
    "reduction_factor": 0.1
  },
  "n_parameters": 1746,
  "train_loss": 0.37498326776816054,
  "train_quality": 0.9963085657546289,
  "val_loss": 0.4825109565966572,
  "val_quality": 0.9952794543899647,
  "success": true,
  "singular": false
}