{
  "run_id": "LMPO2-L4-d12-jit0.1-rf0.3-seed7",
  "seed": 7,
  "model": "LMPO2",
  "grid_params": {
    "model": "LMPO2",
    "L": 4,
    "bond_dim": 12,
    "jitter_start": 0.1,
    "reduction_factor": 0.3
  },
  "n_parameters": 816,
  "train_loss": 4.170640191606751,
  "train_quality": 0.9589431173288063,
  "val_loss": 5.094765362823074,
  "val_quality": 0.9501564224836064,
  "test_loss": 5.470039305531333,
  "test_quality": 0.9441563084354909,
  "success": true,
  "singular": false
}