{
  "run_id": "LMPO2-L3-d12-jit5-rf0.5-seed256",
  "seed": 256,
  "model": "LMPO2",
  "grid_params": {
    "model": "LMPO2",
    "L": 3,
    "bond_dim": 12,
    "jitter_start": 5.0,
    "reduction_factor": 0.5
  },
  "n_parameters": 928,
  "train_loss": 27.629443557807498,
  "train_quality": 0.7280084662526962,
  "val_loss": 26.272647917511627,
  "val_quality": 0.7429670122606424,
  "test_loss": 31.309329306552,
  "test_quality": 0.6803627119975696,
  "success": true,
  "singular": false
}