{
  "run_id": "LMPO2-L3-d16-jit5-rf0.5-seed7",
  "seed": 7,
  "model": "LMPO2",
  "grid_params": {
    "model": "LMPO2",
    "L": 3,
    "bond_dim": 16,
    "jitter_start": 5.0,
    "reduction_factor": 0.5
  },
  "n_parameters": 1408,
  "train_loss": 2.611783347529874,
  "train_quality": 0.9742889154816302,
  "val_loss": 2.9293849397510083,
  "val_quality": 0.9713409715812842,
  "test_loss": 3.2537231316727007,
  "test_quality": 0.9667827046840957,
  "success": true,
  "singular": false
}