{
  "run_id": "LMPO2-L3-d8-jit5-rf0.3-seed42",
  "seed": 42,
  "model": "LMPO2",
  "grid_params": {
    "model": "LMPO2",
    "L": 3,
    "bond_dim": 8,
    "jitter_start": 5.0,
    "reduction_factor": 0.3
  },
  "n_parameters": 288,
  "train_loss": 5.818564454849762,
  "train_quality": 0.9427205159969673,
  "val_loss": 5.802637079705803,
  "val_quality": 0.9432311067370621,
  "test_loss": 7.193644866203033,
  "test_quality": 0.9265600002678893,
  "success": true,
  "singular": false
}