{
  "run_id": "LMPO2-L3-d16-jit5-rf0.5-seed123",
  "seed": 123,
  "model": "LMPO2",
  "grid_params": {
    "model": "LMPO2",
    "L": 3,
    "bond_dim": 16,
    "jitter_start": 5.0,
    "reduction_factor": 0.5
  },
  "n_parameters": 1408,
  "train_loss": 5.175850385734473,
  "train_quality": 0.9490475629045131,
  "val_loss": 5.6101221365681795,
  "val_quality": 0.9451145366514925,
  "test_loss": 6.618385830538956,
  "test_quality": 0.932432826103864,
  "success": true,
  "singular": false
}