{
  "run_id": "LMPO2-L3-d8-jit0.1-rf0.5-seed999",
  "seed": 999,
  "model": "LMPO2",
  "grid_params": {
    "model": "LMPO2",
    "L": 3,
    "bond_dim": 8,
    "jitter_start": 0.1,
    "reduction_factor": 0.5
  },
  "n_parameters": 576,
  "train_loss": 1.8153711982847947,
  "train_quality": 0.9821290068506416,
  "val_loss": 2.1222537624670887,
  "val_quality": 0.9792373716185485,
  "test_loss": 2.5633651156324317,
  "test_quality": 0.9738305772794269,
  "success": true,
  "singular": false
}