{
  "run_id": "LMPO2-L3-d16-jit0.1-rf0.3-seed999",
  "seed": 999,
  "model": "LMPO2",
  "grid_params": {
    "model": "LMPO2",
    "L": 3,
    "bond_dim": 16,
    "jitter_start": 0.1,
    "reduction_factor": 0.3
  },
  "n_parameters": 704,
  "train_loss": 11.391572806472693,
  "train_quality": 0.887858351075947,
  "val_loss": 12.72680513984031,
  "val_quality": 0.8754899483394136,
  "test_loss": 14.9210738326021,
  "test_quality": 0.8476705927731609,
  "success": true,
  "singular": false
}