{
  "run_id": "LMPO2-L4-d16-rf0.3-seed42",
  "seed": 42,
  "model": "LMPO2",
  "dataset": "bike",
  "task": "regression",
  "params": {
    "init_strength": 0.01,
    "bond_dim_mpo": 2,
    "batch_size": 64,
    "n_epochs": 1000,
    "patience": 40,
    "min_delta": 1e-08,
    "optimizer": "adamw",
    "seeds": [
      42,
      7,
      123,
      256,
      999
    ],
    "model": "LMPO2",
    "L": 4,
    "bond_dim": 16,
    "lr": 0.001,
    "reduction_factor": 0.3
  },
  "n_parameters": 2064,
  "train_loss": 12708.985353850227,
  "train_quality": 0.6200602378810575,
  "val_loss": 13045.280659231721,
  "val_quality": 0.5988735588560721,
  "test_loss": 12382.115787830715,
  "test_quality": 0.5980397187778352,
  "best_epoch": 438,
  "stopped_early": true,
  "patience_counter": 40,
  "success": true
}