{
  "run_id": "LMPO2-L4-d16-rf0.5-seed123",
  "seed": 123,
  "model": "LMPO2",
  "dataset": "bike",
  "task": "regression",
  "params": {
    "init_strength": 0.01,
    "bond_dim_mpo": 2,
    "batch_size": 64,
    "n_epochs": 1000,
    "patience": 40,
    "min_delta": 1e-08,
    "optimizer": "adamw",
    "seeds": [
      42,
      7,
      123,
      256,
      999
    ],
    "model": "LMPO2",
    "L": 4,
    "bond_dim": 16,
    "lr": 0.001,
    "reduction_factor": 0.5
  },
  "n_parameters": 4128,
  "train_loss": 12196.403653422181,
  "train_quality": 0.635384055157167,
  "val_loss": 13024.306739144613,
  "val_quality": 0.6023260772327748,
  "test_loss": 12506.591205088922,
  "test_quality": 0.5939988767615194,
  "best_epoch": 377,
  "stopped_early": true,
  "patience_counter": 40,
  "success": true
}