{
  "run_id": "LMPO2-L3-d12-rf0.3-seed7",
  "seed": 7,
  "model": "LMPO2",
  "dataset": "bike",
  "task": "regression",
  "params": {
    "init_strength": 0.01,
    "bond_dim_mpo": 2,
    "batch_size": 64,
    "n_epochs": 1000,
    "patience": 40,
    "min_delta": 1e-08,
    "optimizer": "adamw",
    "seeds": [
      42,
      7,
      123,
      256,
      999
    ],
    "model": "LMPO2",
    "L": 3,
    "bond_dim": 12,
    "lr": 0.001,
    "reduction_factor": 0.3
  },
  "n_parameters": 792,
  "train_loss": 16828.737494005723,
  "train_quality": 0.4968987419363412,
  "val_loss": 16391.52582893847,
  "val_quality": 0.5025095484881346,
  "test_loss": 15966.4745029813,
  "test_quality": 0.48168078127225533,
  "best_epoch": 338,
  "stopped_early": true,
  "patience_counter": 40,
  "success": true
}