{
  "run_id": "LMPO2-L3-d16-rf0.1-seed256",
  "seed": 256,
  "model": "LMPO2",
  "dataset": "bike",
  "task": "regression",
  "params": {
    "output_site": 1,
    "init_strength": 0.01,
    "reduction_factor": 0.1,
    "rank": 5,
    "batch_size": 64,
    "n_epochs": 1000,
    "patience": 40,
    "min_delta": 1e-08,
    "optimizer": "adamw",
    "seeds": [
      42,
      7,
      123,
      256,
      999
    ],
    "model": "LMPO2",
    "L": 3,
    "bond_dim": 16,
    "lr": 0.01
  },
  "n_parameters": 18720,
  "train_loss": 17453.12785599926,
  "train_quality": 0.4782323638581484,
  "val_loss": 17031.32685690062,
  "val_quality": 0.4943549622561765,
  "test_loss": 16915.70920644304,
  "test_quality": 0.4508658014346163,
  "best_epoch": 124,
  "stopped_early": true,
  "patience_counter": 40,
  "success": true
}