{
  "run_id": "LMPO2-L4-d16-rf0.1-seed42",
  "seed": 42,
  "model": "LMPO2",
  "dataset": "bike",
  "task": "regression",
  "params": {
    "init_strength": 0.01,
    "bond_dim_mpo": 2,
    "batch_size": 64,
    "n_epochs": 1000,
    "patience": 40,
    "min_delta": 1e-08,
    "optimizer": "adamw",
    "seeds": [
      42,
      7,
      123,
      256,
      999
    ],
    "model": "LMPO2",
    "L": 4,
    "bond_dim": 16,
    "lr": 0.001,
    "reduction_factor": 0.1
  },
  "n_parameters": 1376,
  "train_loss": 14115.627980263735,
  "train_quality": 0.5780081424552017,
  "val_loss": 14354.653365289358,
  "val_quality": 0.5717171018996459,
  "test_loss": 13635.3462494161,
  "test_quality": 0.5573561330799746,
  "best_epoch": 472,
  "stopped_early": true,
  "patience_counter": 40,
  "success": true
}