{
  "run_id": "LMPO2-L3-d8-rf0.1-seed123",
  "seed": 123,
  "model": "LMPO2",
  "dataset": "bike",
  "task": "regression",
  "params": {
    "output_site": 1,
    "init_strength": 0.01,
    "reduction_factor": 0.1,
    "rank": 5,
    "batch_size": 64,
    "n_epochs": 1000,
    "patience": 40,
    "min_delta": 1e-08,
    "optimizer": "adamw",
    "seeds": [
      42,
      7,
      123,
      256,
      999
    ],
    "model": "LMPO2",
    "L": 3,
    "bond_dim": 8,
    "lr": 0.01
  },
  "n_parameters": 5200,
  "train_loss": 17507.336643233186,
  "train_quality": 0.4766117723511971,
  "val_loss": 17039.84598527384,
  "val_quality": 0.49731570455033824,
  "test_loss": 17128.225138084792,
  "test_quality": 0.44396690264295224,
  "best_epoch": 138,
  "stopped_early": true,
  "patience_counter": 40,
  "success": true
}