{
  "run_id": "LMPO2-L3-d16-rf0.1-seed256",
  "seed": 256,
  "model": "LMPO2",
  "dataset": "bike",
  "task": "regression",
  "params": {
    "init_strength": 0.01,
    "bond_dim_mpo": 2,
    "batch_size": 64,
    "n_epochs": 1000,
    "patience": 40,
    "min_delta": 1e-08,
    "optimizer": "adamw",
    "seeds": [
      42,
      7,
      123,
      256,
      999
    ],
    "model": "LMPO2",
    "L": 3,
    "bond_dim": 16,
    "lr": 0.001,
    "reduction_factor": 0.1
  },
  "n_parameters": 768,
  "train_loss": 17010.183000970814,
  "train_quality": 0.4914743621896932,
  "val_loss": 16352.6047049752,
  "val_quality": 0.49722732617039833,
  "test_loss": 15983.595249822485,
  "test_quality": 0.48112499094264327,
  "best_epoch": 870,
  "stopped_early": true,
  "patience_counter": 40,
  "success": true
}