{
  "run_id": "LMPO2-L4-d8-rf0.5-seed123",
  "seed": 123,
  "model": "LMPO2",
  "dataset": "bike",
  "task": "regression",
  "params": {
    "init_strength": 0.01,
    "bond_dim_mpo": 2,
    "batch_size": 64,
    "n_epochs": 1000,
    "patience": 40,
    "min_delta": 1e-08,
    "optimizer": "adamw",
    "seeds": [
      42,
      7,
      123,
      256,
      999
    ],
    "model": "LMPO2",
    "L": 4,
    "bond_dim": 8,
    "lr": 0.001,
    "reduction_factor": 0.5
  },
  "n_parameters": 1728,
  "train_loss": 12287.75177003982,
  "train_quality": 0.6326531698243578,
  "val_loss": 13114.198053380247,
  "val_quality": 0.5997675960416786,
  "test_loss": 12478.388923723214,
  "test_quality": 0.5949144066388936,
  "best_epoch": 360,
  "stopped_early": true,
  "patience_counter": 40,
  "success": true
}