{
  "run_id": "LMPO2-L3-d8-rf0.5-seed256",
  "seed": 256,
  "model": "LMPO2",
  "dataset": "bike",
  "task": "regression",
  "params": {
    "init_strength": 0.01,
    "bond_dim_mpo": 2,
    "batch_size": 64,
    "n_epochs": 1000,
    "patience": 40,
    "min_delta": 1e-08,
    "optimizer": "adamw",
    "seeds": [
      42,
      7,
      123,
      256,
      999
    ],
    "model": "LMPO2",
    "L": 3,
    "bond_dim": 8,
    "lr": 0.001,
    "reduction_factor": 0.5
  },
  "n_parameters": 1056,
  "train_loss": 16581.200225805194,
  "train_quality": 0.5042989590407847,
  "val_loss": 16053.107712046813,
  "val_quality": 0.506945762220187,
  "test_loss": 15780.859786716017,
  "test_quality": 0.48770638665565,
  "best_epoch": 253,
  "stopped_early": true,
  "patience_counter": 40,
  "success": true
}