{
  "run_id": "LMPO2-L3-d8-rf0.3-seed999",
  "seed": 999,
  "model": "LMPO2",
  "dataset": "bike",
  "task": "regression",
  "params": {
    "init_strength": 0.01,
    "bond_dim_mpo": 2,
    "batch_size": 64,
    "n_epochs": 1000,
    "patience": 40,
    "min_delta": 1e-08,
    "optimizer": "adamw",
    "seeds": [
      42,
      7,
      123,
      256,
      999
    ],
    "model": "LMPO2",
    "L": 3,
    "bond_dim": 8,
    "lr": 0.001,
    "reduction_factor": 0.3
  },
  "n_parameters": 528,
  "train_loss": 16724.172699171653,
  "train_quality": 0.5000247446949515,
  "val_loss": 16250.442011626717,
  "val_quality": 0.5020388551555484,
  "test_loss": 15866.68638462296,
  "test_quality": 0.4849202001894466,
  "best_epoch": 524,
  "stopped_early": true,
  "patience_counter": 40,
  "success": true
}