{
  "run_id": "LMPO2-L3-d12-rf0.3-seed42",
  "seed": 42,
  "model": "LMPO2",
  "dataset": "bike",
  "task": "regression",
  "params": {
    "init_strength": 0.01,
    "bond_dim_mpo": 2,
    "batch_size": 64,
    "n_epochs": 1000,
    "patience": 40,
    "min_delta": 1e-08,
    "optimizer": "adamw",
    "seeds": [
      42,
      7,
      123,
      256,
      999
    ],
    "model": "LMPO2",
    "L": 3,
    "bond_dim": 12,
    "lr": 0.001,
    "reduction_factor": 0.3
  },
  "n_parameters": 792,
  "train_loss": 16874.144329481147,
  "train_quality": 0.49554128799420727,
  "val_loss": 16263.948303580695,
  "val_quality": 0.5032082179867827,
  "test_loss": 15953.980496300504,
  "test_quality": 0.4820863738644311,
  "best_epoch": 356,
  "stopped_early": true,
  "patience_counter": 40,
  "success": true
}