{
  "run_id": "LMPO2-L4-d12-rf0.3-seed999",
  "seed": 999,
  "model": "LMPO2",
  "dataset": "bike",
  "task": "regression",
  "params": {
    "init_strength": 0.01,
    "bond_dim_mpo": 2,
    "batch_size": 64,
    "n_epochs": 1000,
    "patience": 40,
    "min_delta": 1e-08,
    "optimizer": "adamw",
    "seeds": [
      42,
      7,
      123,
      256,
      999
    ],
    "model": "LMPO2",
    "L": 4,
    "bond_dim": 12,
    "lr": 0.001,
    "reduction_factor": 0.3
  },
  "n_parameters": 1368,
  "train_loss": 12618.398802987113,
  "train_quality": 0.622768355927293,
  "val_loss": 13041.158914935766,
  "val_quality": 0.599879964724783,
  "test_loss": 12314.819044272914,
  "test_quality": 0.6002243710964976,
  "best_epoch": 721,
  "stopped_early": true,
  "patience_counter": 40,
  "success": true
}