{
  "run_id": "LMPO2-L4-d16-rf0.5-seed42",
  "seed": 42,
  "model": "LMPO2",
  "dataset": "bike",
  "task": "regression",
  "params": {
    "init_strength": 0.01,
    "bond_dim_mpo": 2,
    "batch_size": 64,
    "n_epochs": 1000,
    "patience": 40,
    "min_delta": 1e-08,
    "optimizer": "adamw",
    "seeds": [
      42,
      7,
      123,
      256,
      999
    ],
    "model": "LMPO2",
    "L": 4,
    "bond_dim": 16,
    "lr": 0.001,
    "reduction_factor": 0.5
  },
  "n_parameters": 4128,
  "train_loss": 12165.723976788404,
  "train_quality": 0.636301235303149,
  "val_loss": 13199.153611775884,
  "val_quality": 0.6011821217810311,
  "test_loss": 12415.22957573815,
  "test_quality": 0.5969647467998891,
  "best_epoch": 185,
  "stopped_early": true,
  "patience_counter": 40,
  "success": true
}