{
  "run_id": "LMPO2-L3-d8-rf0.1-seed42",
  "seed": 42,
  "model": "LMPO2",
  "dataset": "bike",
  "task": "regression",
  "params": {
    "init_strength": 0.01,
    "bond_dim_mpo": 2,
    "batch_size": 64,
    "n_epochs": 1000,
    "patience": 40,
    "min_delta": 1e-08,
    "optimizer": "adamw",
    "seeds": [
      42,
      7,
      123,
      256,
      999
    ],
    "model": "LMPO2",
    "L": 3,
    "bond_dim": 8,
    "lr": 0.001,
    "reduction_factor": 0.1
  },
  "n_parameters": 352,
  "train_loss": 17091.63234681594,
  "train_quality": 0.4890394042269979,
  "val_loss": 16286.78164038625,
  "val_quality": 0.4991624801394946,
  "test_loss": 16030.932493194538,
  "test_quality": 0.47958828332464376,
  "best_epoch": 459,
  "stopped_early": true,
  "patience_counter": 40,
  "success": true
}