{
  "run_id": "LMPO2-L3-d8-rf0.5-seed42",
  "seed": 42,
  "model": "LMPO2",
  "dataset": "bike",
  "task": "regression",
  "params": {
    "init_strength": 0.01,
    "bond_dim_mpo": 2,
    "batch_size": 64,
    "n_epochs": 1000,
    "patience": 40,
    "min_delta": 1e-08,
    "optimizer": "adamw",
    "seeds": [
      42,
      7,
      123,
      256,
      999
    ],
    "model": "LMPO2",
    "L": 3,
    "bond_dim": 8,
    "lr": 0.001,
    "reduction_factor": 0.5
  },
  "n_parameters": 1056,
  "train_loss": 16559.040646714966,
  "train_quality": 0.5049614277567192,
  "val_loss": 16079.843063900951,
  "val_quality": 0.5061713014953901,
  "test_loss": 15843.260198233409,
  "test_quality": 0.48568068382814455,
  "best_epoch": 234,
  "stopped_early": true,
  "patience_counter": 40,
  "success": true
}