{
  "run_id": "LMPO2-L3-d16-rf0.5-seed999",
  "seed": 999,
  "model": "LMPO2",
  "dataset": "bike",
  "task": "regression",
  "params": {
    "init_strength": 0.01,
    "bond_dim_mpo": 2,
    "batch_size": 64,
    "n_epochs": 1000,
    "patience": 40,
    "min_delta": 1e-08,
    "optimizer": "adamw",
    "seeds": [
      42,
      7,
      123,
      256,
      999
    ],
    "model": "LMPO2",
    "L": 3,
    "bond_dim": 16,
    "lr": 0.001,
    "reduction_factor": 0.5
  },
  "n_parameters": 2304,
  "train_loss": 16548.22177268776,
  "train_quality": 0.5052848619499173,
  "val_loss": 16038.349710218185,
  "val_quality": 0.5081562117673843,
  "test_loss": 15861.910366490898,
  "test_quality": 0.4850752439335355,
  "best_epoch": 297,
  "stopped_early": true,
  "patience_counter": 40,
  "success": true
}