{
  "run_id": "LMPO2-L3-d12-rf0.1-seed42",
  "seed": 42,
  "model": "LMPO2",
  "dataset": "bike",
  "task": "regression",
  "params": {
    "output_site": 1,
    "init_strength": 0.01,
    "reduction_factor": 0.1,
    "rank": 5,
    "batch_size": 64,
    "n_epochs": 1000,
    "patience": 40,
    "min_delta": 1e-08,
    "optimizer": "adamw",
    "seeds": [
      42,
      7,
      123,
      256,
      999
    ],
    "model": "LMPO2",
    "L": 3,
    "bond_dim": 12,
    "lr": 0.01
  },
  "n_parameters": 10920,
  "train_loss": 17065.669771166526,
  "train_quality": 0.489815564915014,
  "val_loss": 16614.214688491178,
  "val_quality": 0.49364600253896707,
  "test_loss": 16310.719074041606,
  "test_quality": 0.47050557931455805,
  "best_epoch": 113,
  "stopped_early": true,
  "patience_counter": 40,
  "success": true
}