{
  "run_id": "LMPO2-L4-d8-rf0.3-seed123",
  "seed": 123,
  "model": "LMPO2",
  "dataset": "bike",
  "task": "regression",
  "params": {
    "init_strength": 0.01,
    "bond_dim_mpo": 2,
    "batch_size": 64,
    "n_epochs": 1000,
    "patience": 40,
    "min_delta": 1e-08,
    "optimizer": "adamw",
    "seeds": [
      42,
      7,
      123,
      256,
      999
    ],
    "model": "LMPO2",
    "L": 4,
    "bond_dim": 8,
    "lr": 0.001,
    "reduction_factor": 0.3
  },
  "n_parameters": 864,
  "train_loss": 12743.638703245235,
  "train_quality": 0.619024263335554,
  "val_loss": 13176.682190382637,
  "val_quality": 0.5946920319650317,
  "test_loss": 12522.438760401603,
  "test_quality": 0.5934844180131663,
  "best_epoch": 614,
  "stopped_early": true,
  "patience_counter": 40,
  "success": true
}