{
  "run_id": "LMPO2-L4-d8-rf0.1-seed42",
  "seed": 42,
  "model": "LMPO2",
  "dataset": "bike",
  "task": "regression",
  "params": {
    "init_strength": 0.01,
    "bond_dim_mpo": 2,
    "batch_size": 64,
    "n_epochs": 1000,
    "patience": 40,
    "min_delta": 1e-08,
    "optimizer": "adamw",
    "seeds": [
      42,
      7,
      123,
      256,
      999
    ],
    "model": "LMPO2",
    "L": 4,
    "bond_dim": 8,
    "lr": 0.001,
    "reduction_factor": 0.1
  },
  "n_parameters": 576,
  "train_loss": 13284.413757617733,
  "train_quality": 0.6028575954389781,
  "val_loss": 13516.042984048074,
  "val_quality": 0.5850466447194036,
  "test_loss": 12927.485741398157,
  "test_quality": 0.580335389108948,
  "best_epoch": 459,
  "stopped_early": true,
  "patience_counter": 40,
  "success": true
}