{
  "run_id": "LMPO2-L3-d12-rf0.5-seed123",
  "seed": 123,
  "model": "LMPO2",
  "dataset": "bike",
  "task": "regression",
  "params": {
    "init_strength": 0.01,
    "bond_dim_mpo": 2,
    "batch_size": 64,
    "n_epochs": 1000,
    "patience": 40,
    "min_delta": 1e-08,
    "optimizer": "adamw",
    "seeds": [
      42,
      7,
      123,
      256,
      999
    ],
    "model": "LMPO2",
    "L": 3,
    "bond_dim": 12,
    "lr": 0.001,
    "reduction_factor": 0.5
  },
  "n_parameters": 1584,
  "train_loss": 16524.962954771632,
  "train_quality": 0.5059801928123094,
  "val_loss": 16122.718663739179,
  "val_quality": 0.5046760880997603,
  "test_loss": 15789.569902114721,
  "test_quality": 0.48742363042116343,
  "best_epoch": 320,
  "stopped_early": true,
  "patience_counter": 40,
  "success": true
}