{
  "run_id": "LMPO2-L4-d16-rf0.1-seed123",
  "seed": 123,
  "model": "LMPO2",
  "dataset": "bike",
  "task": "regression",
  "params": {
    "output_site": 1,
    "init_strength": 0.01,
    "reduction_factor": 0.1,
    "rank": 5,
    "batch_size": 64,
    "n_epochs": 1000,
    "patience": 40,
    "min_delta": 1e-08,
    "optimizer": "adamw",
    "seeds": [
      42,
      7,
      123,
      256,
      999
    ],
    "model": "LMPO2",
    "L": 4,
    "bond_dim": 16,
    "lr": 0.01
  },
  "n_parameters": 35360,
  "train_loss": 41759.00184346985,
  "train_quality": -0.248400622471864,
  "val_loss": 40150.41084247342,
  "val_quality": 0.5880817187693205,
  "test_loss": 39485.27006477337,
  "test_quality": -0.2818092264141261,
  "best_epoch": 48,
  "stopped_early": true,
  "patience_counter": 40,
  "success": true
}