{
  "run_id": "LMPO2-L3-d16-rf0.3-seed42",
  "seed": 42,
  "model": "LMPO2",
  "dataset": "bike",
  "task": "regression",
  "params": {
    "output_site": 1,
    "init_strength": 0.01,
    "reduction_factor": 0.3,
    "rank": 5,
    "batch_size": 64,
    "n_epochs": 1000,
    "patience": 40,
    "min_delta": 1e-08,
    "optimizer": "adamw",
    "seeds": [
      42,
      7,
      123,
      256,
      999
    ],
    "model": "LMPO2",
    "L": 3,
    "bond_dim": 16,
    "lr": 0.01
  },
  "n_parameters": 18720,
  "train_loss": 17033.2713759613,
  "train_quality": 0.49078412678085825,
  "val_loss": 16486.78369125491,
  "val_quality": 0.49385509582423326,
  "test_loss": 16326.905219101613,
  "test_quality": 0.4699801289366333,
  "best_epoch": 158,
  "stopped_early": true,
  "patience_counter": 40,
  "success": true
}