{
  "run_id": "LMPO2-L3-d8-rf0.1-seed256",
  "seed": 256,
  "model": "LMPO2",
  "dataset": "bike",
  "task": "regression",
  "params": {
    "init_strength": 0.01,
    "bond_dim_mpo": 2,
    "batch_size": 64,
    "n_epochs": 1000,
    "patience": 40,
    "min_delta": 1e-08,
    "optimizer": "adamw",
    "seeds": [
      42,
      7,
      123,
      256,
      999
    ],
    "model": "LMPO2",
    "L": 3,
    "bond_dim": 8,
    "lr": 0.001,
    "reduction_factor": 0.1
  },
  "n_parameters": 352,
  "train_loss": 17313.88067989634,
  "train_quality": 0.48239520908074085,
  "val_loss": 16752.776667857754,
  "val_quality": 0.4892523385264028,
  "test_loss": 16340.648060654057,
  "test_quality": 0.46953399545267394,
  "best_epoch": 452,
  "stopped_early": true,
  "patience_counter": 40,
  "success": true
}