{
  "run_id": "LMPO2-L4-d8-rf0.1-seed123",
  "seed": 123,
  "model": "LMPO2",
  "dataset": "bike",
  "task": "regression",
  "params": {
    "init_strength": 0.01,
    "bond_dim_mpo": 2,
    "batch_size": 64,
    "n_epochs": 1000,
    "patience": 40,
    "min_delta": 1e-08,
    "optimizer": "adamw",
    "seeds": [
      42,
      7,
      123,
      256,
      999
    ],
    "model": "LMPO2",
    "L": 4,
    "bond_dim": 8,
    "lr": 0.001,
    "reduction_factor": 0.1
  },
  "n_parameters": 576,
  "train_loss": 13239.230515989739,
  "train_quality": 0.6042083649613228,
  "val_loss": 13498.33381509147,
  "val_quality": 0.5871460622187096,
  "test_loss": 12747.545865108998,
  "test_quality": 0.5861767723196719,
  "best_epoch": 497,
  "stopped_early": true,
  "patience_counter": 40,
  "success": true
}