{
  "run_id": "LMPO2-L3-d12-rf0.1-seed123",
  "seed": 123,
  "model": "LMPO2",
  "dataset": "bike",
  "task": "regression",
  "params": {
    "init_strength": 0.01,
    "bond_dim_mpo": 2,
    "batch_size": 64,
    "n_epochs": 1000,
    "patience": 40,
    "min_delta": 1e-08,
    "optimizer": "adamw",
    "seeds": [
      42,
      7,
      123,
      256,
      999
    ],
    "model": "LMPO2",
    "L": 3,
    "bond_dim": 12,
    "lr": 0.001,
    "reduction_factor": 0.1
  },
  "n_parameters": 528,
  "train_loss": 17235.739960246912,
  "train_quality": 0.48473125445405774,
  "val_loss": 16581.502138813645,
  "val_quality": 0.4877900911358263,
  "test_loss": 16193.014329925916,
  "test_quality": 0.47432662515653146,
  "best_epoch": 506,
  "stopped_early": true,
  "patience_counter": 40,
  "success": true
}