{
  "run_id": "LMPO2-L4-d12-rf0.3-seed42",
  "seed": 42,
  "model": "LMPO2",
  "dataset": "bike",
  "task": "regression",
  "params": {
    "init_strength": 0.01,
    "bond_dim_mpo": 2,
    "batch_size": 64,
    "n_epochs": 1000,
    "patience": 40,
    "min_delta": 1e-08,
    "optimizer": "adamw",
    "seeds": [
      42,
      7,
      123,
      256,
      999
    ],
    "model": "LMPO2",
    "L": 4,
    "bond_dim": 12,
    "lr": 0.001,
    "reduction_factor": 0.3
  },
  "n_parameters": 1368,
  "train_loss": 12784.1552979564,
  "train_quality": 0.6178130049283859,
  "val_loss": 13107.629937902197,
  "val_quality": 0.5978845124478609,
  "test_loss": 12420.230385751915,
  "test_quality": 0.5968024056431824,
  "best_epoch": 362,
  "stopped_early": true,
  "patience_counter": 40,
  "success": true
}