{
  "run_id": "LMPO2-L4-d12-rf0.5-seed123",
  "seed": 123,
  "model": "LMPO2",
  "dataset": "bike",
  "task": "regression",
  "params": {
    "init_strength": 0.01,
    "bond_dim_mpo": 2,
    "batch_size": 64,
    "n_epochs": 1000,
    "patience": 40,
    "min_delta": 1e-08,
    "optimizer": "adamw",
    "seeds": [
      42,
      7,
      123,
      256,
      999
    ],
    "model": "LMPO2",
    "L": 4,
    "bond_dim": 12,
    "lr": 0.001,
    "reduction_factor": 0.5
  },
  "n_parameters": 2736,
  "train_loss": 12115.562482213143,
  "train_quality": 0.637800831516837,
  "val_loss": 13016.301364761583,
  "val_quality": 0.6019900356579736,
  "test_loss": 12516.749276125624,
  "test_quality": 0.593669115583337,
  "best_epoch": 343,
  "stopped_early": true,
  "patience_counter": 40,
  "success": true
}