{
  "run_id": "LMPO2-L3-d12-rf0.1-seed7",
  "seed": 7,
  "model": "LMPO2",
  "dataset": "bike",
  "task": "regression",
  "params": {
    "init_strength": 0.01,
    "bond_dim_mpo": 2,
    "batch_size": 64,
    "n_epochs": 1000,
    "patience": 40,
    "min_delta": 1e-08,
    "optimizer": "adamw",
    "seeds": [
      42,
      7,
      123,
      256,
      999
    ],
    "model": "LMPO2",
    "L": 3,
    "bond_dim": 12,
    "lr": 0.001,
    "reduction_factor": 0.1
  },
  "n_parameters": 528,
  "train_loss": 16928.514070625955,
  "train_quality": 0.49391588471126346,
  "val_loss": 16319.561524946886,
  "val_quality": 0.5001120102315396,
  "test_loss": 15954.956721378607,
  "test_quality": 0.4820546826968106,
  "best_epoch": 912,
  "stopped_early": true,
  "patience_counter": 40,
  "success": true
}