{
  "run_id": "LMPO2-L3-d8-rf0.3-seed256",
  "seed": 256,
  "model": "LMPO2",
  "dataset": "bike",
  "task": "regression",
  "params": {
    "init_strength": 0.01,
    "bond_dim_mpo": 2,
    "batch_size": 64,
    "n_epochs": 1000,
    "patience": 40,
    "min_delta": 1e-08,
    "optimizer": "adamw",
    "seeds": [
      42,
      7,
      123,
      256,
      999
    ],
    "model": "LMPO2",
    "L": 3,
    "bond_dim": 8,
    "lr": 0.001,
    "reduction_factor": 0.3
  },
  "n_parameters": 528,
  "train_loss": 16816.957416430807,
  "train_quality": 0.4972509116609054,
  "val_loss": 16323.31452832922,
  "val_quality": 0.49745450480585696,
  "test_loss": 15863.355664588227,
  "test_quality": 0.4850283252615083,
  "best_epoch": 397,
  "stopped_early": true,
  "patience_counter": 40,
  "success": true
}