{
  "run_id": "LMPO2-L3-d12-rf0.5-seed256",
  "seed": 256,
  "model": "LMPO2",
  "dataset": "bike",
  "task": "regression",
  "params": {
    "output_site": 1,
    "init_strength": 0.01,
    "reduction_factor": 0.5,
    "rank": 5,
    "batch_size": 64,
    "n_epochs": 1000,
    "patience": 40,
    "min_delta": 1e-08,
    "optimizer": "adamw",
    "seeds": [
      42,
      7,
      123,
      256,
      999
    ],
    "model": "LMPO2",
    "L": 3,
    "bond_dim": 12,
    "lr": 0.01
  },
  "n_parameters": 10920,
  "train_loss": 17281.462298989347,
  "train_quality": 0.4833643684264438,
  "val_loss": 16876.911043161166,
  "val_quality": 0.49170805594387956,
  "test_loss": 16420.137558690996,
  "test_quality": 0.4669535300836989,
  "best_epoch": 101,
  "stopped_early": true,
  "patience_counter": 40,
  "success": true
}