{
  "run_id": "LMPO2-L4-d12-rf0.1-seed999",
  "seed": 999,
  "model": "LMPO2",
  "dataset": "bike",
  "task": "regression",
  "params": {
    "init_strength": 0.01,
    "bond_dim_mpo": 2,
    "batch_size": 64,
    "n_epochs": 1000,
    "patience": 40,
    "min_delta": 1e-08,
    "optimizer": "adamw",
    "seeds": [
      42,
      7,
      123,
      256,
      999
    ],
    "model": "LMPO2",
    "L": 4,
    "bond_dim": 12,
    "lr": 0.001,
    "reduction_factor": 0.1
  },
  "n_parameters": 912,
  "train_loss": 13059.190336960037,
  "train_quality": 0.6095907319157129,
  "val_loss": 13176.385098463796,
  "val_quality": 0.5975327385812894,
  "test_loss": 12512.27312546761,
  "test_quality": 0.5938144247379368,
  "best_epoch": 693,
  "stopped_early": true,
  "patience_counter": 40,
  "success": true
}