{
  "run_id": "LMPO2-L4-d16-rf0.3-seed7",
  "seed": 7,
  "model": "LMPO2",
  "dataset": "bike",
  "task": "regression",
  "params": {
    "init_strength": 0.01,
    "bond_dim_mpo": 2,
    "batch_size": 64,
    "n_epochs": 1000,
    "patience": 40,
    "min_delta": 1e-08,
    "optimizer": "adamw",
    "seeds": [
      42,
      7,
      123,
      256,
      999
    ],
    "model": "LMPO2",
    "L": 4,
    "bond_dim": 16,
    "lr": 0.001,
    "reduction_factor": 0.3
  },
  "n_parameters": 2064,
  "train_loss": 12815.101774330493,
  "train_quality": 0.6168878487066561,
  "val_loss": 13328.875444134623,
  "val_quality": 0.5951124760259832,
  "test_loss": 12459.539033268189,
  "test_quality": 0.5955263301096592,
  "best_epoch": 355,
  "stopped_early": true,
  "patience_counter": 40,
  "success": true
}