{
  "run_id": "LMPO2-L3-d16-rf0.1-seed123",
  "seed": 123,
  "model": "LMPO2",
  "dataset": "bike",
  "task": "regression",
  "params": {
    "init_strength": 0.01,
    "bond_dim_mpo": 2,
    "batch_size": 64,
    "n_epochs": 1000,
    "patience": 40,
    "min_delta": 1e-08,
    "optimizer": "adamw",
    "seeds": [
      42,
      7,
      123,
      256,
      999
    ],
    "model": "LMPO2",
    "L": 3,
    "bond_dim": 16,
    "lr": 0.001,
    "reduction_factor": 0.1
  },
  "n_parameters": 768,
  "train_loss": 17033.161366557728,
  "train_quality": 0.49078741555218475,
  "val_loss": 16314.563290301317,
  "val_quality": 0.4995412395450677,
  "test_loss": 15896.182529443728,
  "test_quality": 0.4839626676586348,
  "best_epoch": 701,
  "stopped_early": true,
  "patience_counter": 40,
  "success": true
}