{
  "run_id": "LMPO2-L4-d12-rf0.3-seed42",
  "seed": 42,
  "model": "LMPO2",
  "dataset": "bike",
  "task": "regression",
  "params": {
    "output_site": 1,
    "init_strength": 0.01,
    "reduction_factor": 0.3,
    "rank": 5,
    "batch_size": 64,
    "n_epochs": 1000,
    "patience": 40,
    "min_delta": 1e-08,
    "optimizer": "adamw",
    "seeds": [
      42,
      7,
      123,
      256,
      999
    ],
    "model": "LMPO2",
    "L": 4,
    "bond_dim": 12,
    "lr": 0.01
  },
  "n_parameters": 20280,
  "train_loss": 52700.78911073958,
  "train_quality": -0.5755093519050198,
  "val_loss": 49925.88510330392,
  "val_quality": 0.5884902303434321,
  "test_loss": 49812.329559869344,
  "test_quality": -0.6170562722321369,
  "best_epoch": 46,
  "stopped_early": true,
  "patience_counter": 40,
  "success": true
}