{
  "run_id": "LMPO2-L3-d12-rf0.5-seed42",
  "seed": 42,
  "model": "LMPO2",
  "dataset": "bike",
  "task": "regression",
  "params": {
    "init_strength": 0.01,
    "bond_dim_mpo": 2,
    "batch_size": 64,
    "n_epochs": 1000,
    "patience": 40,
    "min_delta": 1e-08,
    "optimizer": "adamw",
    "seeds": [
      42,
      7,
      123,
      256,
      999
    ],
    "model": "LMPO2",
    "L": 3,
    "bond_dim": 12,
    "lr": 0.001,
    "reduction_factor": 0.5
  },
  "n_parameters": 1584,
  "train_loss": 16604.146647201993,
  "train_quality": 0.5036129673865147,
  "val_loss": 16068.77423265764,
  "val_quality": 0.5045336778879941,
  "test_loss": 15859.403509709211,
  "test_quality": 0.48515662395567516,
  "best_epoch": 288,
  "stopped_early": true,
  "patience_counter": 40,
  "success": true
}