{
  "run_id": "LMPO2-L4-d8-rf0.1-seed999",
  "seed": 999,
  "model": "LMPO2",
  "dataset": "bike",
  "task": "regression",
  "params": {
    "init_strength": 0.01,
    "bond_dim_mpo": 2,
    "batch_size": 64,
    "n_epochs": 1000,
    "patience": 40,
    "min_delta": 1e-08,
    "optimizer": "adamw",
    "seeds": [
      42,
      7,
      123,
      256,
      999
    ],
    "model": "LMPO2",
    "L": 4,
    "bond_dim": 8,
    "lr": 0.001,
    "reduction_factor": 0.1
  },
  "n_parameters": 576,
  "train_loss": 13138.598130390597,
  "train_quality": 0.6072168069086115,
  "val_loss": 13406.4693944356,
  "val_quality": 0.5886864538692562,
  "test_loss": 12670.011355429866,
  "test_quality": 0.5886937729558375,
  "best_epoch": 492,
  "stopped_early": true,
  "patience_counter": 40,
  "success": true
}