{
  "run_id": "LMPO2-L3-d8-rf0.1-seed42",
  "seed": 42,
  "model": "LMPO2",
  "dataset": "bike",
  "task": "regression",
  "params": {
    "output_site": 1,
    "init_strength": 0.01,
    "reduction_factor": 0.1,
    "rank": 5,
    "batch_size": 64,
    "n_epochs": 1000,
    "patience": 40,
    "min_delta": 1e-08,
    "optimizer": "adamw",
    "seeds": [
      42,
      7,
      123,
      256,
      999
    ],
    "model": "LMPO2",
    "L": 3,
    "bond_dim": 8,
    "lr": 0.01
  },
  "n_parameters": 5200,
  "train_loss": 17468.166586908384,
  "train_quality": 0.4777827755011633,
  "val_loss": 16733.202390700466,
  "val_quality": 0.4970832293088491,
  "test_loss": 16362.349687913611,
  "test_quality": 0.4688294961291577,
  "best_epoch": 146,
  "stopped_early": true,
  "patience_counter": 40,
  "success": true
}