{
  "run_id": "LMPO2-L4-d8-rf0.5-seed999",
  "seed": 999,
  "model": "LMPO2",
  "dataset": "bike",
  "task": "regression",
  "params": {
    "output_site": 1,
    "init_strength": 0.01,
    "reduction_factor": 0.5,
    "rank": 5,
    "batch_size": 64,
    "n_epochs": 1000,
    "patience": 40,
    "min_delta": 1e-08,
    "optimizer": "adamw",
    "seeds": [
      42,
      7,
      123,
      256,
      999
    ],
    "model": "LMPO2",
    "L": 4,
    "bond_dim": 8,
    "lr": 0.01
  },
  "n_parameters": 9360,
  "train_loss": 14770.69772793036,
  "train_quality": 0.558424592929403,
  "val_loss": 15232.888703695573,
  "val_quality": 0.5920599419525342,
  "test_loss": 15125.466049223081,
  "test_quality": 0.5089824153689996,
  "best_epoch": 105,
  "stopped_early": true,
  "patience_counter": 40,
  "success": true
}