{
  "run_id": "LMPO2-L4-d16-rf0.1-seed7",
  "seed": 7,
  "model": "LMPO2",
  "dataset": "bike",
  "task": "regression",
  "params": {
    "init_strength": 0.01,
    "bond_dim_mpo": 2,
    "batch_size": 64,
    "n_epochs": 1000,
    "patience": 40,
    "min_delta": 1e-08,
    "optimizer": "adamw",
    "seeds": [
      42,
      7,
      123,
      256,
      999
    ],
    "model": "LMPO2",
    "L": 4,
    "bond_dim": 16,
    "lr": 0.001,
    "reduction_factor": 0.1
  },
  "n_parameters": 1376,
  "train_loss": 13170.015285883122,
  "train_quality": 0.6062775795626083,
  "val_loss": 13424.553846578041,
  "val_quality": 0.5878328918717798,
  "test_loss": 12745.88612123094,
  "test_quality": 0.5862306525391281,
  "best_epoch": 495,
  "stopped_early": true,
  "patience_counter": 40,
  "success": true
}