{
  "run_id": "LMPO2-L4-d12-rf0.5-seed42",
  "seed": 42,
  "model": "LMPO2",
  "dataset": "bike",
  "task": "regression",
  "params": {
    "init_strength": 0.01,
    "bond_dim_mpo": 2,
    "batch_size": 64,
    "n_epochs": 1000,
    "patience": 40,
    "min_delta": 1e-08,
    "optimizer": "adamw",
    "seeds": [
      42,
      7,
      123,
      256,
      999
    ],
    "model": "LMPO2",
    "L": 4,
    "bond_dim": 12,
    "lr": 0.001,
    "reduction_factor": 0.5
  },
  "n_parameters": 2736,
  "train_loss": 12169.31922498957,
  "train_quality": 0.6361937540441596,
  "val_loss": 13066.312712459747,
  "val_quality": 0.6005062801984578,
  "test_loss": 12274.340958489978,
  "test_quality": 0.6015384100720202,
  "best_epoch": 559,
  "stopped_early": true,
  "patience_counter": 40,
  "success": true
}