{
  "run_id": "LMPO2-L4-d16-rf0.3-seed123",
  "seed": 123,
  "model": "LMPO2",
  "dataset": "bike",
  "task": "regression",
  "params": {
    "init_strength": 0.01,
    "bond_dim_mpo": 2,
    "batch_size": 64,
    "n_epochs": 1000,
    "patience": 40,
    "min_delta": 1e-08,
    "optimizer": "adamw",
    "seeds": [
      42,
      7,
      123,
      256,
      999
    ],
    "model": "LMPO2",
    "L": 4,
    "bond_dim": 16,
    "lr": 0.001,
    "reduction_factor": 0.3
  },
  "n_parameters": 2064,
  "train_loss": 12828.305722737252,
  "train_quality": 0.6164931118431677,
  "val_loss": 13414.976476726368,
  "val_quality": 0.5938739875933752,
  "test_loss": 12494.905496327247,
  "test_quality": 0.5943782296007765,
  "best_epoch": 309,
  "stopped_early": true,
  "patience_counter": 40,
  "success": true
}