{
  "run_id": "LMPO2-L4-d12-rf0.3-seed999",
  "seed": 999,
  "model": "LMPO2",
  "dataset": "appliances",
  "task": "regression",
  "params": {
    "init_strength": 0.01,
    "bond_dim_mpo": 2,
    "batch_size": 64,
    "n_epochs": 1000,
    "patience": 40,
    "min_delta": 1e-08,
    "optimizer": "adamw",
    "seeds": [
      42,
      7,
      123,
      256,
      999
    ],
    "model": "LMPO2",
    "L": 4,
    "bond_dim": 12,
    "lr": 0.001,
    "reduction_factor": 0.3
  },
  "n_parameters": 5088,
  "train_loss": 3789.7584840363515,
  "train_quality": 0.6424774983878108,
  "val_loss": 6867.572720087954,
  "val_quality": 0.25663143351669515,
  "test_loss": 7772.86076873767,
  "test_quality": 0.35325282188559026,
  "best_epoch": 369,
  "stopped_early": true,
  "patience_counter": 40,
  "success": true
}