{
  "run_id": "LMPO2-L4-d12-rf0.3-seed256",
  "seed": 256,
  "model": "LMPO2",
  "dataset": "appliances",
  "task": "regression",
  "params": {
    "init_strength": 0.01,
    "bond_dim_mpo": 2,
    "batch_size": 64,
    "n_epochs": 1000,
    "patience": 40,
    "min_delta": 1e-08,
    "optimizer": "adamw",
    "seeds": [
      42,
      7,
      123,
      256,
      999
    ],
    "model": "LMPO2",
    "L": 4,
    "bond_dim": 12,
    "lr": 0.001,
    "reduction_factor": 0.3
  },
  "n_parameters": 5088,
  "train_loss": 3749.56699584302,
  "train_quality": 0.6462691282404585,
  "val_loss": 7042.787269122109,
  "val_quality": 0.2481722538997848,
  "test_loss": 7738.618898393449,
  "test_quality": 0.35610194445157717,
  "best_epoch": 502,
  "stopped_early": true,
  "patience_counter": 40,
  "success": true
}