{
  "run_id": "LMPO2-L4-d16-rf0.5-seed123",
  "seed": 123,
  "model": "LMPO2",
  "dataset": "appliances",
  "task": "regression",
  "params": {
    "init_strength": 0.01,
    "bond_dim_mpo": 2,
    "batch_size": 64,
    "n_epochs": 1000,
    "patience": 40,
    "min_delta": 1e-08,
    "optimizer": "adamw",
    "seeds": [
      42,
      7,
      123,
      256,
      999
    ],
    "model": "LMPO2",
    "L": 4,
    "bond_dim": 16,
    "lr": 0.001,
    "reduction_factor": 0.5
  },
  "n_parameters": 11284,
  "train_loss": 2936.728701085188,
  "train_quality": 0.7229515822206101,
  "val_loss": 7337.266850188919,
  "val_quality": 0.275467633953113,
  "test_loss": 7350.137664750859,
  "test_quality": 0.3884258402582882,
  "best_epoch": 282,
  "stopped_early": true,
  "patience_counter": 40,
  "success": true
}