{
  "run_id": "LMPO2-L3-d16-rf0.3-seed42",
  "seed": 42,
  "model": "LMPO2",
  "dataset": "appliances",
  "task": "regression",
  "params": {
    "init_strength": 0.01,
    "bond_dim_mpo": 2,
    "batch_size": 64,
    "n_epochs": 1000,
    "patience": 40,
    "min_delta": 1e-08,
    "optimizer": "adamw",
    "seeds": [
      42,
      7,
      123,
      256,
      999
    ],
    "model": "LMPO2",
    "L": 3,
    "bond_dim": 16,
    "lr": 0.001,
    "reduction_factor": 0.3
  },
  "n_parameters": 4032,
  "train_loss": 5552.310630967506,
  "train_quality": 0.47619987002517006,
  "val_loss": 7036.532143218366,
  "val_quality": 0.21601546038903563,
  "test_loss": 8476.239528616188,
  "test_quality": 0.29472762226710747,
  "best_epoch": 560,
  "stopped_early": true,
  "patience_counter": 40,
  "success": true
}