{
  "run_id": "LMPO2-L3-d12-rf0.1-seed256",
  "seed": 256,
  "model": "LMPO2",
  "dataset": "appliances",
  "task": "regression",
  "params": {
    "init_strength": 0.01,
    "bond_dim_mpo": 2,
    "batch_size": 64,
    "n_epochs": 1000,
    "patience": 40,
    "min_delta": 1e-08,
    "optimizer": "adamw",
    "seeds": [
      42,
      7,
      123,
      256,
      999
    ],
    "model": "LMPO2",
    "L": 3,
    "bond_dim": 12,
    "lr": 0.001,
    "reduction_factor": 0.1
  },
  "n_parameters": 768,
  "train_loss": 8739.035248386439,
  "train_quality": 0.17556705609574375,
  "val_loss": 8428.825969069532,
  "val_quality": 0.017851582842724034,
  "test_loss": 10853.487798205071,
  "test_quality": 0.09692675386384342,
  "best_epoch": 844,
  "stopped_early": true,
  "patience_counter": 40,
  "success": true
}