{
  "run_id": "LMPO2-L4-d16-rf0.5-seed42",
  "seed": 42,
  "model": "LMPO2",
  "dataset": "appliances",
  "task": "regression",
  "params": {
    "init_strength": 0.01,
    "bond_dim_mpo": 2,
    "batch_size": 64,
    "n_epochs": 1000,
    "patience": 40,
    "min_delta": 1e-08,
    "optimizer": "adamw",
    "seeds": [
      42,
      7,
      123,
      256,
      999
    ],
    "model": "LMPO2",
    "L": 4,
    "bond_dim": 16,
    "lr": 0.001,
    "reduction_factor": 0.5
  },
  "n_parameters": 11284,
  "train_loss": 2827.5534921989974,
  "train_quality": 0.7332510759639294,
  "val_loss": 7951.96429814532,
  "val_quality": 0.24881140823411185,
  "test_loss": 7359.66961698603,
  "test_quality": 0.38763272644943003,
  "best_epoch": 479,
  "stopped_early": true,
  "patience_counter": 40,
  "success": true
}