{
  "run_id": "LMPO2-L3-d12-rf0.1-seed42",
  "seed": 42,
  "model": "LMPO2",
  "dataset": "appliances",
  "task": "regression",
  "params": {
    "init_strength": 0.01,
    "bond_dim_mpo": 2,
    "batch_size": 64,
    "n_epochs": 1000,
    "patience": 40,
    "min_delta": 1e-08,
    "optimizer": "adamw",
    "seeds": [
      42,
      7,
      123,
      256,
      999
    ],
    "model": "LMPO2",
    "L": 3,
    "bond_dim": 12,
    "lr": 0.001,
    "reduction_factor": 0.1
  },
  "n_parameters": 768,
  "train_loss": 8762.795621140238,
  "train_quality": 0.17332552330626416,
  "val_loss": 8335.700361789626,
  "val_quality": 0.04723355537942331,
  "test_loss": 11124.277001211303,
  "test_quality": 0.07439551882455009,
  "best_epoch": 824,
  "stopped_early": true,
  "patience_counter": 40,
  "success": true
}