{
  "run_id": "LMPO2-L4-d8-rf0.5-seed123",
  "seed": 123,
  "model": "LMPO2",
  "dataset": "appliances",
  "task": "regression",
  "params": {
    "init_strength": 0.01,
    "bond_dim_mpo": 2,
    "batch_size": 64,
    "n_epochs": 1000,
    "patience": 40,
    "min_delta": 1e-08,
    "optimizer": "adamw",
    "seeds": [
      42,
      7,
      123,
      256,
      999
    ],
    "model": "LMPO2",
    "L": 4,
    "bond_dim": 8,
    "lr": 0.0001,
    "reduction_factor": 0.5
  },
  "n_parameters": 6084,
  "train_loss": 5074.293935929157,
  "train_quality": 0.5212955470564091,
  "val_loss": 7469.265859434321,
  "val_quality": 0.1482468537548116,
  "test_loss": 8701.168463508686,
  "test_quality": 0.27601222799385716,
  "best_epoch": 950,
  "stopped_early": false,
  "patience_counter": 1,
  "success": true
}