{
  "run_id": "LMPO2-L3-d16-rf0.5-seed7",
  "seed": 7,
  "model": "LMPO2",
  "dataset": "appliances",
  "task": "regression",
  "params": {
    "init_strength": 0.01,
    "bond_dim_mpo": 2,
    "batch_size": 64,
    "n_epochs": 1000,
    "patience": 40,
    "min_delta": 1e-08,
    "optimizer": "adamw",
    "seeds": [
      42,
      7,
      123,
      256,
      999
    ],
    "model": "LMPO2",
    "L": 3,
    "bond_dim": 16,
    "lr": 0.001,
    "reduction_factor": 0.5
  },
  "n_parameters": 6552,
  "train_loss": 4749.184759119084,
  "train_quality": 0.5519660625206082,
  "val_loss": 6684.962993807401,
  "val_quality": 0.26907869106542537,
  "test_loss": 8004.897758460243,
  "test_quality": 0.33394599615100184,
  "best_epoch": 684,
  "stopped_early": true,
  "patience_counter": 40,
  "success": true
}