{
  "run_id": "LMPO2-L3-d12-rf0.3-seed42",
  "seed": 42,
  "model": "LMPO2",
  "dataset": "appliances",
  "task": "regression",
  "params": {
    "init_strength": 0.01,
    "bond_dim_mpo": 2,
    "batch_size": 64,
    "n_epochs": 1000,
    "patience": 40,
    "min_delta": 1e-08,
    "optimizer": "adamw",
    "seeds": [
      42,
      7,
      123,
      256,
      999
    ],
    "model": "LMPO2",
    "L": 3,
    "bond_dim": 12,
    "lr": 0.001,
    "reduction_factor": 0.3
  },
  "n_parameters": 3072,
  "train_loss": 5370.130393531635,
  "train_quality": 0.49338659432613463,
  "val_loss": 6805.03579675926,
  "val_quality": 0.23664419280002413,
  "test_loss": 8106.79916307633,
  "test_quality": 0.32546720721573363,
  "best_epoch": 705,
  "stopped_early": true,
  "patience_counter": 40,
  "success": true
}