{
  "run_id": "LMPO2-L4-d12-rf0.3-seed123",
  "seed": 123,
  "model": "LMPO2",
  "dataset": "appliances",
  "task": "regression",
  "params": {
    "init_strength": 0.01,
    "bond_dim_mpo": 2,
    "batch_size": 64,
    "n_epochs": 1000,
    "patience": 40,
    "min_delta": 1e-08,
    "optimizer": "adamw",
    "seeds": [
      42,
      7,
      123,
      256,
      999
    ],
    "model": "LMPO2",
    "L": 4,
    "bond_dim": 12,
    "lr": 0.001,
    "reduction_factor": 0.3
  },
  "n_parameters": 5088,
  "train_loss": 3462.887542799646,
  "train_quality": 0.6733142171675284,
  "val_loss": 8377.531223163705,
  "val_quality": 0.21982153632326273,
  "test_loss": 7535.1303347616795,
  "test_quality": 0.3730333752623175,
  "best_epoch": 167,
  "stopped_early": true,
  "patience_counter": 40,
  "success": true
}