{
  "run_id": "LMPO2-L4-d12-rf0.5-seed256",
  "seed": 256,
  "model": "LMPO2",
  "dataset": "appliances",
  "task": "regression",
  "params": {
    "output_site": 1,
    "init_strength": 0.01,
    "reduction_factor": 0.5,
    "rank": 5,
    "batch_size": 64,
    "n_epochs": 1000,
    "patience": 40,
    "min_delta": 1e-08,
    "optimizer": "adamw",
    "seeds": [
      42,
      7,
      123,
      256,
      999
    ],
    "model": "LMPO2",
    "L": 4,
    "bond_dim": 12,
    "lr": 0.01
  },
  "n_parameters": 43680,
  "train_loss": 19230.381018300526,
  "train_quality": -0.8141773301858817,
  "val_loss": 16396.255180403787,
  "val_quality": 0.09879544037174115,
  "test_loss": 21439.060043787784,
  "test_quality": -0.783854361641545,
  "best_epoch": 20,
  "stopped_early": true,
  "patience_counter": 40,
  "success": true
}