{
  "run_id": "LMPO2-L3-d12-rf0.1-seed123",
  "seed": 123,
  "model": "LMPO2",
  "dataset": "appliances",
  "task": "regression",
  "params": {
    "init_strength": 0.01,
    "bond_dim_mpo": 2,
    "batch_size": 64,
    "n_epochs": 1000,
    "patience": 40,
    "min_delta": 1e-08,
    "optimizer": "adamw",
    "seeds": [
      42,
      7,
      123,
      256,
      999
    ],
    "model": "LMPO2",
    "L": 3,
    "bond_dim": 12,
    "lr": 0.001,
    "reduction_factor": 0.1
  },
  "n_parameters": 768,
  "train_loss": 8813.412570258237,
  "train_quality": 0.1685503645860259,
  "val_loss": 8490.333960324888,
  "val_quality": 0.022130999849859556,
  "test_loss": 11175.88337926382,
  "test_quality": 0.07010156832534487,
  "best_epoch": 727,
  "stopped_early": true,
  "patience_counter": 40,
  "success": true
}