{
  "run_id": "LMPO2-L4-d16-rf0.5-seed7",
  "seed": 7,
  "model": "LMPO2",
  "dataset": "appliances",
  "task": "regression",
  "params": {
    "init_strength": 0.01,
    "bond_dim_mpo": 2,
    "batch_size": 64,
    "n_epochs": 1000,
    "patience": 40,
    "min_delta": 1e-08,
    "optimizer": "adamw",
    "seeds": [
      42,
      7,
      123,
      256,
      999
    ],
    "model": "LMPO2",
    "L": 4,
    "bond_dim": 16,
    "lr": 0.001,
    "reduction_factor": 0.5
  },
  "n_parameters": 11284,
  "train_loss": 3013.129434077938,
  "train_quality": 0.7157440038750154,
  "val_loss": 6885.306206613576,
  "val_quality": 0.27293190488503627,
  "test_loss": 7137.817350915051,
  "test_quality": 0.4060921240005576,
  "best_epoch": 331,
  "stopped_early": true,
  "patience_counter": 40,
  "success": true
}