{
  "run_id": "LMPO2-L4-d8-rf0.5-seed42",
  "seed": 42,
  "model": "LMPO2",
  "dataset": "appliances",
  "task": "regression",
  "params": {
    "init_strength": 0.01,
    "bond_dim_mpo": 2,
    "batch_size": 64,
    "n_epochs": 1000,
    "patience": 40,
    "min_delta": 1e-08,
    "optimizer": "adamw",
    "seeds": [
      42,
      7,
      123,
      256,
      999
    ],
    "model": "LMPO2",
    "L": 4,
    "bond_dim": 8,
    "lr": 0.001,
    "reduction_factor": 0.5
  },
  "n_parameters": 6084,
  "train_loss": 3385.9365083876087,
  "train_quality": 0.6805737104678337,
  "val_loss": 6746.448903469915,
  "val_quality": 0.2684077953171181,
  "test_loss": 7354.348634620017,
  "test_quality": 0.38807546309844554,
  "best_epoch": 582,
  "stopped_early": true,
  "patience_counter": 40,
  "success": true
}