{
  "run_id": "LMPO2-L3-d12-rf0.3-seed123",
  "seed": 123,
  "model": "LMPO2",
  "dataset": "appliances",
  "task": "regression",
  "params": {
    "init_strength": 0.01,
    "bond_dim_mpo": 2,
    "batch_size": 64,
    "n_epochs": 1000,
    "patience": 40,
    "min_delta": 1e-08,
    "optimizer": "adamw",
    "seeds": [
      42,
      7,
      123,
      256,
      999
    ],
    "model": "LMPO2",
    "L": 3,
    "bond_dim": 12,
    "lr": 0.001,
    "reduction_factor": 0.3
  },
  "n_parameters": 3072,
  "train_loss": 5363.167966931565,
  "train_quality": 0.49404342356362674,
  "val_loss": 6510.774990559654,
  "val_quality": 0.2549223647994512,
  "test_loss": 8412.773361329822,
  "test_quality": 0.3000083761387431,
  "best_epoch": 686,
  "stopped_early": true,
  "patience_counter": 40,
  "success": true
}