{
  "run_id": "LMPO2-L3-d8-rf0.1-seed123",
  "seed": 123,
  "model": "LMPO2",
  "dataset": "appliances",
  "task": "regression",
  "params": {
    "init_strength": 0.01,
    "bond_dim_mpo": 2,
    "batch_size": 64,
    "n_epochs": 1000,
    "patience": 40,
    "min_delta": 1e-08,
    "optimizer": "adamw",
    "seeds": [
      42,
      7,
      123,
      256,
      999
    ],
    "model": "LMPO2",
    "L": 3,
    "bond_dim": 8,
    "lr": 0.001,
    "reduction_factor": 0.1
  },
  "n_parameters": 592,
  "train_loss": 8633.951130644733,
  "train_quality": 0.18548059987775023,
  "val_loss": 8451.391957520567,
  "val_quality": 0.018142889164356135,
  "test_loss": 10884.672157816049,
  "test_quality": 0.09433203395572154,
  "best_epoch": 739,
  "stopped_early": true,
  "patience_counter": 40,
  "success": true
}