{
  "run_id": "LMPO2-L3-d16-rf0.1-seed42",
  "seed": 42,
  "model": "LMPO2",
  "dataset": "appliances",
  "task": "regression",
  "params": {
    "output_site": 1,
    "init_strength": 0.01,
    "reduction_factor": 0.1,
    "rank": 5,
    "batch_size": 64,
    "n_epochs": 1000,
    "patience": 40,
    "min_delta": 1e-08,
    "optimizer": "adamw",
    "seeds": [
      42,
      7,
      123,
      256,
      999
    ],
    "model": "LMPO2",
    "L": 3,
    "bond_dim": 16,
    "lr": 0.01
  },
  "n_parameters": 40320,
  "train_loss": 6518.473979881501,
  "train_quality": 0.38505286450363585,
  "val_loss": 7310.87680990004,
  "val_quality": 0.19867526973832428,
  "test_loss": 9246.734279800101,
  "test_quality": 0.23061798221226726,
  "best_epoch": 117,
  "stopped_early": true,
  "patience_counter": 40,
  "success": true
}