{
  "run_id": "LMPO2-L3-d16-rf0.1-seed999",
  "seed": 999,
  "model": "LMPO2",
  "dataset": "appliances",
  "task": "regression",
  "params": {
    "init_strength": 0.01,
    "bond_dim_mpo": 2,
    "batch_size": 64,
    "n_epochs": 1000,
    "patience": 40,
    "min_delta": 1e-08,
    "optimizer": "adamw",
    "seeds": [
      42,
      7,
      123,
      256,
      999
    ],
    "model": "LMPO2",
    "L": 3,
    "bond_dim": 16,
    "lr": 0.001,
    "reduction_factor": 0.1
  },
  "n_parameters": 1008,
  "train_loss": 8610.467142262969,
  "train_quality": 0.18769605880724405,
  "val_loss": 8217.820283898727,
  "val_quality": 0.06036235491971742,
  "test_loss": 10794.59917730378,
  "test_quality": 0.10182662927961594,
  "best_epoch": 993,
  "stopped_early": false,
  "patience_counter": 8,
  "success": true
}