{
  "run_id": "LMPO2-L3-d12-rf0.3-seed999",
  "seed": 999,
  "model": "LMPO2",
  "dataset": "appliances",
  "task": "regression",
  "params": {
    "init_strength": 0.01,
    "bond_dim_mpo": 2,
    "batch_size": 64,
    "n_epochs": 1000,
    "patience": 40,
    "min_delta": 1e-08,
    "optimizer": "adamw",
    "seeds": [
      42,
      7,
      123,
      256,
      999
    ],
    "model": "LMPO2",
    "L": 3,
    "bond_dim": 12,
    "lr": 0.001,
    "reduction_factor": 0.3
  },
  "n_parameters": 3072,
  "train_loss": 5330.559303899623,
  "train_quality": 0.4971196963209852,
  "val_loss": 7016.850033869511,
  "val_quality": 0.2163002218587481,
  "test_loss": 8544.05322515511,
  "test_quality": 0.2890851287014885,
  "best_epoch": 245,
  "stopped_early": true,
  "patience_counter": 40,
  "success": true
}