{
  "run_id": "LMPO2-L4-d16-rf0.5-seed123",
  "seed": 123,
  "model": "LMPO2",
  "dataset": "appliances",
  "task": "regression",
  "params": {
    "output_site": 1,
    "init_strength": 0.01,
    "reduction_factor": 0.5,
    "rank": 5,
    "batch_size": 64,
    "n_epochs": 1000,
    "patience": 40,
    "min_delta": 1e-08,
    "optimizer": "adamw",
    "seeds": [
      42,
      7,
      123,
      256,
      999
    ],
    "model": "LMPO2",
    "L": 4,
    "bond_dim": 16,
    "lr": 0.01
  },
  "n_parameters": 76160,
  "train_loss": 20092.978124846984,
  "train_quality": -0.895553986960975,
  "val_loss": 16941.679572540448,
  "val_quality": 0.04133249118939597,
  "test_loss": 22477.826026352304,
  "test_quality": -0.870285726866417,
  "best_epoch": 10,
  "stopped_early": true,
  "patience_counter": 40,
  "success": true
}