{
  "run_id": "LMPO2-L3-d8-rf0.1-seed42",
  "seed": 42,
  "model": "LMPO2",
  "dataset": "appliances",
  "task": "regression",
  "params": {
    "init_strength": 0.01,
    "bond_dim_mpo": 2,
    "batch_size": 64,
    "n_epochs": 1000,
    "patience": 40,
    "min_delta": 1e-08,
    "optimizer": "adamw",
    "seeds": [
      42,
      7,
      123,
      256,
      999
    ],
    "model": "LMPO2",
    "L": 3,
    "bond_dim": 8,
    "lr": 0.001,
    "reduction_factor": 0.1
  },
  "n_parameters": 592,
  "train_loss": 8885.632876976631,
  "train_quality": 0.16173716399978244,
  "val_loss": 8529.885003674888,
  "val_quality": 0.02420368360045233,
  "test_loss": 10871.166843173598,
  "test_quality": 0.09545575460303857,
  "best_epoch": 776,
  "stopped_early": true,
  "patience_counter": 40,
  "success": true
}