{
  "run_id": "LMPO2-L3-d12-rf0.5-seed999",
  "seed": 999,
  "model": "LMPO2",
  "dataset": "appliances",
  "task": "regression",
  "params": {
    "init_strength": 0.01,
    "bond_dim_mpo": 2,
    "batch_size": 64,
    "n_epochs": 1000,
    "patience": 40,
    "min_delta": 1e-08,
    "optimizer": "adamw",
    "seeds": [
      42,
      7,
      123,
      256,
      999
    ],
    "model": "LMPO2",
    "L": 3,
    "bond_dim": 12,
    "lr": 0.001,
    "reduction_factor": 0.5
  },
  "n_parameters": 4992,
  "train_loss": 4714.7988649306635,
  "train_quality": 0.5552099977112545,
  "val_loss": 6446.334469986545,
  "val_quality": 0.2531287113715993,
  "test_loss": 7983.401923744778,
  "test_quality": 0.33573457449520083,
  "best_epoch": 408,
  "stopped_early": true,
  "patience_counter": 40,
  "success": true
}