{
  "run_id": "LMPO2-L3-d16-rf0.3-seed256",
  "seed": 256,
  "model": "LMPO2",
  "dataset": "appliances",
  "task": "regression",
  "params": {
    "init_strength": 0.01,
    "bond_dim_mpo": 2,
    "batch_size": 64,
    "n_epochs": 1000,
    "patience": 40,
    "min_delta": 1e-08,
    "optimizer": "adamw",
    "seeds": [
      42,
      7,
      123,
      256,
      999
    ],
    "model": "LMPO2",
    "L": 3,
    "bond_dim": 16,
    "lr": 0.001,
    "reduction_factor": 0.3
  },
  "n_parameters": 4032,
  "train_loss": 5251.103049509383,
  "train_quality": 0.5046155298834653,
  "val_loss": 6745.451870813027,
  "val_quality": 0.24808174883829026,
  "test_loss": 8424.885962916109,
  "test_quality": 0.2990005373096897,
  "best_epoch": 780,
  "stopped_early": true,
  "patience_counter": 40,
  "success": true
}