{
  "run_id": "LMPO2-L4-d16-rf0.3-seed42",
  "seed": 42,
  "model": "LMPO2",
  "dataset": "appliances",
  "task": "regression",
  "params": {
    "init_strength": 0.01,
    "bond_dim_mpo": 2,
    "batch_size": 64,
    "n_epochs": 1000,
    "patience": 40,
    "min_delta": 1e-08,
    "optimizer": "adamw",
    "seeds": [
      42,
      7,
      123,
      256,
      999
    ],
    "model": "LMPO2",
    "L": 4,
    "bond_dim": 16,
    "lr": 0.001,
    "reduction_factor": 0.3
  },
  "n_parameters": 6944,
  "train_loss": 3591.264621394026,
  "train_quality": 0.6612032358260889,
  "val_loss": 7207.968134935604,
  "val_quality": 0.26404830919363176,
  "test_loss": 7947.356523222267,
  "test_quality": 0.33873376125095733,
  "best_epoch": 297,
  "stopped_early": true,
  "patience_counter": 40,
  "success": true
}