{
  "run_id": "LMPO2-L4-d12-rf0.1-seed256",
  "seed": 256,
  "model": "LMPO2",
  "dataset": "appliances",
  "task": "regression",
  "params": {
    "init_strength": 0.01,
    "bond_dim_mpo": 2,
    "batch_size": 64,
    "n_epochs": 1000,
    "patience": 40,
    "min_delta": 1e-08,
    "optimizer": "adamw",
    "seeds": [
      42,
      7,
      123,
      256,
      999
    ],
    "model": "LMPO2",
    "L": 4,
    "bond_dim": 12,
    "lr": 0.001,
    "reduction_factor": 0.1
  },
  "n_parameters": 1272,
  "train_loss": 137640.03616342906,
  "train_quality": -11.984840658956706,
  "val_loss": 160242.49112149648,
  "val_quality": -0.8032316297194924,
  "test_loss": 139911.5424751708,
  "test_quality": -10.641453253014653,
  "best_epoch": 29,
  "stopped_early": true,
  "patience_counter": 40,
  "success": true
}