{
  "run_id": "LMPO2-L3-d12-rf0.5-seed42",
  "seed": 42,
  "model": "LMPO2",
  "dataset": "appliances",
  "task": "regression",
  "params": {
    "output_site": 1,
    "init_strength": 0.01,
    "reduction_factor": 0.5,
    "rank": 5,
    "batch_size": 64,
    "n_epochs": 1000,
    "patience": 40,
    "min_delta": 1e-08,
    "optimizer": "adamw",
    "seeds": [
      42,
      7,
      123,
      256,
      999
    ],
    "model": "LMPO2",
    "L": 3,
    "bond_dim": 12,
    "lr": 0.01
  },
  "n_parameters": 23520,
  "train_loss": 6806.870845896967,
  "train_quality": 0.35784575633848836,
  "val_loss": 7728.089647116602,
  "val_quality": 0.20419899021800558,
  "test_loss": 9440.900029338924,
  "test_quality": 0.21446226370180999,
  "best_epoch": 119,
  "stopped_early": true,
  "patience_counter": 40,
  "success": true
}