{
  "run_id": "LMPO2-L3-d16-rf0.5-seed123",
  "seed": 123,
  "model": "LMPO2",
  "dataset": "appliances",
  "task": "regression",
  "params": {
    "init_strength": 0.01,
    "bond_dim_mpo": 2,
    "batch_size": 64,
    "n_epochs": 1000,
    "patience": 40,
    "min_delta": 1e-08,
    "optimizer": "adamw",
    "seeds": [
      42,
      7,
      123,
      256,
      999
    ],
    "model": "LMPO2",
    "L": 3,
    "bond_dim": 16,
    "lr": 0.001,
    "reduction_factor": 0.5
  },
  "n_parameters": 6552,
  "train_loss": 4731.047901725722,
  "train_quality": 0.5536770777881965,
  "val_loss": 7270.761131762648,
  "val_quality": 0.25440405872529714,
  "test_loss": 7981.4614647054395,
  "test_quality": 0.33589603196179885,
  "best_epoch": 609,
  "stopped_early": true,
  "patience_counter": 40,
  "success": true
}