{
  "run_id": "MMPO2TypeI_GTN-L4-d16-seed7",
  "seed": 7,
  "model": "MMPO2TypeI_GTN",
  "dataset": "student_perf",
  "task": "regression",
  "params": {
    "init_strength": 0.01,
    "batch_size": 64,
    "n_epochs": 1000,
    "patience": 40,
    "min_delta": 1e-08,
    "optimizer": "adamw",
    "seeds": [
      42,
      7,
      123,
      256,
      999
    ],
    "model": "MMPO2TypeI_GTN",
    "L": 4,
    "bond_dim": 16,
    "lr": 0.001
  },
  "n_parameters": 43250,
  "train_loss": 0.042231315213503755,
  "train_quality": 0.9940481385426063,
  "val_loss": 8.36284572612962,
  "val_quality": 0.09389809765226309,
  "test_loss": 15.603874502615932,
  "test_quality": -0.5417655424189649,
  "best_epoch": 24,
  "stopped_early": true,
  "patience_counter": 40,
  "success": true
}