{
  "run_id": "MMPO2-L4-d12-seed42",
  "seed": 42,
  "model": "MMPO2",
  "dataset": "student_perf",
  "task": "regression",
  "params": {
    "output_site": 1,
    "init_strength": 0.01,
    "rank": 5,
    "batch_size": 64,
    "n_epochs": 1000,
    "patience": 40,
    "min_delta": 1e-08,
    "optimizer": "adamw",
    "seeds": [
      42,
      7,
      123,
      256,
      999
    ],
    "model": "MMPO2",
    "L": 4,
    "bond_dim": 12,
    "lr": 0.01
  },
  "n_parameters": 15600,
  "train_loss": 16.70729444624566,
  "train_quality": -1.3546390011585498,
  "val_loss": 336.3386332210109,
  "val_quality": -49.94448803894877,
  "test_loss": 436.0910011073086,
  "test_quality": -42.088662290479334,
  "best_epoch": 136,
  "stopped_early": true,
  "patience_counter": 40,
  "success": true
}