{
  "run_id": "MMPO2-L3-d16-seed123",
  "seed": 123,
  "model": "MMPO2",
  "dataset": "student_perf",
  "task": "regression",
  "params": {
    "output_site": 1,
    "init_strength": 0.01,
    "rank": 5,
    "batch_size": 64,
    "n_epochs": 1000,
    "patience": 40,
    "min_delta": 1e-08,
    "optimizer": "adamw",
    "seeds": [
      42,
      7,
      123,
      256,
      999
    ],
    "model": "MMPO2",
    "L": 3,
    "bond_dim": 16,
    "lr": 0.01
  },
  "n_parameters": 14400,
  "train_loss": 52.87665955328352,
  "train_quality": -6.4521608053135235,
  "val_loss": 1505.2356665020345,
  "val_quality": -230.43253689658903,
  "test_loss": 1767.5947184908796,
  "test_quality": -173.64999667064205,
  "best_epoch": 83,
  "stopped_early": true,
  "patience_counter": 40,
  "success": true
}