{
  "run_id": "MMPO2-L3-d8-seed123",
  "seed": 123,
  "model": "MMPO2",
  "dataset": "student_perf",
  "task": "regression",
  "params": {
    "output_site": 1,
    "init_strength": 0.01,
    "rank": 5,
    "batch_size": 64,
    "n_epochs": 1000,
    "patience": 40,
    "min_delta": 1e-08,
    "optimizer": "adamw",
    "seeds": [
      42,
      7,
      123,
      256,
      999
    ],
    "model": "MMPO2",
    "L": 3,
    "bond_dim": 8,
    "lr": 0.01
  },
  "n_parameters": 4000,
  "train_loss": 0.27279645398857777,
  "train_quality": 0.9615534895846886,
  "val_loss": 168.8750695197667,
  "val_quality": -25.274841721034825,
  "test_loss": 130.79769744638216,
  "test_quality": -11.92367372710961,
  "best_epoch": 187,
  "stopped_early": true,
  "patience_counter": 40,
  "success": true
}