{
  "run_id": "MMPO2-L4-d8-seed256",
  "seed": 256,
  "model": "MMPO2",
  "dataset": "student_perf",
  "task": "regression",
  "params": {
    "output_site": 1,
    "init_strength": 0.01,
    "rank": 5,
    "batch_size": 64,
    "n_epochs": 1000,
    "patience": 40,
    "min_delta": 1e-08,
    "optimizer": "adamw",
    "seeds": [
      42,
      7,
      123,
      256,
      999
    ],
    "model": "MMPO2",
    "L": 4,
    "bond_dim": 8,
    "lr": 0.01
  },
  "n_parameters": 7200,
  "train_loss": 203.28713468849702,
  "train_quality": -27.650229234385044,
  "val_loss": 74.41473170603344,
  "val_quality": -3.884139162970431,
  "test_loss": 173.36770034041643,
  "test_quality": -16.12987030935555,
  "best_epoch": 334,
  "stopped_early": true,
  "patience_counter": 40,
  "success": true
}