{
  "run_id": "MMPO2-L3-d8-seed256",
  "seed": 256,
  "model": "MMPO2",
  "dataset": "student_perf",
  "task": "regression",
  "params": {
    "init_strength": 0.01,
    "batch_size": 64,
    "n_epochs": 1000,
    "patience": 40,
    "min_delta": 1e-08,
    "optimizer": "adamw",
    "seeds": [
      42,
      7,
      123,
      256,
      999
    ],
    "model": "MMPO2",
    "L": 3,
    "bond_dim": 8,
    "lr": 0.001
  },
  "n_parameters": 4000,
  "train_loss": 0.1502022565844175,
  "train_quality": 0.9788312768082467,
  "val_loss": 19.356880856097195,
  "val_quality": -0.7090336912374604,
  "test_loss": 38.7267388016303,
  "test_quality": -2.8264567844738413,
  "best_epoch": 175,
  "stopped_early": true,
  "patience_counter": 40,
  "success": true
}