{
  "run_id": "MMPO2-L4-d12-seed256",
  "seed": 256,
  "model": "MMPO2",
  "dataset": "student_perf",
  "task": "regression",
  "params": {
    "init_strength": 0.01,
    "batch_size": 64,
    "n_epochs": 1000,
    "patience": 40,
    "min_delta": 1e-08,
    "optimizer": "adamw",
    "seeds": [
      42,
      7,
      123,
      256,
      999
    ],
    "model": "MMPO2",
    "L": 4,
    "bond_dim": 12,
    "lr": 0.001
  },
  "n_parameters": 15600,
  "train_loss": 0.17278939828506096,
  "train_quality": 0.9756479627807033,
  "val_loss": 55.26206893706342,
  "val_quality": -7.315394470573063,
  "test_loss": 87.44668820051136,
  "test_quality": -7.64030857487357,
  "best_epoch": 387,
  "stopped_early": true,
  "patience_counter": 40,
  "success": true
}