{
  "run_id": "MMPO2TypeI_GTN-L4-d16-seed123",
  "seed": 123,
  "model": "MMPO2TypeI_GTN",
  "dataset": "student_perf",
  "task": "regression",
  "params": {
    "init_strength": 0.01,
    "batch_size": 64,
    "n_epochs": 1000,
    "patience": 40,
    "min_delta": 1e-08,
    "optimizer": "adamw",
    "seeds": [
      42,
      7,
      123,
      256,
      999
    ],
    "model": "MMPO2TypeI_GTN",
    "L": 4,
    "bond_dim": 16,
    "lr": 0.001
  },
  "n_parameters": 43250,
  "train_loss": 0.02236289284446892,
  "train_quality": 0.9968482904374653,
  "val_loss": 11.33510396439253,
  "val_quality": 0.043943540366813805,
  "test_loss": 15.781088474443665,
  "test_quality": -0.559275449676512,
  "best_epoch": 34,
  "stopped_early": true,
  "patience_counter": 40,
  "success": true
}