{
  "run_id": "MMPO2TypeI_GTN-L3-d12-seed123",
  "seed": 123,
  "model": "MMPO2TypeI_GTN",
  "dataset": "student_perf",
  "task": "regression",
  "params": {
    "init_strength": 0.01,
    "batch_size": 64,
    "n_epochs": 1000,
    "patience": 40,
    "min_delta": 1e-08,
    "optimizer": "adamw",
    "seeds": [
      42,
      7,
      123,
      256,
      999
    ],
    "model": "MMPO2TypeI_GTN",
    "L": 3,
    "bond_dim": 12,
    "lr": 0.001
  },
  "n_parameters": 9650,
  "train_loss": 0.0030656834509722136,
  "train_quality": 0.9995679385527028,
  "val_loss": 12.263673391016649,
  "val_quality": 0.08919234497827133,
  "test_loss": 19.94629364332733,
  "test_quality": -0.970825145581437,
  "best_epoch": 36,
  "stopped_early": true,
  "patience_counter": 40,
  "success": true
}