{
  "run_id": "MMPO2-L4-d12-seed7",
  "seed": 7,
  "model": "MMPO2",
  "dataset": "student_perf",
  "task": "regression",
  "params": {
    "output_site": 1,
    "init_strength": 0.01,
    "rank": 5,
    "batch_size": 64,
    "n_epochs": 1000,
    "patience": 40,
    "min_delta": 1e-08,
    "optimizer": "adamw",
    "seeds": [
      42,
      7,
      123,
      256,
      999
    ],
    "model": "MMPO2",
    "L": 4,
    "bond_dim": 12,
    "lr": 0.01
  },
  "n_parameters": 15600,
  "train_loss": 0.026863719297109828,
  "train_quality": 0.9962139674154504,
  "val_loss": 53.21507061254189,
  "val_quality": -7.349463036843094,
  "test_loss": 147.50191904567143,
  "test_quality": -13.574160807763668,
  "best_epoch": 322,
  "stopped_early": true,
  "patience_counter": 40,
  "success": true
}