{
  "run_id": "MMPO2-L4-d8-seed256",
  "seed": 256,
  "model": "MMPO2",
  "dataset": "student_perf",
  "task": "regression",
  "params": {
    "init_strength": 0.01,
    "batch_size": 64,
    "n_epochs": 1000,
    "patience": 40,
    "min_delta": 1e-08,
    "optimizer": "adamw",
    "seeds": [
      42,
      7,
      123,
      256,
      999
    ],
    "model": "MMPO2",
    "L": 4,
    "bond_dim": 8,
    "lr": 0.001
  },
  "n_parameters": 7200,
  "train_loss": 0.48844806812897446,
  "train_quality": 0.9311606750597804,
  "val_loss": 52.67128449172643,
  "val_quality": -6.516618341273572,
  "test_loss": 59.4102555247777,
  "test_quality": -4.870124424485237,
  "best_epoch": 468,
  "stopped_early": true,
  "patience_counter": 40,
  "success": true
}