{
  "run_id": "MMPO2-L4-d8-seed123",
  "seed": 123,
  "model": "MMPO2",
  "dataset": "student_perf",
  "task": "regression",
  "params": {
    "init_strength": 0.01,
    "batch_size": 64,
    "n_epochs": 1000,
    "patience": 40,
    "min_delta": 1e-08,
    "optimizer": "adamw",
    "seeds": [
      42,
      7,
      123,
      256,
      999
    ],
    "model": "MMPO2",
    "L": 4,
    "bond_dim": 8,
    "lr": 0.001
  },
  "n_parameters": 7200,
  "train_loss": 0.24840489792389417,
  "train_quality": 0.9649911083681268,
  "val_loss": 42.606834202890276,
  "val_quality": -4.783950831055728,
  "test_loss": 90.73183019273239,
  "test_quality": -7.964902234269566,
  "best_epoch": 612,
  "stopped_early": true,
  "patience_counter": 40,
  "success": true
}