{
  "run_id": "MMPO2-L3-d8-seed42",
  "seed": 42,
  "model": "MMPO2",
  "dataset": "student_perf",
  "task": "regression",
  "params": {
    "output_site": 1,
    "init_strength": 0.01,
    "rank": 5,
    "batch_size": 64,
    "n_epochs": 1000,
    "patience": 40,
    "min_delta": 1e-08,
    "optimizer": "adamw",
    "seeds": [
      42,
      7,
      123,
      256,
      999
    ],
    "model": "MMPO2",
    "L": 3,
    "bond_dim": 8,
    "lr": 0.01
  },
  "n_parameters": 4000,
  "train_loss": 0.39016711647904534,
  "train_quality": 0.9450118801469034,
  "val_loss": 65.23520339205652,
  "val_quality": -9.235426039151875,
  "test_loss": 114.25486448584459,
  "test_quality": -10.289132906605468,
  "best_epoch": 310,
  "stopped_early": true,
  "patience_counter": 40,
  "success": true
}