{
  "run_id": "MMPO2-L4-d8-seed123",
  "seed": 123,
  "model": "MMPO2",
  "dataset": "student_perf",
  "task": "regression",
  "params": {
    "output_site": 1,
    "init_strength": 0.01,
    "rank": 5,
    "batch_size": 64,
    "n_epochs": 1000,
    "patience": 40,
    "min_delta": 1e-08,
    "optimizer": "adamw",
    "seeds": [
      42,
      7,
      123,
      256,
      999
    ],
    "model": "MMPO2",
    "L": 4,
    "bond_dim": 8,
    "lr": 0.01
  },
  "n_parameters": 7200,
  "train_loss": 1.6188721051956316,
  "train_quality": 0.7718446030238095,
  "val_loss": 153.50609626889172,
  "val_quality": -21.54223096220033,
  "test_loss": 145.49761052110912,
  "test_quality": -13.376121928443744,
  "best_epoch": 102,
  "stopped_early": true,
  "patience_counter": 40,
  "success": true
}