{
  "run_id": "MMPO2TypeI_GTN-L3-d16-seed256",
  "seed": 256,
  "model": "MMPO2TypeI_GTN",
  "dataset": "student_perf",
  "task": "regression",
  "params": {
    "init_strength": 0.01,
    "batch_size": 64,
    "n_epochs": 1000,
    "patience": 40,
    "min_delta": 1e-08,
    "optimizer": "adamw",
    "seeds": [
      42,
      7,
      123,
      256,
      999
    ],
    "model": "MMPO2TypeI_GTN",
    "L": 3,
    "bond_dim": 16,
    "lr": 0.001
  },
  "n_parameters": 16050,
  "train_loss": 0.028701692320001776,
  "train_quality": 0.9959549330770838,
  "val_loss": 10.242023892388303,
  "val_quality": 0.08117385196476778,
  "test_loss": 15.494394711315598,
  "test_quality": -0.5309482181838991,
  "best_epoch": 26,
  "stopped_early": true,
  "patience_counter": 40,
  "success": true
}