{
  "run_id": "MMPO2-L3-d12-seed999",
  "seed": 999,
  "model": "MMPO2",
  "dataset": "student_perf",
  "task": "regression",
  "params": {
    "init_strength": 0.01,
    "batch_size": 64,
    "n_epochs": 1000,
    "patience": 40,
    "min_delta": 1e-08,
    "optimizer": "adamw",
    "seeds": [
      42,
      7,
      123,
      256,
      999
    ],
    "model": "MMPO2",
    "L": 3,
    "bond_dim": 12,
    "lr": 0.001
  },
  "n_parameters": 8400,
  "train_loss": 1.0880251036292352,
  "train_quality": 0.8466594126602789,
  "val_loss": 20.87883174402263,
  "val_quality": -1.1687752724101044,
  "test_loss": 52.28656732379683,
  "test_quality": -4.16625712528544,
  "best_epoch": 67,
  "stopped_early": true,
  "patience_counter": 40,
  "success": true
}