{
  "run_id": "MMPO2-L4-d12-seed123",
  "seed": 123,
  "model": "MMPO2",
  "dataset": "student_perf",
  "task": "regression",
  "params": {
    "init_strength": 0.01,
    "batch_size": 64,
    "n_epochs": 1000,
    "patience": 40,
    "min_delta": 1e-08,
    "optimizer": "adamw",
    "seeds": [
      42,
      7,
      123,
      256,
      999
    ],
    "model": "MMPO2",
    "L": 4,
    "bond_dim": 12,
    "lr": 0.001
  },
  "n_parameters": 15600,
  "train_loss": 0.9806984598215263,
  "train_quality": 0.861785470454147,
  "val_loss": 77.65897319506078,
  "val_quality": -6.803249685000157,
  "test_loss": 59.13506738638929,
  "test_quality": -4.842934024474101,
  "best_epoch": 157,
  "stopped_early": true,
  "patience_counter": 40,
  "success": true
}