{
  "run_id": "MMPO2-L3-d12-seed7",
  "seed": 7,
  "model": "MMPO2",
  "dataset": "student_perf",
  "task": "regression",
  "params": {
    "init_strength": 0.01,
    "batch_size": 64,
    "n_epochs": 1000,
    "patience": 40,
    "min_delta": 1e-08,
    "optimizer": "adamw",
    "seeds": [
      42,
      7,
      123,
      256,
      999
    ],
    "model": "MMPO2",
    "L": 3,
    "bond_dim": 12,
    "lr": 0.001
  },
  "n_parameters": 8400,
  "train_loss": 0.16766099629153114,
  "train_quality": 0.9763707330285395,
  "val_loss": 20.961726990844763,
  "val_quality": -1.2867904431770003,
  "test_loss": 17.13073088135303,
  "test_quality": -0.6926290060135236,
  "best_epoch": 117,
  "stopped_early": true,
  "patience_counter": 40,
  "success": true
}