{
  "run_id": "MMPO2TypeI_GTN-L3-d8-seed256",
  "seed": 256,
  "model": "MMPO2TypeI_GTN",
  "dataset": "student_perf",
  "task": "regression",
  "params": {
    "init_strength": 0.01,
    "batch_size": 64,
    "n_epochs": 1000,
    "patience": 40,
    "min_delta": 1e-08,
    "optimizer": "adamw",
    "seeds": [
      42,
      7,
      123,
      256,
      999
    ],
    "model": "MMPO2TypeI_GTN",
    "L": 3,
    "bond_dim": 8,
    "lr": 0.001
  },
  "n_parameters": 4850,
  "train_loss": 0.028767605744145944,
  "train_quality": 0.9959456435826245,
  "val_loss": 11.447601103788676,
  "val_quality": 0.09855068346063656,
  "test_loss": 18.294643844000458,
  "test_quality": -0.807631270347535,
  "best_epoch": 50,
  "stopped_early": true,
  "patience_counter": 40,
  "success": true
}