{
  "run_id": "MMPO2-L4-d8-seed7",
  "seed": 7,
  "model": "MMPO2",
  "dataset": "student_perf",
  "task": "regression",
  "params": {
    "init_strength": 0.01,
    "batch_size": 64,
    "n_epochs": 1000,
    "patience": 40,
    "min_delta": 1e-08,
    "optimizer": "adamw",
    "seeds": [
      42,
      7,
      123,
      256,
      999
    ],
    "model": "MMPO2",
    "L": 4,
    "bond_dim": 8,
    "lr": 0.001
  },
  "n_parameters": 7200,
  "train_loss": 0.4550813266439215,
  "train_quality": 0.9358632096978728,
  "val_loss": 38.64958547082489,
  "val_quality": -5.064133366045079,
  "test_loss": 142.48113169032206,
  "test_quality": -13.078073958372972,
  "best_epoch": 445,
  "stopped_early": true,
  "patience_counter": 40,
  "success": true
}