{
  "run_id": "MMPO2-L4-d12-seed999",
  "seed": 999,
  "model": "MMPO2",
  "dataset": "student_perf",
  "task": "regression",
  "params": {
    "output_site": 1,
    "init_strength": 0.01,
    "rank": 5,
    "batch_size": 64,
    "n_epochs": 1000,
    "patience": 40,
    "min_delta": 1e-08,
    "optimizer": "adamw",
    "seeds": [
      42,
      7,
      123,
      256,
      999
    ],
    "model": "MMPO2",
    "L": 4,
    "bond_dim": 12,
    "lr": 0.01
  },
  "n_parameters": 15600,
  "train_loss": 0.0365736609468775,
  "train_quality": 0.9948454988473602,
  "val_loss": 49.24145277823754,
  "val_quality": -6.72600102038482,
  "test_loss": 48.37077779526004,
  "test_quality": -3.779351336889686,
  "best_epoch": 418,
  "stopped_early": true,
  "patience_counter": 40,
  "success": true
}