{
  "run_id": "MMPO2TypeI_GTN-L4-d8-seed123",
  "seed": 123,
  "model": "MMPO2TypeI_GTN",
  "dataset": "student_perf",
  "task": "regression",
  "params": {
    "init_strength": 0.01,
    "batch_size": 64,
    "n_epochs": 1000,
    "patience": 40,
    "min_delta": 1e-08,
    "optimizer": "adamw",
    "seeds": [
      42,
      7,
      123,
      256,
      999
    ],
    "model": "MMPO2TypeI_GTN",
    "L": 4,
    "bond_dim": 8,
    "lr": 0.001
  },
  "n_parameters": 12050,
  "train_loss": 0.027926016470581308,
  "train_quality": 0.9960642527884936,
  "val_loss": 12.581259092419812,
  "val_quality": 0.11726234179608541,
  "test_loss": 16.251094956708297,
  "test_quality": -0.6057151848171449,
  "best_epoch": 39,
  "stopped_early": true,
  "patience_counter": 40,
  "success": true
}