{
  "run_id": "MMPO2-L3-d12-seed42",
  "seed": 42,
  "model": "MMPO2",
  "dataset": "student_perf",
  "task": "regression",
  "params": {
    "output_site": 1,
    "init_strength": 0.01,
    "rank": 5,
    "batch_size": 64,
    "n_epochs": 1000,
    "patience": 40,
    "min_delta": 1e-08,
    "optimizer": "adamw",
    "seeds": [
      42,
      7,
      123,
      256,
      999
    ],
    "model": "MMPO2",
    "L": 3,
    "bond_dim": 12,
    "lr": 0.01
  },
  "n_parameters": 8400,
  "train_loss": 0.21752077190003644,
  "train_quality": 0.9693437561224623,
  "val_loss": 116.5434326889045,
  "val_quality": -17.285705012171533,
  "test_loss": 161.1461115672425,
  "test_quality": -14.922296867199558,
  "best_epoch": 419,
  "stopped_early": true,
  "patience_counter": 40,
  "success": true
}