{
  "run_id": "MMPO2TypeI_GTN-L3-d12-seed7",
  "seed": 7,
  "model": "MMPO2TypeI_GTN",
  "dataset": "student_perf",
  "task": "regression",
  "params": {
    "init_strength": 0.01,
    "batch_size": 64,
    "n_epochs": 1000,
    "patience": 40,
    "min_delta": 1e-08,
    "optimizer": "adamw",
    "seeds": [
      42,
      7,
      123,
      256,
      999
    ],
    "model": "MMPO2TypeI_GTN",
    "L": 3,
    "bond_dim": 12,
    "lr": 0.001
  },
  "n_parameters": 9650,
  "train_loss": 0.03331173474654404,
  "train_quality": 0.9953052177249389,
  "val_loss": 11.335345025471106,
  "val_quality": 0.10573303619681618,
  "test_loss": 20.841270886946173,
  "test_quality": -1.0592547901052574,
  "best_epoch": 36,
  "stopped_early": true,
  "patience_counter": 40,
  "success": true
}