{
  "run_id": "MMPO2TypeI_GTN-L4-d16-seed42",
  "seed": 42,
  "model": "MMPO2TypeI_GTN",
  "dataset": "student_perf",
  "task": "regression",
  "params": {
    "init_strength": 0.01,
    "batch_size": 64,
    "n_epochs": 1000,
    "patience": 40,
    "min_delta": 1e-08,
    "optimizer": "adamw",
    "seeds": [
      42,
      7,
      123,
      256,
      999
    ],
    "model": "MMPO2TypeI_GTN",
    "L": 4,
    "bond_dim": 16,
    "lr": 0.001
  },
  "n_parameters": 43250,
  "train_loss": 0.013906916596126745,
  "train_quality": 0.9980400316575221,
  "val_loss": 8.176614317593717,
  "val_quality": 0.060944519478531634,
  "test_loss": 14.57535633641836,
  "test_quality": -0.44014117546257125,
  "best_epoch": 33,
  "stopped_early": true,
  "patience_counter": 40,
  "success": true
}