{
  "run_id": "MMPO2TypeI_GTN-L3-d16-seed999",
  "seed": 999,
  "model": "MMPO2TypeI_GTN",
  "dataset": "student_perf",
  "task": "regression",
  "params": {
    "init_strength": 0.01,
    "batch_size": 64,
    "n_epochs": 1000,
    "patience": 40,
    "min_delta": 1e-08,
    "optimizer": "adamw",
    "seeds": [
      42,
      7,
      123,
      256,
      999
    ],
    "model": "MMPO2TypeI_GTN",
    "L": 3,
    "bond_dim": 16,
    "lr": 0.001
  },
  "n_parameters": 16050,
  "train_loss": 0.03746693683884851,
  "train_quality": 0.9947196051988824,
  "val_loss": 12.295897414695789,
  "val_quality": 0.12233748026956615,
  "test_loss": 15.23367096322144,
  "test_quality": -0.5051869951726204,
  "best_epoch": 35,
  "stopped_early": true,
  "patience_counter": 40,
  "success": true
}