{
  "run_id": "MMPO2TypeI_GTN-L3-d12-seed256",
  "seed": 256,
  "model": "MMPO2TypeI_GTN",
  "dataset": "student_perf",
  "task": "regression",
  "params": {
    "init_strength": 0.01,
    "batch_size": 64,
    "n_epochs": 1000,
    "patience": 40,
    "min_delta": 1e-08,
    "optimizer": "adamw",
    "seeds": [
      42,
      7,
      123,
      256,
      999
    ],
    "model": "MMPO2TypeI_GTN",
    "L": 3,
    "bond_dim": 12,
    "lr": 0.001
  },
  "n_parameters": 9650,
  "train_loss": 0.00961750032618128,
  "train_quality": 0.9986445596302536,
  "val_loss": 11.682442060750292,
  "val_quality": 0.07089093467700436,
  "test_loss": 18.9281238389987,
  "test_quality": -0.8702232649150567,
  "best_epoch": 65,
  "stopped_early": true,
  "patience_counter": 40,
  "success": true
}