{
  "run_id": "MMPO2-L4-d16-seed123",
  "seed": 123,
  "model": "MMPO2",
  "dataset": "student_perf",
  "task": "regression",
  "params": {
    "output_site": 1,
    "init_strength": 0.01,
    "rank": 5,
    "batch_size": 64,
    "n_epochs": 1000,
    "patience": 40,
    "min_delta": 1e-08,
    "optimizer": "adamw",
    "seeds": [
      42,
      7,
      123,
      256,
      999
    ],
    "model": "MMPO2",
    "L": 4,
    "bond_dim": 16,
    "lr": 0.01
  },
  "n_parameters": 27200,
  "train_loss": 0.01658392254846335,
  "train_quality": 0.9976627483911029,
  "val_loss": 54.37411048652332,
  "val_quality": -7.531316795085678,
  "test_loss": 36.65970475811465,
  "test_quality": -2.6222202108737966,
  "best_epoch": 351,
  "stopped_early": true,
  "patience_counter": 40,
  "success": true
}