{
  "run_id": "MMPO2-L3-d12-seed999",
  "seed": 999,
  "model": "MMPO2",
  "dataset": "student_perf",
  "task": "regression",
  "params": {
    "output_site": 1,
    "init_strength": 0.01,
    "rank": 5,
    "batch_size": 64,
    "n_epochs": 1000,
    "patience": 40,
    "min_delta": 1e-08,
    "optimizer": "adamw",
    "seeds": [
      42,
      7,
      123,
      256,
      999
    ],
    "model": "MMPO2",
    "L": 3,
    "bond_dim": 12,
    "lr": 0.01
  },
  "n_parameters": 8400,
  "train_loss": 0.9081743215181753,
  "train_quality": 0.872006644512216,
  "val_loss": 461.5023412397649,
  "val_quality": -71.40987741336957,
  "test_loss": 481.7394413560668,
  "test_quality": -46.599028752918365,
  "best_epoch": 169,
  "stopped_early": true,
  "patience_counter": 40,
  "success": true
}