{
  "run_id": "MMPO2-L3-d16-seed123",
  "seed": 123,
  "model": "MMPO2",
  "dataset": "student_perf",
  "task": "regression",
  "params": {
    "init_strength": 0.01,
    "batch_size": 64,
    "n_epochs": 1000,
    "patience": 40,
    "min_delta": 1e-08,
    "optimizer": "adamw",
    "seeds": [
      42,
      7,
      123,
      256,
      999
    ],
    "model": "MMPO2",
    "L": 3,
    "bond_dim": 16,
    "lr": 0.001
  },
  "n_parameters": 14400,
  "train_loss": 0.32812833843166894,
  "train_quality": 0.9537553021799902,
  "val_loss": 12.784038238890938,
  "val_quality": -0.5265534979495337,
  "test_loss": 28.642718451665303,
  "test_quality": -1.830089177055489,
  "best_epoch": 153,
  "stopped_early": true,
  "patience_counter": 40,
  "success": true
}