{
  "run_id": "MMPO2-L3-d8-seed7",
  "seed": 7,
  "model": "MMPO2",
  "dataset": "student_perf",
  "task": "regression",
  "params": {
    "init_strength": 0.01,
    "batch_size": 64,
    "n_epochs": 1000,
    "patience": 40,
    "min_delta": 1e-08,
    "optimizer": "adamw",
    "seeds": [
      42,
      7,
      123,
      256,
      999
    ],
    "model": "MMPO2",
    "L": 3,
    "bond_dim": 8,
    "lr": 0.001
  },
  "n_parameters": 4000,
  "train_loss": 0.2041456249877723,
  "train_quality": 0.9712287796172699,
  "val_loss": 21.236179968659126,
  "val_quality": -1.0029784943138886,
  "test_loss": 38.8066864377234,
  "test_quality": -2.8343561373240282,
  "best_epoch": 140,
  "stopped_early": true,
  "patience_counter": 40,
  "success": true
}