{
  "run_id": "MMPO2-L3-d12-seed256",
  "seed": 256,
  "model": "MMPO2",
  "dataset": "student_perf",
  "task": "regression",
  "params": {
    "init_strength": 0.01,
    "batch_size": 64,
    "n_epochs": 1000,
    "patience": 40,
    "min_delta": 1e-08,
    "optimizer": "adamw",
    "seeds": [
      42,
      7,
      123,
      256,
      999
    ],
    "model": "MMPO2",
    "L": 3,
    "bond_dim": 12,
    "lr": 0.001
  },
  "n_parameters": 8400,
  "train_loss": 0.14993453662694056,
  "train_quality": 0.9788690078637021,
  "val_loss": 19.942657949698173,
  "val_quality": -1.2983057468967791,
  "test_loss": 19.600150095092747,
  "test_quality": -0.9366238838813863,
  "best_epoch": 130,
  "stopped_early": true,
  "patience_counter": 40,
  "success": true
}