{
  "run_id": "MMPO2TypeI_GTN-L4-d12-seed256",
  "seed": 256,
  "model": "MMPO2TypeI_GTN",
  "dataset": "student_perf",
  "task": "regression",
  "params": {
    "init_strength": 0.01,
    "batch_size": 64,
    "n_epochs": 1000,
    "patience": 40,
    "min_delta": 1e-08,
    "optimizer": "adamw",
    "seeds": [
      42,
      7,
      123,
      256,
      999
    ],
    "model": "MMPO2TypeI_GTN",
    "L": 4,
    "bond_dim": 12,
    "lr": 0.001
  },
  "n_parameters": 25250,
  "train_loss": 0.03325457570877677,
  "train_quality": 0.99531327342181,
  "val_loss": 9.796364474460045,
  "val_quality": 0.09217056281651825,
  "test_loss": 14.089414224590822,
  "test_quality": -0.39212689519516686,
  "best_epoch": 31,
  "stopped_early": true,
  "patience_counter": 40,
  "success": true
}