{
  "run_id": "MMPO2TypeI_GTN-L3-d16-seed123",
  "seed": 123,
  "model": "MMPO2TypeI_GTN",
  "dataset": "student_perf",
  "task": "regression",
  "params": {
    "init_strength": 0.01,
    "batch_size": 64,
    "n_epochs": 1000,
    "patience": 40,
    "min_delta": 1e-08,
    "optimizer": "adamw",
    "seeds": [
      42,
      7,
      123,
      256,
      999
    ],
    "model": "MMPO2TypeI_GTN",
    "L": 3,
    "bond_dim": 16,
    "lr": 0.001
  },
  "n_parameters": 16050,
  "train_loss": 0.05746379285681529,
  "train_quality": 0.9919013525349367,
  "val_loss": 12.00480646941744,
  "val_quality": 0.07283263184040356,
  "test_loss": 17.271274114932243,
  "test_quality": -0.7065156028786963,
  "best_epoch": 27,
  "stopped_early": true,
  "patience_counter": 40,
  "success": true
}