{
  "run_id": "MPO2-L4-d12-seed42",
  "seed": 42,
  "model": "MPO2",
  "dataset": "student_perf",
  "task": "regression",
  "params": {
    "output_site": 1,
    "init_strength": 0.01,
    "batch_size": 64,
    "n_epochs": 1000,
    "patience": 40,
    "min_delta": 1e-08,
    "optimizer": "adamw",
    "rank": 5,
    "seeds": [
      42,
      7,
      123,
      256,
      999
    ],
    "model": "MPO2",
    "L": 4,
    "bond_dim": 12,
    "lr": 0.01
  },
  "n_parameters": 15600,
  "train_loss": 0.29502398661743806,
  "train_quality": 0.9584208569854469,
  "val_loss": 1529.7990647212616,
  "val_quality": -239.02600386810215,
  "test_loss": 3038.6475050664512,
  "test_quality": -299.23838105615437,
  "best_epoch": 488,
  "stopped_early": true,
  "patience_counter": 40,
  "success": true
}