{
  "run_id": "MPO2-L3-d16-seed7",
  "seed": 7,
  "model": "MPO2",
  "dataset": "student_perf",
  "task": "regression",
  "params": {
    "output_site": 1,
    "init_strength": 0.01,
    "batch_size": 64,
    "n_epochs": 1000,
    "patience": 40,
    "min_delta": 1e-08,
    "optimizer": "adamw",
    "rank": 5,
    "seeds": [
      42,
      7,
      123,
      256,
      999
    ],
    "model": "MPO2",
    "L": 3,
    "bond_dim": 16,
    "lr": 0.01
  },
  "n_parameters": 14400,
  "train_loss": 16.31621801571698,
  "train_quality": -1.2995227273226253,
  "val_loss": 759.3192025286859,
  "val_quality": -117.63187187766812,
  "test_loss": 1382.2653483046565,
  "test_quality": -135.5769177481268,
  "best_epoch": 104,
  "stopped_early": true,
  "patience_counter": 40,
  "success": true
}