{
  "run_id": "MPO2TypeI_GTN-L4-d12-seed7",
  "seed": 7,
  "model": "MPO2TypeI_GTN",
  "dataset": "student_perf",
  "task": "regression",
  "params": {
    "init_strength": 0.01,
    "batch_size": 64,
    "n_epochs": 1000,
    "patience": 40,
    "min_delta": 1e-08,
    "optimizer": "adamw",
    "seeds": [
      42,
      7,
      123,
      256,
      999
    ],
    "model": "MPO2TypeI_GTN",
    "L": 4,
    "bond_dim": 12,
    "lr": 0.001
  },
  "n_parameters": 25250,
  "train_loss": 0.026985711674036936,
  "train_quality": 0.9961967744456682,
  "val_loss": 12.125592681253439,
  "val_quality": 0.12695532866139425,
  "test_loss": 17.08992252868714,
  "test_quality": -0.6885968720731614,
  "best_epoch": 33,
  "stopped_early": true,
  "patience_counter": 40,
  "success": true
}