{
  "run_id": "MPO2-L3-d16-seed256",
  "seed": 256,
  "model": "MPO2",
  "dataset": "student_perf",
  "task": "regression",
  "params": {
    "output_site": 1,
    "init_strength": 0.01,
    "batch_size": 64,
    "n_epochs": 1000,
    "patience": 40,
    "min_delta": 1e-08,
    "optimizer": "adamw",
    "rank": 5,
    "seeds": [
      42,
      7,
      123,
      256,
      999
    ],
    "model": "MPO2",
    "L": 3,
    "bond_dim": 16,
    "lr": 0.01
  },
  "n_parameters": 14400,
  "train_loss": 88.52424964347628,
  "train_quality": -11.47614635807564,
  "val_loss": 1297.883143025508,
  "val_quality": -202.63831531361728,
  "test_loss": 932.4569685290109,
  "test_quality": -91.13288812502695,
  "best_epoch": 154,
  "stopped_early": true,
  "patience_counter": 40,
  "success": true
}