{
  "run_id": "MPO2-L3-d12-seed7",
  "seed": 7,
  "model": "MPO2",
  "dataset": "student_perf",
  "task": "regression",
  "params": {
    "output_site": 1,
    "init_strength": 0.01,
    "batch_size": 64,
    "n_epochs": 1000,
    "patience": 40,
    "min_delta": 1e-08,
    "optimizer": "adamw",
    "rank": 5,
    "seeds": [
      42,
      7,
      123,
      256,
      999
    ],
    "model": "MPO2",
    "L": 3,
    "bond_dim": 12,
    "lr": 0.01
  },
  "n_parameters": 8400,
  "train_loss": 10.343202137903567,
  "train_quality": -0.4577170007467608,
  "val_loss": 657.8152061977013,
  "val_quality": -102.21143401671173,
  "test_loss": 1009.1651542106506,
  "test_quality": -98.71216194484659,
  "best_epoch": 109,
  "stopped_early": true,
  "patience_counter": 40,
  "success": true
}