{
  "run_id": "MPO2-L3-d16-seed42",
  "seed": 42,
  "model": "MPO2",
  "dataset": "student_perf",
  "task": "regression",
  "params": {
    "init_strength": 0.01,
    "batch_size": 64,
    "n_epochs": 1000,
    "patience": 40,
    "min_delta": 1e-08,
    "optimizer": "adamw",
    "seeds": [
      42,
      7,
      123,
      256,
      999
    ],
    "model": "MPO2",
    "L": 3,
    "bond_dim": 16,
    "lr": 0.001
  },
  "n_parameters": 14400,
  "train_loss": 0.7939680567534024,
  "train_quality": 0.8881022802273213,
  "val_loss": 2779.582037949846,
  "val_quality": -432.191636737518,
  "test_loss": 4821.119353974142,
  "test_quality": -475.3583361683916,
  "best_epoch": 513,
  "stopped_early": true,
  "patience_counter": 40,
  "success": true
}