{
  "run_id": "MPO2-L3-d8-seed42",
  "seed": 42,
  "model": "MPO2",
  "dataset": "student_perf",
  "task": "regression",
  "params": {
    "init_strength": 0.01,
    "batch_size": 64,
    "n_epochs": 1000,
    "patience": 40,
    "min_delta": 1e-08,
    "optimizer": "adamw",
    "seeds": [
      42,
      7,
      123,
      256,
      999
    ],
    "model": "MPO2",
    "L": 3,
    "bond_dim": 8,
    "lr": 0.001
  },
  "n_parameters": 4000,
  "train_loss": 1.2636630490618133,
  "train_quality": 0.8219059160525837,
  "val_loss": 965.5038101700978,
  "val_quality": -150.46824860750752,
  "test_loss": 1974.923559449057,
  "test_quality": -194.13545128548088,
  "best_epoch": 987,
  "stopped_early": false,
  "patience_counter": 1,
  "success": true
}