{
  "run_id": "MPO2-L3-d16-seed7",
  "seed": 7,
  "model": "MPO2",
  "dataset": "student_perf",
  "task": "regression",
  "params": {
    "init_strength": 0.01,
    "batch_size": 64,
    "n_epochs": 1000,
    "patience": 40,
    "min_delta": 1e-08,
    "optimizer": "adamw",
    "seeds": [
      42,
      7,
      123,
      256,
      999
    ],
    "model": "MPO2",
    "L": 3,
    "bond_dim": 16,
    "lr": 0.001
  },
  "n_parameters": 14400,
  "train_loss": 0.38071026083511156,
  "train_quality": 0.9463446800924109,
  "val_loss": 2143.981167881814,
  "val_quality": -334.27874552134483,
  "test_loss": 4026.071851786384,
  "test_quality": -396.8024080715682,
  "best_epoch": 610,
  "stopped_early": true,
  "patience_counter": 40,
  "success": true
}