{
  "run_id": "MPO2-L3-d8-seed123",
  "seed": 123,
  "model": "MPO2",
  "dataset": "student_perf",
  "task": "regression",
  "params": {
    "output_site": 1,
    "init_strength": 0.01,
    "batch_size": 64,
    "n_epochs": 1000,
    "patience": 40,
    "min_delta": 1e-08,
    "optimizer": "adamw",
    "rank": 5,
    "seeds": [
      42,
      7,
      123,
      256,
      999
    ],
    "model": "MPO2",
    "L": 3,
    "bond_dim": 8,
    "lr": 0.01
  },
  "n_parameters": 4000,
  "train_loss": 4.745883194168579,
  "train_quality": 0.3311399580652402,
  "val_loss": 110.62512878515955,
  "val_quality": -16.357121076900448,
  "test_loss": 134.60364172513832,
  "test_quality": -12.299726081566138,
  "best_epoch": 601,
  "stopped_early": true,
  "patience_counter": 40,
  "success": true
}