{
  "run_id": "MPO2-L3-d16-seed256",
  "seed": 256,
  "model": "MPO2",
  "dataset": "student_perf",
  "task": "regression",
  "params": {
    "init_strength": 0.01,
    "batch_size": 64,
    "n_epochs": 1000,
    "patience": 40,
    "min_delta": 1e-08,
    "optimizer": "adamw",
    "seeds": [
      42,
      7,
      123,
      256,
      999
    ],
    "model": "MPO2",
    "L": 3,
    "bond_dim": 16,
    "lr": 0.001
  },
  "n_parameters": 14400,
  "train_loss": 3.7647626479494223,
  "train_quality": 0.4694139742680691,
  "val_loss": 2557.082089718808,
  "val_quality": -393.55003715776763,
  "test_loss": 2264.0498217813297,
  "test_quality": -222.7030297159248,
  "best_epoch": 522,
  "stopped_early": true,
  "patience_counter": 40,
  "success": true
}