{
  "run_id": "MPO2-L3-d16-seed42",
  "seed": 42,
  "model": "MPO2",
  "dataset": "student_perf",
  "task": "regression",
  "params": {
    "output_site": 1,
    "init_strength": 0.01,
    "batch_size": 64,
    "n_epochs": 1000,
    "patience": 40,
    "min_delta": 1e-08,
    "optimizer": "adamw",
    "rank": 5,
    "seeds": [
      42,
      7,
      123,
      256,
      999
    ],
    "model": "MPO2",
    "L": 3,
    "bond_dim": 16,
    "lr": 0.01
  },
  "n_parameters": 14400,
  "train_loss": 5.327445207950677,
  "train_quality": 0.2491776389327519,
  "val_loss": 381.9066115691394,
  "val_quality": -58.52798733503669,
  "test_loss": 458.07002671606926,
  "test_quality": -44.26033473848898,
  "best_epoch": 264,
  "stopped_early": true,
  "patience_counter": 40,
  "success": true
}