{
  "run_id": "MPO2TypeI_GTN-L3-d12-seed7",
  "seed": 7,
  "model": "MPO2TypeI_GTN",
  "dataset": "student_perf",
  "task": "regression",
  "params": {
    "init_strength": 0.01,
    "batch_size": 64,
    "n_epochs": 1000,
    "patience": 40,
    "min_delta": 1e-08,
    "optimizer": "adamw",
    "seeds": [
      42,
      7,
      123,
      256,
      999
    ],
    "model": "MPO2TypeI_GTN",
    "L": 3,
    "bond_dim": 12,
    "lr": 0.001
  },
  "n_parameters": 9650,
  "train_loss": 0.0540589290188897,
  "train_quality": 0.9923812162981696,
  "val_loss": 12.096368366767987,
  "val_quality": 0.11732821634318202,
  "test_loss": 19.529183131497025,
  "test_quality": -0.9296118806059404,
  "best_epoch": 63,
  "stopped_early": true,
  "patience_counter": 40,
  "success": true
}