{
  "run_id": "MPO2TypeI_GTN-L3-d16-seed7",
  "seed": 7,
  "model": "MPO2TypeI_GTN",
  "dataset": "student_perf",
  "task": "regression",
  "params": {
    "init_strength": 0.01,
    "batch_size": 64,
    "n_epochs": 1000,
    "patience": 40,
    "min_delta": 1e-08,
    "optimizer": "adamw",
    "seeds": [
      42,
      7,
      123,
      256,
      999
    ],
    "model": "MPO2TypeI_GTN",
    "L": 3,
    "bond_dim": 16,
    "lr": 0.001
  },
  "n_parameters": 16050,
  "train_loss": 0.026544321111206314,
  "train_quality": 0.9962589817310745,
  "val_loss": 10.819017458927211,
  "val_quality": 0.10828044156461414,
  "test_loss": 20.702919895006914,
  "test_quality": -1.045584801148626,
  "best_epoch": 56,
  "stopped_early": true,
  "patience_counter": 40,
  "success": true
}