{
  "run_id": "MPO2-L3-d8-seed256",
  "seed": 256,
  "model": "MPO2",
  "dataset": "student_perf",
  "task": "regression",
  "params": {
    "output_site": 1,
    "init_strength": 0.01,
    "batch_size": 64,
    "n_epochs": 1000,
    "patience": 40,
    "min_delta": 1e-08,
    "optimizer": "adamw",
    "rank": 5,
    "seeds": [
      42,
      7,
      123,
      256,
      999
    ],
    "model": "MPO2",
    "L": 3,
    "bond_dim": 8,
    "lr": 0.01
  },
  "n_parameters": 4000,
  "train_loss": 1.863505696033311,
  "train_quality": 0.737367219756688,
  "val_loss": 210.07378888218213,
  "val_quality": -31.960650340055544,
  "test_loss": 263.7303508784399,
  "test_quality": -25.05829516292733,
  "best_epoch": 480,
  "stopped_early": true,
  "patience_counter": 40,
  "success": true
}