{
  "run_id": "MPO2TypeI_GTN-L4-d16-seed256",
  "seed": 256,
  "model": "MPO2TypeI_GTN",
  "dataset": "student_perf",
  "task": "regression",
  "params": {
    "init_strength": 0.01,
    "batch_size": 64,
    "n_epochs": 1000,
    "patience": 40,
    "min_delta": 1e-08,
    "optimizer": "adamw",
    "seeds": [
      42,
      7,
      123,
      256,
      999
    ],
    "model": "MPO2TypeI_GTN",
    "L": 4,
    "bond_dim": 16,
    "lr": 0.001
  },
  "n_parameters": 43250,
  "train_loss": 0.24360545587491106,
  "train_quality": 0.9656675167159114,
  "val_loss": 7.712660038231395,
  "val_quality": 0.12754421961871987,
  "test_loss": 15.237565480712357,
  "test_quality": -0.5055717991436366,
  "best_epoch": 18,
  "stopped_early": true,
  "patience_counter": 40,
  "success": true
}