{
  "run_id": "MPO2-L4-d12-seed256",
  "seed": 256,
  "model": "MPO2",
  "dataset": "student_perf",
  "task": "regression",
  "params": {
    "init_strength": 0.01,
    "batch_size": 64,
    "n_epochs": 1000,
    "patience": 40,
    "min_delta": 1e-08,
    "optimizer": "adamw",
    "seeds": [
      42,
      7,
      123,
      256,
      999
    ],
    "model": "MPO2",
    "L": 4,
    "bond_dim": 12,
    "lr": 0.001
  },
  "n_parameters": 15600,
  "train_loss": 51.16988175627431,
  "train_quality": -6.211616438295892,
  "val_loss": 102862.57250707451,
  "val_quality": -15902.720233706494,
  "test_loss": 219967.9651899833,
  "test_quality": -21733.283309512342,
  "best_epoch": 411,
  "stopped_early": true,
  "patience_counter": 40,
  "success": true
}