{
  "run_id": "MPO2-L4-d8-seed256",
  "seed": 256,
  "model": "MPO2",
  "dataset": "student_perf",
  "task": "regression",
  "params": {
    "init_strength": 0.01,
    "batch_size": 64,
    "n_epochs": 1000,
    "patience": 40,
    "min_delta": 1e-08,
    "optimizer": "adamw",
    "seeds": [
      42,
      7,
      123,
      256,
      999
    ],
    "model": "MPO2",
    "L": 4,
    "bond_dim": 8,
    "lr": 0.001
  },
  "n_parameters": 7200,
  "train_loss": 288.2803004030055,
  "train_quality": -39.62872302745307,
  "val_loss": 29515.095287285763,
  "val_quality": -4579.41682465416,
  "test_loss": 21417.357601891537,
  "test_quality": -2115.175950705415,
  "best_epoch": 982,
  "stopped_early": true,
  "patience_counter": 40,
  "success": true
}