{
  "run_id": "MPO2TypeI_GTN-L4-d12-seed123",
  "seed": 123,
  "model": "MPO2TypeI_GTN",
  "dataset": "student_perf",
  "task": "regression",
  "params": {
    "init_strength": 0.01,
    "batch_size": 64,
    "n_epochs": 1000,
    "patience": 40,
    "min_delta": 1e-08,
    "optimizer": "adamw",
    "seeds": [
      42,
      7,
      123,
      256,
      999
    ],
    "model": "MPO2TypeI_GTN",
    "L": 4,
    "bond_dim": 12,
    "lr": 0.001
  },
  "n_parameters": 25250,
  "train_loss": 0.1516574374829087,
  "train_quality": 0.978626191196788,
  "val_loss": 10.35094407613576,
  "val_quality": 0.10574443571021674,
  "test_loss": 15.419749520678911,
  "test_quality": -0.5235727818580271,
  "best_epoch": 32,
  "stopped_early": true,
  "patience_counter": 40,
  "success": true
}