{
  "run_id": "MPO2TypeI_GTN-L4-d8-seed123",
  "seed": 123,
  "model": "MPO2TypeI_GTN",
  "dataset": "student_perf",
  "task": "regression",
  "params": {
    "init_strength": 0.01,
    "batch_size": 64,
    "n_epochs": 1000,
    "patience": 40,
    "min_delta": 1e-08,
    "optimizer": "adamw",
    "seeds": [
      42,
      7,
      123,
      256,
      999
    ],
    "model": "MPO2TypeI_GTN",
    "L": 4,
    "bond_dim": 8,
    "lr": 0.001
  },
  "n_parameters": 12050,
  "train_loss": 0.09429594081802596,
  "train_quality": 0.986710421569726,
  "val_loss": 11.229754095954998,
  "val_quality": 0.13569456850803774,
  "test_loss": 17.323212028220706,
  "test_quality": -0.711647410689626,
  "best_epoch": 23,
  "stopped_early": true,
  "patience_counter": 40,
  "success": true
}