{
  "run_id": "MPO2-L4-d16-seed7",
  "seed": 7,
  "model": "MPO2",
  "dataset": "student_perf",
  "task": "regression",
  "params": {
    "output_site": 1,
    "init_strength": 0.01,
    "batch_size": 64,
    "n_epochs": 1000,
    "patience": 40,
    "min_delta": 1e-08,
    "optimizer": "adamw",
    "rank": 5,
    "seeds": [
      42,
      7,
      123,
      256,
      999
    ],
    "model": "MPO2",
    "L": 4,
    "bond_dim": 16,
    "lr": 0.01
  },
  "n_parameters": 27200,
  "train_loss": 0.042821405177782504,
  "train_quality": 0.9939649743385783,
  "val_loss": 3599.6813981939267,
  "val_quality": -563.7912599320747,
  "test_loss": 10578.855536493957,
  "test_quality": -1044.2605820214808,
  "best_epoch": 455,
  "stopped_early": true,
  "patience_counter": 40,
  "success": true
}