{
  "run_id": "MPO2TypeI_GTN-L4-d8-seed42",
  "seed": 42,
  "model": "MPO2TypeI_GTN",
  "dataset": "student_perf",
  "task": "regression",
  "params": {
    "init_strength": 0.01,
    "batch_size": 64,
    "n_epochs": 1000,
    "patience": 40,
    "min_delta": 1e-08,
    "optimizer": "adamw",
    "seeds": [
      42,
      7,
      123,
      256,
      999
    ],
    "model": "MPO2TypeI_GTN",
    "L": 4,
    "bond_dim": 8,
    "lr": 0.001
  },
  "n_parameters": 12050,
  "train_loss": 0.02144994269859324,
  "train_quality": 0.9969769568727465,
  "val_loss": 13.216614511593294,
  "val_quality": 0.14803423098676582,
  "test_loss": 17.44277018243867,
  "test_quality": -0.7234605435405452,
  "best_epoch": 26,
  "stopped_early": true,
  "patience_counter": 40,
  "success": true
}