{
  "run_id": "MPO2TypeI_GTN-L3-d12-seed123",
  "seed": 123,
  "model": "MPO2TypeI_GTN",
  "dataset": "student_perf",
  "task": "regression",
  "params": {
    "init_strength": 0.01,
    "batch_size": 64,
    "n_epochs": 1000,
    "patience": 40,
    "min_delta": 1e-08,
    "optimizer": "adamw",
    "seeds": [
      42,
      7,
      123,
      256,
      999
    ],
    "model": "MPO2TypeI_GTN",
    "L": 3,
    "bond_dim": 12,
    "lr": 0.001
  },
  "n_parameters": 9650,
  "train_loss": 0.004793304107366831,
  "train_quality": 0.999324456701716,
  "val_loss": 11.612204563716052,
  "val_quality": 0.13036776672980233,
  "test_loss": 19.033301249208897,
  "test_quality": -0.8806154855699819,
  "best_epoch": 36,
  "stopped_early": true,
  "patience_counter": 40,
  "success": true
}