{
  "run_id": "MPO2-L4-d8-seed42",
  "seed": 42,
  "model": "MPO2",
  "dataset": "student_perf",
  "task": "regression",
  "params": {
    "output_site": 1,
    "init_strength": 0.01,
    "batch_size": 64,
    "n_epochs": 1000,
    "patience": 40,
    "min_delta": 1e-08,
    "optimizer": "adamw",
    "rank": 5,
    "seeds": [
      42,
      7,
      123,
      256,
      999
    ],
    "model": "MPO2",
    "L": 4,
    "bond_dim": 8,
    "lr": 0.01
  },
  "n_parameters": 7200,
  "train_loss": 14.947812835120317,
  "train_quality": -1.1066668332706504,
  "val_loss": 3137.115373797207,
  "val_quality": -491.2144902624386,
  "test_loss": 33340.691267066446,
  "test_quality": -3293.2798243714624,
  "best_epoch": 327,
  "stopped_early": true,
  "patience_counter": 40,
  "success": true
}