{
  "run_id": "MPO2TypeI_GTN-L4-d16-seed42",
  "seed": 42,
  "model": "MPO2TypeI_GTN",
  "dataset": "student_perf",
  "task": "regression",
  "params": {
    "init_strength": 0.01,
    "batch_size": 64,
    "n_epochs": 1000,
    "patience": 40,
    "min_delta": 1e-08,
    "optimizer": "adamw",
    "seeds": [
      42,
      7,
      123,
      256,
      999
    ],
    "model": "MPO2TypeI_GTN",
    "L": 4,
    "bond_dim": 16,
    "lr": 0.001
  },
  "n_parameters": 43250,
  "train_loss": 0.26716734403083037,
  "train_quality": 0.9623468270033213,
  "val_loss": 9.08911007809382,
  "val_quality": 0.05305983834636385,
  "test_loss": 15.005314279185951,
  "test_quality": -0.4826238512068093,
  "best_epoch": 23,
  "stopped_early": true,
  "patience_counter": 40,
  "success": true
}