{
  "run_id": "MPO2TypeI_GTN-L4-d8-seed256",
  "seed": 256,
  "model": "MPO2TypeI_GTN",
  "dataset": "student_perf",
  "task": "regression",
  "params": {
    "init_strength": 0.01,
    "batch_size": 64,
    "n_epochs": 1000,
    "patience": 40,
    "min_delta": 1e-08,
    "optimizer": "adamw",
    "seeds": [
      42,
      7,
      123,
      256,
      999
    ],
    "model": "MPO2TypeI_GTN",
    "L": 4,
    "bond_dim": 8,
    "lr": 0.001
  },
  "n_parameters": 12050,
  "train_loss": 0.027575675968799167,
  "train_quality": 0.996113627952847,
  "val_loss": 10.731920581553487,
  "val_quality": 0.14539374866925414,
  "test_loss": 16.97273717625393,
  "test_quality": -0.6770181876619619,
  "best_epoch": 56,
  "stopped_early": true,
  "patience_counter": 40,
  "success": true
}