{
  "run_id": "MPO2TypeI_GTN-L3-d8-seed123",
  "seed": 123,
  "model": "MPO2TypeI_GTN",
  "dataset": "student_perf",
  "task": "regression",
  "params": {
    "init_strength": 0.01,
    "batch_size": 64,
    "n_epochs": 1000,
    "patience": 40,
    "min_delta": 1e-08,
    "optimizer": "adamw",
    "seeds": [
      42,
      7,
      123,
      256,
      999
    ],
    "model": "MPO2TypeI_GTN",
    "L": 3,
    "bond_dim": 8,
    "lr": 0.001
  },
  "n_parameters": 4850,
  "train_loss": 0.04582539035641694,
  "train_quality": 0.9935416083242142,
  "val_loss": 12.378304877681531,
  "val_quality": 0.11569645019122254,
  "test_loss": 21.282896698099183,
  "test_quality": -1.1028903280714455,
  "best_epoch": 61,
  "stopped_early": true,
  "patience_counter": 40,
  "success": true
}