{
  "run_id": "MPO2-L4-d12-seed7",
  "seed": 7,
  "model": "MPO2",
  "dataset": "student_perf",
  "task": "regression",
  "params": {
    "init_strength": 0.01,
    "batch_size": 64,
    "n_epochs": 1000,
    "patience": 40,
    "min_delta": 1e-08,
    "optimizer": "adamw",
    "seeds": [
      42,
      7,
      123,
      256,
      999
    ],
    "model": "MPO2",
    "L": 4,
    "bond_dim": 12,
    "lr": 0.001
  },
  "n_parameters": 15600,
  "train_loss": 23.44309657348558,
  "train_quality": -2.3039478461014173,
  "val_loss": 76304.63967290703,
  "val_quality": -11971.224431069608,
  "test_loss": 85501.93727205273,
  "test_quality": -8447.154378197474,
  "best_epoch": 472,
  "stopped_early": true,
  "patience_counter": 40,
  "success": true
}