{
  "run_id": "MPO2-L3-d12-seed999",
  "seed": 999,
  "model": "MPO2",
  "dataset": "student_perf",
  "task": "regression",
  "params": {
    "output_site": 1,
    "init_strength": 0.01,
    "batch_size": 64,
    "n_epochs": 1000,
    "patience": 40,
    "min_delta": 1e-08,
    "optimizer": "adamw",
    "rank": 5,
    "seeds": [
      42,
      7,
      123,
      256,
      999
    ],
    "model": "MPO2",
    "L": 3,
    "bond_dim": 12,
    "lr": 0.01
  },
  "n_parameters": 8400,
  "train_loss": 0.13686993355671737,
  "train_quality": 0.9807102649279611,
  "val_loss": 694.5857543610648,
  "val_quality": -107.98074577746898,
  "test_loss": 422.32924103896977,
  "test_quality": -40.72890978331551,
  "best_epoch": 288,
  "stopped_early": true,
  "patience_counter": 40,
  "success": true
}