{
  "run_id": "MPO2-L4-d12-seed123",
  "seed": 123,
  "model": "MPO2",
  "dataset": "student_perf",
  "task": "regression",
  "params": {
    "init_strength": 0.01,
    "batch_size": 64,
    "n_epochs": 1000,
    "patience": 40,
    "min_delta": 1e-08,
    "optimizer": "adamw",
    "seeds": [
      42,
      7,
      123,
      256,
      999
    ],
    "model": "MPO2",
    "L": 4,
    "bond_dim": 12,
    "lr": 0.001
  },
  "n_parameters": 15600,
  "train_loss": 21.36955775552656,
  "train_quality": -2.0117140923424635,
  "val_loss": 37566.027398148006,
  "val_quality": -5844.572211971559,
  "test_loss": 70516.55813828885,
  "test_quality": -6966.50025061858,
  "best_epoch": 596,
  "stopped_early": true,
  "patience_counter": 40,
  "success": true
}