{
  "run_id": "MPO2-L3-d12-seed7",
  "seed": 7,
  "model": "MPO2",
  "dataset": "student_perf",
  "task": "regression",
  "params": {
    "init_strength": 0.01,
    "batch_size": 64,
    "n_epochs": 1000,
    "patience": 40,
    "min_delta": 1e-08,
    "optimizer": "adamw",
    "seeds": [
      42,
      7,
      123,
      256,
      999
    ],
    "model": "MPO2",
    "L": 3,
    "bond_dim": 12,
    "lr": 0.001
  },
  "n_parameters": 8400,
  "train_loss": 0.9269066405712008,
  "train_quality": 0.869366609097367,
  "val_loss": 1649.7208125476486,
  "val_quality": -254.63905673071864,
  "test_loss": 4029.25107151065,
  "test_quality": -397.11653591345976,
  "best_epoch": 793,
  "stopped_early": true,
  "patience_counter": 40,
  "success": true
}