{
  "run_id": "MPO2-L4-d16-seed256",
  "seed": 256,
  "model": "MPO2",
  "dataset": "student_perf",
  "task": "regression",
  "params": {
    "output_site": 1,
    "init_strength": 0.01,
    "batch_size": 64,
    "n_epochs": 1000,
    "patience": 40,
    "min_delta": 1e-08,
    "optimizer": "adamw",
    "rank": 5,
    "seeds": [
      42,
      7,
      123,
      256,
      999
    ],
    "model": "MPO2",
    "L": 4,
    "bond_dim": 16,
    "lr": 0.01
  },
  "n_parameters": 27200,
  "train_loss": 0.031244883128582566,
  "train_quality": 0.9955965090195837,
  "val_loss": 3019.714140707249,
  "val_quality": -472.79419606981224,
  "test_loss": 5676.998002547997,
  "test_quality": -559.9247820624585,
  "best_epoch": 413,
  "stopped_early": true,
  "patience_counter": 40,
  "success": true
}