{
  "run_id": "MPO2-L4-d8-seed256",
  "seed": 256,
  "model": "MPO2",
  "dataset": "student_perf",
  "task": "regression",
  "params": {
    "output_site": 1,
    "init_strength": 0.01,
    "batch_size": 64,
    "n_epochs": 1000,
    "patience": 40,
    "min_delta": 1e-08,
    "optimizer": "adamw",
    "rank": 5,
    "seeds": [
      42,
      7,
      123,
      256,
      999
    ],
    "model": "MPO2",
    "L": 4,
    "bond_dim": 8,
    "lr": 0.01
  },
  "n_parameters": 7200,
  "train_loss": 0.18902987890752454,
  "train_quality": 0.9733591140868441,
  "val_loss": 185.69241532557055,
  "val_quality": -28.13520437230345,
  "test_loss": 194.64823536614728,
  "test_quality": -18.232527288646892,
  "best_epoch": 999,
  "stopped_early": false,
  "patience_counter": 0,
  "success": true
}