{
  "run_id": "MPO2TypeI_GTN-L3-d12-seed999",
  "seed": 999,
  "model": "MPO2TypeI_GTN",
  "dataset": "student_perf",
  "task": "regression",
  "params": {
    "init_strength": 0.01,
    "batch_size": 64,
    "n_epochs": 1000,
    "patience": 40,
    "min_delta": 1e-08,
    "optimizer": "adamw",
    "seeds": [
      42,
      7,
      123,
      256,
      999
    ],
    "model": "MPO2TypeI_GTN",
    "L": 3,
    "bond_dim": 12,
    "lr": 0.001
  },
  "n_parameters": 9650,
  "train_loss": 0.06692843821911518,
  "train_quality": 0.9905674547471226,
  "val_loss": 11.583222684770357,
  "val_quality": 0.10063275638314528,
  "test_loss": 18.63062516833139,
  "test_quality": -0.8408284374141426,
  "best_epoch": 17,
  "stopped_early": true,
  "patience_counter": 40,
  "success": true
}