{
  "run_id": "MPO2-L4-d8-seed999",
  "seed": 999,
  "model": "MPO2",
  "dataset": "student_perf",
  "task": "regression",
  "params": {
    "init_strength": 0.01,
    "batch_size": 64,
    "n_epochs": 1000,
    "patience": 40,
    "min_delta": 1e-08,
    "optimizer": "adamw",
    "seeds": [
      42,
      7,
      123,
      256,
      999
    ],
    "model": "MPO2",
    "L": 4,
    "bond_dim": 8,
    "lr": 0.001
  },
  "n_parameters": 7200,
  "train_loss": 17.901286772615386,
  "train_quality": -1.5229140565722017,
  "val_loss": 84534.06071348746,
  "val_quality": -13253.676455947763,
  "test_loss": 64776.697491147366,
  "test_quality": -6399.364225359869,
  "best_epoch": 962,
  "stopped_early": true,
  "patience_counter": 40,
  "success": true
}