{
  "run_id": "MPO2-L4-d8-seed42",
  "seed": 42,
  "model": "MPO2",
  "dataset": "student_perf",
  "task": "regression",
  "params": {
    "init_strength": 0.01,
    "batch_size": 64,
    "n_epochs": 1000,
    "patience": 40,
    "min_delta": 1e-08,
    "optimizer": "adamw",
    "seeds": [
      42,
      7,
      123,
      256,
      999
    ],
    "model": "MPO2",
    "L": 4,
    "bond_dim": 8,
    "lr": 0.001
  },
  "n_parameters": 7200,
  "train_loss": 18.185645728364154,
  "train_quality": -1.562990125722059,
  "val_loss": 26886.462732259202,
  "val_quality": -4214.6143296734235,
  "test_loss": 283062.8280772322,
  "test_quality": -27967.47120219895,
  "best_epoch": 816,
  "stopped_early": true,
  "patience_counter": 40,
  "success": true
}