{
  "run_id": "MPO2TypeI_GTN-L3-d12-seed256",
  "seed": 256,
  "model": "MPO2TypeI_GTN",
  "dataset": "student_perf",
  "task": "regression",
  "params": {
    "init_strength": 0.01,
    "batch_size": 64,
    "n_epochs": 1000,
    "patience": 40,
    "min_delta": 1e-08,
    "optimizer": "adamw",
    "seeds": [
      42,
      7,
      123,
      256,
      999
    ],
    "model": "MPO2TypeI_GTN",
    "L": 3,
    "bond_dim": 12,
    "lr": 0.001
  },
  "n_parameters": 9650,
  "train_loss": 0.018613547623631946,
  "train_quality": 0.9973767036113753,
  "val_loss": 12.646339853294377,
  "val_quality": 0.14346793889483578,
  "test_loss": 19.64229932671265,
  "test_quality": -0.9407885054912375,
  "best_epoch": 65,
  "stopped_early": true,
  "patience_counter": 40,
  "success": true
}