{
  "run_id": "MPO2-L3-d8-seed42",
  "seed": 42,
  "model": "MPO2",
  "dataset": "student_perf",
  "task": "regression",
  "params": {
    "output_site": 1,
    "init_strength": 0.01,
    "batch_size": 64,
    "n_epochs": 1000,
    "patience": 40,
    "min_delta": 1e-08,
    "optimizer": "adamw",
    "rank": 5,
    "seeds": [
      42,
      7,
      123,
      256,
      999
    ],
    "model": "MPO2",
    "L": 3,
    "bond_dim": 8,
    "lr": 0.01
  },
  "n_parameters": 4000,
  "train_loss": 0.1127818820562017,
  "train_quality": 0.9841051093599855,
  "val_loss": 93.64387233012857,
  "val_quality": -13.692756049129198,
  "test_loss": 205.71909922535357,
  "test_quality": -19.32640153251333,
  "best_epoch": 647,
  "stopped_early": true,
  "patience_counter": 40,
  "success": true
}