{
  "run_id": "LMPO2-L3-d8-jit0.1-rf0.3-seed42",
  "seed": 42,
  "model": "LMPO2",
  "grid_params": {
    "model": "LMPO2",
    "L": 3,
    "bond_dim": 8,
    "jitter_start": 0.1,
    "reduction_factor": 0.3
  },
  "n_parameters": 504,
  "train_loss": 4.259731301942581,
  "train_quality": 0.5937917469902013,
  "val_loss": 4.696726109064824,
  "val_quality": 0.5318673141292392,
  "test_loss": 4.1158818257003125,
  "test_quality": 0.5990177350484082,
  "success": true,
  "singular": false
}