{
  "run_id": "LMPO2-L3-d12-jit5-rf0.5-seed7",
  "seed": 7,
  "model": "LMPO2",
  "grid_params": {
    "model": "LMPO2",
    "L": 3,
    "bond_dim": 12,
    "jitter_start": 5.0,
    "reduction_factor": 0.5
  },
  "n_parameters": 1280,
  "train_loss": 4.420284501293997,
  "train_quality": 0.5784813834952243,
  "val_loss": 4.659874675179502,
  "val_quality": 0.5355403749640255,
  "test_loss": 4.388154143397475,
  "test_quality": 0.5724921020838972,
  "success": true,
  "singular": false
}