{
  "run_id": "LMPO2-L3-d16-jit5-rf0.5-seed123",
  "seed": 123,
  "model": "LMPO2",
  "grid_params": {
    "model": "LMPO2",
    "L": 3,
    "bond_dim": 16,
    "jitter_start": 5.0,
    "reduction_factor": 0.5
  },
  "n_parameters": 1880,
  "train_loss": 4.260107591416836,
  "train_quality": 0.5937558640015504,
  "val_loss": 4.9283047900096415,
  "val_quality": 0.508785374202644,
  "test_loss": 4.310037687464426,
  "test_quality": 0.580102455042633,
  "success": true,
  "singular": false
}