{
  "run_id": "LMPO2-L4-d8-jit5-rf0.5-seed999",
  "seed": 999,
  "model": "LMPO2",
  "grid_params": {
    "model": "LMPO2",
    "L": 4,
    "bond_dim": 8,
    "jitter_start": 5.0,
    "reduction_factor": 0.5
  },
  "n_parameters": 1380,
  "train_loss": 4.236265358157099,
  "train_quality": 0.5960294609103209,
  "val_loss": 4.648667557251547,
  "val_quality": 0.5366574122565256,
  "test_loss": 4.002723719923123,
  "test_quality": 0.6100419567033748,
  "success": true,
  "singular": false
}