{
  "run_id": "LMPO2-L3-d16-jit5-rf0.3-seed123",
  "seed": 123,
  "model": "LMPO2",
  "grid_params": {
    "model": "LMPO2",
    "L": 3,
    "bond_dim": 16,
    "jitter_start": 5.0,
    "reduction_factor": 0.3
  },
  "n_parameters": 1128,
  "train_loss": 4.313836143110072,
  "train_quality": 0.5886323058301459,
  "val_loss": 4.685116344798315,
  "val_quality": 0.5330244840391298,
  "test_loss": 4.121908587876511,
  "test_quality": 0.5984305887575095,
  "success": true,
  "singular": false
}