{
  "run_id": "LMPO2-L3-d12-jit0.1-rf0.1-seed256",
  "seed": 256,
  "model": "LMPO2",
  "grid_params": {
    "model": "LMPO2",
    "L": 3,
    "bond_dim": 12,
    "jitter_start": 0.1,
    "reduction_factor": 0.1
  },
  "n_parameters": 512,
  "train_loss": 4.465727826714438,
  "train_quality": 0.5741479050381266,
  "val_loss": 4.7223387670167405,
  "val_quality": 0.5293144460077239,
  "test_loss": 4.314857535525508,
  "test_quality": 0.5796328901537222,
  "success": true,
  "singular": false
}