{
  "run_id": "LMPO2-L4-d8-jit5-rf0.3-seed256",
  "seed": 256,
  "model": "LMPO2",
  "grid_params": {
    "model": "LMPO2",
    "L": 4,
    "bond_dim": 8,
    "jitter_start": 5.0,
    "reduction_factor": 0.3
  },
  "n_parameters": 828,
  "train_loss": 4.525104254152848,
  "train_quality": 0.5684857650696453,
  "val_loss": 4.839081673974758,
  "val_quality": 0.5176784320436271,
  "test_loss": 4.306023124457373,
  "test_quality": 0.5804935665068416,
  "success": true,
  "singular": false
}