{
  "run_id": "LMPO2-L3-d8-jit5-rf0.5-seed256",
  "seed": 256,
  "model": "LMPO2",
  "grid_params": {
    "model": "LMPO2",
    "L": 3,
    "bond_dim": 8,
    "jitter_start": 5.0,
    "reduction_factor": 0.5
  },
  "n_parameters": 840,
  "train_loss": 4.275101293819851,
  "train_quality": 0.5923260635687155,
  "val_loss": 4.746893629226992,
  "val_quality": 0.5268670106387578,
  "test_loss": 4.151244836045229,
  "test_quality": 0.5955725583926866,
  "success": true,
  "singular": false
}