{
  "run_id": "LMPO2-L3-d8-jit0.1-rf0.1-seed7",
  "seed": 7,
  "model": "LMPO2",
  "grid_params": {
    "model": "LMPO2",
    "L": 3,
    "bond_dim": 8,
    "jitter_start": 0.1,
    "reduction_factor": 0.1
  },
  "n_parameters": 336,
  "train_loss": 4.3805956696174775,
  "train_quality": 0.5822661130559754,
  "val_loss": 4.849764359610404,
  "val_quality": 0.5166136660336875,
  "test_loss": 4.3774154951001085,
  "test_quality": 0.5735382952690147,
  "success": true,
  "singular": false
}