{
  "run_id": "LMPO2-L4-d8-jit5-rf0.5-seed7",
  "seed": 7,
  "model": "LMPO2",
  "grid_params": {
    "model": "LMPO2",
    "L": 4,
    "bond_dim": 8,
    "jitter_start": 5.0,
    "reduction_factor": 0.5
  },
  "n_parameters": 1380,
  "train_loss": 4.433903522071785,
  "train_quality": 0.5771826727912588,
  "val_loss": 4.744262176487435,
  "val_quality": 0.5271292931330114,
  "test_loss": 4.244408379009676,
  "test_quality": 0.586496270478992,
  "success": true,
  "singular": false
}