{
  "run_id": "LMPO2-L3-d8-jit0.1-rf0.3-seed999",
  "seed": 999,
  "model": "LMPO2",
  "grid_params": {
    "model": "LMPO2",
    "L": 3,
    "bond_dim": 8,
    "jitter_start": 0.1,
    "reduction_factor": 0.3
  },
  "n_parameters": 504,
  "train_loss": 4.195902559117231,
  "train_quality": 0.5998784600425182,
  "val_loss": 4.671782362109006,
  "val_quality": 0.5343535104683382,
  "test_loss": 4.242952191702713,
  "test_quality": 0.58663813686614,
  "success": true,
  "singular": false
}