{
  "run_id": "LMPO2-L3-d12-jit0.1-rf0.1-seed42",
  "seed": 42,
  "model": "LMPO2",
  "grid_params": {
    "model": "LMPO2",
    "L": 3,
    "bond_dim": 12,
    "jitter_start": 0.1,
    "reduction_factor": 0.1
  },
  "n_parameters": 512,
  "train_loss": 4.208396089943673,
  "train_quality": 0.5986870761332517,
  "val_loss": 4.663113937785534,
  "val_quality": 0.5352175107669681,
  "test_loss": 4.025320720186966,
  "test_quality": 0.6078404852494743,
  "success": true,
  "singular": false
}