{
  "run_id": "LMPO2-L3-d12-jit5-rf0.5-seed256",
  "seed": 256,
  "model": "LMPO2",
  "grid_params": {
    "model": "LMPO2",
    "L": 3,
    "bond_dim": 12,
    "jitter_start": 5.0,
    "reduction_factor": 0.5
  },
  "n_parameters": 1280,
  "train_loss": 4.286586873046096,
  "train_quality": 0.5912307979893654,
  "val_loss": 4.670328384272674,
  "val_quality": 0.5344984315333339,
  "test_loss": 4.295045024385975,
  "test_quality": 0.5815630878434377,
  "success": true,
  "singular": false
}