{
  "run_id": "LMPO2-L3-d8-jit5-rf0.5-seed123",
  "seed": 123,
  "model": "LMPO2",
  "grid_params": {
    "model": "LMPO2",
    "L": 3,
    "bond_dim": 8,
    "jitter_start": 5.0,
    "reduction_factor": 0.5
  },
  "n_parameters": 840,
  "train_loss": 4.332429363475599,
  "train_quality": 0.5868592551311351,
  "val_loss": 4.799188112931842,
  "val_quality": 0.5216547081658232,
  "test_loss": 4.257991368816118,
  "test_quality": 0.585172972520486,
  "success": true,
  "singular": false
}