{
  "run_id": "LMPO2-L3-d16-jit0.1-rf0.1-seed123",
  "seed": 123,
  "model": "LMPO2",
  "grid_params": {
    "model": "LMPO2",
    "L": 3,
    "bond_dim": 16,
    "jitter_start": 0.1,
    "reduction_factor": 0.1
  },
  "n_parameters": 752,
  "train_loss": 4.219337593433153,
  "train_quality": 0.5976436936514189,
  "val_loss": 4.789193720220516,
  "val_quality": 0.5226508705553161,
  "test_loss": 4.2160434851455815,
  "test_quality": 0.5892596684258709,
  "success": true,
  "singular": false
}