{
  "run_id": "LMPO2-L4-d8-jit5-rf0.1-seed999",
  "seed": 999,
  "model": "LMPO2",
  "grid_params": {
    "model": "LMPO2",
    "L": 4,
    "bond_dim": 8,
    "jitter_start": 5.0,
    "reduction_factor": 0.1
  },
  "n_parameters": 552,
  "train_loss": 4.205383889881997,
  "train_quality": 0.5989743197263422,
  "val_loss": 4.723344304255587,
  "val_quality": 0.5292142219713563,
  "test_loss": 4.217017821433167,
  "test_quality": 0.5891647454936864,
  "success": true,
  "singular": false
}