{
  "run_id": "LMPO2-L3-d16-jit0.1-rf0.3-seed42",
  "seed": 42,
  "model": "LMPO2",
  "grid_params": {
    "model": "LMPO2",
    "L": 3,
    "bond_dim": 16,
    "jitter_start": 0.1,
    "reduction_factor": 0.3
  },
  "n_parameters": 1128,
  "train_loss": 4.327887758668152,
  "train_quality": 0.587292342859897,
  "val_loss": 4.79302367843118,
  "val_quality": 0.5222691304703513,
  "test_loss": 4.24103378405481,
  "test_quality": 0.5868250342252801,
  "success": true,
  "singular": false
}