{
  "run_id": "LMPO2-L3-d12-jit0.1-rf0.3-seed999",
  "seed": 999,
  "model": "LMPO2",
  "grid_params": {
    "model": "LMPO2",
    "L": 3,
    "bond_dim": 12,
    "jitter_start": 0.1,
    "reduction_factor": 0.3
  },
  "n_parameters": 768,
  "train_loss": 4.35527896689477,
  "train_quality": 0.5846803154682894,
  "val_loss": 4.762480687849591,
  "val_quality": 0.5253134153367585,
  "test_loss": 4.2693208955289474,
  "test_quality": 0.584069214085593,
  "success": true,
  "singular": false
}