{
  "run_id": "LMPO2-L3-d8-jit0.1-rf0.1-seed999",
  "seed": 999,
  "model": "LMPO2",
  "grid_params": {
    "model": "LMPO2",
    "L": 3,
    "bond_dim": 8,
    "jitter_start": 0.1,
    "reduction_factor": 0.1
  },
  "n_parameters": 336,
  "train_loss": 4.404288408342411,
  "train_quality": 0.5800067719557318,
  "val_loss": 4.6413589126613966,
  "val_quality": 0.5373858804155394,
  "test_loss": 4.39174951437641,
  "test_quality": 0.57214182963694,
  "success": true,
  "singular": false
}