{
  "run_id": "LMPO2-L3-d12-jit0.1-rf0.1-seed123",
  "seed": 123,
  "model": "LMPO2",
  "grid_params": {
    "model": "LMPO2",
    "L": 3,
    "bond_dim": 12,
    "jitter_start": 0.1,
    "reduction_factor": 0.1
  },
  "n_parameters": 512,
  "train_loss": 4.3703039029434745,
  "train_quality": 0.5832475365929775,
  "val_loss": 4.727764985761361,
  "val_quality": 0.5287736032385153,
  "test_loss": 4.184226783509272,
  "test_quality": 0.5923593524366588,
  "success": true,
  "singular": false
}