{
  "run_id": "LMPO2-L4-d8-jit5-rf0.5-seed42",
  "seed": 42,
  "model": "LMPO2",
  "grid_params": {
    "model": "LMPO2",
    "L": 4,
    "bond_dim": 8,
    "jitter_start": 5.0,
    "reduction_factor": 0.5
  },
  "n_parameters": 1380,
  "train_loss": 4.104252921995236,
  "train_quality": 0.6086181753779267,
  "val_loss": 4.8075055186153115,
  "val_quality": 0.520825694642006,
  "test_loss": 4.2359514215099585,
  "test_quality": 0.587320174108018,
  "success": true,
  "singular": false
}