{
  "run_id": "LMPO2-L3-d8-jit5-rf0.1-seed42",
  "seed": 42,
  "model": "LMPO2",
  "grid_params": {
    "model": "LMPO2",
    "L": 3,
    "bond_dim": 8,
    "jitter_start": 5.0,
    "reduction_factor": 0.1
  },
  "n_parameters": 4800,
  "train_loss": 4.241339231817304,
  "train_quality": 0.595545615989266,
  "val_loss": 4.720084401051897,
  "val_quality": 0.5295391434607053,
  "test_loss": 4.0887649271683975,
  "test_quality": 0.6016595493308043,
  "success": true,
  "singular": false
}