{
  "run_id": "LMPO2-L3-d12-jit5-rf0.5-seed123",
  "seed": 123,
  "model": "LMPO2",
  "grid_params": {
    "model": "LMPO2",
    "L": 3,
    "bond_dim": 12,
    "jitter_start": 5.0,
    "reduction_factor": 0.5
  },
  "n_parameters": 1280,
  "train_loss": 4.300113065653828,
  "train_quality": 0.5899409393857123,
  "val_loss": 4.750933812764804,
  "val_quality": 0.5264643169480792,
  "test_loss": 4.195041140396176,
  "test_quality": 0.5913057834805658,
  "success": true,
  "singular": false
}