{
  "run_id": "LMPO2-L4-d12-jit5-rf0.1-seed999",
  "seed": 999,
  "model": "LMPO2",
  "grid_params": {
    "model": "LMPO2",
    "L": 4,
    "bond_dim": 12,
    "jitter_start": 5.0,
    "reduction_factor": 0.1
  },
  "n_parameters": 712,
  "train_loss": 4.6426405309945205,
  "train_quality": 0.5572774980929562,
  "val_loss": 4.93094976403489,
  "val_quality": 0.5085217440130727,
  "test_loss": 4.387423580576108,
  "test_quality": 0.5725632758316399,
  "success": true,
  "singular": false
}