{
  "run_id": "LMPO2-L3-d16-jit5-rf0.5-seed999",
  "seed": 999,
  "model": "LMPO2",
  "grid_params": {
    "model": "LMPO2",
    "L": 3,
    "bond_dim": 16,
    "jitter_start": 5.0,
    "reduction_factor": 0.5
  },
  "n_parameters": 1880,
  "train_loss": 4.270683660999781,
  "train_quality": 0.592747329320727,
  "val_loss": 4.726965481706384,
  "val_quality": 0.5288532915090105,
  "test_loss": 4.340207030058731,
  "test_quality": 0.5771632619759063,
  "success": true,
  "singular": false
}