{
  "run_id": "LMPO2-L3-d8-jit5-rf0.3-seed999",
  "seed": 999,
  "model": "LMPO2",
  "grid_params": {
    "model": "LMPO2",
    "L": 3,
    "bond_dim": 8,
    "jitter_start": 5.0,
    "reduction_factor": 0.3
  },
  "n_parameters": 504,
  "train_loss": 4.346018196087464,
  "train_quality": 0.5855634231726284,
  "val_loss": 4.7522474837671975,
  "val_quality": 0.5263333805637935,
  "test_loss": 4.151100014206751,
  "test_quality": 0.5955866673956334,
  "success": true,
  "singular": false
}