{
  "run_id": "LMPO2-L3-d8-jit5-rf0.5-seed999",
  "seed": 999,
  "model": "LMPO2",
  "grid_params": {
    "model": "LMPO2",
    "L": 3,
    "bond_dim": 8,
    "jitter_start": 5.0,
    "reduction_factor": 0.5
  },
  "n_parameters": 840,
  "train_loss": 4.459139431079894,
  "train_quality": 0.5747761748728049,
  "val_loss": 4.894159670419025,
  "val_quality": 0.5121886909326707,
  "test_loss": 4.344240916496425,
  "test_quality": 0.5767702679617819,
  "success": true,
  "singular": false
}