{
  "run_id": "LMPO2-L3-d8-jit5-rf0.1-seed123",
  "seed": 123,
  "model": "LMPO2",
  "grid_params": {
    "model": "LMPO2",
    "L": 3,
    "bond_dim": 8,
    "jitter_start": 5.0,
    "reduction_factor": 0.1
  },
  "n_parameters": 4800,
  "train_loss": 4.116207991891597,
  "train_quality": 0.6074781391378485,
  "val_loss": 4.841643711364749,
  "val_quality": 0.5174230683249799,
  "test_loss": 4.175851080519335,
  "test_quality": 0.5931753399935649,
  "success": true,
  "singular": false
}