{
  "run_id": "LMPO2-L3-d16-jit0.1-rf0.5-seed999",
  "seed": 999,
  "model": "LMPO2",
  "grid_params": {
    "model": "LMPO2",
    "L": 3,
    "bond_dim": 16,
    "jitter_start": 0.1,
    "reduction_factor": 0.5
  },
  "n_parameters": 1880,
  "train_loss": 4.258786171405136,
  "train_quality": 0.5938818746995023,
  "val_loss": 4.718203414257569,
  "val_quality": 0.5297266254172148,
  "test_loss": 4.379585210932365,
  "test_quality": 0.5733269146692883,
  "success": true,
  "singular": false
}