{
  "run_id": "LMPO2-L4-d8-jit5-rf0.3-seed42",
  "seed": 42,
  "model": "LMPO2",
  "grid_params": {
    "model": "LMPO2",
    "L": 4,
    "bond_dim": 8,
    "jitter_start": 5.0,
    "reduction_factor": 0.3
  },
  "n_parameters": 828,
  "train_loss": 4.169543693131167,
  "train_quality": 0.6023920432111646,
  "val_loss": 4.770077442369916,
  "val_quality": 0.5245562306479095,
  "test_loss": 4.297077619114195,
  "test_quality": 0.5813650660166784,
  "success": true,
  "singular": false
}