{
  "run_id": "LMPO2-L3-d8-jit0.1-rf0.1-seed123",
  "seed": 123,
  "model": "LMPO2",
  "grid_params": {
    "model": "LMPO2",
    "L": 3,
    "bond_dim": 8,
    "jitter_start": 0.1,
    "reduction_factor": 0.1
  },
  "n_parameters": 336,
  "train_loss": 4.315340691216399,
  "train_quality": 0.5884888320252226,
  "val_loss": 4.813882747410165,
  "val_quality": 0.520190062677352,
  "test_loss": 4.479962615953985,
  "test_quality": 0.5635478294282577,
  "success": true,
  "singular": false
}