{
  "run_id": "LMPO2-L3-d16-jit0.1-rf0.3-seed256",
  "seed": 256,
  "model": "LMPO2",
  "grid_params": {
    "model": "LMPO2",
    "L": 3,
    "bond_dim": 16,
    "jitter_start": 0.1,
    "reduction_factor": 0.3
  },
  "n_parameters": 1128,
  "train_loss": 4.325391560699689,
  "train_quality": 0.5875303804599383,
  "val_loss": 4.767034596524672,
  "val_quality": 0.5248595175684466,
  "test_loss": 4.278295520471897,
  "test_quality": 0.5831948776519655,
  "success": true,
  "singular": false
}