{
  "run_id": "LMPO2-L3-d8-jit0.1-rf0.3-seed256",
  "seed": 256,
  "model": "LMPO2",
  "grid_params": {
    "model": "LMPO2",
    "L": 3,
    "bond_dim": 8,
    "jitter_start": 0.1,
    "reduction_factor": 0.3
  },
  "n_parameters": 504,
  "train_loss": 4.2931404407772895,
  "train_quality": 0.5906058493458076,
  "val_loss": 4.657533537100101,
  "val_quality": 0.5357737211783149,
  "test_loss": 4.127774677649618,
  "test_quality": 0.5978590956818479,
  "success": true,
  "singular": false
}