{
  "run_id": "LMPO2-L3-d12-jit5-rf0.1-seed42",
  "seed": 42,
  "model": "LMPO2",
  "grid_params": {
    "model": "LMPO2",
    "L": 3,
    "bond_dim": 12,
    "jitter_start": 5.0,
    "reduction_factor": 0.1
  },
  "n_parameters": 512,
  "train_loss": 4.600996499166808,
  "train_quality": 0.561248675666834,
  "val_loss": 4.75449705093114,
  "val_quality": 0.5261091614175097,
  "test_loss": 4.362607157022214,
  "test_quality": 0.5749809705435005,
  "success": true,
  "singular": false
}