{
  "run_id": "LMPO2-L3-d12-jit5-rf0.1-seed256",
  "seed": 256,
  "model": "LMPO2",
  "grid_params": {
    "model": "LMPO2",
    "L": 3,
    "bond_dim": 12,
    "jitter_start": 5.0,
    "reduction_factor": 0.1
  },
  "n_parameters": 512,
  "train_loss": 4.313242754444042,
  "train_quality": 0.5886888914117936,
  "val_loss": 4.786505758527625,
  "val_quality": 0.5229187854171988,
  "test_loss": 4.21153678253633,
  "test_quality": 0.5896987256914215,
  "success": true,
  "singular": false
}