{
  "run_id": "LMPO2-L3-d8-jit5-rf0.3-seed256",
  "seed": 256,
  "model": "LMPO2",
  "grid_params": {
    "model": "LMPO2",
    "L": 3,
    "bond_dim": 8,
    "jitter_start": 5.0,
    "reduction_factor": 0.3
  },
  "n_parameters": 504,
  "train_loss": 4.248699475902048,
  "train_quality": 0.5948437426363561,
  "val_loss": 4.661152179445757,
  "val_quality": 0.5354130433952933,
  "test_loss": 4.239857047493626,
  "test_quality": 0.5869396756342266,
  "success": true,
  "singular": false
}