{
  "run_id": "LMPO2-L3-d16-jit0.1-rf0.1-seed42",
  "seed": 42,
  "model": "LMPO2",
  "grid_params": {
    "model": "LMPO2",
    "L": 3,
    "bond_dim": 16,
    "jitter_start": 0.1,
    "reduction_factor": 0.1
  },
  "n_parameters": 752,
  "train_loss": 4.40226331847092,
  "train_quality": 0.5801998846571153,
  "val_loss": 4.730660844768921,
  "val_quality": 0.5284849668088765,
  "test_loss": 4.258771378156828,
  "test_quality": 0.5850969815359616,
  "success": true,
  "singular": false
}