{
  "run_id": "LMPO2-L3-d16-jit0.1-rf0.5-seed42",
  "seed": 42,
  "model": "LMPO2",
  "grid_params": {
    "model": "LMPO2",
    "L": 3,
    "bond_dim": 16,
    "jitter_start": 0.1,
    "reduction_factor": 0.5
  },
  "n_parameters": 1880,
  "train_loss": 4.310489530885643,
  "train_quality": 0.5889514389887482,
  "val_loss": 4.7275647793960305,
  "val_quality": 0.5287935582329848,
  "test_loss": 4.090517382679909,
  "test_quality": 0.6014888195552688,
  "success": true,
  "singular": false
}