{
  "run_id": "LMPO2-L3-d8-jit5-rf0.3-seed123",
  "seed": 123,
  "model": "LMPO2",
  "grid_params": {
    "model": "LMPO2",
    "L": 3,
    "bond_dim": 8,
    "jitter_start": 5.0,
    "reduction_factor": 0.3
  },
  "n_parameters": 504,
  "train_loss": 4.363922721084424,
  "train_quality": 0.583856046508596,
  "val_loss": 4.681608829746104,
  "val_quality": 0.5333740855283362,
  "test_loss": 4.299199696731551,
  "test_quality": 0.5811583264829782,
  "success": true,
  "singular": false
}