{
  "run_id": "LMPO2-L3-d8-jit5-rf0.5-seed7",
  "seed": 7,
  "model": "LMPO2",
  "grid_params": {
    "model": "LMPO2",
    "L": 3,
    "bond_dim": 8,
    "jitter_start": 5.0,
    "reduction_factor": 0.5
  },
  "n_parameters": 840,
  "train_loss": 4.4977236424420495,
  "train_quality": 0.5710967819768176,
  "val_loss": 4.684440254798338,
  "val_quality": 0.5330918713681394,
  "test_loss": 4.2954942488926084,
  "test_quality": 0.5815193229668523,
  "success": true,
  "singular": false
}