{
  "run_id": "LMPO2-L3-d16-jit5-rf0.5-seed42",
  "seed": 42,
  "model": "LMPO2",
  "grid_params": {
    "model": "LMPO2",
    "L": 3,
    "bond_dim": 16,
    "jitter_start": 5.0,
    "reduction_factor": 0.5
  },
  "n_parameters": 1880,
  "train_loss": 4.526985512023905,
  "train_quality": 0.5683063681971443,
  "val_loss": 4.6568608033266,
  "val_quality": 0.5358407739850897,
  "test_loss": 4.338547000544756,
  "test_quality": 0.5773249873175436,
  "success": true,
  "singular": false
}