{
  "run_id": "LMPO2-L4-d8-jit5-rf0.5-seed256",
  "seed": 256,
  "model": "LMPO2",
  "grid_params": {
    "model": "LMPO2",
    "L": 4,
    "bond_dim": 8,
    "jitter_start": 5.0,
    "reduction_factor": 0.5
  },
  "n_parameters": 1380,
  "train_loss": 4.484454939921659,
  "train_quality": 0.5723620863090548,
  "val_loss": 4.889847161911768,
  "val_quality": 0.5126185278325586,
  "test_loss": 4.478505283349071,
  "test_quality": 0.5636898073939653,
  "success": true,
  "singular": false
}