{
  "run_id": "LMPO2-L3-d16-jit5-rf0.3-seed999",
  "seed": 999,
  "model": "LMPO2",
  "grid_params": {
    "model": "LMPO2",
    "L": 3,
    "bond_dim": 16,
    "jitter_start": 5.0,
    "reduction_factor": 0.3
  },
  "n_parameters": 1128,
  "train_loss": 4.177426043755814,
  "train_quality": 0.6016403817447737,
  "val_loss": 4.585799892516528,
  "val_quality": 0.5429235661823476,
  "test_loss": 4.115733117952757,
  "test_quality": 0.5990322226289452,
  "success": true,
  "singular": false
}