{
  "run_id": "LMPO2-L3-d8-jit0.1-rf0.5-seed42",
  "seed": 42,
  "model": "LMPO2",
  "grid_params": {
    "model": "LMPO2",
    "L": 3,
    "bond_dim": 8,
    "jitter_start": 0.1,
    "reduction_factor": 0.5
  },
  "n_parameters": 840,
  "train_loss": 4.326030935973214,
  "train_quality": 0.5874694095924198,
  "val_loss": 4.788272136805347,
  "val_quality": 0.5227427267354252,
  "test_loss": 4.162667593027578,
  "test_quality": 0.5944597171691672,
  "success": true,
  "singular": false
}