{
  "run_id": "LMPO2-L3-d12-jit0.1-rf0.1-seed999",
  "seed": 999,
  "model": "LMPO2",
  "grid_params": {
    "model": "LMPO2",
    "L": 3,
    "bond_dim": 12,
    "jitter_start": 0.1,
    "reduction_factor": 0.1
  },
  "n_parameters": 512,
  "train_loss": 4.225559772692781,
  "train_quality": 0.5970503462339856,
  "val_loss": 4.759998415494727,
  "val_quality": 0.5255608287046152,
  "test_loss": 4.258769845098586,
  "test_quality": 0.5850971308913591,
  "success": true,
  "singular": false
}