{
  "run_id": "LMPO2-L3-d12-jit5-rf0.3-seed42",
  "seed": 42,
  "model": "LMPO2",
  "grid_params": {
    "model": "LMPO2",
    "L": 3,
    "bond_dim": 12,
    "jitter_start": 5.0,
    "reduction_factor": 0.3
  },
  "n_parameters": 768,
  "train_loss": 4.286142097365541,
  "train_quality": 0.5912732118270873,
  "val_loss": 4.68004701115375,
  "val_quality": 0.5335297553109685,
  "test_loss": 4.105226547916518,
  "test_quality": 0.6000558060136034,
  "success": true,
  "singular": false
}