{
  "run_id": "LMPO2-L3-d12-jit5-rf0.3-seed7",
  "seed": 7,
  "model": "LMPO2",
  "grid_params": {
    "model": "LMPO2",
    "L": 3,
    "bond_dim": 12,
    "jitter_start": 5.0,
    "reduction_factor": 0.3
  },
  "n_parameters": 768,
  "train_loss": 4.231096891406974,
  "train_quality": 0.5965223262345611,
  "val_loss": 4.782737813299512,
  "val_quality": 0.5232943445362298,
  "test_loss": 4.329550313050852,
  "test_quality": 0.5782014731548777,
  "success": true,
  "singular": false
}