{
  "run_id": "LMPO2-L4-d12-jit5-rf0.1-seed256",
  "seed": 256,
  "model": "LMPO2",
  "grid_params": {
    "model": "LMPO2",
    "L": 4,
    "bond_dim": 12,
    "jitter_start": 5.0,
    "reduction_factor": 0.1
  },
  "n_parameters": 712,
  "train_loss": 4.641817182474618,
  "train_quality": 0.5573560126611721,
  "val_loss": 4.9309661971221885,
  "val_quality": 0.5085201060922921,
  "test_loss": 4.386707894572564,
  "test_quality": 0.5726330002325941,
  "success": true,
  "singular": false
}