{
  "run_id": "LMPO2-L3-d8-jit5-rf0.1-seed7",
  "seed": 7,
  "model": "LMPO2",
  "grid_params": {
    "model": "LMPO2",
    "L": 3,
    "bond_dim": 8,
    "jitter_start": 5.0,
    "reduction_factor": 0.1
  },
  "n_parameters": 4800,
  "train_loss": 4.179010744710739,
  "train_quality": 0.6014892645590139,
  "val_loss": 4.832735996465178,
  "val_quality": 0.5183109192245372,
  "test_loss": 4.1705399372543805,
  "test_quality": 0.5936927684198539,
  "success": true,
  "singular": false
}