{
  "run_id": "LMPO2-L3-d8-jit5-rf0.1-seed7",
  "seed": 7,
  "model": "LMPO2",
  "grid_params": {
    "model": "LMPO2",
    "L": 3,
    "bond_dim": 8,
    "jitter_start": 5.0,
    "reduction_factor": 0.1
  },
  "n_parameters": 336,
  "train_loss": 4.241227554933556,
  "train_quality": 0.5955562655041374,
  "val_loss": 4.917927838542862,
  "val_quality": 0.5098196670373738,
  "test_loss": 4.228579698090468,
  "test_quality": 0.5880383507900808,
  "success": true,
  "singular": false
}