{
  "run_id": "LMPO2-L4-d12-jit5-rf0.1-seed42",
  "seed": 42,
  "model": "LMPO2",
  "grid_params": {
    "model": "LMPO2",
    "L": 4,
    "bond_dim": 12,
    "jitter_start": 5.0,
    "reduction_factor": 0.1
  },
  "n_parameters": 712,
  "train_loss": 4.655854366208962,
  "train_quality": 0.5560174259105699,
  "val_loss": 4.931249840975371,
  "val_quality": 0.5084918347058545,
  "test_loss": 4.39590961272559,
  "test_quality": 0.5717365396579958,
  "success": true,
  "singular": false
}