{
  "run_id": "LMPO2-L3-d8-jit0.1-rf0.5-seed123",
  "seed": 123,
  "model": "LMPO2",
  "grid_params": {
    "model": "LMPO2",
    "L": 3,
    "bond_dim": 8,
    "jitter_start": 0.1,
    "reduction_factor": 0.5
  },
  "n_parameters": 840,
  "train_loss": 4.317195319459981,
  "train_quality": 0.5883119745557234,
  "val_loss": 4.764162982999759,
  "val_quality": 0.5251457373992359,
  "test_loss": 4.139936548401997,
  "test_quality": 0.5966742476500393,
  "success": true,
  "singular": false
}