{
  "run_id": "LMPO2-L3-d16-jit5-rf0.1-seed123",
  "seed": 123,
  "model": "LMPO2",
  "grid_params": {
    "model": "LMPO2",
    "L": 3,
    "bond_dim": 16,
    "jitter_start": 5.0,
    "reduction_factor": 0.1
  },
  "n_parameters": 752,
  "train_loss": 4.339251267258943,
  "train_quality": 0.5862087179442546,
  "val_loss": 4.9665213632946,
  "val_quality": 0.5049762470188948,
  "test_loss": 4.261328673612375,
  "test_quality": 0.5848478416997512,
  "success": true,
  "singular": false
}