{
  "run_id": "LMPO2-L3-d16-jit0.1-rf0.5-seed7",
  "seed": 7,
  "model": "LMPO2",
  "grid_params": {
    "model": "LMPO2",
    "L": 3,
    "bond_dim": 16,
    "jitter_start": 0.1,
    "reduction_factor": 0.5
  },
  "n_parameters": 1880,
  "train_loss": 4.2645965625501105,
  "train_quality": 0.5933277954233687,
  "val_loss": 4.642333498693595,
  "val_quality": 0.5372887413518019,
  "test_loss": 4.1425384316076075,
  "test_quality": 0.5964207639337649,
  "success": true,
  "singular": false
}