{
  "run_id": "LMPO2-L4-d8-jit0.1-rf0.1-seed42",
  "seed": 42,
  "model": "LMPO2",
  "grid_params": {
    "model": "LMPO2",
    "L": 4,
    "bond_dim": 8,
    "jitter_start": 0.1,
    "reduction_factor": 0.1
  },
  "n_parameters": 552,
  "train_loss": 4.441352427856647,
  "train_quality": 0.5764723446528799,
  "val_loss": 4.677406207126132,
  "val_quality": 0.5337929698680024,
  "test_loss": 4.199155091556019,
  "test_quality": 0.5909049893072071,
  "success": true,
  "singular": false
}