{
  "run_id": "MPO2-L3-d12-jit0.1-seed42",
  "seed": 42,
  "model": "MPO2",
  "grid_params": {
    "model": "MPO2",
    "L": 3,
    "bond_dim": 12,
    "jitter_start": 0.1
  },
  "n_parameters": 16416,
  "train_loss": 58.93680249040217,
  "train_quality": 0.3433462532299742,
  "val_loss": 52.673778178875196,
  "val_quality": 0.36445783132530124,
  "test_loss": 54.39261855800561,
  "test_quality": 0.36897590361445787,
  "success": true,
  "singular": true
}