{
  "run_id": "MPO2-L3-d12-jit5-seed42",
  "seed": 42,
  "model": "MPO2",
  "grid_params": {
    "model": "MPO2",
    "L": 3,
    "bond_dim": 12,
    "jitter_start": 5.0
  },
  "n_parameters": 16416,
  "train_loss": 229965841.4562489,
  "train_quality": 0.4005167958656331,
  "val_loss": 209212204.62307456,
  "val_quality": 0.41867469879518077,
  "test_loss": 178782189.15304816,
  "test_quality": 0.3734939759036145,
  "success": true,
  "singular": true
}