{
  "run_id": "MPO2-L3-d8-jit0.1-seed42",
  "seed": 42,
  "model": "MPO2",
  "grid_params": {
    "model": "MPO2",
    "L": 3,
    "bond_dim": 8,
    "jitter_start": 0.1
  },
  "n_parameters": 7488,
  "train_loss": 129269885035725.28,
  "train_quality": 0.41375968992248063,
  "val_loss": 58288436556404.1,
  "val_quality": 0.391566265060241,
  "test_loss": 60205900228625.445,
  "test_quality": 0.411144578313253,
  "success": true,
  "singular": true
}