{
  "run_id": "MPO2-L3-d12-jit5-seed123",
  "seed": 123,
  "model": "MPO2",
  "grid_params": {
    "model": "MPO2",
    "L": 3,
    "bond_dim": 12,
    "jitter_start": 5.0
  },
  "n_parameters": 16416,
  "train_loss": 3716157.2114919545,
  "train_quality": 0.437984496124031,
  "val_loss": 1931101.3280445596,
  "val_quality": 0.46536144578313254,
  "test_loss": 1897261.2902821347,
  "test_quality": 0.4487951807228916,
  "success": true,
  "singular": true
}