{
  "run_id": "MPO2-L3-d8-jit0.1-seed7",
  "seed": 7,
  "model": "MPO2",
  "grid_params": {
    "model": "MPO2",
    "L": 3,
    "bond_dim": 8,
    "jitter_start": 0.1
  },
  "n_parameters": 7488,
  "train_loss": 1.0479504482513085e+169,
  "train_quality": 0.3905038759689923,
  "val_loss": 1.0434424136565836e+169,
  "val_quality": 0.3795180722891566,
  "test_loss": 1.0876496771524842e+169,
  "test_quality": 0.39759036144578314,
  "success": true,
  "singular": true
}