{
  "run_id": "MPO2-L3-d12-jit5-seed999",
  "seed": 999,
  "model": "MPO2",
  "grid_params": {
    "model": "MPO2",
    "L": 3,
    "bond_dim": 12,
    "jitter_start": 5.0
  },
  "n_parameters": 16416,
  "train_loss": 66.42539619994875,
  "train_quality": 0.32719638242894056,
  "val_loss": 52.593267425342866,
  "val_quality": 0.3237951807228916,
  "test_loss": 70.95557684916966,
  "test_quality": 0.32680722891566266,
  "success": true,
  "singular": true
}