{
  "run_id": "MPO2-L3-d8-jit5-seed123",
  "seed": 123,
  "model": "MPO2",
  "grid_params": {
    "model": "MPO2",
    "L": 3,
    "bond_dim": 8,
    "jitter_start": 5.0
  },
  "n_parameters": 7488,
  "train_loss": 3.850305234617523e+184,
  "train_quality": 0.48578811369509045,
  "val_loss": 2.9850241016327628e+184,
  "val_quality": 0.43975903614457834,
  "test_loss": 2.335527878977104e+184,
  "test_quality": 0.47590361445783136,
  "success": true,
  "singular": true
}