{
  "run_id": "MPO2-L3-d8-jit5-seed999",
  "seed": 999,
  "model": "MPO2",
  "grid_params": {
    "model": "MPO2",
    "L": 3,
    "bond_dim": 8,
    "jitter_start": 5.0
  },
  "n_parameters": 7488,
  "train_loss": 3.8252691151271815e+175,
  "train_quality": 0.3846899224806202,
  "val_loss": 3.7871582081667176e+175,
  "val_quality": 0.3810240963855422,
  "test_loss": 3.9955255870271516e+175,
  "test_quality": 0.39608433734939763,
  "success": true,
  "singular": true
}