{
  "run_id": "MPO2-L3-d8-jit0.1-seed999",
  "seed": 999,
  "model": "MPO2",
  "grid_params": {
    "model": "MPO2",
    "L": 3,
    "bond_dim": 8,
    "jitter_start": 0.1
  },
  "n_parameters": 7488,
  "train_loss": 1.2322786459620707e+106,
  "train_quality": 0.3882428940568476,
  "val_loss": 1.2203206988451637e+106,
  "val_quality": 0.3780120481927711,
  "test_loss": 1.2732950789360272e+106,
  "test_quality": 0.3870481927710844,
  "success": true,
  "singular": true
}