{
  "run_id": "MPO2-L3-d8-jit0.1-seed42",
  "seed": 42,
  "model": "MPO2",
  "grid_params": {
    "model": "MPO2",
    "L": 3,
    "bond_dim": 8,
    "jitter_start": 0.1
  },
  "n_parameters": 960,
  "train_loss": 16286.750290473748,
  "train_quality": 0.5131016474750643,
  "val_loss": 15988.552811717032,
  "val_quality": 0.5061065571743465,
  "test_loss": 15730.669472925958,
  "test_quality": 0.4893357134194578,
  "success": true,
  "singular": false
}