{
  "run_id": "MPO2-L2-d4-init1-jit5-rf0.1-seed256",
  "seed": 256,
  "model": "MPO2",
  "grid_params": {
    "model": "MPO2",
    "L": 2,
    "bond_dim": 4,
    "jitter_start": 5.0,
    "reduction_factor": 0.1,
    "init_strength": 1.0
  },
  "train_loss": 23590.545149145913,
  "train_quality": 0.29475203073490785,
  "val_loss": 23133.20385559508,
  "val_quality": 0.2854051376398117,
  "test_loss": 22130.841303048706,
  "test_quality": 0.2815671129000932,
  "success": true,
  "singular": false
}