{
  "run_id": "MPO2-L3-d8-jit0.1-seed256",
  "seed": 256,
  "model": "MPO2",
  "grid_params": {
    "model": "MPO2",
    "L": 3,
    "bond_dim": 8,
    "jitter_start": 0.1
  },
  "n_parameters": 960,
  "train_loss": 16309.361491673297,
  "train_quality": 0.5124256773511096,
  "val_loss": 15991.039553748958,
  "val_quality": 0.5060297406170239,
  "test_loss": 15734.39715542146,
  "test_quality": 0.48921470176604787,
  "success": true,
  "singular": false
}