{
  "run_id": "MPO2-L3-d8-jit5-seed999",
  "seed": 999,
  "model": "MPO2",
  "grid_params": {
    "model": "MPO2",
    "L": 3,
    "bond_dim": 8,
    "jitter_start": 5.0
  },
  "n_parameters": 960,
  "train_loss": 16396.01633899506,
  "train_quality": 0.509835099019228,
  "val_loss": 16001.530417742024,
  "val_quality": 0.5057056732047467,
  "test_loss": 15747.103407130291,
  "test_quality": 0.4888022190694169,
  "success": true,
  "singular": false
}