{
  "run_id": "MPO2-L3-d8-jit5-seed123",
  "seed": 123,
  "model": "MPO2",
  "grid_params": {
    "model": "MPO2",
    "L": 3,
    "bond_dim": 8,
    "jitter_start": 5.0
  },
  "n_parameters": 960,
  "train_loss": 16319.954136011187,
  "train_quality": 0.5121090063771574,
  "val_loss": 15991.754863152815,
  "val_quality": 0.5060076443942877,
  "test_loss": 15741.286715727632,
  "test_quality": 0.48899104616101086,
  "success": true,
  "singular": false
}