{
  "run_id": "MPO2-L2-d4-init1-jit0.1-rf0.1-seed7",
  "seed": 7,
  "model": "MPO2",
  "grid_params": {
    "model": "MPO2",
    "L": 2,
    "bond_dim": 4,
    "jitter_start": 0.1,
    "reduction_factor": 0.1,
    "init_strength": 1.0
  },
  "train_loss": 23557.94981820404,
  "train_quality": 0.2957264800665763,
  "val_loss": 23000.61846281695,
  "val_quality": 0.28950075885573523,
  "test_loss": 22122.536405532774,
  "test_quality": 0.28183671455769577,
  "success": true,
  "singular": false
}