{
  "run_id": "MPO2-L3-d8-jit5-seed7",
  "seed": 7,
  "model": "MPO2",
  "grid_params": {
    "model": "MPO2",
    "L": 3,
    "bond_dim": 8,
    "jitter_start": 5.0
  },
  "n_parameters": 960,
  "train_loss": 16324.26376801205,
  "train_quality": 0.5119801683533782,
  "val_loss": 15956.140360940848,
  "val_quality": 0.5071077920636314,
  "test_loss": 15711.515342306246,
  "test_quality": 0.48995751343024696,
  "success": true,
  "singular": false
}