{
  "run_id": "MPO2-L3-d12-jit5-seed7",
  "seed": 7,
  "model": "MPO2",
  "grid_params": {
    "model": "MPO2",
    "L": 3,
    "bond_dim": 12,
    "jitter_start": 5.0
  },
  "n_parameters": 2016,
  "train_loss": 16330.586914675225,
  "train_quality": 0.5117911355728564,
  "val_loss": 15991.149679348558,
  "val_quality": 0.5060263387887176,
  "test_loss": 15728.04285271999,
  "test_quality": 0.4894209813183166,
  "success": true,
  "singular": false
}