{
  "run_id": "MPO2-L3-d8-jit5-seed42",
  "seed": 42,
  "model": "MPO2",
  "grid_params": {
    "model": "MPO2",
    "L": 3,
    "bond_dim": 8,
    "jitter_start": 5.0
  },
  "n_parameters": 960,
  "train_loss": 16305.528673215496,
  "train_quality": 0.5125402608597498,
  "val_loss": 15953.81411627494,
  "val_quality": 0.5071796507865834,
  "test_loss": 15709.096437644037,
  "test_quality": 0.4900360382651727,
  "success": true,
  "singular": false
}