{
  "run_id": "MPO2-L2-d4-init0.1-jit1-rf0.3-seed256",
  "seed": 256,
  "model": "MPO2",
  "grid_params": {
    "model": "MPO2",
    "L": 2,
    "bond_dim": 4,
    "jitter_start": 1.0,
    "reduction_factor": 0.3,
    "init_strength": 0.1
  },
  "train_loss": 23729.739982784376,
  "train_quality": 0.2905907503094204,
  "val_loss": 23098.70648449135,
  "val_quality": 0.28647077663688014,
  "test_loss": 22290.62444848069,
  "test_quality": 0.2763800770838458,
  "success": true,
  "singular": false
}