{
  "run_id": "MPO2-L2-d6-init1-jit5-rf0.1-seed7",
  "seed": 7,
  "model": "MPO2",
  "grid_params": {
    "model": "MPO2",
    "L": 2,
    "bond_dim": 6,
    "jitter_start": 5.0,
    "reduction_factor": 0.1,
    "init_strength": 1.0
  },
  "train_loss": 23616.79479369936,
  "train_quality": 0.2939672880170856,
  "val_loss": 23026.11088023408,
  "val_quality": 0.28871328684670705,
  "test_loss": 22177.086258557,
  "test_quality": 0.2800658641927044,
  "success": true,
  "singular": false
}