{
  "run_id": "MPO2-L3-d8-jit5-seed123",
  "seed": 123,
  "model": "MPO2",
  "grid_params": {
    "model": "MPO2",
    "L": 3,
    "bond_dim": 8,
    "jitter_start": 5.0
  },
  "n_parameters": 960,
  "train_loss": 16319.95413601118,
  "train_quality": 0.5121090063771576,
  "val_loss": 15991.754863152804,
  "val_quality": 0.506007644394288,
  "test_loss": 15741.286715727618,
  "test_quality": 0.4889910461610113,
  "success": true,
  "singular": false
}