{
  "run_id": "MPO2-L2-d4-init1-jit0.1-rf0.5-seed123",
  "seed": 123,
  "model": "MPO2",
  "grid_params": {
    "model": "MPO2",
    "L": 2,
    "bond_dim": 4,
    "jitter_start": 0.1,
    "reduction_factor": 0.5,
    "init_strength": 1.0
  },
  "train_loss": 23598.430472862892,
  "train_quality": 0.2945162961004075,
  "val_loss": 23121.52409803167,
  "val_quality": 0.2857659304984457,
  "test_loss": 22076.58600824832,
  "test_quality": 0.28332840102963797,
  "success": true,
  "singular": false
}