{
  "run_id": "MPO2-L3-d8-jit0.1-seed7",
  "seed": 7,
  "model": "MPO2",
  "grid_params": {
    "model": "MPO2",
    "L": 3,
    "bond_dim": 8,
    "jitter_start": 0.1
  },
  "n_parameters": 960,
  "train_loss": 16320.789252139257,
  "train_quality": 0.5120840402752849,
  "val_loss": 15987.426620949669,
  "val_quality": 0.5061413457034849,
  "test_loss": 15725.629351544765,
  "test_quality": 0.4894993307399943,
  "success": true,
  "singular": false
}