{
  "run_id": "MPO2-L2-d6-init1-jit5-rf0.1-seed256",
  "seed": 256,
  "model": "MPO2",
  "grid_params": {
    "model": "MPO2",
    "L": 2,
    "bond_dim": 6,
    "jitter_start": 5.0,
    "reduction_factor": 0.1,
    "init_strength": 1.0
  },
  "train_loss": 23634.444610818693,
  "train_quality": 0.2934396402835291,
  "val_loss": 23010.405826831804,
  "val_quality": 0.28919842286783115,
  "test_loss": 22209.156851368076,
  "test_quality": 0.2790247574282231,
  "success": true,
  "singular": false
}