{
  "run_id": "MPO2-L2-d4-init1-jit0.1-rf0.5-seed256",
  "seed": 256,
  "model": "MPO2",
  "grid_params": {
    "model": "MPO2",
    "L": 2,
    "bond_dim": 4,
    "jitter_start": 0.1,
    "reduction_factor": 0.5,
    "init_strength": 1.0
  },
  "train_loss": 23655.848081489952,
  "train_quality": 0.29279977570512716,
  "val_loss": 23047.209647775577,
  "val_quality": 0.2880615366187056,
  "test_loss": 22181.21399632371,
  "test_quality": 0.2799318655561265,
  "success": true,
  "singular": false
}