{
  "run_id": "MPO2-L2-d4-init0.1-jit5-rf0.5-seed42",
  "seed": 42,
  "model": "MPO2",
  "grid_params": {
    "model": "MPO2",
    "L": 2,
    "bond_dim": 4,
    "jitter_start": 5.0,
    "reduction_factor": 0.5,
    "init_strength": 0.1
  },
  "train_loss": 23653.779849518512,
  "train_quality": 0.2928616062558247,
  "val_loss": 23175.173379171596,
  "val_quality": 0.28410868055973326,
  "test_loss": 22173.738326361174,
  "test_quality": 0.28017454802267383,
  "success": true,
  "singular": false
}