{
  "run_id": "MPO2-L3-d8-jit0.1-seed7",
  "seed": 7,
  "model": "MPO2",
  "grid_params": {
    "model": "MPO2",
    "L": 3,
    "bond_dim": 8,
    "jitter_start": 0.1
  },
  "n_parameters": 960,
  "train_loss": 16320.789252139271,
  "train_quality": 0.5120840402752844,
  "val_loss": 15987.426620949678,
  "val_quality": 0.5061413457034847,
  "test_loss": 15725.629351544778,
  "test_quality": 0.48949933073999397,
  "success": true,
  "singular": false
}