{
  "run_id": "MPO2-L3-d8-jit0.1-seed123",
  "seed": 123,
  "model": "MPO2",
  "grid_params": {
    "model": "MPO2",
    "L": 3,
    "bond_dim": 8,
    "jitter_start": 0.1
  },
  "n_parameters": 960,
  "train_loss": 16307.16135663827,
  "train_quality": 0.5124914511921019,
  "val_loss": 15978.775235141791,
  "val_quality": 0.5064085908239273,
  "test_loss": 15757.137931974788,
  "test_quality": 0.48847646856784355,
  "success": true,
  "singular": false
}