{
  "run_id": "MPO2-L2-d4-init1-jit5-rf0.1-seed999",
  "seed": 999,
  "model": "MPO2",
  "grid_params": {
    "model": "MPO2",
    "L": 2,
    "bond_dim": 4,
    "jitter_start": 5.0,
    "reduction_factor": 0.1,
    "init_strength": 1.0
  },
  "train_loss": 23785.67552199695,
  "train_quality": 0.2889185369209628,
  "val_loss": 23103.563267129317,
  "val_quality": 0.2863207484807131,
  "test_loss": 22391.048500651876,
  "test_quality": 0.2731200138649351,
  "success": true,
  "singular": false
}