{
  "run_id": "MPO2-L3-d8-jit0.1-seed123",
  "seed": 123,
  "model": "MPO2",
  "grid_params": {
    "model": "MPO2",
    "L": 3,
    "bond_dim": 8,
    "jitter_start": 0.1
  },
  "n_parameters": 960,
  "train_loss": 16307.161356638284,
  "train_quality": 0.5124914511921015,
  "val_loss": 15978.775235141818,
  "val_quality": 0.5064085908239264,
  "test_loss": 15757.13793197481,
  "test_quality": 0.4884764685678429,
  "success": true,
  "singular": false
}