{
  "run_id": "MPO2-L3-d8-jit5-seed256",
  "seed": 256,
  "model": "MPO2",
  "grid_params": {
    "model": "MPO2",
    "L": 3,
    "bond_dim": 8,
    "jitter_start": 5.0
  },
  "n_parameters": 960,
  "train_loss": 16307.186230293988,
  "train_quality": 0.5124907075850732,
  "val_loss": 15993.328084449624,
  "val_quality": 0.5059590468950795,
  "test_loss": 15737.021819974294,
  "test_quality": 0.48912949735350253,
  "success": true,
  "singular": false
}