{
  "run_id": "MPO2-L2-d4-init0.1-jit5-rf0.1-seed123",
  "seed": 123,
  "model": "MPO2",
  "grid_params": {
    "model": "MPO2",
    "L": 2,
    "bond_dim": 4,
    "jitter_start": 5.0,
    "reduction_factor": 0.1,
    "init_strength": 0.1
  },
  "train_loss": 1.2894473965445903,
  "train_quality": 0.6616525108089015,
  "val_loss": 1.5152885272572743,
  "val_quality": 0.5790115765295821,
  "test_loss": 1.8386375878358014,
  "test_quality": 0.5390148389120963,
  "success": true,
  "singular": false
}