{
  "run_id": "MPO2-L3-d8-jit5-seed42",
  "seed": 42,
  "model": "MPO2",
  "grid_params": {
    "model": "MPO2",
    "L": 3,
    "bond_dim": 8,
    "jitter_start": 5.0
  },
  "n_parameters": 3120,
  "train_loss": 0.5681391046124388,
  "train_quality": 0.8509218444490069,
  "val_loss": 1.077954159388715,
  "val_quality": 0.7005149752200395,
  "test_loss": 1.1302381177863958,
  "test_quality": 0.7166255034475123,
  "success": true,
  "singular": false
}