{
  "run_id": "MPO2-L2-d4-init0.01-jit1-rf0.3-seed7",
  "seed": 7,
  "model": "MPO2",
  "grid_params": {
    "model": "MPO2",
    "L": 2,
    "bond_dim": 4,
    "jitter_start": 1.0,
    "reduction_factor": 0.3,
    "init_strength": 0.01
  },
  "train_loss": 1.2793363928848558,
  "train_quality": 0.6643056106644216,
  "val_loss": 1.4630356054382492,
  "val_quality": 0.5935288613783833,
  "test_loss": 1.8317525583201548,
  "test_quality": 0.5407410607958234,
  "success": true,
  "singular": false
}