{
  "run_id": "MPO2-L3-d8-jit0.1-seed123",
  "seed": 123,
  "model": "MPO2",
  "grid_params": {
    "model": "MPO2",
    "L": 3,
    "bond_dim": 8,
    "jitter_start": 0.1
  },
  "n_parameters": 3120,
  "train_loss": 0.45555270418336685,
  "train_quality": 0.880464209654692,
  "val_loss": 1.2115212709102952,
  "val_quality": 0.6634063937878643,
  "test_loss": 1.1625159098629567,
  "test_quality": 0.7085327812719097,
  "success": true,
  "singular": false
}