{
  "run_id": "MPO2-L2-d4-init1-jit1-rf0.5-seed999",
  "seed": 999,
  "model": "MPO2",
  "grid_params": {
    "model": "MPO2",
    "L": 2,
    "bond_dim": 4,
    "jitter_start": 1.0,
    "reduction_factor": 0.5,
    "init_strength": 1.0
  },
  "train_loss": 1.2439089553319698,
  "train_quality": 0.6736016739056325,
  "val_loss": 1.4412063018376158,
  "val_quality": 0.5995936364644336,
  "test_loss": 2.0763097817494898,
  "test_quality": 0.4794254150243903,
  "success": true,
  "singular": false
}