{
  "run_id": "MPO2-L3-d12-jit5-seed256",
  "seed": 256,
  "model": "MPO2",
  "grid_params": {
    "model": "MPO2",
    "L": 3,
    "bond_dim": 12,
    "jitter_start": 5.0
  },
  "n_parameters": 6552,
  "train_loss": 0.40555366675995563,
  "train_quality": 0.8935838210630492,
  "val_loss": 1.127873837799587,
  "val_quality": 0.6866459289385487,
  "test_loss": 1.1262300689237426,
  "test_quality": 0.7176304056984084,
  "success": true,
  "singular": false
}