{
  "run_id": "MPO2-L3-d8-jit5-seed256",
  "seed": 256,
  "model": "MPO2",
  "grid_params": {
    "model": "MPO2",
    "L": 3,
    "bond_dim": 8,
    "jitter_start": 5.0
  },
  "n_parameters": 3120,
  "train_loss": 0.5176663930029154,
  "train_quality": 0.864165746675272,
  "val_loss": 1.0824440339973822,
  "val_quality": 0.6992675657669343,
  "test_loss": 1.039723890141773,
  "test_quality": 0.7393193263561463,
  "success": true,
  "singular": false
}