{
  "run_id": "MPO2-L3-d12-jit5-seed42",
  "seed": 42,
  "model": "MPO2",
  "grid_params": {
    "model": "MPO2",
    "L": 3,
    "bond_dim": 12,
    "jitter_start": 5.0
  },
  "n_parameters": 6552,
  "train_loss": 0.41181808319772417,
  "train_quality": 0.8919400552307661,
  "val_loss": 1.104610646709038,
  "val_quality": 0.6931090770228465,
  "test_loss": 1.1535082520110267,
  "test_quality": 0.7107911907776048,
  "success": true,
  "singular": false
}