{
  "run_id": "MPO2-L3-d8-jit5-seed123",
  "seed": 123,
  "model": "MPO2",
  "grid_params": {
    "model": "MPO2",
    "L": 3,
    "bond_dim": 8,
    "jitter_start": 5.0
  },
  "n_parameters": 3120,
  "train_loss": 0.5313703820375184,
  "train_quality": 0.8605698572313245,
  "val_loss": 1.0694514537685365,
  "val_quality": 0.7028772584221377,
  "test_loss": 1.076057599684303,
  "test_quality": 0.7302097002627848,
  "success": true,
  "singular": false
}