{
  "run_id": "MPO2-L2-d4-init1-jit1-rf0.3-seed123",
  "seed": 123,
  "model": "MPO2",
  "grid_params": {
    "model": "MPO2",
    "L": 2,
    "bond_dim": 4,
    "jitter_start": 1.0,
    "reduction_factor": 0.3,
    "init_strength": 1.0
  },
  "train_loss": 1.2428948620303109,
  "train_quality": 0.6738677692293669,
  "val_loss": 1.555450277123671,
  "val_quality": 0.5678535485659764,
  "test_loss": 1.958168588918875,
  "test_quality": 0.5090458998705869,
  "success": true,
  "singular": false
}