{
  "run_id": "MPO2-L3-d12-jit5-seed7",
  "seed": 7,
  "model": "MPO2",
  "grid_params": {
    "model": "MPO2",
    "L": 3,
    "bond_dim": 12,
    "jitter_start": 5.0
  },
  "n_parameters": 6552,
  "train_loss": 0.42743606784480104,
  "train_quality": 0.8878419385447157,
  "val_loss": 1.0797408209969268,
  "val_quality": 0.7000185919635269,
  "test_loss": 1.1266677999207413,
  "test_quality": 0.7175206573197721,
  "success": true,
  "singular": false
}