{
  "run_id": "MPO2-L3-d8-jit0.1-seed7",
  "seed": 7,
  "model": "MPO2",
  "grid_params": {
    "model": "MPO2",
    "L": 3,
    "bond_dim": 8,
    "jitter_start": 0.1
  },
  "n_parameters": 3120,
  "train_loss": 0.4452909024593688,
  "train_quality": 0.8831568785120614,
  "val_loss": 1.1873754679716206,
  "val_quality": 0.6701147554825041,
  "test_loss": 1.0385700134336497,
  "test_quality": 0.7396086275450748,
  "success": true,
  "singular": false
}