{
  "run_id": "MPO2-L3-d8-jit5-seed999",
  "seed": 999,
  "model": "MPO2",
  "grid_params": {
    "model": "MPO2",
    "L": 3,
    "bond_dim": 8,
    "jitter_start": 5.0
  },
  "n_parameters": 3120,
  "train_loss": 0.5457139295043356,
  "train_quality": 0.8568061493945441,
  "val_loss": 1.0669517745660304,
  "val_quality": 0.7035717373861866,
  "test_loss": 1.1026990594926103,
  "test_quality": 0.7235301252760657,
  "success": true,
  "singular": false
}