{
  "run_id": "MPO2-L3-d8-jit0.1-seed42",
  "seed": 42,
  "model": "MPO2",
  "grid_params": {
    "model": "MPO2",
    "L": 3,
    "bond_dim": 8,
    "jitter_start": 0.1
  },
  "n_parameters": 3120,
  "train_loss": 0.49016535943635414,
  "train_quality": 0.8713819430725357,
  "val_loss": 1.2483360938282304,
  "val_quality": 0.6531782332878853,
  "test_loss": 1.0334003849796638,
  "test_quality": 0.7409047622599267,
  "success": true,
  "singular": false
}