{
  "run_id": "MPO2-L2-d4-init1-jit5-rf0.3-seed999",
  "seed": 999,
  "model": "MPO2",
  "grid_params": {
    "model": "MPO2",
    "L": 2,
    "bond_dim": 4,
    "jitter_start": 5.0,
    "reduction_factor": 0.3,
    "init_strength": 1.0
  },
  "train_loss": 1.2497339907061935,
  "train_quality": 0.6720732004691826,
  "val_loss": 1.5249060000880044,
  "val_quality": 0.5763395806344458,
  "test_loss": 1.9034693398121432,
  "test_quality": 0.5227601534720998,
  "success": true,
  "singular": false
}