{
  "run_id": "MPO2-d8-seed1",
  "seed": 1,
  "model": "MPO2",
  "dataset": "iris",
  "task": "classification",
  "params": {
    "output_site": 1,
    "init_strength": 0.001,
    "L": 3,
    "n_epochs": 100,
    "batch_size": 32,
    "seeds": [
      0,
      1,
      2
    ],
    "verbose": false,
    "model": "MPO2",
    "bond_dim": 8,
    "lr": 0.01,
    "weight_decay": 0.0,
    "optimizer": "adam"
  },
  "train_loss": 0.19888696428751823,
  "train_quality": 0.9238095238095239,
  "val_loss": 0.14419924322056288,
  "val_quality": 0.9545454545454546,
  "test_loss": 0.4414109538920567,
  "test_quality": 0.8695652173913043,
  "best_epoch": 53,
  "success": true
}