{
  "run_id": "MPO2-d8-seed0",
  "seed": 0,
  "model": "MPO2",
  "dataset": "iris",
  "task": "classification",
  "params": {
    "output_site": 1,
    "init_strength": 0.001,
    "L": 3,
    "n_epochs": 100,
    "batch_size": 32,
    "seeds": [
      0,
      1,
      2
    ],
    "verbose": false,
    "model": "MPO2",
    "bond_dim": 8,
    "lr": 0.01,
    "weight_decay": 0.0,
    "optimizer": "adam"
  },
  "train_loss": 0.3623093037944348,
  "train_quality": 0.8761904761904762,
  "val_loss": 0.17084248683190867,
  "val_quality": 0.9090909090909091,
  "test_loss": 0.6021122600135415,
  "test_quality": 0.6956521739130435,
  "best_epoch": 1,
  "success": true
}