{
  "run_id": "MPO2-d6-seed2",
  "seed": 2,
  "model": "MPO2",
  "dataset": "iris",
  "task": "classification",
  "params": {
    "output_site": 1,
    "init_strength": 0.001,
    "L": 3,
    "n_epochs": 100,
    "batch_size": 32,
    "seeds": [
      0,
      1,
      2
    ],
    "verbose": false,
    "model": "MPO2",
    "bond_dim": 6,
    "lr": 0.01,
    "weight_decay": 0.0,
    "optimizer": "adam"
  },
  "train_loss": 0.28087143794955516,
  "train_quality": 0.8666666666666667,
  "val_loss": 0.1607773978267186,
  "val_quality": 0.9090909090909091,
  "test_loss": 0.4728860496815904,
  "test_quality": 0.782608695652174,
  "best_epoch": 1,
  "success": true
}