{
  "run_id": "MMPO2-L4-d12-seed999",
  "seed": 999,
  "model": "MMPO2",
  "dataset": "energy_efficiency",
  "task": "regression",
  "params": {
    "init_strength": 0.01,
    "batch_size": 64,
    "n_epochs": 1000,
    "patience": 40,
    "min_delta": 1e-08,
    "optimizer": "adamw",
    "seeds": [
      42,
      7,
      123,
      256,
      999
    ],
    "model": "MMPO2",
    "L": 4,
    "bond_dim": 12,
    "lr": 0.001
  },
  "n_parameters": 2496,
  "train_loss": 1.6132686456787981,
  "train_quality": 0.9841185577130229,
  "val_loss": 2.492230950488661,
  "val_quality": 0.9811550101329739,
  "test_loss": 2.667741991848222,
  "test_quality": 0.97276499259963,
  "best_epoch": 604,
  "stopped_early": true,
  "patience_counter": 40,
  "success": true
}