{
  "run_id": "MMPO2-L4-d12-seed7",
  "seed": 7,
  "model": "MMPO2",
  "dataset": "energy_efficiency",
  "task": "regression",
  "params": {
    "init_strength": 0.01,
    "batch_size": 64,
    "n_epochs": 1000,
    "patience": 40,
    "min_delta": 1e-08,
    "optimizer": "adamw",
    "seeds": [
      42,
      7,
      123,
      256,
      999
    ],
    "model": "MMPO2",
    "L": 4,
    "bond_dim": 12,
    "lr": 0.001
  },
  "n_parameters": 2496,
  "train_loss": 3.123994525020467,
  "train_quality": 0.9692465734787341,
  "val_loss": 4.376919527477672,
  "val_quality": 0.9860012156912852,
  "test_loss": 4.288932693829846,
  "test_quality": 0.9562142388532786,
  "best_epoch": 705,
  "stopped_early": true,
  "patience_counter": 40,
  "success": true
}