{
  "run_id": "MMPO2TypeI_GTN-L3-d12-seed256",
  "seed": 256,
  "model": "MMPO2TypeI_GTN",
  "dataset": "energy_efficiency",
  "task": "regression",
  "params": {
    "init_strength": 0.01,
    "batch_size": 64,
    "n_epochs": 1000,
    "patience": 40,
    "min_delta": 1e-08,
    "optimizer": "adamw",
    "seeds": [
      42,
      7,
      123,
      256,
      999
    ],
    "model": "MMPO2TypeI_GTN",
    "L": 3,
    "bond_dim": 12,
    "lr": 0.001
  },
  "n_parameters": 1544,
  "train_loss": 0.35554094501383365,
  "train_quality": 0.9964999611106192,
  "val_loss": 0.40496778036031045,
  "val_quality": 0.9962632871674042,
  "test_loss": 0.4754799631584263,
  "test_quality": 0.9951458198150654,
  "best_epoch": 994,
  "stopped_early": false,
  "patience_counter": 1,
  "success": true
}