{
  "run_id": "MMPO2-L4-d16-seed123",
  "seed": 123,
  "model": "MMPO2",
  "dataset": "energy_efficiency",
  "task": "regression",
  "params": {
    "init_strength": 0.01,
    "batch_size": 64,
    "n_epochs": 1000,
    "patience": 40,
    "min_delta": 1e-08,
    "optimizer": "adamw",
    "seeds": [
      42,
      7,
      123,
      256,
      999
    ],
    "model": "MMPO2",
    "L": 4,
    "bond_dim": 16,
    "lr": 0.001
  },
  "n_parameters": 4352,
  "train_loss": 2.3337061119160336,
  "train_quality": 0.9770263811731332,
  "val_loss": 2.9343791395274446,
  "val_quality": 0.9858925016755571,
  "test_loss": 3.638054481860423,
  "test_quality": 0.9628590616936785,
  "best_epoch": 500,
  "stopped_early": true,
  "patience_counter": 40,
  "success": true
}