{
  "run_id": "MMPO2-L4-d12-seed42",
  "seed": 42,
  "model": "MMPO2",
  "dataset": "energy_efficiency",
  "task": "regression",
  "params": {
    "output_site": 1,
    "init_strength": 0.01,
    "rank": 5,
    "batch_size": 64,
    "n_epochs": 1000,
    "patience": 40,
    "min_delta": 1e-08,
    "optimizer": "adamw",
    "seeds": [
      42,
      7,
      123,
      256,
      999
    ],
    "model": "MMPO2",
    "L": 4,
    "bond_dim": 12,
    "lr": 0.01
  },
  "n_parameters": 2496,
  "train_loss": 1.5892882449795402,
  "train_quality": 0.9843546271058943,
  "val_loss": 1.9505033403388414,
  "val_quality": 0.9847098406180718,
  "test_loss": 2.134323100333232,
  "test_quality": 0.9782106719427973,
  "best_epoch": 172,
  "stopped_early": true,
  "patience_counter": 40,
  "success": true
}