{
  "run_id": "MMPO2-L4-d16-seed42",
  "seed": 42,
  "model": "MMPO2",
  "dataset": "energy_efficiency",
  "task": "regression",
  "params": {
    "init_strength": 0.01,
    "batch_size": 64,
    "n_epochs": 1000,
    "patience": 40,
    "min_delta": 1e-08,
    "optimizer": "adamw",
    "seeds": [
      42,
      7,
      123,
      256,
      999
    ],
    "model": "MMPO2",
    "L": 4,
    "bond_dim": 16,
    "lr": 0.001
  },
  "n_parameters": 4352,
  "train_loss": 2.4621194639165105,
  "train_quality": 0.9757622462479704,
  "val_loss": 2.5788324013445885,
  "val_quality": 0.9844806998323828,
  "test_loss": 3.177220675338718,
  "test_quality": 0.9675637191040692,
  "best_epoch": 489,
  "stopped_early": true,
  "patience_counter": 40,
  "success": true
}