{
  "run_id": "MMPO2TypeI_GTN-L4-d8-seed256",
  "seed": 256,
  "model": "MMPO2TypeI_GTN",
  "dataset": "energy_efficiency",
  "task": "regression",
  "params": {
    "init_strength": 0.01,
    "batch_size": 64,
    "n_epochs": 1000,
    "patience": 40,
    "min_delta": 1e-08,
    "optimizer": "adamw",
    "seeds": [
      42,
      7,
      123,
      256,
      999
    ],
    "model": "MMPO2TypeI_GTN",
    "L": 4,
    "bond_dim": 8,
    "lr": 0.001
  },
  "n_parameters": 1928,
  "train_loss": 0.29390008784714744,
  "train_quality": 0.9971067699754879,
  "val_loss": 0.36458804780056614,
  "val_quality": 0.9968365203126507,
  "test_loss": 0.40762116273148774,
  "test_quality": 0.995838591056608,
  "best_epoch": 586,
  "stopped_early": true,
  "patience_counter": 40,
  "success": true
}