{
  "run_id": "MMPO2-L3-d8-seed256",
  "seed": 256,
  "model": "MMPO2",
  "dataset": "energy_efficiency",
  "task": "regression",
  "params": {
    "init_strength": 0.01,
    "batch_size": 64,
    "n_epochs": 1000,
    "patience": 40,
    "min_delta": 1e-08,
    "optimizer": "adamw",
    "seeds": [
      42,
      7,
      123,
      256,
      999
    ],
    "model": "MMPO2",
    "L": 3,
    "bond_dim": 8,
    "lr": 0.001
  },
  "n_parameters": 640,
  "train_loss": 7.383089571609764,
  "train_quality": 0.927318917872003,
  "val_loss": 8.557157772910053,
  "val_quality": 0.9167787690348612,
  "test_loss": 7.373018861034872,
  "test_quality": 0.924728769177474,
  "best_epoch": 993,
  "stopped_early": false,
  "patience_counter": 2,
  "success": true
}