{
  "run_id": "MMPO2-L3-d16-seed123",
  "seed": 123,
  "model": "MMPO2",
  "dataset": "energy_efficiency",
  "task": "regression",
  "params": {
    "init_strength": 0.01,
    "batch_size": 64,
    "n_epochs": 1000,
    "patience": 40,
    "min_delta": 1e-08,
    "optimizer": "adamw",
    "seeds": [
      42,
      7,
      123,
      256,
      999
    ],
    "model": "MMPO2",
    "L": 3,
    "bond_dim": 16,
    "lr": 0.001
  },
  "n_parameters": 2304,
  "train_loss": 2.139386939325413,
  "train_quality": 0.9789393103886221,
  "val_loss": 2.356329758314762,
  "val_quality": 0.9785661149090992,
  "test_loss": 2.267490450627661,
  "test_quality": 0.9768511649957841,
  "best_epoch": 995,
  "stopped_early": false,
  "patience_counter": 7,
  "success": true
}