{
  "run_id": "MMPO2-L3-d8-seed123",
  "seed": 123,
  "model": "MMPO2",
  "dataset": "energy_efficiency",
  "task": "regression",
  "params": {
    "init_strength": 0.01,
    "batch_size": 64,
    "n_epochs": 1000,
    "patience": 40,
    "min_delta": 1e-08,
    "optimizer": "adamw",
    "seeds": [
      42,
      7,
      123,
      256,
      999
    ],
    "model": "MMPO2",
    "L": 3,
    "bond_dim": 8,
    "lr": 0.001
  },
  "n_parameters": 640,
  "train_loss": 25.106158642292698,
  "train_quality": 0.7528483488517206,
  "val_loss": 31.23559480437937,
  "val_quality": 0.6950890038878563,
  "test_loss": 32.10413107024873,
  "test_quality": 0.672248572031167,
  "best_epoch": 998,
  "stopped_early": false,
  "patience_counter": 0,
  "success": true
}