{
  "run_id": "MMPO2-L3-d12-seed42",
  "seed": 42,
  "model": "MMPO2",
  "dataset": "energy_efficiency",
  "task": "regression",
  "params": {
    "init_strength": 0.01,
    "batch_size": 64,
    "n_epochs": 1000,
    "patience": 40,
    "min_delta": 1e-08,
    "optimizer": "adamw",
    "seeds": [
      42,
      7,
      123,
      256,
      999
    ],
    "model": "MMPO2",
    "L": 3,
    "bond_dim": 12,
    "lr": 0.001
  },
  "n_parameters": 1344,
  "train_loss": 5.925416213918324,
  "train_quality": 0.9416686390826947,
  "val_loss": 7.033437268279086,
  "val_quality": 0.9340088071769095,
  "test_loss": 6.722802318279926,
  "test_quality": 0.93136683702957,
  "best_epoch": 995,
  "stopped_early": false,
  "patience_counter": 3,
  "success": true
}