{
  "run_id": "MMPO2TypeI_GTN-L4-d12-seed7",
  "seed": 7,
  "model": "MMPO2TypeI_GTN",
  "dataset": "energy_efficiency",
  "task": "regression",
  "params": {
    "init_strength": 0.01,
    "batch_size": 64,
    "n_epochs": 1000,
    "patience": 40,
    "min_delta": 1e-08,
    "optimizer": "adamw",
    "seeds": [
      42,
      7,
      123,
      256,
      999
    ],
    "model": "MMPO2TypeI_GTN",
    "L": 4,
    "bond_dim": 12,
    "lr": 0.001
  },
  "n_parameters": 4040,
  "train_loss": 0.2078776609485443,
  "train_quality": 0.9979535974470533,
  "val_loss": 0.31723323296984846,
  "val_quality": 0.9972317854621842,
  "test_loss": 0.29282375762182056,
  "test_quality": 0.9970105590307444,
  "best_epoch": 697,
  "stopped_early": true,
  "patience_counter": 40,
  "success": true
}