{
  "run_id": "MMPO2-L3-d12-seed7",
  "seed": 7,
  "model": "MMPO2",
  "dataset": "energy_efficiency",
  "task": "regression",
  "params": {
    "init_strength": 0.01,
    "batch_size": 64,
    "n_epochs": 1000,
    "patience": 40,
    "min_delta": 1e-08,
    "optimizer": "adamw",
    "seeds": [
      42,
      7,
      123,
      256,
      999
    ],
    "model": "MMPO2",
    "L": 3,
    "bond_dim": 12,
    "lr": 0.001
  },
  "n_parameters": 1344,
  "train_loss": 3.659884753950943,
  "train_quality": 0.9639711286446015,
  "val_loss": 4.115426591512537,
  "val_quality": 0.9597375797080048,
  "test_loss": 3.951409542447852,
  "test_quality": 0.9596600164261376,
  "best_epoch": 999,
  "stopped_early": false,
  "patience_counter": 1,
  "success": true
}