{
  "run_id": "MMPO2-L4-d16-seed123",
  "seed": 123,
  "model": "MMPO2",
  "dataset": "energy_efficiency",
  "task": "regression",
  "params": {
    "output_site": 1,
    "init_strength": 0.01,
    "rank": 5,
    "batch_size": 64,
    "n_epochs": 1000,
    "patience": 40,
    "min_delta": 1e-08,
    "optimizer": "adamw",
    "seeds": [
      42,
      7,
      123,
      256,
      999
    ],
    "model": "MMPO2",
    "L": 4,
    "bond_dim": 16,
    "lr": 0.01
  },
  "n_parameters": 4352,
  "train_loss": 1.19313552652329,
  "train_quality": 0.9882544590104217,
  "val_loss": 1.6107738655145087,
  "val_quality": 0.9861622658357432,
  "test_loss": 1.913631300921889,
  "test_quality": 0.9804637169555966,
  "best_epoch": 234,
  "stopped_early": true,
  "patience_counter": 40,
  "success": true
}