{
  "run_id": "MMPO2-L3-d12-seed256",
  "seed": 256,
  "model": "MMPO2",
  "dataset": "energy_efficiency",
  "task": "regression",
  "params": {
    "output_site": 1,
    "init_strength": 0.01,
    "rank": 5,
    "batch_size": 64,
    "n_epochs": 1000,
    "patience": 40,
    "min_delta": 1e-08,
    "optimizer": "adamw",
    "seeds": [
      42,
      7,
      123,
      256,
      999
    ],
    "model": "MMPO2",
    "L": 3,
    "bond_dim": 12,
    "lr": 0.01
  },
  "n_parameters": 1344,
  "train_loss": 11.111003193950927,
  "train_quality": 0.8906203523834658,
  "val_loss": 12.839780155605366,
  "val_quality": 0.9747335530789959,
  "test_loss": 13.111487921288182,
  "test_quality": 0.8661446752882007,
  "best_epoch": 358,
  "stopped_early": true,
  "patience_counter": 40,
  "success": true
}