{
  "run_id": "MMPO2TypeI_GTN-L4-d8-seed123",
  "seed": 123,
  "model": "MMPO2TypeI_GTN",
  "dataset": "energy_efficiency",
  "task": "regression",
  "params": {
    "init_strength": 0.01,
    "batch_size": 64,
    "n_epochs": 1000,
    "patience": 40,
    "min_delta": 1e-08,
    "optimizer": "adamw",
    "seeds": [
      42,
      7,
      123,
      256,
      999
    ],
    "model": "MMPO2TypeI_GTN",
    "L": 4,
    "bond_dim": 8,
    "lr": 0.001
  },
  "n_parameters": 1928,
  "train_loss": 0.2079919513086038,
  "train_quality": 0.9979524723425878,
  "val_loss": 0.2989739568689341,
  "val_quality": 0.9972643967155446,
  "test_loss": 0.32155276443037073,
  "test_quality": 0.9967172642835661,
  "best_epoch": 915,
  "stopped_early": true,
  "patience_counter": 40,
  "success": true
}