{
  "run_id": "MMPO2-L3-d16-seed123",
  "seed": 123,
  "model": "MMPO2",
  "dataset": "energy_efficiency",
  "task": "regression",
  "params": {
    "output_site": 1,
    "init_strength": 0.01,
    "rank": 5,
    "batch_size": 64,
    "n_epochs": 1000,
    "patience": 40,
    "min_delta": 1e-08,
    "optimizer": "adamw",
    "seeds": [
      42,
      7,
      123,
      256,
      999
    ],
    "model": "MMPO2",
    "L": 3,
    "bond_dim": 16,
    "lr": 0.01
  },
  "n_parameters": 2304,
  "train_loss": 30.320813054949134,
  "train_quality": 0.7015139146748957,
  "val_loss": 41.61754540559141,
  "val_quality": 0.9732028967699214,
  "test_loss": 30.531126151081068,
  "test_quality": 0.6883073965896354,
  "best_epoch": 300,
  "stopped_early": true,
  "patience_counter": 40,
  "success": true
}