{
  "run_id": "MMPO2TypeI_GTN-L4-d16-seed123",
  "seed": 123,
  "model": "MMPO2TypeI_GTN",
  "dataset": "energy_efficiency",
  "task": "regression",
  "params": {
    "init_strength": 0.01,
    "batch_size": 64,
    "n_epochs": 1000,
    "patience": 40,
    "min_delta": 1e-08,
    "optimizer": "adamw",
    "seeds": [
      42,
      7,
      123,
      256,
      999
    ],
    "model": "MMPO2TypeI_GTN",
    "L": 4,
    "bond_dim": 16,
    "lr": 0.001
  },
  "n_parameters": 6920,
  "train_loss": 0.2148706879652437,
  "train_quality": 0.9978847562436526,
  "val_loss": 0.3202758346849008,
  "val_quality": 0.9973018494331882,
  "test_loss": 0.31847953542604474,
  "test_quality": 0.9967486389123464,
  "best_epoch": 559,
  "stopped_early": true,
  "patience_counter": 40,
  "success": true
}