{
  "run_id": "MMPO2-L3-d12-seed999",
  "seed": 999,
  "model": "MMPO2",
  "dataset": "energy_efficiency",
  "task": "regression",
  "params": {
    "init_strength": 0.01,
    "batch_size": 64,
    "n_epochs": 1000,
    "patience": 40,
    "min_delta": 1e-08,
    "optimizer": "adamw",
    "seeds": [
      42,
      7,
      123,
      256,
      999
    ],
    "model": "MMPO2",
    "L": 3,
    "bond_dim": 12,
    "lr": 0.001
  },
  "n_parameters": 1344,
  "train_loss": 9.966394933615863,
  "train_quality": 0.9018881781584224,
  "val_loss": 11.680663387434434,
  "val_quality": 0.8857246586382773,
  "test_loss": 10.525603445797717,
  "test_quality": 0.8925439984017874,
  "best_epoch": 999,
  "stopped_early": false,
  "patience_counter": 4,
  "success": true
}