{
  "run_id": "MMPO2-L3-d8-seed123",
  "seed": 123,
  "model": "MMPO2",
  "dataset": "energy_efficiency",
  "task": "regression",
  "params": {
    "output_site": 1,
    "init_strength": 0.01,
    "rank": 5,
    "batch_size": 64,
    "n_epochs": 1000,
    "patience": 40,
    "min_delta": 1e-08,
    "optimizer": "adamw",
    "seeds": [
      42,
      7,
      123,
      256,
      999
    ],
    "model": "MMPO2",
    "L": 3,
    "bond_dim": 8,
    "lr": 0.01
  },
  "n_parameters": 640,
  "train_loss": 26.723236341495337,
  "train_quality": 0.7369294092366518,
  "val_loss": 33.237099946053654,
  "val_quality": 0.9639033926608818,
  "test_loss": 28.366297004440945,
  "test_quality": 0.7104081612098426,
  "best_epoch": 258,
  "stopped_early": true,
  "patience_counter": 40,
  "success": true
}