{
  "run_id": "MMPO2-L3-d16-seed999",
  "seed": 999,
  "model": "MMPO2",
  "dataset": "energy_efficiency",
  "task": "regression",
  "params": {
    "output_site": 1,
    "init_strength": 0.01,
    "rank": 5,
    "batch_size": 64,
    "n_epochs": 1000,
    "patience": 40,
    "min_delta": 1e-08,
    "optimizer": "adamw",
    "seeds": [
      42,
      7,
      123,
      256,
      999
    ],
    "model": "MMPO2",
    "L": 3,
    "bond_dim": 16,
    "lr": 0.01
  },
  "n_parameters": 2304,
  "train_loss": 10.55999313533049,
  "train_quality": 0.8960446408111644,
  "val_loss": 14.034601676883556,
  "val_quality": 0.9598183572116459,
  "test_loss": 11.146195627401411,
  "test_quality": 0.8862083659792237,
  "best_epoch": 283,
  "stopped_early": true,
  "patience_counter": 40,
  "success": true
}