{
  "run_id": "MMPO2-L3-d16-seed42",
  "seed": 42,
  "model": "MMPO2",
  "dataset": "energy_efficiency",
  "task": "regression",
  "params": {
    "output_site": 1,
    "init_strength": 0.01,
    "rank": 5,
    "batch_size": 64,
    "n_epochs": 1000,
    "patience": 40,
    "min_delta": 1e-08,
    "optimizer": "adamw",
    "seeds": [
      42,
      7,
      123,
      256,
      999
    ],
    "model": "MMPO2",
    "L": 3,
    "bond_dim": 16,
    "lr": 0.01
  },
  "n_parameters": 2304,
  "train_loss": 12.545626080030017,
  "train_quality": 0.8764975460983074,
  "val_loss": 15.51936299797465,
  "val_quality": 0.9664517586934593,
  "test_loss": 15.478323825097265,
  "test_quality": 0.8419816214574053,
  "best_epoch": 243,
  "stopped_early": true,
  "patience_counter": 40,
  "success": true
}