{
  "run_id": "MMPO2-L3-d8-seed42",
  "seed": 42,
  "model": "MMPO2",
  "dataset": "energy_efficiency",
  "task": "regression",
  "params": {
    "init_strength": 0.01,
    "batch_size": 64,
    "n_epochs": 1000,
    "patience": 40,
    "min_delta": 1e-08,
    "optimizer": "adamw",
    "seeds": [
      42,
      7,
      123,
      256,
      999
    ],
    "model": "MMPO2",
    "L": 3,
    "bond_dim": 8,
    "lr": 0.001
  },
  "n_parameters": 640,
  "train_loss": 12.489098594917685,
  "train_quality": 0.8770540175792626,
  "val_loss": 15.324186395211635,
  "val_quality": 0.8528453198906867,
  "test_loss": 13.848887405486737,
  "test_quality": 0.8586165558259198,
  "best_epoch": 997,
  "stopped_early": false,
  "patience_counter": 0,
  "success": true
}