{
  "run_id": "MMPO2-L3-d8-seed999",
  "seed": 999,
  "model": "MMPO2",
  "dataset": "energy_efficiency",
  "task": "regression",
  "params": {
    "init_strength": 0.01,
    "batch_size": 64,
    "n_epochs": 1000,
    "patience": 40,
    "min_delta": 1e-08,
    "optimizer": "adamw",
    "seeds": [
      42,
      7,
      123,
      256,
      999
    ],
    "model": "MMPO2",
    "L": 3,
    "bond_dim": 8,
    "lr": 0.001
  },
  "n_parameters": 640,
  "train_loss": 40.95512530542026,
  "train_quality": 0.5968269385039249,
  "val_loss": 52.32441537048128,
  "val_quality": 0.49053934580578484,
  "test_loss": 53.92653680368564,
  "test_quality": 0.44946339135772573,
  "best_epoch": 998,
  "stopped_early": false,
  "patience_counter": 0,
  "success": true
}