{
  "run_id": "MMPO2-L3-d16-seed7",
  "seed": 7,
  "model": "MMPO2",
  "dataset": "energy_efficiency",
  "task": "regression",
  "params": {
    "init_strength": 0.01,
    "batch_size": 64,
    "n_epochs": 1000,
    "patience": 40,
    "min_delta": 1e-08,
    "optimizer": "adamw",
    "seeds": [
      42,
      7,
      123,
      256,
      999
    ],
    "model": "MMPO2",
    "L": 3,
    "bond_dim": 16,
    "lr": 0.001
  },
  "n_parameters": 2304,
  "train_loss": 5.378394309257564,
  "train_quality": 0.9470536670703469,
  "val_loss": 6.19587607431246,
  "val_quality": 0.9757631313399202,
  "test_loss": 7.408943364364055,
  "test_quality": 0.9243620155270031,
  "best_epoch": 990,
  "stopped_early": false,
  "patience_counter": 10,
  "success": true
}