{
  "run_id": "MMPO2TypeI_GTN-L3-d12-seed42",
  "seed": 42,
  "model": "MMPO2TypeI_GTN",
  "dataset": "energy_efficiency",
  "task": "regression",
  "params": {
    "init_strength": 0.01,
    "batch_size": 64,
    "n_epochs": 1000,
    "patience": 40,
    "min_delta": 1e-08,
    "optimizer": "adamw",
    "seeds": [
      42,
      7,
      123,
      256,
      999
    ],
    "model": "MMPO2TypeI_GTN",
    "L": 3,
    "bond_dim": 12,
    "lr": 0.001
  },
  "n_parameters": 1544,
  "train_loss": 0.3140344952232168,
  "train_quality": 0.9969085615558412,
  "val_loss": 0.35009413659629846,
  "val_quality": 0.9966912926632249,
  "test_loss": 0.4673793659054026,
  "test_quality": 0.9952285189017116,
  "best_epoch": 995,
  "stopped_early": false,
  "patience_counter": 14,
  "success": true
}