{
  "run_id": "MMPO2-L4-d8-seed999",
  "seed": 999,
  "model": "MMPO2",
  "dataset": "energy_efficiency",
  "task": "regression",
  "params": {
    "init_strength": 0.01,
    "batch_size": 64,
    "n_epochs": 1000,
    "patience": 40,
    "min_delta": 1e-08,
    "optimizer": "adamw",
    "seeds": [
      42,
      7,
      123,
      256,
      999
    ],
    "model": "MMPO2",
    "L": 4,
    "bond_dim": 8,
    "lr": 0.001
  },
  "n_parameters": 1152,
  "train_loss": 1.8591210187843386,
  "train_quality": 0.9816983220721391,
  "val_loss": 2.293456338586246,
  "val_quality": 0.9823298927163635,
  "test_loss": 3.1283385360069897,
  "test_quality": 0.9680627574033177,
  "best_epoch": 989,
  "stopped_early": false,
  "patience_counter": 36,
  "success": true
}