{
  "run_id": "MMPO2-L4-d8-seed42",
  "seed": 42,
  "model": "MMPO2",
  "dataset": "energy_efficiency",
  "task": "regression",
  "params": {
    "init_strength": 0.01,
    "batch_size": 64,
    "n_epochs": 1000,
    "patience": 40,
    "min_delta": 1e-08,
    "optimizer": "adamw",
    "seeds": [
      42,
      7,
      123,
      256,
      999
    ],
    "model": "MMPO2",
    "L": 4,
    "bond_dim": 8,
    "lr": 0.001
  },
  "n_parameters": 1152,
  "train_loss": 1.820912174935907,
  "train_quality": 0.9820744600142335,
  "val_loss": 2.445018822310703,
  "val_quality": 0.9791303743042398,
  "test_loss": 3.1597499881201387,
  "test_quality": 0.967742077542457,
  "best_epoch": 751,
  "stopped_early": true,
  "patience_counter": 40,
  "success": true
}