{
  "run_id": "MMPO2-L3-d16-seed256",
  "seed": 256,
  "model": "MMPO2",
  "dataset": "energy_efficiency",
  "task": "regression",
  "params": {
    "init_strength": 0.01,
    "batch_size": 64,
    "n_epochs": 1000,
    "patience": 40,
    "min_delta": 1e-08,
    "optimizer": "adamw",
    "seeds": [
      42,
      7,
      123,
      256,
      999
    ],
    "model": "MMPO2",
    "L": 3,
    "bond_dim": 16,
    "lr": 0.001
  },
  "n_parameters": 2304,
  "train_loss": 2.726683495637272,
  "train_quality": 0.9731578081017027,
  "val_loss": 2.8937132667750762,
  "val_quality": 0.9748086845814122,
  "test_loss": 2.7995258090745163,
  "test_quality": 0.9714196101569595,
  "best_epoch": 996,
  "stopped_early": false,
  "patience_counter": 2,
  "success": true
}