{
  "run_id": "MPO2TypeI_GTN-L3-d16-seed256",
  "seed": 256,
  "model": "MPO2TypeI_GTN",
  "dataset": "energy_efficiency",
  "task": "regression",
  "params": {
    "init_strength": 0.01,
    "batch_size": 64,
    "n_epochs": 1000,
    "patience": 40,
    "min_delta": 1e-08,
    "optimizer": "adamw",
    "seeds": [
      42,
      7,
      123,
      256,
      999
    ],
    "model": "MPO2TypeI_GTN",
    "L": 3,
    "bond_dim": 16,
    "lr": 0.001
  },
  "n_parameters": 2568,
  "train_loss": 0.609125198804175,
  "train_quality": 0.9940036107958439,
  "val_loss": 0.7079376620144775,
  "val_quality": 0.9945103020150554,
  "test_loss": 0.7660061400202427,
  "test_quality": 0.9921798348731142,
  "best_epoch": 944,
  "stopped_early": false,
  "patience_counter": 13,
  "success": true
}