{
  "run_id": "MPO2-L3-d16-seed256",
  "seed": 256,
  "model": "MPO2",
  "dataset": "energy_efficiency",
  "task": "regression",
  "params": {
    "output_site": 1,
    "init_strength": 0.01,
    "batch_size": 64,
    "n_epochs": 1000,
    "patience": 40,
    "min_delta": 1e-08,
    "optimizer": "adamw",
    "rank": 5,
    "seeds": [
      42,
      7,
      123,
      256,
      999
    ],
    "model": "MPO2",
    "L": 3,
    "bond_dim": 16,
    "lr": 0.01
  },
  "n_parameters": 2304,
  "train_loss": 29.88676154622988,
  "train_quality": 0.7057868322721998,
  "val_loss": 29.997188521522446,
  "val_quality": 0.9916380128113615,
  "test_loss": 35.26448008559303,
  "test_quality": 0.6399845340980896,
  "best_epoch": 260,
  "stopped_early": true,
  "patience_counter": 40,
  "success": true
}