{
  "run_id": "MPO2-L4-d12-seed7",
  "seed": 7,
  "model": "MPO2",
  "dataset": "energy_efficiency",
  "task": "regression",
  "params": {
    "init_strength": 0.01,
    "batch_size": 64,
    "n_epochs": 1000,
    "patience": 40,
    "min_delta": 1e-08,
    "optimizer": "adamw",
    "seeds": [
      42,
      7,
      123,
      256,
      999
    ],
    "model": "MPO2",
    "L": 4,
    "bond_dim": 12,
    "lr": 0.001
  },
  "n_parameters": 2496,
  "train_loss": 2.288533524554338,
  "train_quality": 0.9774710720440926,
  "val_loss": 3.7047543863887067,
  "val_quality": 0.9637553058312301,
  "test_loss": 4.655465444828072,
  "test_quality": 0.9524723019581748,
  "best_epoch": 822,
  "stopped_early": true,
  "patience_counter": 40,
  "success": true
}