{
  "run_id": "MPO2-L4-d12-seed999",
  "seed": 999,
  "model": "MPO2",
  "dataset": "energy_efficiency",
  "task": "regression",
  "params": {
    "output_site": 1,
    "init_strength": 0.01,
    "batch_size": 64,
    "n_epochs": 1000,
    "patience": 40,
    "min_delta": 1e-08,
    "optimizer": "adamw",
    "rank": 5,
    "seeds": [
      42,
      7,
      123,
      256,
      999
    ],
    "model": "MPO2",
    "L": 4,
    "bond_dim": 12,
    "lr": 0.01
  },
  "n_parameters": 2496,
  "train_loss": 1.2522600551449619,
  "train_quality": 0.9876724215478052,
  "val_loss": 1.9867950836106414,
  "val_quality": 0.9903996231633413,
  "test_loss": 1.5232690238525355,
  "test_quality": 0.9844489297450252,
  "best_epoch": 464,
  "stopped_early": true,
  "patience_counter": 40,
  "success": true
}