{
  "run_id": "MPO2-L4-d8-seed256",
  "seed": 256,
  "model": "MPO2",
  "dataset": "energy_efficiency",
  "task": "regression",
  "params": {
    "output_site": 1,
    "init_strength": 0.01,
    "batch_size": 64,
    "n_epochs": 1000,
    "patience": 40,
    "min_delta": 1e-08,
    "optimizer": "adamw",
    "rank": 5,
    "seeds": [
      42,
      7,
      123,
      256,
      999
    ],
    "model": "MPO2",
    "L": 4,
    "bond_dim": 8,
    "lr": 0.01
  },
  "n_parameters": 1152,
  "train_loss": 10.695377836618153,
  "train_quality": 0.894711878083891,
  "val_loss": 13.946775511314307,
  "val_quality": 0.9886561229458017,
  "test_loss": 15.181591704066399,
  "test_quality": 0.8450109629517844,
  "best_epoch": 345,
  "stopped_early": true,
  "patience_counter": 40,
  "success": true
}