{
  "run_id": "MPO2TypeI_GTN-L4-d12-seed999",
  "seed": 999,
  "model": "MPO2TypeI_GTN",
  "dataset": "energy_efficiency",
  "task": "regression",
  "params": {
    "init_strength": 0.01,
    "batch_size": 64,
    "n_epochs": 1000,
    "patience": 40,
    "min_delta": 1e-08,
    "optimizer": "adamw",
    "seeds": [
      42,
      7,
      123,
      256,
      999
    ],
    "model": "MPO2TypeI_GTN",
    "L": 4,
    "bond_dim": 12,
    "lr": 0.001
  },
  "n_parameters": 4040,
  "train_loss": 0.3795846625094546,
  "train_quality": 0.9962632684104952,
  "val_loss": 0.47298841138894154,
  "val_quality": 0.9955709554453301,
  "test_loss": 0.49247769244215356,
  "test_quality": 0.9949722898094479,
  "best_epoch": 697,
  "stopped_early": true,
  "patience_counter": 40,
  "success": true
}