{
  "run_id": "MPO2-L4-d12-seed123",
  "seed": 123,
  "model": "MPO2",
  "dataset": "energy_efficiency",
  "task": "regression",
  "params": {
    "output_site": 1,
    "init_strength": 0.01,
    "batch_size": 64,
    "n_epochs": 1000,
    "patience": 40,
    "min_delta": 1e-08,
    "optimizer": "adamw",
    "rank": 5,
    "seeds": [
      42,
      7,
      123,
      256,
      999
    ],
    "model": "MPO2",
    "L": 4,
    "bond_dim": 12,
    "lr": 0.01
  },
  "n_parameters": 2496,
  "train_loss": 3.0195312796091534,
  "train_quality": 0.97027493723424,
  "val_loss": 4.517942451945515,
  "val_quality": 0.988854914726715,
  "test_loss": 2.9666060404279984,
  "test_quality": 0.9697138862334046,
  "best_epoch": 266,
  "stopped_early": true,
  "patience_counter": 40,
  "success": true
}