{
  "run_id": "MPO2TypeI_GTN-L4-d8-seed123",
  "seed": 123,
  "model": "MPO2TypeI_GTN",
  "dataset": "energy_efficiency",
  "task": "regression",
  "params": {
    "init_strength": 0.01,
    "batch_size": 64,
    "n_epochs": 1000,
    "patience": 40,
    "min_delta": 1e-08,
    "optimizer": "adamw",
    "seeds": [
      42,
      7,
      123,
      256,
      999
    ],
    "model": "MPO2TypeI_GTN",
    "L": 4,
    "bond_dim": 8,
    "lr": 0.001
  },
  "n_parameters": 1928,
  "train_loss": 0.5972830883377912,
  "train_quality": 0.9941201876563882,
  "val_loss": 0.7729685994210338,
  "val_quality": 0.9945845684189636,
  "test_loss": 0.7303144108719997,
  "test_quality": 0.9925442121294061,
  "best_epoch": 673,
  "stopped_early": true,
  "patience_counter": 40,
  "success": true
}