{
  "run_id": "MPO2TypeI_GTN-L4-d8-seed256",
  "seed": 256,
  "model": "MPO2TypeI_GTN",
  "dataset": "energy_efficiency",
  "task": "regression",
  "params": {
    "init_strength": 0.01,
    "batch_size": 64,
    "n_epochs": 1000,
    "patience": 40,
    "min_delta": 1e-08,
    "optimizer": "adamw",
    "seeds": [
      42,
      7,
      123,
      256,
      999
    ],
    "model": "MPO2TypeI_GTN",
    "L": 4,
    "bond_dim": 8,
    "lr": 0.001
  },
  "n_parameters": 1928,
  "train_loss": 0.34293726704372557,
  "train_quality": 0.9966240350426466,
  "val_loss": 0.43271853279764083,
  "val_quality": 0.9960150739544845,
  "test_loss": 0.4809405935383638,
  "test_quality": 0.9950900721793261,
  "best_epoch": 776,
  "stopped_early": true,
  "patience_counter": 40,
  "success": true
}