{
  "run_id": "MPO2-L4-d12-seed256",
  "seed": 256,
  "model": "MPO2",
  "dataset": "energy_efficiency",
  "task": "regression",
  "params": {
    "output_site": 1,
    "init_strength": 0.01,
    "batch_size": 64,
    "n_epochs": 1000,
    "patience": 40,
    "min_delta": 1e-08,
    "optimizer": "adamw",
    "rank": 5,
    "seeds": [
      42,
      7,
      123,
      256,
      999
    ],
    "model": "MPO2",
    "L": 4,
    "bond_dim": 12,
    "lr": 0.01
  },
  "n_parameters": 2496,
  "train_loss": 0.9698840859938311,
  "train_quality": 0.990452205106678,
  "val_loss": 1.4865589099643894,
  "val_quality": 0.9854565600209627,
  "test_loss": 1.8668568479547571,
  "test_quality": 0.9809412378615165,
  "best_epoch": 311,
  "stopped_early": true,
  "patience_counter": 40,
  "success": true
}