{
  "run_id": "MPO2-L3-d16-seed256",
  "seed": 256,
  "model": "MPO2",
  "dataset": "energy_efficiency",
  "task": "regression",
  "params": {
    "init_strength": 0.01,
    "batch_size": 64,
    "n_epochs": 1000,
    "patience": 40,
    "min_delta": 1e-08,
    "optimizer": "adamw",
    "seeds": [
      42,
      7,
      123,
      256,
      999
    ],
    "model": "MPO2",
    "L": 3,
    "bond_dim": 16,
    "lr": 0.001
  },
  "n_parameters": 2304,
  "train_loss": 6.160667019037373,
  "train_quality": 0.9393527680748062,
  "val_loss": 7.0537675231293315,
  "val_quality": 0.9372019513514278,
  "test_loss": 5.764042280855561,
  "test_quality": 0.9411548288197136,
  "best_epoch": 996,
  "stopped_early": false,
  "patience_counter": 4,
  "success": true
}