{
  "run_id": "MPO2-L3-d16-seed999",
  "seed": 999,
  "model": "MPO2",
  "dataset": "energy_efficiency",
  "task": "regression",
  "params": {
    "init_strength": 0.01,
    "batch_size": 64,
    "n_epochs": 1000,
    "patience": 40,
    "min_delta": 1e-08,
    "optimizer": "adamw",
    "seeds": [
      42,
      7,
      123,
      256,
      999
    ],
    "model": "MPO2",
    "L": 3,
    "bond_dim": 16,
    "lr": 0.001
  },
  "n_parameters": 2304,
  "train_loss": 1.2961952185428283,
  "train_quality": 0.9872399122048999,
  "val_loss": 1.3560614537600546,
  "val_quality": 0.9895972862230862,
  "test_loss": 1.6155865187159224,
  "test_quality": 0.9835064594223812,
  "best_epoch": 967,
  "stopped_early": true,
  "patience_counter": 40,
  "success": true
}