{
  "run_id": "MPO2TypeI_GTN-L4-d12-seed256",
  "seed": 256,
  "model": "MPO2TypeI_GTN",
  "dataset": "energy_efficiency",
  "task": "regression",
  "params": {
    "init_strength": 0.01,
    "batch_size": 64,
    "n_epochs": 1000,
    "patience": 40,
    "min_delta": 1e-08,
    "optimizer": "adamw",
    "seeds": [
      42,
      7,
      123,
      256,
      999
    ],
    "model": "MPO2TypeI_GTN",
    "L": 4,
    "bond_dim": 12,
    "lr": 0.001
  },
  "n_parameters": 4040,
  "train_loss": 0.39367556515293817,
  "train_quality": 0.9961245538463069,
  "val_loss": 0.5376538912139237,
  "val_quality": 0.9957187328048399,
  "test_loss": 0.5034416288112165,
  "test_quality": 0.9948603588622045,
  "best_epoch": 587,
  "stopped_early": true,
  "patience_counter": 40,
  "success": true
}