{
  "run_id": "MPO2TypeI_GTN-L4-d12-seed42",
  "seed": 42,
  "model": "MPO2TypeI_GTN",
  "dataset": "energy_efficiency",
  "task": "regression",
  "params": {
    "init_strength": 0.01,
    "batch_size": 64,
    "n_epochs": 1000,
    "patience": 40,
    "min_delta": 1e-08,
    "optimizer": "adamw",
    "seeds": [
      42,
      7,
      123,
      256,
      999
    ],
    "model": "MPO2TypeI_GTN",
    "L": 4,
    "bond_dim": 12,
    "lr": 0.001
  },
  "n_parameters": 4040,
  "train_loss": 0.5492849069782353,
  "train_quality": 0.9945926944203319,
  "val_loss": 0.6914754524729396,
  "val_quality": 0.9957331713102147,
  "test_loss": 0.6965501999613201,
  "test_quality": 0.9928889113307644,
  "best_epoch": 671,
  "stopped_early": true,
  "patience_counter": 40,
  "success": true
}