{
  "run_id": "MPO2TypeI_GTN-L4-d12-seed123",
  "seed": 123,
  "model": "MPO2TypeI_GTN",
  "dataset": "energy_efficiency",
  "task": "regression",
  "params": {
    "init_strength": 0.01,
    "batch_size": 64,
    "n_epochs": 1000,
    "patience": 40,
    "min_delta": 1e-08,
    "optimizer": "adamw",
    "seeds": [
      42,
      7,
      123,
      256,
      999
    ],
    "model": "MPO2TypeI_GTN",
    "L": 4,
    "bond_dim": 12,
    "lr": 0.001
  },
  "n_parameters": 4040,
  "train_loss": 0.40236208073681257,
  "train_quality": 0.9960390414945423,
  "val_loss": 0.5916210573604155,
  "val_quality": 0.9960040522667121,
  "test_loss": 0.492910677814931,
  "test_quality": 0.9949678694570046,
  "best_epoch": 615,
  "stopped_early": true,
  "patience_counter": 40,
  "success": true
}