{
  "run_id": "MPO2-L3-d12-seed256",
  "seed": 256,
  "model": "MPO2",
  "dataset": "energy_efficiency",
  "task": "regression",
  "params": {
    "init_strength": 0.01,
    "batch_size": 64,
    "n_epochs": 1000,
    "patience": 40,
    "min_delta": 1e-08,
    "optimizer": "adamw",
    "seeds": [
      42,
      7,
      123,
      256,
      999
    ],
    "model": "MPO2",
    "L": 3,
    "bond_dim": 12,
    "lr": 0.001
  },
  "n_parameters": 1344,
  "train_loss": 10.505536829384367,
  "train_quality": 0.8965807230578267,
  "val_loss": 12.95717402885542,
  "val_quality": 0.8732361822168799,
  "test_loss": 11.521788897913503,
  "test_quality": 0.8823739301405319,
  "best_epoch": 999,
  "stopped_early": false,
  "patience_counter": 0,
  "success": true
}