{
  "run_id": "MPO2-L4-d16-seed999",
  "seed": 999,
  "model": "MPO2",
  "dataset": "energy_efficiency",
  "task": "regression",
  "params": {
    "init_strength": 0.01,
    "batch_size": 64,
    "n_epochs": 1000,
    "patience": 40,
    "min_delta": 1e-08,
    "optimizer": "adamw",
    "seeds": [
      42,
      7,
      123,
      256,
      999
    ],
    "model": "MPO2",
    "L": 4,
    "bond_dim": 16,
    "lr": 0.001
  },
  "n_parameters": 4352,
  "train_loss": 10.954643468737341,
  "train_quality": 0.8921595987815402,
  "val_loss": 15.948221712226117,
  "val_quality": 0.9314433999029843,
  "test_loss": 14.990155640157285,
  "test_quality": 0.8469653358383655,
  "best_epoch": 478,
  "stopped_early": true,
  "patience_counter": 40,
  "success": true
}