{
  "run_id": "MPO2TypeI_GTN-L4-d16-seed999",
  "seed": 999,
  "model": "MPO2TypeI_GTN",
  "dataset": "energy_efficiency",
  "task": "regression",
  "params": {
    "init_strength": 0.01,
    "batch_size": 64,
    "n_epochs": 1000,
    "patience": 40,
    "min_delta": 1e-08,
    "optimizer": "adamw",
    "seeds": [
      42,
      7,
      123,
      256,
      999
    ],
    "model": "MPO2TypeI_GTN",
    "L": 4,
    "bond_dim": 16,
    "lr": 0.001
  },
  "n_parameters": 6920,
  "train_loss": 0.404572787629923,
  "train_quality": 0.9960172787124846,
  "val_loss": 0.5010295369124298,
  "val_quality": 0.9952439499438077,
  "test_loss": 0.5836358018987778,
  "test_quality": 0.9940416556652011,
  "best_epoch": 610,
  "stopped_early": true,
  "patience_counter": 40,
  "success": true
}