{
  "run_id": "MPO2-L4-d16-seed999",
  "seed": 999,
  "model": "MPO2",
  "dataset": "energy_efficiency",
  "task": "regression",
  "params": {
    "output_site": 1,
    "init_strength": 0.01,
    "batch_size": 64,
    "n_epochs": 1000,
    "patience": 40,
    "min_delta": 1e-08,
    "optimizer": "adamw",
    "rank": 5,
    "seeds": [
      42,
      7,
      123,
      256,
      999
    ],
    "model": "MPO2",
    "L": 4,
    "bond_dim": 16,
    "lr": 0.01
  },
  "n_parameters": 4352,
  "train_loss": 5.357383456788097,
  "train_quality": 0.9472605034467854,
  "val_loss": 7.133333783068061,
  "val_quality": 0.9929396174905968,
  "test_loss": 5.3981383562922565,
  "test_quality": 0.9448903460188119,
  "best_epoch": 269,
  "stopped_early": true,
  "patience_counter": 40,
  "success": true
}