{
  "run_id": "MPO2-L4-d8-seed7",
  "seed": 7,
  "model": "MPO2",
  "dataset": "energy_efficiency",
  "task": "regression",
  "params": {
    "init_strength": 0.01,
    "batch_size": 64,
    "n_epochs": 1000,
    "patience": 40,
    "min_delta": 1e-08,
    "optimizer": "adamw",
    "seeds": [
      42,
      7,
      123,
      256,
      999
    ],
    "model": "MPO2",
    "L": 4,
    "bond_dim": 8,
    "lr": 0.001
  },
  "n_parameters": 1152,
  "train_loss": 1.1663416926305217,
  "train_quality": 0.9885182245821105,
  "val_loss": 2.1389391584522666,
  "val_quality": 0.9834826102685535,
  "test_loss": 2.525996770131316,
  "test_quality": 0.9742120711305461,
  "best_epoch": 992,
  "stopped_early": false,
  "patience_counter": 21,
  "success": true
}