{
  "run_id": "MPO2-L3-d8-seed7",
  "seed": 7,
  "model": "MPO2",
  "dataset": "energy_efficiency",
  "task": "regression",
  "params": {
    "init_strength": 0.01,
    "batch_size": 64,
    "n_epochs": 1000,
    "patience": 40,
    "min_delta": 1e-08,
    "optimizer": "adamw",
    "seeds": [
      42,
      7,
      123,
      256,
      999
    ],
    "model": "MPO2",
    "L": 3,
    "bond_dim": 8,
    "lr": 0.001
  },
  "n_parameters": 640,
  "train_loss": 26.86794646795707,
  "train_quality": 0.7355048445630006,
  "val_loss": 34.453746509749465,
  "val_quality": 0.6668792189484375,
  "test_loss": 31.41746381024616,
  "test_quality": 0.6792587656574274,
  "best_epoch": 997,
  "stopped_early": false,
  "patience_counter": 0,
  "success": true
}