{
  "run_id": "MPO2-L4-d8-seed999",
  "seed": 999,
  "model": "MPO2",
  "dataset": "energy_efficiency",
  "task": "regression",
  "params": {
    "init_strength": 0.01,
    "batch_size": 64,
    "n_epochs": 1000,
    "patience": 40,
    "min_delta": 1e-08,
    "optimizer": "adamw",
    "seeds": [
      42,
      7,
      123,
      256,
      999
    ],
    "model": "MPO2",
    "L": 4,
    "bond_dim": 8,
    "lr": 0.001
  },
  "n_parameters": 1152,
  "train_loss": 2.653211069973116,
  "train_quality": 0.9738810900491918,
  "val_loss": 4.408857772205396,
  "val_quality": 0.9655251180709178,
  "test_loss": 4.472697717193771,
  "test_quality": 0.9543381797041784,
  "best_epoch": 989,
  "stopped_early": false,
  "patience_counter": 15,
  "success": true
}