{
  "run_id": "MPO2-L4-d8-seed123",
  "seed": 123,
  "model": "MPO2",
  "dataset": "energy_efficiency",
  "task": "regression",
  "params": {
    "init_strength": 0.01,
    "batch_size": 64,
    "n_epochs": 1000,
    "patience": 40,
    "min_delta": 1e-08,
    "optimizer": "adamw",
    "seeds": [
      42,
      7,
      123,
      256,
      999
    ],
    "model": "MPO2",
    "L": 4,
    "bond_dim": 8,
    "lr": 0.001
  },
  "n_parameters": 1152,
  "train_loss": 4.129713230655674,
  "train_quality": 0.9593460131329657,
  "val_loss": 7.370639820268283,
  "val_quality": 0.9278908779768831,
  "test_loss": 8.620214720545132,
  "test_quality": 0.9119961329003279,
  "best_epoch": 999,
  "stopped_early": false,
  "patience_counter": 0,
  "success": true
}