{
  "run_id": "MPO2TypeI_GTN-L4-d16-seed256",
  "seed": 256,
  "model": "MPO2TypeI_GTN",
  "dataset": "energy_efficiency",
  "task": "regression",
  "params": {
    "init_strength": 0.01,
    "batch_size": 64,
    "n_epochs": 1000,
    "patience": 40,
    "min_delta": 1e-08,
    "optimizer": "adamw",
    "seeds": [
      42,
      7,
      123,
      256,
      999
    ],
    "model": "MPO2TypeI_GTN",
    "L": 4,
    "bond_dim": 16,
    "lr": 0.001
  },
  "n_parameters": 6920,
  "train_loss": 0.4407644418288629,
  "train_quality": 0.9956609985176328,
  "val_loss": 0.5673607878594025,
  "val_quality": 0.9956517869734421,
  "test_loss": 0.5768550968292425,
  "test_quality": 0.9941108799579973,
  "best_epoch": 604,
  "stopped_early": true,
  "patience_counter": 40,
  "success": true
}