{
  "run_id": "MPO2-L3-d12-seed999",
  "seed": 999,
  "model": "MPO2",
  "dataset": "energy_efficiency",
  "task": "regression",
  "params": {
    "output_site": 1,
    "init_strength": 0.01,
    "batch_size": 64,
    "n_epochs": 1000,
    "patience": 40,
    "min_delta": 1e-08,
    "optimizer": "adamw",
    "rank": 5,
    "seeds": [
      42,
      7,
      123,
      256,
      999
    ],
    "model": "MPO2",
    "L": 3,
    "bond_dim": 12,
    "lr": 0.01
  },
  "n_parameters": 1344,
  "train_loss": 1.4002430960687198,
  "train_quality": 0.986215637440473,
  "val_loss": 1.77926767787702,
  "val_quality": 0.9923740149423648,
  "test_loss": 1.7347740701433492,
  "test_quality": 0.9822896723960957,
  "best_epoch": 312,
  "stopped_early": true,
  "patience_counter": 40,
  "success": true
}