{
  "run_id": "MPO2TypeI_GTN-L3-d16-seed123",
  "seed": 123,
  "model": "MPO2TypeI_GTN",
  "dataset": "energy_efficiency",
  "task": "regression",
  "params": {
    "init_strength": 0.01,
    "batch_size": 64,
    "n_epochs": 1000,
    "patience": 40,
    "min_delta": 1e-08,
    "optimizer": "adamw",
    "seeds": [
      42,
      7,
      123,
      256,
      999
    ],
    "model": "MPO2TypeI_GTN",
    "L": 3,
    "bond_dim": 16,
    "lr": 0.001
  },
  "n_parameters": 2568,
  "train_loss": 0.751991406640594,
  "train_quality": 0.9925971981437473,
  "val_loss": 0.8761353007412195,
  "val_quality": 0.9944650754600056,
  "test_loss": 0.8798562241862308,
  "test_quality": 0.9910175381089338,
  "best_epoch": 853,
  "stopped_early": true,
  "patience_counter": 40,
  "success": true
}