{
  "run_id": "MPO2-L4-d12-seed42",
  "seed": 42,
  "model": "MPO2",
  "dataset": "energy_efficiency",
  "task": "regression",
  "params": {
    "init_strength": 0.01,
    "batch_size": 64,
    "n_epochs": 1000,
    "patience": 40,
    "min_delta": 1e-08,
    "optimizer": "adamw",
    "seeds": [
      42,
      7,
      123,
      256,
      999
    ],
    "model": "MPO2",
    "L": 4,
    "bond_dim": 12,
    "lr": 0.001
  },
  "n_parameters": 2496,
  "train_loss": 2.6527237118369866,
  "train_quality": 0.9738858877312968,
  "val_loss": 5.428681183220327,
  "val_quality": 0.9598321946128414,
  "test_loss": 6.005307280858672,
  "test_quality": 0.9386917517753016,
  "best_epoch": 991,
  "stopped_early": false,
  "patience_counter": 7,
  "success": true
}