{
  "run_id": "MPO2-L4-d8-seed256",
  "seed": 256,
  "model": "MPO2",
  "dataset": "energy_efficiency",
  "task": "regression",
  "params": {
    "init_strength": 0.01,
    "batch_size": 64,
    "n_epochs": 1000,
    "patience": 40,
    "min_delta": 1e-08,
    "optimizer": "adamw",
    "seeds": [
      42,
      7,
      123,
      256,
      999
    ],
    "model": "MPO2",
    "L": 4,
    "bond_dim": 8,
    "lr": 0.001
  },
  "n_parameters": 1152,
  "train_loss": 1.7339873309462035,
  "train_quality": 0.9829301711177901,
  "val_loss": 3.053213211862551,
  "val_quality": 0.9771354938551922,
  "test_loss": 2.815994164158187,
  "test_quality": 0.9712514845383854,
  "best_epoch": 995,
  "stopped_early": false,
  "patience_counter": 31,
  "success": true
}