{
  "run_id": "MPO2-L4-d8-seed999",
  "seed": 999,
  "model": "MPO2",
  "dataset": "energy_efficiency",
  "task": "regression",
  "params": {
    "output_site": 1,
    "init_strength": 0.01,
    "batch_size": 64,
    "n_epochs": 1000,
    "patience": 40,
    "min_delta": 1e-08,
    "optimizer": "adamw",
    "rank": 5,
    "seeds": [
      42,
      7,
      123,
      256,
      999
    ],
    "model": "MPO2",
    "L": 4,
    "bond_dim": 8,
    "lr": 0.01
  },
  "n_parameters": 1152,
  "train_loss": 2.113732487261984,
  "train_quality": 0.9791918595849017,
  "val_loss": 3.2581867902713126,
  "val_quality": 0.9918186983868881,
  "test_loss": 2.0153948856228427,
  "test_quality": 0.97942481139768,
  "best_epoch": 348,
  "stopped_early": true,
  "patience_counter": 40,
  "success": true
}