{
  "run_id": "MPO2-L4-d16-seed42",
  "seed": 42,
  "model": "MPO2",
  "dataset": "energy_efficiency",
  "task": "regression",
  "params": {
    "output_site": 1,
    "init_strength": 0.01,
    "batch_size": 64,
    "n_epochs": 1000,
    "patience": 40,
    "min_delta": 1e-08,
    "optimizer": "adamw",
    "rank": 5,
    "seeds": [
      42,
      7,
      123,
      256,
      999
    ],
    "model": "MPO2",
    "L": 4,
    "bond_dim": 16,
    "lr": 0.01
  },
  "n_parameters": 4352,
  "train_loss": 1.3798110471096865,
  "train_quality": 0.9864167759224096,
  "val_loss": 2.1232772467849843,
  "val_quality": 0.9876837443362908,
  "test_loss": 1.6291954091316179,
  "test_quality": 0.9833675261101213,
  "best_epoch": 214,
  "stopped_early": true,
  "patience_counter": 40,
  "success": true
}