{
  "run_id": "MPO2-L3-d12-seed123",
  "seed": 123,
  "model": "MPO2",
  "dataset": "energy_efficiency",
  "task": "regression",
  "params": {
    "output_site": 1,
    "init_strength": 0.01,
    "batch_size": 64,
    "n_epochs": 1000,
    "patience": 40,
    "min_delta": 1e-08,
    "optimizer": "adamw",
    "rank": 5,
    "seeds": [
      42,
      7,
      123,
      256,
      999
    ],
    "model": "MPO2",
    "L": 3,
    "bond_dim": 12,
    "lr": 0.01
  },
  "n_parameters": 1344,
  "train_loss": 1.9178062565741385,
  "train_quality": 0.9811206091043997,
  "val_loss": 2.3837888748299934,
  "val_quality": 0.9817666677610154,
  "test_loss": 2.685185742335793,
  "test_quality": 0.972586909158626,
  "best_epoch": 194,
  "stopped_early": true,
  "patience_counter": 40,
  "success": true
}