{
  "run_id": "MPO2-L4-d8-seed42",
  "seed": 42,
  "model": "MPO2",
  "dataset": "energy_efficiency",
  "task": "regression",
  "params": {
    "init_strength": 0.01,
    "batch_size": 64,
    "n_epochs": 1000,
    "patience": 40,
    "min_delta": 1e-08,
    "optimizer": "adamw",
    "seeds": [
      42,
      7,
      123,
      256,
      999
    ],
    "model": "MPO2",
    "L": 4,
    "bond_dim": 8,
    "lr": 0.001
  },
  "n_parameters": 1152,
  "train_loss": 9.378521906468672,
  "train_quality": 0.9076753553763743,
  "val_loss": 14.613669159702837,
  "val_quality": 0.8570302065575472,
  "test_loss": 16.050917993223454,
  "test_quality": 0.8361360012834989,
  "best_epoch": 999,
  "stopped_early": false,
  "patience_counter": 3,
  "success": true
}