{
  "run_id": "MPO2-L3-d8-seed42",
  "seed": 42,
  "model": "MPO2",
  "dataset": "energy_efficiency",
  "task": "regression",
  "params": {
    "init_strength": 0.01,
    "batch_size": 64,
    "n_epochs": 1000,
    "patience": 40,
    "min_delta": 1e-08,
    "optimizer": "adamw",
    "seeds": [
      42,
      7,
      123,
      256,
      999
    ],
    "model": "MPO2",
    "L": 3,
    "bond_dim": 8,
    "lr": 0.001
  },
  "n_parameters": 640,
  "train_loss": 100.51738468444745,
  "train_quality": 0.010480338795497701,
  "val_loss": 129.32118275905574,
  "val_quality": -0.26518690034254466,
  "test_loss": 132.84062358188697,
  "test_quality": -0.3561713904034465,
  "best_epoch": 999,
  "stopped_early": false,
  "patience_counter": 0,
  "success": true
}