{
  "run_id": "MPO2-L4-d8-seed42",
  "seed": 42,
  "model": "MPO2",
  "dataset": "energy_efficiency",
  "task": "regression",
  "params": {
    "output_site": 1,
    "init_strength": 0.01,
    "batch_size": 64,
    "n_epochs": 1000,
    "patience": 40,
    "min_delta": 1e-08,
    "optimizer": "adamw",
    "rank": 5,
    "seeds": [
      42,
      7,
      123,
      256,
      999
    ],
    "model": "MPO2",
    "L": 4,
    "bond_dim": 8,
    "lr": 0.01
  },
  "n_parameters": 1152,
  "train_loss": 1.1747728127797388,
  "train_quality": 0.9884352264104029,
  "val_loss": 1.4564416910282771,
  "val_quality": 0.9884495851812318,
  "test_loss": 1.6561071743114288,
  "test_quality": 0.9830927836027616,
  "best_epoch": 576,
  "stopped_early": true,
  "patience_counter": 40,
  "success": true
}