{
  "run_id": "MPO2-L4-d12-seed123",
  "seed": 123,
  "model": "MPO2",
  "dataset": "energy_efficiency",
  "task": "regression",
  "params": {
    "init_strength": 0.01,
    "batch_size": 64,
    "n_epochs": 1000,
    "patience": 40,
    "min_delta": 1e-08,
    "optimizer": "adamw",
    "seeds": [
      42,
      7,
      123,
      256,
      999
    ],
    "model": "MPO2",
    "L": 4,
    "bond_dim": 12,
    "lr": 0.001
  },
  "n_parameters": 2496,
  "train_loss": 0.4254127574770735,
  "train_quality": 0.9958121245496758,
  "val_loss": 0.7732825416147324,
  "val_quality": 0.9936977783213422,
  "test_loss": 0.8170594785618479,
  "test_quality": 0.9916586307771998,
  "best_epoch": 980,
  "stopped_early": false,
  "patience_counter": 13,
  "success": true
}