{
  "run_id": "LMPO2-L3-d8-jit5-rf0.1-seed256",
  "seed": 256,
  "model": "LMPO2",
  "grid_params": {
    "model": "LMPO2",
    "L": 3,
    "bond_dim": 8,
    "jitter_start": 5.0,
    "reduction_factor": 0.1
  },
  "n_parameters": 232,
  "train_loss": 47979.64573550439,
  "train_quality": -0.434369045187075,
  "val_loss": 45642.11606949814,
  "val_quality": -0.409905080770826,
  "test_loss": 46370.88786348729,
  "test_quality": -0.5053368459409571,
  "success": false,
  "singular": false
}