{
  "run_id": "LMPO2-L3-d8-jit5-rf0.5-seed7",
  "seed": 7,
  "model": "LMPO2",
  "grid_params": {
    "model": "LMPO2",
    "L": 3,
    "bond_dim": 8,
    "jitter_start": 5.0,
    "reduction_factor": 0.5
  },
  "n_parameters": 1056,
  "train_loss": 21148.278010595695,
  "train_quality": 0.3677644994581144,
  "val_loss": 20857.202914825655,
  "val_quality": 0.35571180977884675,
  "test_loss": 20072.862837657776,
  "test_quality": 0.3483752107140957,
  "success": true,
  "singular": false
}