{
  "run_id": "LMPO2-L3-d8-jit5-rf0.1-seed999",
  "seed": 999,
  "model": "LMPO2",
  "grid_params": {
    "model": "LMPO2",
    "L": 3,
    "bond_dim": 8,
    "jitter_start": 5.0,
    "reduction_factor": 0.1
  },
  "n_parameters": 352,
  "train_loss": 35448.866728774025,
  "train_quality": -0.059756826947337194,
  "val_loss": 35152.27346978858,
  "val_quality": -0.08586921978451989,
  "test_loss": 34508.177337044435,
  "test_quality": -0.12023800330596246,
  "success": false,
  "singular": false
}