{
  "run_id": "LMPO2-L3-d8-jit5-rf0.3-seed42",
  "seed": 42,
  "model": "LMPO2",
  "grid_params": {
    "model": "LMPO2",
    "L": 3,
    "bond_dim": 8,
    "jitter_start": 5.0,
    "reduction_factor": 0.3
  },
  "n_parameters": 528,
  "train_loss": 28752.003300258973,
  "train_quality": 0.14044835286288415,
  "val_loss": 28081.20248866881,
  "val_quality": 0.13255927918322186,
  "test_loss": 27846.89235542123,
  "test_quality": 0.09600710620478825,
  "success": true,
  "singular": false
}