{
  "run_id": "LMPO2-L4-d12-rf0.3-seed999",
  "seed": 999,
  "model": "LMPO2",
  "dataset": "breast",
  "task": "classification",
  "params": {
    "init_strength": 0.01,
    "bond_dim_mpo": 2,
    "batch_size": 64,
    "n_epochs": 1000,
    "patience": 40,
    "min_delta": 1e-08,
    "optimizer": "adamw",
    "seeds": [
      42,
      7,
      123,
      256,
      999
    ],
    "model": "LMPO2",
    "L": 4,
    "bond_dim": 12,
    "lr": 0.001,
    "reduction_factor": 0.3
  },
  "n_parameters": 6156,
  "train_loss": 17.82101492127991,
  "train_quality": 0.8291457286432161,
  "val_loss": 227.5421968872789,
  "val_quality": 0.6941176470588235,
  "test_loss": 265.5229320216567,
  "test_quality": 0.7209302325581395,
  "best_epoch": 81,
  "stopped_early": true,
  "patience_counter": 40,
  "success": true
}