{
  "run_id": "LMPO2-L4-d16-rf0.1-seed256",
  "seed": 256,
  "model": "LMPO2",
  "dataset": "breast",
  "task": "classification",
  "params": {
    "init_strength": 0.01,
    "bond_dim_mpo": 2,
    "batch_size": 64,
    "n_epochs": 1000,
    "patience": 40,
    "min_delta": 1e-08,
    "optimizer": "adamw",
    "seeds": [
      42,
      7,
      123,
      256,
      999
    ],
    "model": "LMPO2",
    "L": 4,
    "bond_dim": 16,
    "lr": 0.001,
    "reduction_factor": 0.1
  },
  "n_parameters": 2760,
  "train_loss": 18.434738582031184,
  "train_quality": 0.871859296482412,
  "val_loss": 1167.7367565672657,
  "val_quality": 0.6823529411764706,
  "test_loss": 819.9468082467505,
  "test_quality": 0.6976744186046512,
  "best_epoch": 332,
  "stopped_early": true,
  "patience_counter": 40,
  "success": true
}