{
  "run_id": "LMPO2-L3-d12-rf0.1-seed256",
  "seed": 256,
  "model": "LMPO2",
  "dataset": "breast",
  "task": "classification",
  "params": {
    "init_strength": 0.01,
    "bond_dim_mpo": 2,
    "batch_size": 64,
    "n_epochs": 1000,
    "patience": 40,
    "min_delta": 1e-08,
    "optimizer": "adamw",
    "seeds": [
      42,
      7,
      123,
      256,
      999
    ],
    "model": "LMPO2",
    "L": 3,
    "bond_dim": 12,
    "lr": 0.001,
    "reduction_factor": 0.1
  },
  "n_parameters": 1260,
  "train_loss": 0.02841277521552538,
  "train_quality": 0.9949748743718593,
  "val_loss": 9.239753413793435,
  "val_quality": 0.9529411764705882,
  "test_loss": 1.5576531537900147,
  "test_quality": 0.9767441860465116,
  "best_epoch": 611,
  "stopped_early": true,
  "patience_counter": 40,
  "success": true
}