{
  "run_id": "LMPO2-L4-d16-rf0.1-seed999",
  "seed": 999,
  "model": "LMPO2",
  "dataset": "breast",
  "task": "classification",
  "params": {
    "output_site": 1,
    "init_strength": 0.01,
    "reduction_factor": 0.1,
    "rank": 5,
    "batch_size": 64,
    "n_epochs": 1000,
    "patience": 40,
    "min_delta": 1e-08,
    "optimizer": "adamw",
    "seeds": [
      42,
      7,
      123,
      256,
      999
    ],
    "model": "LMPO2",
    "L": 4,
    "bond_dim": 16,
    "lr": 0.01
  },
  "n_parameters": 85600,
  "train_loss": 5.876046469298747,
  "train_quality": 0.9246231155778895,
  "val_loss": 409.25309238354873,
  "val_quality": 0.7764705882352941,
  "test_loss": 182.99356611964535,
  "test_quality": 0.7558139534883721,
  "best_epoch": 8,
  "stopped_early": true,
  "patience_counter": 40,
  "success": true
}