{
  "run_id": "LMPO2-L3-d8-rf0.1-seed42",
  "seed": 42,
  "model": "LMPO2",
  "dataset": "breast",
  "task": "classification",
  "params": {
    "init_strength": 0.01,
    "bond_dim_mpo": 2,
    "batch_size": 64,
    "n_epochs": 1000,
    "patience": 40,
    "min_delta": 1e-08,
    "optimizer": "adamw",
    "seeds": [
      42,
      7,
      123,
      256,
      999
    ],
    "model": "LMPO2",
    "L": 3,
    "bond_dim": 8,
    "lr": 0.001,
    "reduction_factor": 0.1
  },
  "n_parameters": 984,
  "train_loss": 0.02532606495314785,
  "train_quality": 0.9949748743718593,
  "val_loss": 1.469079159896119,
  "val_quality": 0.9764705882352941,
  "test_loss": 0.5088433010342306,
  "test_quality": 0.9767441860465116,
  "best_epoch": 163,
  "stopped_early": true,
  "patience_counter": 40,
  "success": true
}