{
  "run_id": "LMPO2-L3-d16-rf0.1-seed123",
  "seed": 123,
  "model": "LMPO2",
  "dataset": "breast",
  "task": "classification",
  "params": {
    "init_strength": 0.01,
    "bond_dim_mpo": 2,
    "batch_size": 64,
    "n_epochs": 1000,
    "patience": 40,
    "min_delta": 1e-08,
    "optimizer": "adamw",
    "seeds": [
      42,
      7,
      123,
      256,
      999
    ],
    "model": "LMPO2",
    "L": 3,
    "bond_dim": 16,
    "lr": 0.001,
    "reduction_factor": 0.1
  },
  "n_parameters": 1632,
  "train_loss": 0.11126207526229012,
  "train_quality": 0.9849246231155779,
  "val_loss": 34.00690925998219,
  "val_quality": 0.9058823529411765,
  "test_loss": 10.98148475016633,
  "test_quality": 0.9069767441860465,
  "best_epoch": 247,
  "stopped_early": true,
  "patience_counter": 40,
  "success": true
}