{
  "run_id": "LMPO2-L4-d12-rf0.5-seed123",
  "seed": 123,
  "model": "LMPO2",
  "dataset": "breast",
  "task": "classification",
  "params": {
    "output_site": 1,
    "init_strength": 0.01,
    "reduction_factor": 0.5,
    "rank": 5,
    "batch_size": 64,
    "n_epochs": 1000,
    "patience": 40,
    "min_delta": 1e-08,
    "optimizer": "adamw",
    "seeds": [
      42,
      7,
      123,
      256,
      999
    ],
    "model": "LMPO2",
    "L": 4,
    "bond_dim": 12,
    "lr": 0.01
  },
  "n_parameters": 49080,
  "train_loss": 2687.381009973929,
  "train_quality": 0.6733668341708543,
  "val_loss": 5664.972922846891,
  "val_quality": 0.8235294117647058,
  "test_loss": 4229.1184604478885,
  "test_quality": 0.5930232558139535,
  "best_epoch": 18,
  "stopped_early": true,
  "patience_counter": 40,
  "success": true
}