{
  "run_id": "LMPO2-L4-d16-rf0.1-seed123",
  "seed": 123,
  "model": "LMPO2",
  "dataset": "wine",
  "task": "classification",
  "params": {
    "init_strength": 0.01,
    "bond_dim_mpo": 2,
    "batch_size": 64,
    "n_epochs": 1000,
    "patience": 40,
    "min_delta": 1e-08,
    "optimizer": "adamw",
    "seeds": [
      42,
      7,
      123,
      256,
      999
    ],
    "model": "LMPO2",
    "L": 4,
    "bond_dim": 16,
    "lr": 0.001,
    "reduction_factor": 0.1
  },
  "n_parameters": 1464,
  "train_loss": 1.0411987604249264,
  "train_quality": 0.7741935483870968,
  "val_loss": 9.556916608802608,
  "val_quality": 0.6296296296296297,
  "test_loss": 22.733726906804637,
  "test_quality": 0.3333333333333333,
  "best_epoch": 238,
  "stopped_early": true,
  "patience_counter": 40,
  "success": true
}