{
  "run_id": "LMPO2-L4-d12-rf0.1-seed999",
  "seed": 999,
  "model": "LMPO2",
  "dataset": "wine",
  "task": "classification",
  "params": {
    "init_strength": 0.01,
    "bond_dim_mpo": 2,
    "batch_size": 64,
    "n_epochs": 1000,
    "patience": 40,
    "min_delta": 1e-08,
    "optimizer": "adamw",
    "seeds": [
      42,
      7,
      123,
      256,
      999
    ],
    "model": "LMPO2",
    "L": 4,
    "bond_dim": 12,
    "lr": 0.001,
    "reduction_factor": 0.1
  },
  "n_parameters": 984,
  "train_loss": 1.6694258395654875,
  "train_quality": 0.6451612903225806,
  "val_loss": 5.46206082616341,
  "val_quality": 0.48148148148148145,
  "test_loss": 10.312943981891145,
  "test_quality": 0.5925925925925926,
  "best_epoch": 272,
  "stopped_early": true,
  "patience_counter": 40,
  "success": true
}