{
  "run_id": "LMPO2-L3-d8-rf0.1-seed999",
  "seed": 999,
  "model": "LMPO2",
  "dataset": "wine",
  "task": "classification",
  "params": {
    "init_strength": 0.01,
    "bond_dim_mpo": 2,
    "batch_size": 64,
    "n_epochs": 1000,
    "patience": 40,
    "min_delta": 1e-08,
    "optimizer": "adamw",
    "seeds": [
      42,
      7,
      123,
      256,
      999
    ],
    "model": "LMPO2",
    "L": 3,
    "bond_dim": 8,
    "lr": 0.001,
    "reduction_factor": 0.1
  },
  "n_parameters": 400,
  "train_loss": 0.1062520388028685,
  "train_quality": 0.9596774193548387,
  "val_loss": 0.4638367030514852,
  "val_quality": 0.8148148148148148,
  "test_loss": 0.8744577489662961,
  "test_quality": 0.8888888888888888,
  "best_epoch": 985,
  "stopped_early": false,
  "patience_counter": 0,
  "success": true
}