{
  "run_id": "LMPO2-L3-d16-rf0.1-seed999",
  "seed": 999,
  "model": "LMPO2",
  "dataset": "wine",
  "task": "classification",
  "params": {
    "init_strength": 0.01,
    "bond_dim_mpo": 2,
    "batch_size": 64,
    "n_epochs": 1000,
    "patience": 40,
    "min_delta": 1e-08,
    "optimizer": "adamw",
    "seeds": [
      42,
      7,
      123,
      256,
      999
    ],
    "model": "LMPO2",
    "L": 3,
    "bond_dim": 16,
    "lr": 0.001,
    "reduction_factor": 0.1
  },
  "n_parameters": 848,
  "train_loss": 1.1156825279414124,
  "train_quality": 0.6693548387096774,
  "val_loss": 2.575202764285196,
  "val_quality": 0.48148148148148145,
  "test_loss": 1.4505856058481796,
  "test_quality": 0.5925925925925926,
  "best_epoch": 91,
  "stopped_early": true,
  "patience_counter": 40,
  "success": true
}