{
  "run_id": "LMPO2-L4-d16-rf0.1-seed42",
  "seed": 42,
  "model": "LMPO2",
  "dataset": "wine",
  "task": "classification",
  "params": {
    "init_strength": 0.01,
    "bond_dim_mpo": 2,
    "batch_size": 64,
    "n_epochs": 1000,
    "patience": 40,
    "min_delta": 1e-08,
    "optimizer": "adamw",
    "seeds": [
      42,
      7,
      123,
      256,
      999
    ],
    "model": "LMPO2",
    "L": 4,
    "bond_dim": 16,
    "lr": 0.001,
    "reduction_factor": 0.1
  },
  "n_parameters": 1464,
  "train_loss": 1.168226834514151,
  "train_quality": 0.7983870967741935,
  "val_loss": 8.626004319065371,
  "val_quality": 0.6666666666666666,
  "test_loss": 3.5244579618574097,
  "test_quality": 0.6296296296296297,
  "best_epoch": 179,
  "stopped_early": true,
  "patience_counter": 40,
  "success": true
}