{
  "run_id": "LMPO2-L4-d16-rf0.1-seed256",
  "seed": 256,
  "model": "LMPO2",
  "dataset": "wine",
  "task": "classification",
  "params": {
    "init_strength": 0.01,
    "bond_dim_mpo": 2,
    "batch_size": 64,
    "n_epochs": 1000,
    "patience": 40,
    "min_delta": 1e-08,
    "optimizer": "adamw",
    "seeds": [
      42,
      7,
      123,
      256,
      999
    ],
    "model": "LMPO2",
    "L": 4,
    "bond_dim": 16,
    "lr": 0.001,
    "reduction_factor": 0.1
  },
  "n_parameters": 1464,
  "train_loss": 3.793664903204335,
  "train_quality": 0.7580645161290323,
  "val_loss": 10.64202921605805,
  "val_quality": 0.7037037037037037,
  "test_loss": 18.473953697878688,
  "test_quality": 0.5925925925925926,
  "best_epoch": 248,
  "stopped_early": true,
  "patience_counter": 40,
  "success": true
}