{
  "run_id": "LMPO2-L3-d12-rf0.1-seed123",
  "seed": 123,
  "model": "LMPO2",
  "dataset": "wine",
  "task": "classification",
  "params": {
    "init_strength": 0.01,
    "bond_dim_mpo": 2,
    "batch_size": 64,
    "n_epochs": 1000,
    "patience": 40,
    "min_delta": 1e-08,
    "optimizer": "adamw",
    "seeds": [
      42,
      7,
      123,
      256,
      999
    ],
    "model": "LMPO2",
    "L": 3,
    "bond_dim": 12,
    "lr": 0.001,
    "reduction_factor": 0.1
  },
  "n_parameters": 592,
  "train_loss": 0.8357017299986068,
  "train_quality": 0.6209677419354839,
  "val_loss": 0.700008647651766,
  "val_quality": 0.8518518518518519,
  "test_loss": 1.2111455114169158,
  "test_quality": 0.5555555555555556,
  "best_epoch": 93,
  "stopped_early": true,
  "patience_counter": 40,
  "success": true
}