{
  "run_id": "LMPO2-L3-d16-rf0.1-seed123",
  "seed": 123,
  "model": "LMPO2",
  "dataset": "student_perf",
  "task": "regression",
  "params": {
    "init_strength": 0.01,
    "bond_dim_mpo": 2,
    "batch_size": 64,
    "n_epochs": 1000,
    "patience": 40,
    "min_delta": 1e-08,
    "optimizer": "adamw",
    "seeds": [
      42,
      7,
      123,
      256,
      999
    ],
    "model": "LMPO2",
    "L": 3,
    "bond_dim": 16,
    "lr": 0.001,
    "reduction_factor": 0.1
  },
  "n_parameters": 3440,
  "train_loss": 65.15447152377554,
  "train_quality": -8.182531632716293,
  "val_loss": 138.86577232833906,
  "val_quality": -17.000668243332104,
  "test_loss": 281.2777020268105,
  "test_quality": -26.792088994500904,
  "best_epoch": 996,
  "stopped_early": false,
  "patience_counter": 37,
  "success": true
}