{
  "run_id": "LMPO2-L4-d16-rf0.5-seed123",
  "seed": 123,
  "model": "LMPO2",
  "dataset": "student_perf",
  "task": "regression",
  "params": {
    "init_strength": 0.01,
    "bond_dim_mpo": 2,
    "batch_size": 64,
    "n_epochs": 1000,
    "patience": 40,
    "min_delta": 1e-08,
    "optimizer": "adamw",
    "seeds": [
      42,
      7,
      123,
      256,
      999
    ],
    "model": "LMPO2",
    "L": 4,
    "bond_dim": 16,
    "lr": 0.001,
    "reduction_factor": 0.5
  },
  "n_parameters": 28600,
  "train_loss": 915.6860743436704,
  "train_quality": -128.05202277989898,
  "val_loss": 107987.80447745626,
  "val_quality": -16437.32661540502,
  "test_loss": 191398.26250769667,
  "test_quality": -18910.408571233733,
  "best_epoch": 305,
  "stopped_early": true,
  "patience_counter": 40,
  "success": true
}