{
  "run_id": "LMPO2-L3-d12-rf0.3-seed256",
  "seed": 256,
  "model": "LMPO2",
  "dataset": "student_perf",
  "task": "regression",
  "params": {
    "output_site": 1,
    "init_strength": 0.01,
    "reduction_factor": 0.3,
    "rank": 5,
    "batch_size": 64,
    "n_epochs": 1000,
    "patience": 40,
    "min_delta": 1e-08,
    "optimizer": "adamw",
    "seeds": [
      42,
      7,
      123,
      256,
      999
    ],
    "model": "LMPO2",
    "L": 3,
    "bond_dim": 12,
    "lr": 0.01
  },
  "n_parameters": 42840,
  "train_loss": 0.5316626992919523,
  "train_quality": 0.9250702301774916,
  "val_loss": 8.444912853308578,
  "val_quality": -0.03244078038130316,
  "test_loss": 14.049410413332128,
  "test_quality": -0.3881742552432279,
  "best_epoch": 11,
  "stopped_early": true,
  "patience_counter": 40,
  "success": true
}