{
  "run_id": "LMPO2-L3-d16-rf0.1-seed256",
  "seed": 256,
  "model": "LMPO2",
  "dataset": "student_perf",
  "task": "regression",
  "params": {
    "init_strength": 0.01,
    "bond_dim_mpo": 2,
    "batch_size": 64,
    "n_epochs": 1000,
    "patience": 40,
    "min_delta": 1e-08,
    "optimizer": "adamw",
    "seeds": [
      42,
      7,
      123,
      256,
      999
    ],
    "model": "LMPO2",
    "L": 3,
    "bond_dim": 16,
    "lr": 0.001,
    "reduction_factor": 0.1
  },
  "n_parameters": 3440,
  "train_loss": 283.08343095607273,
  "train_quality": -38.896303333585344,
  "val_loss": 394.86993695405755,
  "val_quality": -32.44812947571115,
  "test_loss": 388.2089269700264,
  "test_quality": -37.35759809279974,
  "best_epoch": 831,
  "stopped_early": true,
  "patience_counter": 40,
  "success": true
}