{
  "run_id": "LMPO2-L4-d12-rf0.5-seed256",
  "seed": 256,
  "model": "LMPO2",
  "dataset": "student_perf",
  "task": "regression",
  "params": {
    "init_strength": 0.01,
    "bond_dim_mpo": 2,
    "batch_size": 64,
    "n_epochs": 1000,
    "patience": 40,
    "min_delta": 1e-08,
    "optimizer": "adamw",
    "seeds": [
      42,
      7,
      123,
      256,
      999
    ],
    "model": "LMPO2",
    "L": 4,
    "bond_dim": 12,
    "lr": 0.001,
    "reduction_factor": 0.5
  },
  "n_parameters": 22800,
  "train_loss": 53.848130118760324,
  "train_quality": -6.589074803526038,
  "val_loss": 18199.30922923064,
  "val_quality": -2825.1421159377237,
  "test_loss": 38252.50222820616,
  "test_quality": -3778.5990884741977,
  "best_epoch": 319,
  "stopped_early": true,
  "patience_counter": 40,
  "success": true
}