{
  "run_id": "LMPO2-L3-d16-rf0.3-seed123",
  "seed": 123,
  "model": "LMPO2",
  "dataset": "student_perf",
  "task": "regression",
  "params": {
    "init_strength": 0.01,
    "bond_dim_mpo": 2,
    "batch_size": 64,
    "n_epochs": 1000,
    "patience": 40,
    "min_delta": 1e-08,
    "optimizer": "adamw",
    "seeds": [
      42,
      7,
      123,
      256,
      999
    ],
    "model": "LMPO2",
    "L": 3,
    "bond_dim": 16,
    "lr": 0.001,
    "reduction_factor": 0.3
  },
  "n_parameters": 10320,
  "train_loss": 31.574115644614906,
  "train_quality": -3.449891295272347,
  "val_loss": 3039.496156134622,
  "val_quality": -475.8980011517919,
  "test_loss": 3414.5626988464637,
  "test_quality": -336.3812773633892,
  "best_epoch": 393,
  "stopped_early": true,
  "patience_counter": 40,
  "success": true
}