{
  "run_id": "LMPO2-L3-d12-rf0.1-seed999",
  "seed": 999,
  "model": "LMPO2",
  "dataset": "student_perf",
  "task": "regression",
  "params": {
    "output_site": 1,
    "init_strength": 0.01,
    "reduction_factor": 0.1,
    "rank": 5,
    "batch_size": 64,
    "n_epochs": 1000,
    "patience": 40,
    "min_delta": 1e-08,
    "optimizer": "adamw",
    "seeds": [
      42,
      7,
      123,
      256,
      999
    ],
    "model": "LMPO2",
    "L": 3,
    "bond_dim": 12,
    "lr": 0.01
  },
  "n_parameters": 42840,
  "train_loss": 0.17753260656275516,
  "train_quality": 0.9749794797275548,
  "val_loss": 7.604990969933075,
  "val_quality": -0.033646354093775255,
  "test_loss": 12.996065327703947,
  "test_quality": -0.28409682517766166,
  "best_epoch": 79,
  "stopped_early": true,
  "patience_counter": 40,
  "success": true
}