{
  "run_id": "LMPO2-L3-d16-rf0.5-seed123",
  "seed": 123,
  "model": "LMPO2",
  "dataset": "student_perf",
  "task": "regression",
  "params": {
    "output_site": 1,
    "init_strength": 0.01,
    "reduction_factor": 0.5,
    "rank": 5,
    "batch_size": 64,
    "n_epochs": 1000,
    "patience": 40,
    "min_delta": 1e-08,
    "optimizer": "adamw",
    "seeds": [
      42,
      7,
      123,
      256,
      999
    ],
    "model": "LMPO2",
    "L": 3,
    "bond_dim": 16,
    "lr": 0.01
  },
  "n_parameters": 73440,
  "train_loss": 0.34526754529692244,
  "train_quality": 0.9513397916936158,
  "val_loss": 7.970119778534501,
  "val_quality": -0.15430013277664467,
  "test_loss": 12.846262501937275,
  "test_quality": -0.2692953196358603,
  "best_epoch": 180,
  "stopped_early": true,
  "patience_counter": 40,
  "success": true
}