{
  "run_id": "LMPO2-L3-d8-rf0.1-seed42",
  "seed": 42,
  "model": "LMPO2",
  "dataset": "student_perf",
  "task": "regression",
  "params": {
    "init_strength": 0.01,
    "bond_dim_mpo": 2,
    "batch_size": 64,
    "n_epochs": 1000,
    "patience": 40,
    "min_delta": 1e-08,
    "optimizer": "adamw",
    "seeds": [
      42,
      7,
      123,
      256,
      999
    ],
    "model": "LMPO2",
    "L": 3,
    "bond_dim": 8,
    "lr": 0.001,
    "reduction_factor": 0.1
  },
  "n_parameters": 2400,
  "train_loss": 7.1136824235546925,
  "train_quality": -0.0025653244006800247,
  "val_loss": 15.47266578182806,
  "val_quality": -1.3220961807508114,
  "test_loss": 18.325619417755256,
  "test_quality": -0.8106918609889047,
  "best_epoch": 987,
  "stopped_early": false,
  "patience_counter": 6,
  "success": true
}