{
  "run_id": "LMPO2-L3-d12-rf0.5-seed256",
  "seed": 256,
  "model": "LMPO2",
  "dataset": "student_perf",
  "task": "regression",
  "params": {
    "init_strength": 0.01,
    "bond_dim_mpo": 2,
    "batch_size": 64,
    "n_epochs": 1000,
    "patience": 40,
    "min_delta": 1e-08,
    "optimizer": "adamw",
    "seeds": [
      42,
      7,
      123,
      256,
      999
    ],
    "model": "LMPO2",
    "L": 3,
    "bond_dim": 12,
    "lr": 0.001,
    "reduction_factor": 0.5
  },
  "n_parameters": 14200,
  "train_loss": 17.051469223558712,
  "train_quality": -1.4031452004407736,
  "val_loss": 179.33938979828932,
  "val_quality": -27.137683157165764,
  "test_loss": 296.5546661380149,
  "test_quality": -28.30155363775201,
  "best_epoch": 491,
  "stopped_early": true,
  "patience_counter": 40,
  "success": true
}