{
  "run_id": "LMPO2-L3-d16-rf0.3-seed256",
  "seed": 256,
  "model": "LMPO2",
  "dataset": "student_perf",
  "task": "regression",
  "params": {
    "output_site": 1,
    "init_strength": 0.01,
    "reduction_factor": 0.3,
    "rank": 5,
    "batch_size": 64,
    "n_epochs": 1000,
    "patience": 40,
    "min_delta": 1e-08,
    "optimizer": "adamw",
    "seeds": [
      42,
      7,
      123,
      256,
      999
    ],
    "model": "LMPO2",
    "L": 3,
    "bond_dim": 16,
    "lr": 0.01
  },
  "n_parameters": 73440,
  "train_loss": 0.3949878378310261,
  "train_quality": 0.9443324728050616,
  "val_loss": 7.640429977806199,
  "val_quality": -0.03643827908812125,
  "test_loss": 13.236023913705576,
  "test_quality": -0.30780631344885134,
  "best_epoch": 6,
  "stopped_early": true,
  "patience_counter": 40,
  "success": true
}