{
  "run_id": "LMPO2-L4-d12-rf0.5-seed123",
  "seed": 123,
  "model": "LMPO2",
  "dataset": "student_perf",
  "task": "regression",
  "params": {
    "output_site": 1,
    "init_strength": 0.01,
    "reduction_factor": 0.5,
    "rank": 5,
    "batch_size": 64,
    "n_epochs": 1000,
    "patience": 40,
    "min_delta": 1e-08,
    "optimizer": "adamw",
    "seeds": [
      42,
      7,
      123,
      256,
      999
    ],
    "model": "LMPO2",
    "L": 4,
    "bond_dim": 12,
    "lr": 0.01
  },
  "n_parameters": 79560,
  "train_loss": 0.09531159666202257,
  "train_quality": 0.9865672803286517,
  "val_loss": 9.303660625116954,
  "val_quality": -0.3487460076203499,
  "test_loss": 12.35821560268229,
  "test_quality": -0.22107307251194142,
  "best_epoch": 146,
  "stopped_early": true,
  "patience_counter": 40,
  "success": true
}