{
  "run_id": "LMPO2-L3-d16-rf0.3-seed256",
  "seed": 256,
  "model": "LMPO2",
  "dataset": "student_perf",
  "task": "regression",
  "params": {
    "init_strength": 0.01,
    "bond_dim_mpo": 2,
    "batch_size": 64,
    "n_epochs": 1000,
    "patience": 40,
    "min_delta": 1e-08,
    "optimizer": "adamw",
    "seeds": [
      42,
      7,
      123,
      256,
      999
    ],
    "model": "LMPO2",
    "L": 3,
    "bond_dim": 16,
    "lr": 0.001,
    "reduction_factor": 0.3
  },
  "n_parameters": 10320,
  "train_loss": 728.5209180396182,
  "train_quality": -101.67394115157823,
  "val_loss": 1140.7383375285017,
  "val_quality": -177.98224082520127,
  "test_loss": 1517.5277464567507,
  "test_quality": -148.941733302167,
  "best_epoch": 477,
  "stopped_early": true,
  "patience_counter": 40,
  "success": true
}