{
  "run_id": "LMPO2-L3-d16-rf0.3-seed999",
  "seed": 999,
  "model": "LMPO2",
  "dataset": "student_perf",
  "task": "regression",
  "params": {
    "init_strength": 0.01,
    "bond_dim_mpo": 2,
    "batch_size": 64,
    "n_epochs": 1000,
    "patience": 40,
    "min_delta": 1e-08,
    "optimizer": "adamw",
    "seeds": [
      42,
      7,
      123,
      256,
      999
    ],
    "model": "LMPO2",
    "L": 3,
    "bond_dim": 16,
    "lr": 0.001,
    "reduction_factor": 0.3
  },
  "n_parameters": 10320,
  "train_loss": 21.671649953867007,
  "train_quality": -2.054289392277873,
  "val_loss": 1940.1714603554008,
  "val_quality": -303.4135750814428,
  "test_loss": 2353.8326570870117,
  "test_quality": -231.57416500682774,
  "best_epoch": 371,
  "stopped_early": true,
  "patience_counter": 40,
  "success": true
}