{
  "run_id": "LMPO2-L3-d8-rf0.3-seed999",
  "seed": 999,
  "model": "LMPO2",
  "dataset": "student_perf",
  "task": "regression",
  "params": {
    "init_strength": 0.01,
    "bond_dim_mpo": 2,
    "batch_size": 64,
    "n_epochs": 1000,
    "patience": 40,
    "min_delta": 1e-08,
    "optimizer": "adamw",
    "seeds": [
      42,
      7,
      123,
      256,
      999
    ],
    "model": "LMPO2",
    "L": 3,
    "bond_dim": 8,
    "lr": 0.001,
    "reduction_factor": 0.3
  },
  "n_parameters": 7200,
  "train_loss": 0.2783072147352269,
  "train_quality": 0.9607768316870342,
  "val_loss": 30.11111309406295,
  "val_quality": -3.4344453172324263,
  "test_loss": 39.474720715461345,
  "test_quality": -2.9003623225441433,
  "best_epoch": 823,
  "stopped_early": true,
  "patience_counter": 40,
  "success": true
}