{
  "run_id": "LMPO2-L4-d12-rf0.1-seed999",
  "seed": 999,
  "model": "LMPO2",
  "dataset": "student_perf",
  "task": "regression",
  "params": {
    "init_strength": 0.01,
    "bond_dim_mpo": 2,
    "batch_size": 64,
    "n_epochs": 1000,
    "patience": 40,
    "min_delta": 1e-08,
    "optimizer": "adamw",
    "seeds": [
      42,
      7,
      123,
      256,
      999
    ],
    "model": "LMPO2",
    "L": 4,
    "bond_dim": 12,
    "lr": 0.001,
    "reduction_factor": 0.1
  },
  "n_parameters": 4560,
  "train_loss": 280.2660755840366,
  "train_quality": -38.49923995145224,
  "val_loss": 1290.9923918889206,
  "val_quality": -201.55715407021833,
  "test_loss": 2073.4046129539147,
  "test_quality": -203.86602780668105,
  "best_epoch": 999,
  "stopped_early": false,
  "patience_counter": 3,
  "success": true
}