{
  "run_id": "LMPO2-L4-d12-rf0.5-seed999",
  "seed": 999,
  "model": "LMPO2",
  "dataset": "student_perf",
  "task": "regression",
  "params": {
    "init_strength": 0.01,
    "bond_dim_mpo": 2,
    "batch_size": 64,
    "n_epochs": 1000,
    "patience": 40,
    "min_delta": 1e-08,
    "optimizer": "adamw",
    "seeds": [
      42,
      7,
      123,
      256,
      999
    ],
    "model": "LMPO2",
    "L": 4,
    "bond_dim": 12,
    "lr": 0.001,
    "reduction_factor": 0.5
  },
  "n_parameters": 22800,
  "train_loss": 33.82392542775742,
  "train_quality": -3.7669677601434044,
  "val_loss": 6748.625819407808,
  "val_quality": -1027.6192266085093,
  "test_loss": 16729.283914814165,
  "test_quality": -1651.9634024472762,
  "best_epoch": 379,
  "stopped_early": true,
  "patience_counter": 40,
  "success": true
}