{
  "run_id": "LMPO2-L3-d12-rf0.3-seed123",
  "seed": 123,
  "model": "LMPO2",
  "dataset": "student_perf",
  "task": "regression",
  "params": {
    "output_site": 1,
    "init_strength": 0.01,
    "reduction_factor": 0.3,
    "rank": 5,
    "batch_size": 64,
    "n_epochs": 1000,
    "patience": 40,
    "min_delta": 1e-08,
    "optimizer": "adamw",
    "seeds": [
      42,
      7,
      123,
      256,
      999
    ],
    "model": "LMPO2",
    "L": 3,
    "bond_dim": 12,
    "lr": 0.01
  },
  "n_parameters": 42840,
  "train_loss": 0.34319992975319824,
  "train_quality": 0.9516311906519761,
  "val_loss": 8.23091800564236,
  "val_quality": -0.042768969085772435,
  "test_loss": 13.08144355854211,
  "test_quality": -0.2925327565456628,
  "best_epoch": 15,
  "stopped_early": true,
  "patience_counter": 40,
  "success": true
}