{
  "run_id": "LMPO2-L3-d12-rf0.5-seed42",
  "seed": 42,
  "model": "LMPO2",
  "dataset": "student_perf",
  "task": "regression",
  "params": {
    "init_strength": 0.01,
    "bond_dim_mpo": 2,
    "batch_size": 64,
    "n_epochs": 1000,
    "patience": 40,
    "min_delta": 1e-08,
    "optimizer": "adamw",
    "seeds": [
      42,
      7,
      123,
      256,
      999
    ],
    "model": "LMPO2",
    "L": 3,
    "bond_dim": 12,
    "lr": 0.001,
    "reduction_factor": 0.5
  },
  "n_parameters": 14200,
  "train_loss": 3.4372388249602848,
  "train_quality": 0.5155734748323314,
  "val_loss": 199.37243704438623,
  "val_quality": -29.953956497397353,
  "test_loss": 318.6128401418034,
  "test_quality": -30.481046468332096,
  "best_epoch": 304,
  "stopped_early": true,
  "patience_counter": 40,
  "success": true
}