{
  "run_id": "LMPO2-L4-d8-rf0.3-seed123",
  "seed": 123,
  "model": "LMPO2",
  "dataset": "student_perf",
  "task": "regression",
  "params": {
    "init_strength": 0.01,
    "bond_dim_mpo": 2,
    "batch_size": 64,
    "n_epochs": 1000,
    "patience": 40,
    "min_delta": 1e-08,
    "optimizer": "adamw",
    "seeds": [
      42,
      7,
      123,
      256,
      999
    ],
    "model": "LMPO2",
    "L": 4,
    "bond_dim": 8,
    "lr": 0.001,
    "reduction_factor": 0.3
  },
  "n_parameters": 11160,
  "train_loss": 2.5477757548054836,
  "train_quality": 0.6409297640756415,
  "val_loss": 337.94821787817733,
  "val_quality": -48.281962558953296,
  "test_loss": 708.5415254101031,
  "test_quality": -69.00856800451265,
  "best_epoch": 714,
  "stopped_early": true,
  "patience_counter": 40,
  "success": true
}