{
  "run_id": "LMPO2-L3-d8-rf0.5-seed123",
  "seed": 123,
  "model": "LMPO2",
  "dataset": "student_perf",
  "task": "regression",
  "params": {
    "init_strength": 0.01,
    "bond_dim_mpo": 2,
    "batch_size": 64,
    "n_epochs": 1000,
    "patience": 40,
    "min_delta": 1e-08,
    "optimizer": "adamw",
    "seeds": [
      42,
      7,
      123,
      256,
      999
    ],
    "model": "LMPO2",
    "L": 3,
    "bond_dim": 8,
    "lr": 0.001,
    "reduction_factor": 0.5
  },
  "n_parameters": 12000,
  "train_loss": 0.4738445922513009,
  "train_quality": 0.9332188128369461,
  "val_loss": 22.962286876323148,
  "val_quality": -2.6027907754022896,
  "test_loss": 47.80505751877796,
  "test_quality": -3.723454448666085,
  "best_epoch": 267,
  "stopped_early": true,
  "patience_counter": 40,
  "success": true
}