{
  "run_id": "LMPO2-L4-d8-jit5-rf0.1-seed999",
  "seed": 999,
  "model": "LMPO2",
  "grid_params": {
    "model": "LMPO2",
    "L": 4,
    "bond_dim": 8,
    "jitter_start": 5.0,
    "reduction_factor": 0.1
  },
  "n_parameters": 352,
  "train_loss": 692.4180849988935,
  "train_quality": -1.4556683977136093,
  "val_loss": 678.121791058727,
  "val_quality": -1.3513466256866367,
  "success": false,
  "singular": false
}