{
  "run_id": "LMPO2-L3-d16-jit5-rf0.5-seed42",
  "seed": 42,
  "model": "LMPO2",
  "grid_params": {
    "model": "LMPO2",
    "L": 3,
    "bond_dim": 16,
    "jitter_start": 5.0,
    "reduction_factor": 0.5
  },
  "n_parameters": 1408,
  "train_loss": 625.4855739653142,
  "train_quality": -1.2182915069510858,
  "val_loss": 816.2140791315434,
  "val_quality": -1.8301733495505266,
  "test_loss": 751.5353919956475,
  "test_quality": -2.002780402508167,
  "success": false,
  "singular": false
}