{
  "run_id": "LMPO2-L3-d8-jit5-rf0.1-seed256",
  "seed": 256,
  "model": "LMPO2",
  "grid_params": {
    "model": "LMPO2",
    "L": 3,
    "bond_dim": 8,
    "jitter_start": 5.0,
    "reduction_factor": 0.1
  },
  "n_parameters": 3600,
  "train_loss": 518.5815680005142,
  "train_quality": -0.8391552672655405,
  "val_loss": 711.0910135596347,
  "val_quality": -1.4656654266766327,
  "test_loss": 659.0517421235635,
  "test_quality": -1.6332594267216693,
  "success": false,
  "singular": false
}