{
  "run_id": "LMPO2-L4-d8-jit5-rf0.3-seed256",
  "seed": 256,
  "model": "LMPO2",
  "grid_params": {
    "model": "LMPO2",
    "L": 4,
    "bond_dim": 8,
    "jitter_start": 5.0,
    "reduction_factor": 0.3
  },
  "n_parameters": 352,
  "train_loss": 1097.9371386745981,
  "train_quality": -2.8938462072717583,
  "val_loss": 1014.70219990272,
  "val_quality": -2.5184189997684965,
  "success": false,
  "singular": false
}