{
  "run_id": "LMPO2-L3-d8-jit5-rf0.5-seed7",
  "seed": 7,
  "model": "LMPO2",
  "grid_params": {
    "model": "LMPO2",
    "L": 3,
    "bond_dim": 8,
    "jitter_start": 5.0,
    "reduction_factor": 0.5
  },
  "n_parameters": 576,
  "train_loss": 644.7402775636012,
  "train_quality": -1.2865785262506053,
  "val_loss": 774.0500341407208,
  "val_quality": -1.6839720532322309,
  "test_loss": 744.1630785734595,
  "test_quality": -1.9733241207401058,
  "success": false,
  "singular": false
}