{
  "run_id": "LMPO2-L3-d16-jit5-rf0.1-seed999",
  "seed": 999,
  "model": "LMPO2",
  "grid_params": {
    "model": "LMPO2",
    "L": 3,
    "bond_dim": 16,
    "jitter_start": 5.0,
    "reduction_factor": 0.1
  },
  "n_parameters": 624,
  "train_loss": 887.7855083601761,
  "train_quality": -2.148541125744397,
  "val_loss": 975.5396068249652,
  "val_quality": -2.382625057882705,
  "success": false,
  "singular": false
}