{
  "run_id": "LMPO2-L3-d8-jit5-rf0.1-seed7",
  "seed": 7,
  "model": "LMPO2",
  "grid_params": {
    "model": "LMPO2",
    "L": 3,
    "bond_dim": 8,
    "jitter_start": 5.0,
    "reduction_factor": 0.1
  },
  "n_parameters": 288,
  "train_loss": 669.3960100822945,
  "train_quality": -1.37402035436047,
  "val_loss": 813.0431705974194,
  "val_quality": -1.8191784144512835,
  "test_loss": 786.8548208495756,
  "test_quality": -2.143900155376666,
  "success": false,
  "singular": false
}