{
  "run_id": "LMPO2-L3-d8-jit5-rf0.5-seed256",
  "seed": 256,
  "model": "LMPO2",
  "grid_params": {
    "model": "LMPO2",
    "L": 3,
    "bond_dim": 8,
    "jitter_start": 5.0,
    "reduction_factor": 0.5
  },
  "n_parameters": 416,
  "train_loss": 875.6985191959714,
  "train_quality": -2.1056744849718765,
  "val_loss": 976.6941593785672,
  "val_quality": -2.3866283995934197,
  "success": false,
  "singular": false
}