{
  "run_id": "LMPO2-L3-d8-jit0.1-rf0.5-seed999",
  "seed": 999,
  "model": "LMPO2",
  "grid_params": {
    "model": "LMPO2",
    "L": 3,
    "bond_dim": 8,
    "jitter_start": 0.1,
    "reduction_factor": 0.5
  },
  "n_parameters": 576,
  "train_loss": 556.9402465870302,
  "train_quality": -0.9751947451817069,
  "val_loss": 702.3685271408464,
  "val_quality": -1.435420728336537,
  "test_loss": 712.6748183115226,
  "test_quality": -1.8475119077283617,
  "success": false,
  "singular": false
}