{
  "run_id": "LMPO2-L3-d12-jit0.1-rf0.1-seed999",
  "seed": 999,
  "model": "LMPO2",
  "grid_params": {
    "model": "LMPO2",
    "L": 3,
    "bond_dim": 12,
    "jitter_start": 0.1,
    "reduction_factor": 0.1
  },
  "n_parameters": 464,
  "train_loss": 559.4674008983499,
  "train_quality": -0.9841573259012204,
  "val_loss": 785.5824245179355,
  "val_quality": -1.7239599249642819,
  "test_loss": 732.8565428758081,
  "test_quality": -1.9281485452785003,
  "success": false,
  "singular": false
}