{
  "run_id": "LMPO2-L4-d8-jit5-rf0.1-seed42",
  "seed": 42,
  "model": "LMPO2",
  "grid_params": {
    "model": "LMPO2",
    "L": 4,
    "bond_dim": 8,
    "jitter_start": 5.0,
    "reduction_factor": 0.1
  },
  "n_parameters": 352,
  "train_loss": 1101.4503410960917,
  "train_quality": -2.9063058185212918,
  "val_loss": 1017.5305913418454,
  "val_quality": -2.528226277390596,
  "success": false,
  "singular": false
}