{
  "run_id": "LMPO2-L3-d12-jit5-rf0.5-seed42",
  "seed": 42,
  "model": "LMPO2",
  "grid_params": {
    "model": "LMPO2",
    "L": 3,
    "bond_dim": 12,
    "jitter_start": 5.0,
    "reduction_factor": 0.5
  },
  "n_parameters": 768,
  "train_loss": 879.5675405301802,
  "train_quality": -2.1193960119312876,
  "val_loss": 971.1704042343146,
  "val_quality": -2.3674751100356843,
  "success": false,
  "singular": false
}