{
  "run_id": "LMPO2-L3-d8-jit5-rf0.5-seed42",
  "seed": 42,
  "model": "LMPO2",
  "grid_params": {
    "model": "LMPO2",
    "L": 3,
    "bond_dim": 8,
    "jitter_start": 5.0,
    "reduction_factor": 0.5
  },
  "n_parameters": 416,
  "train_loss": 874.8587972761036,
  "train_quality": -2.1026964018943812,
  "val_loss": 975.8495640079633,
  "val_quality": -2.3836998158184617,
  "success": false,
  "singular": false
}