{
  "run_id": "LMPO2-L3-d16-jit0.1-rf0.1-seed999",
  "seed": 999,
  "model": "LMPO2",
  "grid_params": {
    "model": "LMPO2",
    "L": 3,
    "bond_dim": 16,
    "jitter_start": 0.1,
    "reduction_factor": 0.1
  },
  "n_parameters": 704,
  "train_loss": 610.5762141416913,
  "train_quality": -1.1654152974149494,
  "val_loss": 731.2168334250047,
  "val_quality": -1.5354504995847456,
  "test_loss": 712.3376246473433,
  "test_quality": -1.8461646411359545,
  "success": false,
  "singular": false
}