{
  "run_id": "LMPO2-L3-d12-jit0.1-rf0.3-seed123",
  "seed": 123,
  "model": "LMPO2",
  "grid_params": {
    "model": "LMPO2",
    "L": 3,
    "bond_dim": 12,
    "jitter_start": 0.1,
    "reduction_factor": 0.3
  },
  "n_parameters": 464,
  "train_loss": 548.1232456175672,
  "train_quality": -0.9439251537132014,
  "val_loss": 751.0741108708287,
  "val_quality": -1.604304417764641,
  "test_loss": 671.238566109885,
  "test_quality": -1.681952218338266,
  "success": false,
  "singular": false
}