{
  "run_id": "LMPO2-L3-d16-jit5-rf0.5-seed256",
  "seed": 256,
  "model": "LMPO2",
  "grid_params": {
    "model": "LMPO2",
    "L": 3,
    "bond_dim": 16,
    "jitter_start": 5.0,
    "reduction_factor": 0.5
  },
  "n_parameters": 1408,
  "train_loss": 618.2225072793465,
  "train_quality": -1.192532960608025,
  "val_loss": 761.7238101773188,
  "val_quality": -1.641231611167167,
  "test_loss": 736.3482457882575,
  "test_quality": -1.9420997406427554,
  "success": false,
  "singular": false
}