{
  "run_id": "LMPO2-L3-d12-jit5-rf0.5-seed7",
  "seed": 7,
  "model": "LMPO2",
  "grid_params": {
    "model": "LMPO2",
    "L": 3,
    "bond_dim": 12,
    "jitter_start": 5.0,
    "reduction_factor": 0.5
  },
  "n_parameters": 928,
  "train_loss": 625.3275486371523,
  "train_quality": -1.2177310683767435,
  "val_loss": 797.6428078933913,
  "val_quality": -1.7657785807400987,
  "test_loss": 759.2572668754285,
  "test_quality": -2.033633366728594,
  "success": false,
  "singular": false
}