{
  "run_id": "LMPO2-L3-d16-jit5-rf0.3-seed42",
  "seed": 42,
  "model": "LMPO2",
  "grid_params": {
    "model": "LMPO2",
    "L": 3,
    "bond_dim": 16,
    "jitter_start": 5.0,
    "reduction_factor": 0.3
  },
  "n_parameters": 704,
  "train_loss": 645.2547025474985,
  "train_quality": -1.2884029401463706,
  "val_loss": 827.5260262697865,
  "val_quality": -1.8693968475772254,
  "test_loss": 866.955291779966,
  "test_quality": -2.463943797902612,
  "success": false,
  "singular": false
}