{
  "run_id": "LMPO2-L3-d16-jit5-rf0.1-seed256",
  "seed": 256,
  "model": "LMPO2",
  "grid_params": {
    "model": "LMPO2",
    "L": 3,
    "bond_dim": 16,
    "jitter_start": 5.0,
    "reduction_factor": 0.1
  },
  "n_parameters": 624,
  "train_loss": 873.9695469986865,
  "train_quality": -2.0995426659489738,
  "val_loss": 981.6865507430649,
  "val_quality": -2.403939217124724,
  "success": false,
  "singular": false
}