{
  "run_id": "LMPO2-L3-d16-jit5-rf0.5-seed123",
  "seed": 123,
  "model": "LMPO2",
  "grid_params": {
    "model": "LMPO2",
    "L": 3,
    "bond_dim": 16,
    "jitter_start": 5.0,
    "reduction_factor": 0.5
  },
  "n_parameters": 1408,
  "train_loss": 683.3109061825909,
  "train_quality": -1.42336968730145,
  "val_loss": 844.5424251407206,
  "val_quality": -1.9284001897409402,
  "test_loss": 790.1392093577978,
  "test_quality": -2.157023020316565,
  "success": false,
  "singular": false
}