{
  "run_id": "LMPO2-L3-d8-jit0.1-rf0.5-seed42",
  "seed": 42,
  "model": "LMPO2",
  "grid_params": {
    "model": "LMPO2",
    "L": 3,
    "bond_dim": 8,
    "jitter_start": 0.1,
    "reduction_factor": 0.5
  },
  "n_parameters": 576,
  "train_loss": 559.131677761597,
  "train_quality": -0.9829666800830845,
  "val_loss": 710.5339122870417,
  "val_quality": -1.4637337114379392,
  "test_loss": 709.5133496221608,
  "test_quality": -1.834880172317538,
  "success": false,
  "singular": false
}