{
  "run_id": "LMPO2-L3-d8-jit0.1-rf0.5-seed7",
  "seed": 7,
  "model": "LMPO2",
  "grid_params": {
    "model": "LMPO2",
    "L": 3,
    "bond_dim": 8,
    "jitter_start": 0.1,
    "reduction_factor": 0.5
  },
  "n_parameters": 576,
  "train_loss": 529.98713141555,
  "train_quality": -0.8796052240809622,
  "val_loss": 723.2328956080072,
  "val_quality": -1.5077666742111662,
  "test_loss": 640.5861282953927,
  "test_quality": -1.5594795569855577,
  "success": false,
  "singular": false
}