{
  "run_id": "LMPO2-L3-d16-jit0.1-rf0.3-seed42",
  "seed": 42,
  "model": "LMPO2",
  "grid_params": {
    "model": "LMPO2",
    "L": 3,
    "bond_dim": 16,
    "jitter_start": 0.1,
    "reduction_factor": 0.3
  },
  "n_parameters": 704,
  "train_loss": 635.8501900618799,
  "train_quality": -1.2550497325869898,
  "val_loss": 769.4495822163872,
  "val_quality": -1.6680202621947733,
  "test_loss": 772.7443465176606,
  "test_quality": -2.0875213657078833,
  "success": false,
  "singular": false
}