{
  "run_id": "LMPO2-L3-d12-jit0.1-rf0.5-seed256",
  "seed": 256,
  "model": "LMPO2",
  "grid_params": {
    "model": "LMPO2",
    "L": 3,
    "bond_dim": 12,
    "jitter_start": 0.1,
    "reduction_factor": 0.5
  },
  "n_parameters": 928,
  "train_loss": 530.7870601977214,
  "train_quality": -0.8824421803554405,
  "val_loss": 726.9388693632052,
  "val_quality": -1.5206169158625413,
  "test_loss": 729.9094304516958,
  "test_quality": -1.9163732762421164,
  "success": false,
  "singular": false
}