{
  "run_id": "LMPO2-L3-d16-jit5-rf0.3-seed256",
  "seed": 256,
  "model": "LMPO2",
  "grid_params": {
    "model": "LMPO2",
    "L": 3,
    "bond_dim": 16,
    "jitter_start": 5.0,
    "reduction_factor": 0.3
  },
  "n_parameters": 704,
  "train_loss": 635.8216871272228,
  "train_quality": -1.2549486466139403,
  "val_loss": 772.0585877396123,
  "val_quality": -1.6770668323158358,
  "test_loss": 768.0600692783581,
  "test_quality": -2.068805206703393,
  "success": false,
  "singular": false
}