{
  "run_id": "LMPO2-L3-d8-jit0.1-rf0.1-seed256",
  "seed": 256,
  "model": "LMPO2",
  "grid_params": {
    "model": "LMPO2",
    "L": 3,
    "bond_dim": 8,
    "jitter_start": 0.1,
    "reduction_factor": 0.1
  },
  "n_parameters": 288,
  "train_loss": 579.1646823915872,
  "train_quality": -1.0540139526008097,
  "val_loss": 757.2627079953627,
  "val_quality": -1.625763007000932,
  "test_loss": 764.674848284069,
  "test_quality": -2.0552794627822477,
  "success": false,
  "singular": false
}