{
  "run_id": "LMPO2-L3-d12-jit5-rf0.1-seed999",
  "seed": 999,
  "model": "LMPO2",
  "grid_params": {
    "model": "LMPO2",
    "L": 3,
    "bond_dim": 12,
    "jitter_start": 5.0,
    "reduction_factor": 0.1
  },
  "n_parameters": 384,
  "train_loss": 873.8832303246679,
  "train_quality": -2.099236542909765,
  "val_loss": 978.4462408235504,
  "val_quality": -2.392703636885466,
  "success": false,
  "singular": false
}