{
  "run_id": "LMPO2-L3-d8-jit0.1-rf0.5-seed256",
  "seed": 256,
  "model": "LMPO2",
  "grid_params": {
    "model": "LMPO2",
    "L": 3,
    "bond_dim": 8,
    "jitter_start": 0.1,
    "reduction_factor": 0.5
  },
  "n_parameters": 576,
  "train_loss": 563.2735505202365,
  "train_quality": -0.9976558776374183,
  "val_loss": 721.4356668479422,
  "val_quality": -1.5015348913127462,
  "test_loss": 696.384244665882,
  "test_quality": -1.7824224710767487,
  "success": false,
  "singular": false
}