{
  "run_id": "LMPO2-L3-d8-jit5-rf0.1-seed7",
  "seed": 7,
  "model": "LMPO2",
  "grid_params": {
    "model": "LMPO2",
    "L": 3,
    "bond_dim": 8,
    "jitter_start": 5.0,
    "reduction_factor": 0.1
  },
  "n_parameters": 3600,
  "train_loss": 559.8418425418093,
  "train_quality": -0.98548528733168,
  "val_loss": 707.935919898037,
  "val_quality": -1.4547253286990398,
  "test_loss": 684.7820926766132,
  "test_quality": -1.736065752562423,
  "success": false,
  "singular": false
}