{
  "run_id": "LMPO2-L3-d16-jit5-rf0.5-seed999",
  "seed": 999,
  "model": "LMPO2",
  "grid_params": {
    "model": "LMPO2",
    "L": 3,
    "bond_dim": 16,
    "jitter_start": 5.0,
    "reduction_factor": 0.5
  },
  "n_parameters": 1408,
  "train_loss": 695.0477667615442,
  "train_quality": -1.4649945931733876,
  "val_loss": 789.4105679961177,
  "val_quality": -1.7372337828003714,
  "test_loss": 813.7215463065676,
  "test_quality": -2.2512468985122043,
  "success": false,
  "singular": false
}