{
  "run_id": "LMPO2-L3-d8-jit5-rf0.1-seed123",
  "seed": 123,
  "model": "LMPO2",
  "grid_params": {
    "model": "LMPO2",
    "L": 3,
    "bond_dim": 8,
    "jitter_start": 5.0,
    "reduction_factor": 0.1
  },
  "n_parameters": 3600,
  "train_loss": 555.2600442305517,
  "train_quality": -0.9692358889386974,
  "val_loss": 718.5397593746247,
  "val_quality": -1.4914935058928003,
  "test_loss": 684.9816019032828,
  "test_quality": -1.7368628971844111,
  "success": false,
  "singular": false
}