{
  "run_id": "LMPO2-L3-d12-jit5-rf0.5-seed123",
  "seed": 123,
  "model": "LMPO2",
  "grid_params": {
    "model": "LMPO2",
    "L": 3,
    "bond_dim": 12,
    "jitter_start": 5.0,
    "reduction_factor": 0.5
  },
  "n_parameters": 928,
  "train_loss": 666.7567151098431,
  "train_quality": -1.3646600655457957,
  "val_loss": 826.0112384774415,
  "val_quality": -1.8641444117889567,
  "test_loss": 781.080517041743,
  "test_quality": -2.1208287651308315,
  "success": false,
  "singular": false
}