{
  "run_id": "LMPO2-L3-d8-jit5-rf0.5-seed42",
  "seed": 42,
  "model": "LMPO2",
  "grid_params": {
    "model": "LMPO2",
    "L": 3,
    "bond_dim": 8,
    "jitter_start": 5.0,
    "reduction_factor": 0.5
  },
  "n_parameters": 576,
  "train_loss": 636.574348298646,
  "train_quality": -1.2576179677840438,
  "val_loss": 786.7349498275657,
  "val_quality": -1.7279562373281516,
  "test_loss": 796.4063634831787,
  "test_quality": -2.1820636076097593,
  "success": false,
  "singular": false
}