{
  "run_id": "LMPO2-L3-d12-jit5-rf0.1-seed256",
  "seed": 256,
  "model": "LMPO2",
  "grid_params": {
    "model": "LMPO2",
    "L": 3,
    "bond_dim": 12,
    "jitter_start": 5.0,
    "reduction_factor": 0.1
  },
  "n_parameters": 464,
  "train_loss": 643.3470676461884,
  "train_quality": -1.2816374918673437,
  "val_loss": 803.6157914421642,
  "val_quality": -1.7864895428384582,
  "test_loss": 783.8664472771337,
  "test_quality": -2.1319600262832465,
  "success": false,
  "singular": false
}