{
  "run_id": "LMPO2-L3-d8-jit0.1-rf0.3-seed7",
  "seed": 7,
  "model": "LMPO2",
  "grid_params": {
    "model": "LMPO2",
    "L": 3,
    "bond_dim": 8,
    "jitter_start": 0.1,
    "reduction_factor": 0.3
  },
  "n_parameters": 288,
  "train_loss": 618.6184157992828,
  "train_quality": -1.1939370545533685,
  "val_loss": 738.4401178440856,
  "val_quality": -1.5604968049374524,
  "test_loss": 763.2563663494848,
  "test_quality": -2.049611879059849,
  "success": false,
  "singular": false
}