{
  "run_id": "LMPO2-L3-d8-jit0.1-rf0.1-seed42",
  "seed": 42,
  "model": "LMPO2",
  "grid_params": {
    "model": "LMPO2",
    "L": 3,
    "bond_dim": 8,
    "jitter_start": 0.1,
    "reduction_factor": 0.1
  },
  "n_parameters": 288,
  "train_loss": 558.2991971694455,
  "train_quality": -0.9800142784544366,
  "val_loss": 738.6364222970217,
  "val_quality": -1.5611774788504635,
  "test_loss": 689.5607710053032,
  "test_quality": -1.7551590937252066,
  "success": false,
  "singular": false
}