{
  "run_id": "LMPO2-L3-d16-jit5-rf0.5-seed42",
  "seed": 42,
  "model": "LMPO2",
  "grid_params": {
    "model": "LMPO2",
    "L": 3,
    "bond_dim": 16,
    "jitter_start": 5.0,
    "reduction_factor": 0.5
  },
  "n_parameters": 1248,
  "train_loss": 903.2268694341121,
  "train_quality": -2.2033040835995643,
  "val_loss": 970.057783108283,
  "val_quality": -2.3636171630343394,
  "success": false,
  "singular": false
}