{
  "run_id": "LMPO2-L3-d12-jit5-rf0.5-seed999",
  "seed": 999,
  "model": "LMPO2",
  "grid_params": {
    "model": "LMPO2",
    "L": 3,
    "bond_dim": 12,
    "jitter_start": 5.0,
    "reduction_factor": 0.5
  },
  "n_parameters": 928,
  "train_loss": 643.1880754305437,
  "train_quality": -1.2810736242158485,
  "val_loss": 819.434425518044,
  "val_quality": -1.8413397074367972,
  "test_loss": 796.7088768917743,
  "test_quality": -2.1832723082837413,
  "success": false,
  "singular": false
}