{
  "run_id": "LMPO2-L3-d8-jit5-rf0.1-seed123",
  "seed": 123,
  "model": "LMPO2",
  "grid_params": {
    "model": "LMPO2",
    "L": 3,
    "bond_dim": 8,
    "jitter_start": 5.0,
    "reduction_factor": 0.1
  },
  "n_parameters": 6720,
  "train_loss": 6.947187748768607e+32,
  "train_quality": 0.43105344182977784,
  "val_loss": 1.3186798017975454e+33,
  "val_quality": 0.4502564102564103,
  "test_loss": 8.33356221556227e+32,
  "test_quality": 0.46564102564102566,
  "success": true,
  "singular": true
}