{
  "run_id": "LMPO2-L3-d8-jit5-rf0.1-seed999",
  "seed": 999,
  "model": "LMPO2",
  "grid_params": {
    "model": "LMPO2",
    "L": 3,
    "bond_dim": 8,
    "jitter_start": 5.0,
    "reduction_factor": 0.1
  },
  "n_parameters": 6720,
  "train_loss": 1.5829190397836545e+28,
  "train_quality": 0.3191115020892896,
  "val_loss": 2.7038606583212145e+28,
  "val_quality": 0.3087179487179487,
  "test_loss": 1.8478869319854826e+28,
  "test_quality": 0.3302564102564103,
  "success": true,
  "singular": true
}