{
  "run_id": "LMPO2-L3-d8-jit5-rf0.1-seed7",
  "seed": 7,
  "model": "LMPO2",
  "grid_params": {
    "model": "LMPO2",
    "L": 3,
    "bond_dim": 8,
    "jitter_start": 5.0,
    "reduction_factor": 0.1
  },
  "n_parameters": 6720,
  "train_loss": 8.022255306898825e+117,
  "train_quality": 0.3213107543435232,
  "val_loss": 1.5211236348897943e+118,
  "val_quality": 0.30153846153846153,
  "test_loss": 9.603901889115444e+117,
  "test_quality": 0.31076923076923074,
  "success": true,
  "singular": true
}