{
  "run_id": "LMPO2-L3-d8-jit5-rf0.3-seed42",
  "seed": 42,
  "model": "LMPO2",
  "grid_params": {
    "model": "LMPO2",
    "L": 3,
    "bond_dim": 8,
    "jitter_start": 5.0,
    "reduction_factor": 0.3
  },
  "n_parameters": 6720,
  "train_loss": 3.1767698542345862e+31,
  "train_quality": 0.3140532219045524,
  "val_loss": 6.057897738574429e+31,
  "val_quality": 0.29333333333333333,
  "test_loss": 3.8404157200138186e+31,
  "test_quality": 0.3128205128205128,
  "success": true,
  "singular": true
}