{
  "run_id": "LMPO2-L3-d6-jit5-rank5-seed0",
  "seed": 0,
  "model": "LMPO2",
  "grid_params": {
    "model": "LMPO2",
    "L": 3,
    "bond_dim": 6,
    "jitter_start": 5.0,
    "rank": 5
  },
  "train_loss": 0.1836293387171766,
  "train_quality": 0.9047619047619048,
  "val_loss": 0.14305973000073866,
  "val_quality": 0.9090909090909091,
  "test_loss": 0.5630074887898484,
  "test_quality": 0.8695652173913043,
  "success": true
}