{
  "run_id": "MMPO2-L3-d6-jit5-rank5-seed2",
  "seed": 2,
  "model": "MMPO2",
  "grid_params": {
    "model": "MMPO2",
    "L": 3,
    "bond_dim": 6,
    "jitter_start": 5.0,
    "rank": 5
  },
  "train_loss": 0.22503443114409583,
  "train_quality": 0.9142857142857143,
  "val_loss": 0.12358827772914195,
  "val_quality": 0.9545454545454546,
  "test_loss": 0.8204936954819106,
  "test_quality": 0.8695652173913043,
  "success": true
}