{
  "run_id": "LMPO2-L3-d12-rf0.5-seed123",
  "seed": 123,
  "model": "LMPO2",
  "dataset": "student_dropout",
  "task": "classification",
  "params": {
    "init_strength": 0.01,
    "bond_dim_mpo": 2,
    "batch_size": 64,
    "n_epochs": 1000,
    "patience": 40,
    "min_delta": 1e-08,
    "optimizer": "adamw",
    "seeds": [
      42,
      7,
      123,
      256,
      999
    ],
    "model": "LMPO2",
    "L": 3,
    "bond_dim": 12,
    "lr": 0.001,
    "reduction_factor": 0.5
  },
  "n_parameters": 8640,
  "train_loss": 0.007037996376372935,
  "train_quality": 0.9996770025839793,
  "val_loss": 15.303375995701527,
  "val_quality": 0.6852409638554217,
  "test_loss": 16.614230169260697,
  "test_quality": 0.6912650602409639,
  "best_epoch": 145,
  "stopped_early": true,
  "patience_counter": 40,
  "success": true
}