{
  "run_id": "LMPO2-L4-d12-rf0.5-seed123",
  "seed": 123,
  "model": "LMPO2",
  "dataset": "student_dropout",
  "task": "classification",
  "params": {
    "init_strength": 0.01,
    "bond_dim_mpo": 2,
    "batch_size": 64,
    "n_epochs": 1000,
    "patience": 40,
    "min_delta": 1e-08,
    "optimizer": "adamw",
    "seeds": [
      42,
      7,
      123,
      256,
      999
    ],
    "model": "LMPO2",
    "L": 4,
    "bond_dim": 12,
    "lr": 0.001,
    "reduction_factor": 0.5
  },
  "n_parameters": 13824,
  "train_loss": 0.5823201996680747,
  "train_quality": 0.9408914728682171,
  "val_loss": 168.33586113844135,
  "val_quality": 0.641566265060241,
  "test_loss": 164.88067372652512,
  "test_quality": 0.6581325301204819,
  "best_epoch": 111,
  "stopped_early": true,
  "patience_counter": 40,
  "success": true
}