{
  "run_id": "LMPO2-L4-d12-rf0.3-seed256",
  "seed": 256,
  "model": "LMPO2",
  "dataset": "student_dropout",
  "task": "classification",
  "params": {
    "init_strength": 0.01,
    "bond_dim_mpo": 2,
    "batch_size": 64,
    "n_epochs": 1000,
    "patience": 40,
    "min_delta": 1e-08,
    "optimizer": "adamw",
    "seeds": [
      42,
      7,
      123,
      256,
      999
    ],
    "model": "LMPO2",
    "L": 4,
    "bond_dim": 12,
    "lr": 0.001,
    "reduction_factor": 0.3
  },
  "n_parameters": 7680,
  "train_loss": 0.07927597673058419,
  "train_quality": 0.9748062015503876,
  "val_loss": 92.27436306960975,
  "val_quality": 0.6596385542168675,
  "test_loss": 86.52955577082429,
  "test_quality": 0.6701807228915663,
  "best_epoch": 276,
  "stopped_early": true,
  "patience_counter": 40,
  "success": true
}