{
  "run_id": "LMPO2-L4-d8-rf0.3-seed999",
  "seed": 999,
  "model": "LMPO2",
  "dataset": "student_dropout",
  "task": "classification",
  "params": {
    "init_strength": 0.01,
    "bond_dim_mpo": 2,
    "batch_size": 64,
    "n_epochs": 1000,
    "patience": 40,
    "min_delta": 1e-08,
    "optimizer": "adamw",
    "seeds": [
      42,
      7,
      123,
      256,
      999
    ],
    "model": "LMPO2",
    "L": 4,
    "bond_dim": 8,
    "lr": 0.001,
    "reduction_factor": 0.3
  },
  "n_parameters": 5920,
  "train_loss": 0.2701742086595292,
  "train_quality": 0.9040697674418605,
  "val_loss": 22.064279615248964,
  "val_quality": 0.6385542168674698,
  "test_loss": 15.413802645204001,
  "test_quality": 0.6656626506024096,
  "best_epoch": 209,
  "stopped_early": true,
  "patience_counter": 40,
  "success": true
}