{
  "run_id": "LMPO2-L4-d8-rf0.5-seed123",
  "seed": 123,
  "model": "LMPO2",
  "dataset": "student_dropout",
  "task": "classification",
  "params": {
    "init_strength": 0.01,
    "bond_dim_mpo": 2,
    "batch_size": 64,
    "n_epochs": 1000,
    "patience": 40,
    "min_delta": 1e-08,
    "optimizer": "adamw",
    "seeds": [
      42,
      7,
      123,
      256,
      999
    ],
    "model": "LMPO2",
    "L": 4,
    "bond_dim": 8,
    "lr": 0.001,
    "reduction_factor": 0.5
  },
  "n_parameters": 10656,
  "train_loss": 0.04156169442522686,
  "train_quality": 0.9909560723514211,
  "val_loss": 24.66536891074091,
  "val_quality": 0.6731927710843374,
  "test_loss": 18.797369906277662,
  "test_quality": 0.6641566265060241,
  "best_epoch": 380,
  "stopped_early": true,
  "patience_counter": 40,
  "success": true
}