{
  "run_id": "LMPO2-L4-d12-rf0.1-seed256",
  "seed": 256,
  "model": "LMPO2",
  "dataset": "student_dropout",
  "task": "classification",
  "params": {
    "init_strength": 0.01,
    "bond_dim_mpo": 2,
    "batch_size": 64,
    "n_epochs": 1000,
    "patience": 40,
    "min_delta": 1e-08,
    "optimizer": "adamw",
    "seeds": [
      42,
      7,
      123,
      256,
      999
    ],
    "model": "LMPO2",
    "L": 4,
    "bond_dim": 12,
    "lr": 0.001,
    "reduction_factor": 0.1
  },
  "n_parameters": 2304,
  "train_loss": 0.20602667326163132,
  "train_quality": 0.9228036175710594,
  "val_loss": 23.09229699008743,
  "val_quality": 0.6837349397590361,
  "test_loss": 11.569775606421373,
  "test_quality": 0.6762048192771084,
  "best_epoch": 723,
  "stopped_early": false,
  "patience_counter": 1,
  "success": true
}