{
  "run_id": "LMPO2-L4-d16-rf0.3-seed123",
  "seed": 123,
  "model": "LMPO2",
  "dataset": "student_dropout",
  "task": "classification",
  "params": {
    "init_strength": 0.01,
    "bond_dim_mpo": 2,
    "batch_size": 64,
    "n_epochs": 1000,
    "patience": 40,
    "min_delta": 1e-08,
    "optimizer": "adamw",
    "seeds": [
      42,
      7,
      123,
      256,
      999
    ],
    "model": "LMPO2",
    "L": 4,
    "bond_dim": 16,
    "lr": 0.001,
    "reduction_factor": 0.3
  },
  "n_parameters": 10080,
  "train_loss": 0.5799258888627249,
  "train_quality": 0.9402454780361758,
  "val_loss": 266.98766237827056,
  "val_quality": 0.6566265060240963,
  "test_loss": 316.63071482417405,
  "test_quality": 0.6762048192771084,
  "best_epoch": 344,
  "stopped_early": true,
  "patience_counter": 40,
  "success": true
}