{
  "run_id": "LMPO2-L4-d16-rf0.5-seed123",
  "seed": 123,
  "model": "LMPO2",
  "dataset": "student_dropout",
  "task": "classification",
  "params": {
    "init_strength": 0.01,
    "bond_dim_mpo": 2,
    "batch_size": 64,
    "n_epochs": 1000,
    "patience": 40,
    "min_delta": 1e-08,
    "optimizer": "adamw",
    "seeds": [
      42,
      7,
      123,
      256,
      999
    ],
    "model": "LMPO2",
    "L": 4,
    "bond_dim": 16,
    "lr": 0.001,
    "reduction_factor": 0.5
  },
  "n_parameters": 18144,
  "train_loss": 0.9842215107093463,
  "train_quality": 0.9563953488372093,
  "val_loss": 647.4840934086392,
  "val_quality": 0.6400602409638554,
  "test_loss": 690.864636337584,
  "test_quality": 0.6385542168674698,
  "best_epoch": 127,
  "stopped_early": true,
  "patience_counter": 40,
  "success": true
}