{
  "run_id": "LMPO2-L3-d12-rf0.3-seed7",
  "seed": 7,
  "model": "LMPO2",
  "dataset": "student_dropout",
  "task": "classification",
  "params": {
    "init_strength": 0.01,
    "bond_dim_mpo": 2,
    "batch_size": 64,
    "n_epochs": 1000,
    "patience": 40,
    "min_delta": 1e-08,
    "optimizer": "adamw",
    "seeds": [
      42,
      7,
      123,
      256,
      999
    ],
    "model": "LMPO2",
    "L": 3,
    "bond_dim": 12,
    "lr": 0.001,
    "reduction_factor": 0.3
  },
  "n_parameters": 4800,
  "train_loss": 0.011180235105354198,
  "train_quality": 0.9993540051679587,
  "val_loss": 15.192483026545505,
  "val_quality": 0.7198795180722891,
  "test_loss": 13.958544063721915,
  "test_quality": 0.6822289156626506,
  "best_epoch": 290,
  "stopped_early": true,
  "patience_counter": 40,
  "success": true
}