{
  "run_id": "LMPO2-L3-d12-rf0.1-seed256",
  "seed": 256,
  "model": "LMPO2",
  "dataset": "student_dropout",
  "task": "classification",
  "params": {
    "init_strength": 0.01,
    "bond_dim_mpo": 2,
    "batch_size": 64,
    "n_epochs": 1000,
    "patience": 40,
    "min_delta": 1e-08,
    "optimizer": "adamw",
    "seeds": [
      42,
      7,
      123,
      256,
      999
    ],
    "model": "LMPO2",
    "L": 3,
    "bond_dim": 12,
    "lr": 0.001,
    "reduction_factor": 0.1
  },
  "n_parameters": 1440,
  "train_loss": 0.27096870368929044,
  "train_quality": 0.8934108527131783,
  "val_loss": 4.6380599573202215,
  "val_quality": 0.7213855421686747,
  "test_loss": 3.58049517353969,
  "test_quality": 0.7259036144578314,
  "best_epoch": 333,
  "stopped_early": false,
  "patience_counter": 11,
  "success": true
}