{
  "run_id": "LMPO2-L4-d8-rf0.1-seed123",
  "seed": 123,
  "model": "LMPO2",
  "dataset": "student_dropout",
  "task": "classification",
  "params": {
    "init_strength": 0.01,
    "bond_dim_mpo": 2,
    "batch_size": 64,
    "n_epochs": 1000,
    "patience": 40,
    "min_delta": 1e-08,
    "optimizer": "adamw",
    "seeds": [
      42,
      7,
      123,
      256,
      999
    ],
    "model": "LMPO2",
    "L": 4,
    "bond_dim": 8,
    "lr": 0.001,
    "reduction_factor": 0.1
  },
  "n_parameters": 1776,
  "train_loss": 0.19012532727949683,
  "train_quality": 0.9308785529715762,
  "val_loss": 10.186723440361368,
  "val_quality": 0.6762048192771084,
  "test_loss": 11.462236557257965,
  "test_quality": 0.6746987951807228,
  "best_epoch": 722,
  "stopped_early": false,
  "patience_counter": 29,
  "success": true
}