{
  "run_id": "LMPO2-L4-d12-rf0.5-seed42",
  "seed": 42,
  "model": "LMPO2",
  "dataset": "student_dropout",
  "task": "classification",
  "params": {
    "init_strength": 0.01,
    "bond_dim_mpo": 2,
    "batch_size": 64,
    "n_epochs": 1000,
    "patience": 40,
    "min_delta": 1e-08,
    "optimizer": "adamw",
    "seeds": [
      42,
      7,
      123,
      256,
      999
    ],
    "model": "LMPO2",
    "L": 4,
    "bond_dim": 12,
    "lr": 0.001,
    "reduction_factor": 0.5
  },
  "n_parameters": 13824,
  "train_loss": 0.1476544573127629,
  "train_quality": 0.976421188630491,
  "val_loss": 143.39606673690932,
  "val_quality": 0.6506024096385542,
  "test_loss": 112.89204286388393,
  "test_quality": 0.6460843373493976,
  "best_epoch": 209,
  "stopped_early": true,
  "patience_counter": 40,
  "success": true
}