{
  "run_id": "LMPO2-L4-d8-rf0.3-seed123",
  "seed": 123,
  "model": "LMPO2",
  "dataset": "student_dropout",
  "task": "classification",
  "params": {
    "init_strength": 0.01,
    "bond_dim_mpo": 2,
    "batch_size": 64,
    "n_epochs": 1000,
    "patience": 40,
    "min_delta": 1e-08,
    "optimizer": "adamw",
    "seeds": [
      42,
      7,
      123,
      256,
      999
    ],
    "model": "LMPO2",
    "L": 4,
    "bond_dim": 8,
    "lr": 0.001,
    "reduction_factor": 0.3
  },
  "n_parameters": 5920,
  "train_loss": 0.03340005740510328,
  "train_quality": 0.9938630490956072,
  "val_loss": 19.588548218543295,
  "val_quality": 0.6731927710843374,
  "test_loss": 18.252750233497903,
  "test_quality": 0.6731927710843374,
  "best_epoch": 286,
  "stopped_early": true,
  "patience_counter": 40,
  "success": true
}