{
  "run_id": "LMPO2-L4-d12-rf0.1-seed999",
  "seed": 999,
  "model": "LMPO2",
  "dataset": "student_dropout",
  "task": "classification",
  "params": {
    "init_strength": 0.01,
    "bond_dim_mpo": 2,
    "batch_size": 64,
    "n_epochs": 1000,
    "patience": 40,
    "min_delta": 1e-08,
    "optimizer": "adamw",
    "seeds": [
      42,
      7,
      123,
      256,
      999
    ],
    "model": "LMPO2",
    "L": 4,
    "bond_dim": 12,
    "lr": 0.001,
    "reduction_factor": 0.1
  },
  "n_parameters": 2304,
  "train_loss": 0.2159070714108251,
  "train_quality": 0.9131136950904393,
  "val_loss": 18.871423588126987,
  "val_quality": 0.6656626506024096,
  "test_loss": 26.877462470966513,
  "test_quality": 0.6641566265060241,
  "best_epoch": 558,
  "stopped_early": false,
  "patience_counter": 5,
  "success": true
}