{
  "run_id": "LMPO2-L3-d16-rf0.5-seed42",
  "seed": 42,
  "model": "LMPO2",
  "dataset": "student_dropout",
  "task": "classification",
  "params": {
    "init_strength": 0.01,
    "bond_dim_mpo": 2,
    "batch_size": 64,
    "n_epochs": 1000,
    "patience": 40,
    "min_delta": 1e-08,
    "optimizer": "adamw",
    "seeds": [
      42,
      7,
      123,
      256,
      999
    ],
    "model": "LMPO2",
    "L": 3,
    "bond_dim": 16,
    "lr": 0.001,
    "reduction_factor": 0.5
  },
  "n_parameters": 10944,
  "train_loss": 0.00845688897274468,
  "train_quality": 0.9996770025839793,
  "val_loss": 20.399477000527458,
  "val_quality": 0.6867469879518072,
  "test_loss": 17.52547888837637,
  "test_quality": 0.6822289156626506,
  "best_epoch": 329,
  "stopped_early": true,
  "patience_counter": 40,
  "success": true
}