{
  "run_id": "LMPO2-L3-d12-rf0.3-seed123",
  "seed": 123,
  "model": "LMPO2",
  "dataset": "student_dropout",
  "task": "classification",
  "params": {
    "init_strength": 0.01,
    "bond_dim_mpo": 2,
    "batch_size": 64,
    "n_epochs": 1000,
    "patience": 40,
    "min_delta": 1e-08,
    "optimizer": "adamw",
    "seeds": [
      42,
      7,
      123,
      256,
      999
    ],
    "model": "LMPO2",
    "L": 3,
    "bond_dim": 12,
    "lr": 0.001,
    "reduction_factor": 0.3
  },
  "n_parameters": 4800,
  "train_loss": 0.011227111531509687,
  "train_quality": 0.9996770025839793,
  "val_loss": 14.62668116708385,
  "val_quality": 0.6882530120481928,
  "test_loss": 16.876723712987037,
  "test_quality": 0.6626506024096386,
  "best_epoch": 197,
  "stopped_early": true,
  "patience_counter": 40,
  "success": true
}