{
  "run_id": "LMPO2-L3-d12-jit5-rf0.3-seed42",
  "seed": 42,
  "model": "LMPO2",
  "grid_params": {
    "model": "LMPO2",
    "L": 3,
    "bond_dim": 12,
    "jitter_start": 5.0,
    "reduction_factor": 0.3
  },
  "n_parameters": 912,
  "train_loss": 1.3075228814062712,
  "train_quality": 0.5330188679245282,
  "val_loss": 1.3187192621005952,
  "val_quality": 0.5333333333333333,
  "test_loss": 1.3637621960658917,
  "test_quality": 0.5652173913043478,
  "success": true,
  "singular": false
}