{
  "run_id": "LMPO2-L3-d12-jit5-rf0.3-seed123",
  "seed": 123,
  "model": "LMPO2",
  "grid_params": {
    "model": "LMPO2",
    "L": 3,
    "bond_dim": 12,
    "jitter_start": 5.0,
    "reduction_factor": 0.3
  },
  "n_parameters": 912,
  "train_loss": 1.2972980680509383,
  "train_quality": 0.5377358490566038,
  "val_loss": 1.345486570423021,
  "val_quality": 0.48888888888888893,
  "test_loss": 1.3826109832077969,
  "test_quality": 0.5217391304347826,
  "success": true,
  "singular": false
}