{
  "run_id": "LMPO2-L3-d8-jit5-rf0.5-seed123",
  "seed": 123,
  "model": "LMPO2",
  "grid_params": {
    "model": "LMPO2",
    "L": 3,
    "bond_dim": 8,
    "jitter_start": 5.0,
    "reduction_factor": 0.5
  },
  "n_parameters": 6080,
  "train_loss": 0.8051936282666857,
  "train_quality": 0.7924528301886792,
  "val_loss": 1.2279595776048564,
  "val_quality": 0.4666666666666667,
  "test_loss": 1.354791908782373,
  "test_quality": 0.5652173913043478,
  "success": true,
  "singular": true
}