{
  "run_id": "LMPO2-L3-d8-jit5-rf0.1-seed42",
  "seed": 42,
  "model": "LMPO2",
  "grid_params": {
    "model": "LMPO2",
    "L": 3,
    "bond_dim": 8,
    "jitter_start": 5.0,
    "reduction_factor": 0.1
  },
  "n_parameters": 6080,
  "train_loss": 0.7512407745888263,
  "train_quality": 0.8160377358490566,
  "val_loss": 1.266012564775792,
  "val_quality": 0.4666666666666667,
  "test_loss": 1.3214819255688215,
  "test_quality": 0.5,
  "success": true,
  "singular": true
}