{
  "run_id": "LMPO2-L3-d8-jit5-rf0.3-seed123",
  "seed": 123,
  "model": "LMPO2",
  "grid_params": {
    "model": "LMPO2",
    "L": 3,
    "bond_dim": 8,
    "jitter_start": 5.0,
    "reduction_factor": 0.3
  },
  "n_parameters": 600,
  "train_loss": 1.2106293911561288,
  "train_quality": 0.5613207547169811,
  "val_loss": 1.3615929768012893,
  "val_quality": 0.5111111111111112,
  "test_loss": 1.3488726795053578,
  "test_quality": 0.5217391304347826,
  "success": true,
  "singular": false
}