{
  "run_id": "LMPO2-L3-d16-jit5-rf0.1-seed256",
  "seed": 256,
  "model": "LMPO2",
  "grid_params": {
    "model": "LMPO2",
    "L": 3,
    "bond_dim": 16,
    "jitter_start": 5.0,
    "reduction_factor": 0.1
  },
  "n_parameters": 880,
  "train_loss": 1.195420596419662,
  "train_quality": 0.5283018867924528,
  "val_loss": 1.2710113644854915,
  "val_quality": 0.5333333333333333,
  "test_loss": 1.2491844245533636,
  "test_quality": 0.5434782608695652,
  "success": true,
  "singular": false
}