{
  "run_id": "LMPO2-L3-d8-jit5-rf0.1-seed42",
  "seed": 42,
  "model": "LMPO2",
  "grid_params": {
    "model": "LMPO2",
    "L": 3,
    "bond_dim": 8,
    "jitter_start": 5.0,
    "reduction_factor": 0.1
  },
  "n_parameters": 400,
  "train_loss": 1.104613237414969,
  "train_quality": 0.5849056603773585,
  "val_loss": 1.2727438458029252,
  "val_quality": 0.5111111111111112,
  "test_loss": 1.2261060363698886,
  "test_quality": 0.5869565217391304,
  "success": true,
  "singular": false
}