{
  "run_id": "LMPO2-L3-d8-jit0.1-rf0.3-seed999",
  "seed": 999,
  "model": "LMPO2",
  "grid_params": {
    "model": "LMPO2",
    "L": 3,
    "bond_dim": 8,
    "jitter_start": 0.1,
    "reduction_factor": 0.3
  },
  "n_parameters": 6080,
  "train_loss": 0.6005097279495447,
  "train_quality": 0.9339622641509434,
  "val_loss": 2.84305638045435,
  "val_quality": 0.4444444444444445,
  "test_loss": 2.491209219862389,
  "test_quality": 0.5,
  "success": true,
  "singular": true
}