{
  "run_id": "LMPO2-L3-d8-jit5-rf0.3-seed256",
  "seed": 256,
  "model": "LMPO2",
  "grid_params": {
    "model": "LMPO2",
    "L": 3,
    "bond_dim": 8,
    "jitter_start": 5.0,
    "reduction_factor": 0.3
  },
  "n_parameters": 600,
  "train_loss": 1.1467944759181903,
  "train_quality": 0.5566037735849056,
  "val_loss": 1.2673386535239288,
  "val_quality": 0.5111111111111112,
  "test_loss": 1.322936567740807,
  "test_quality": 0.5652173913043478,
  "success": true,
  "singular": false
}