{
  "run_id": "MPO2-L4-d12-jit0.1-seed999",
  "seed": 999,
  "model": "MPO2",
  "grid_params": {
    "model": "MPO2",
    "L": 4,
    "bond_dim": 12,
    "jitter_start": 0.1
  },
  "n_parameters": 1872,
  "train_loss": 281.763711687485,
  "train_quality": -0.47106594021726944,
  "val_loss": 539.1965291628993,
  "val_quality": -2.2319510746664917,
  "test_loss": 36984.27932508551,
  "test_quality": -220.77960857573322,
  "success": false,
  "singular": false
}