{
  "run_id": "MPO2-L3-d16-jit0.1-seed123",
  "seed": 123,
  "model": "MPO2",
  "grid_params": {
    "model": "MPO2",
    "L": 3,
    "bond_dim": 16,
    "jitter_start": 0.1
  },
  "n_parameters": 1728,
  "train_loss": 470.60306090542866,
  "train_quality": -1.456981170903274,
  "val_loss": 562.9459636756585,
  "val_quality": -2.3743054969314095,
  "test_loss": 828.5683349770127,
  "test_quality": -3.9685856899963943,
  "success": false,
  "singular": false
}