{
  "run_id": "MPO2-L3-d16-jit0.1-seed256",
  "seed": 256,
  "model": "MPO2",
  "grid_params": {
    "model": "MPO2",
    "L": 3,
    "bond_dim": 16,
    "jitter_start": 0.1
  },
  "n_parameters": 1728,
  "train_loss": 469.61044980668305,
  "train_quality": -1.4517988272632745,
  "val_loss": 559.5353643015612,
  "val_quality": -2.353862319506874,
  "test_loss": 797.8012585800911,
  "test_quality": -3.784088106567718,
  "success": false,
  "singular": false
}