{
  "run_id": "MPO2-L4-d12-jit0.1-seed123",
  "seed": 123,
  "model": "MPO2",
  "grid_params": {
    "model": "MPO2",
    "L": 4,
    "bond_dim": 12,
    "jitter_start": 0.1
  },
  "n_parameters": 1872,
  "train_loss": 315.8420103770819,
  "train_quality": -0.6489860286579681,
  "val_loss": 498.66083325779715,
  "val_quality": -1.9889795812367383,
  "test_loss": 15326.660234813742,
  "test_quality": -90.90771781092147,
  "success": false,
  "singular": false
}