{
  "run_id": "MPO2-L3-d12-jit0.1-seed42",
  "seed": 42,
  "model": "MPO2",
  "grid_params": {
    "model": "MPO2",
    "L": 3,
    "bond_dim": 12,
    "jitter_start": 0.1
  },
  "n_parameters": 1008,
  "train_loss": 460.940946770094,
  "train_quality": -1.4065360410820587,
  "val_loss": 593.5767824358185,
  "val_quality": -2.557907026717787,
  "test_loss": 845.0709771186955,
  "test_quality": -4.0675452907088205,
  "success": false,
  "singular": false
}