{
  "run_id": "MPO2-L3-d16-jit0.1-seed256",
  "seed": 256,
  "model": "MPO2",
  "grid_params": {
    "model": "MPO2",
    "L": 3,
    "bond_dim": 16,
    "jitter_start": 0.1
  },
  "n_parameters": 1728,
  "train_loss": 469.61044980667026,
  "train_quality": -1.4517988272632074,
  "val_loss": 559.5353643015692,
  "val_quality": -2.353862319506922,
  "test_loss": 797.8012585801322,
  "test_quality": -3.7840881065679772,
  "success": false,
  "singular": false
}