{
  "run_id": "MPO2-L3-d16-jit0.1-seed42",
  "seed": 42,
  "model": "MPO2",
  "grid_params": {
    "model": "MPO2",
    "L": 3,
    "bond_dim": 16,
    "jitter_start": 0.1
  },
  "n_parameters": 1728,
  "train_loss": 460.4108942226452,
  "train_quality": -1.403768678867785,
  "val_loss": 590.3539553785156,
  "val_quality": -2.5385893590252944,
  "test_loss": 868.365796374907,
  "test_quality": -4.207234801786595,
  "success": false,
  "singular": false
}