{
  "run_id": "MPO2TypeI-L3-d12-jit5-seed256",
  "seed": 256,
  "model": "MPO2TypeI",
  "grid_params": {
    "model": "MPO2TypeI",
    "L": 3,
    "bond_dim": 12,
    "jitter_start": 5.0
  },
  "n_parameters": 1158,
  "train_loss": 100.34535806308428,
  "train_quality": 0.47610486239890704,
  "val_loss": 202.19216163716052,
  "val_quality": -0.21194247134134891,
  "success": false,
  "singular": false
}