{
  "run_id": "MPO2-L3-d16-jit5-seed999",
  "seed": 999,
  "model": "MPO2",
  "grid_params": {
    "model": "MPO2",
    "L": 3,
    "bond_dim": 16,
    "jitter_start": 5.0
  },
  "n_parameters": 1728,
  "train_loss": 460.60669918194844,
  "train_quality": -1.404790960995003,
  "val_loss": 581.386356328196,
  "val_quality": -2.4848374525861816,
  "test_loss": 863.669545088716,
  "test_quality": -4.179073302062082,
  "success": false,
  "singular": false
}