{
  "run_id": "MPO2-L3-d12-jit5-seed123",
  "seed": 123,
  "model": "MPO2",
  "grid_params": {
    "model": "MPO2",
    "L": 3,
    "bond_dim": 12,
    "jitter_start": 5.0
  },
  "n_parameters": 1008,
  "train_loss": 460.5718981878556,
  "train_quality": -1.404609267771312,
  "val_loss": 587.804276998341,
  "val_quality": -2.5233065533409698,
  "success": false,
  "singular": false
}