{
  "run_id": "MPO2-L3-d8-jit0.1-seed42",
  "seed": 42,
  "model": "MPO2",
  "grid_params": {
    "model": "MPO2",
    "L": 3,
    "bond_dim": 8,
    "jitter_start": 0.1
  },
  "n_parameters": 480,
  "train_loss": 464.6165281309517,
  "train_quality": -1.4257259591807108,
  "val_loss": 569.6235909570034,
  "val_quality": -2.4143312825232988,
  "test_loss": 825.9571392961188,
  "test_quality": -3.9529274166274986,
  "success": false,
  "singular": false
}