{
  "run_id": "MPO2-L3-d16-jit5-seed256",
  "seed": 256,
  "model": "MPO2",
  "grid_params": {
    "model": "MPO2",
    "L": 3,
    "bond_dim": 16,
    "jitter_start": 5.0
  },
  "n_parameters": 1728,
  "train_loss": 461.9737770879066,
  "train_quality": -1.4119283660676234,
  "val_loss": 565.9549854082804,
  "val_quality": -2.3923416127008124,
  "test_loss": 861.9964357388363,
  "test_quality": -4.169040349048204,
  "success": false,
  "singular": false
}