{
  "run_id": "MPO2TypeI-L3-d16-jit5-seed7",
  "seed": 7,
  "model": "MPO2TypeI",
  "grid_params": {
    "model": "MPO2TypeI",
    "L": 3,
    "bond_dim": 16,
    "jitter_start": 5.0
  },
  "n_parameters": 1926,
  "train_loss": 97.89512295269803,
  "train_quality": 0.4888973451314299,
  "val_loss": 205.81972390721438,
  "val_quality": -0.23368612721265403,
  "success": false,
  "singular": false
}