{
  "run_id": "MPO2-L4-d8-jit0.1-seed999",
  "seed": 999,
  "model": "MPO2",
  "grid_params": {
    "model": "MPO2",
    "L": 4,
    "bond_dim": 8,
    "jitter_start": 0.1
  },
  "n_parameters": 864,
  "train_loss": 380.96616675458324,
  "train_quality": -0.9889940721301633,
  "val_loss": 582.6448426131226,
  "val_quality": -2.4923808359001214,
  "test_loss": 5931.60476068525,
  "test_quality": -34.569409653426916,
  "success": false,
  "singular": false
}