{
  "run_id": "MPO2-L3-d8-jit0.1-seed123",
  "seed": 123,
  "model": "MPO2",
  "grid_params": {
    "model": "MPO2",
    "L": 3,
    "bond_dim": 8,
    "jitter_start": 0.1
  },
  "n_parameters": 480,
  "train_loss": 466.4925116589196,
  "train_quality": -1.4355203200509399,
  "val_loss": 567.546649793347,
  "val_quality": -2.401882069921134,
  "test_loss": 823.3947161893705,
  "test_quality": -3.937561612453667,
  "success": false,
  "singular": false
}