{
  "run_id": "MPO2-L3-d8-jit5-seed999",
  "seed": 999,
  "model": "MPO2",
  "grid_params": {
    "model": "MPO2",
    "L": 3,
    "bond_dim": 8,
    "jitter_start": 5.0
  },
  "n_parameters": 480,
  "train_loss": 469.2948218291349,
  "train_quality": -1.4501509586830017,
  "val_loss": 548.4513929078712,
  "val_quality": -2.2874248494567166,
  "test_loss": 865.6056251885676,
  "test_quality": -4.19068318319408,
  "success": false,
  "singular": false
}