{
  "run_id": "MPO2-L3-d8-jit5-seed7",
  "seed": 7,
  "model": "MPO2",
  "grid_params": {
    "model": "MPO2",
    "L": 3,
    "bond_dim": 8,
    "jitter_start": 5.0
  },
  "n_parameters": 480,
  "train_loss": 463.97112187171905,
  "train_quality": -1.4223563444071337,
  "val_loss": 564.5166527106239,
  "val_quality": -2.3837202276278484,
  "success": false,
  "singular": false
}