{
  "run_id": "MPO2-L4-d8-jit5-seed7",
  "seed": 7,
  "model": "MPO2",
  "grid_params": {
    "model": "MPO2",
    "L": 4,
    "bond_dim": 8,
    "jitter_start": 5.0
  },
  "n_parameters": 864,
  "train_loss": 834.8099618821577,
  "train_quality": -3.3584764486670613,
  "val_loss": 903.4399575492648,
  "val_quality": -4.415230966399375,
  "test_loss": 871.9266084497211,
  "test_quality": -4.228587536585685,
  "success": false,
  "singular": false
}