{
  "run_id": "MPO2-L4-d12-jit0.1-seed999",
  "seed": 999,
  "model": "MPO2",
  "grid_params": {
    "model": "MPO2",
    "L": 4,
    "bond_dim": 12,
    "jitter_start": 0.1
  },
  "n_parameters": 1872,
  "train_loss": 281.7637116874345,
  "train_quality": -0.4710659402170059,
  "val_loss": 539.196529163161,
  "val_quality": -2.23195107466806,
  "test_loss": 36984.27932512411,
  "test_quality": -220.7796085759653,
  "success": false,
  "singular": false
}