{
  "run_id": "MPO2-L4-d8-jit5-seed999",
  "seed": 999,
  "model": "MPO2",
  "grid_params": {
    "model": "MPO2",
    "L": 4,
    "bond_dim": 8,
    "jitter_start": 5.0
  },
  "n_parameters": 864,
  "train_loss": 532.9465032218505,
  "train_quality": -1.7824713273124453,
  "val_loss": 627.388712250094,
  "val_quality": -2.760576177925883,
  "test_loss": 811.8198121793633,
  "test_quality": -3.8681516434753096,
  "success": false,
  "singular": false
}