{
  "run_id": "MPO2-L3-d8-jit5-seed123",
  "seed": 123,
  "model": "MPO2",
  "grid_params": {
    "model": "MPO2",
    "L": 3,
    "bond_dim": 8,
    "jitter_start": 5.0
  },
  "n_parameters": 480,
  "train_loss": 468.8771807695013,
  "train_quality": -1.4479704879105815,
  "val_loss": 566.0586281028591,
  "val_quality": -2.392962848372794,
  "success": false,
  "singular": false
}