{
  "run_id": "MPO2-L4-d8-jit5-seed42",
  "seed": 42,
  "model": "MPO2",
  "grid_params": {
    "model": "MPO2",
    "L": 4,
    "bond_dim": 8,
    "jitter_start": 5.0
  },
  "n_parameters": 864,
  "train_loss": 558.729430834012,
  "train_quality": -1.9170819427894519,
  "val_loss": 869.4971339241106,
  "val_quality": -4.211777235970428,
  "test_loss": 1116.6068093625995,
  "test_quality": -5.695834706868762,
  "success": false,
  "singular": false
}