{
  "run_id": "MPO2-L3-d12-jit5-seed42",
  "seed": 42,
  "model": "MPO2",
  "grid_params": {
    "model": "MPO2",
    "L": 3,
    "bond_dim": 12,
    "jitter_start": 5.0
  },
  "n_parameters": 1008,
  "train_loss": 460.76144505245804,
  "train_quality": -1.4055988768835772,
  "val_loss": 576.6102548106148,
  "val_quality": -2.4562094373865526,
  "success": false,
  "singular": false
}