{
  "run_id": "MPO2-L4-d12-jit5-seed123",
  "seed": 123,
  "model": "MPO2",
  "grid_params": {
    "model": "MPO2",
    "L": 4,
    "bond_dim": 12,
    "jitter_start": 5.0
  },
  "n_parameters": 1872,
  "train_loss": 505.73018689696,
  "train_quality": -1.640377103311974,
  "val_loss": 805.0746565145616,
  "val_quality": -3.8256280606044157,
  "test_loss": 1099.9123228357957,
  "test_quality": -5.595724693780685,
  "success": false,
  "singular": false
}