{
  "run_id": "MPO2-L4-d12-jit0.1-seed123",
  "seed": 123,
  "model": "MPO2",
  "grid_params": {
    "model": "MPO2",
    "L": 4,
    "bond_dim": 12,
    "jitter_start": 0.1
  },
  "n_parameters": 1872,
  "train_loss": 315.84201037710005,
  "train_quality": -0.6489860286580627,
  "val_loss": 498.66083325776356,
  "val_quality": -1.9889795812365372,
  "test_loss": 15326.660234797724,
  "test_quality": -90.90771781082518,
  "success": false,
  "singular": false
}