{
  "run_id": "MPO2-L3-d12-jit0.1-seed999",
  "seed": 999,
  "model": "MPO2",
  "grid_params": {
    "model": "MPO2",
    "L": 3,
    "bond_dim": 12,
    "jitter_start": 0.1
  },
  "n_parameters": 1008,
  "train_loss": 481.37350940116227,
  "train_quality": -1.5132128263142848,
  "val_loss": 557.0731201003816,
  "val_quality": -2.3391035954393287,
  "test_loss": 814.2044120460848,
  "test_quality": -3.8824511143505482,
  "success": false,
  "singular": false
}