{
  "run_id": "MPO2-L4-d8-jit0.1-seed7",
  "seed": 7,
  "model": "MPO2",
  "grid_params": {
    "model": "MPO2",
    "L": 4,
    "bond_dim": 8,
    "jitter_start": 0.1
  },
  "n_parameters": 864,
  "train_loss": 295.52772589142256,
  "train_quality": -0.542926764220528,
  "val_loss": 543.6602378596688,
  "val_quality": -2.258706603196913,
  "test_loss": 34807.35307455658,
  "test_quality": -207.72547150584916,
  "success": false,
  "singular": false
}