{
  "run_id": "MPO2-L3-d8-jit5-seed7",
  "seed": 7,
  "model": "MPO2",
  "grid_params": {
    "model": "MPO2",
    "L": 3,
    "bond_dim": 8,
    "jitter_start": 5.0
  },
  "n_parameters": 480,
  "train_loss": 464.26227370646495,
  "train_quality": -1.42387642499154,
  "val_loss": 564.7586048013358,
  "val_quality": -2.385170491636053,
  "test_loss": 811.4751676881153,
  "test_quality": -3.866084951308757,
  "success": false,
  "singular": false
}