{
  "run_id": "MPO2-L4-d16-jit5-seed42",
  "seed": 42,
  "model": "MPO2",
  "grid_params": {
    "model": "MPO2",
    "L": 4,
    "bond_dim": 16,
    "jitter_start": 5.0
  },
  "n_parameters": 3264,
  "train_loss": 557.4550387009126,
  "train_quality": -1.9104284427689713,
  "val_loss": 704.8967196404775,
  "val_quality": -3.225160191790942,
  "test_loss": 1084.3308799422773,
  "test_quality": -5.502289148488722,
  "success": false,
  "singular": false
}