{
  "run_id": "MPO2-L4-d8-jit5-seed256",
  "seed": 256,
  "model": "MPO2",
  "grid_params": {
    "model": "MPO2",
    "L": 4,
    "bond_dim": 8,
    "jitter_start": 5.0
  },
  "n_parameters": 864,
  "train_loss": 549.8080364690744,
  "train_quality": -1.8705040520067584,
  "val_loss": 746.032507993259,
  "val_quality": -3.4717286472304227,
  "test_loss": 720.510997052013,
  "test_quality": -3.320609994753161,
  "success": false,
  "singular": false
}