{
  "run_id": "MPO2-L3-d12-jit0.1-seed7",
  "seed": 7,
  "model": "MPO2",
  "grid_params": {
    "model": "MPO2",
    "L": 3,
    "bond_dim": 12,
    "jitter_start": 0.1
  },
  "n_parameters": 1008,
  "train_loss": 489.391827977169,
  "train_quality": -1.555075830192008,
  "val_loss": 577.8976655827314,
  "val_quality": -2.463926194456445,
  "test_loss": 834.0611520961143,
  "test_quality": -4.001523869484623,
  "success": false,
  "singular": false
}