{
  "run_id": "MPO2-L3-d8-jit5-seed256",
  "seed": 256,
  "model": "MPO2",
  "grid_params": {
    "model": "MPO2",
    "L": 3,
    "bond_dim": 8,
    "jitter_start": 5.0
  },
  "n_parameters": 480,
  "train_loss": 462.9583145801019,
  "train_quality": -1.417068558049626,
  "val_loss": 580.3702827985384,
  "val_quality": -2.4787470945098504,
  "test_loss": 805.4376918306481,
  "test_quality": -3.82988067595476,
  "success": false,
  "singular": false
}