{
  "run_id": "MPO2-L3-d16-jit0.1-seed123",
  "seed": 123,
  "model": "MPO2",
  "grid_params": {
    "model": "MPO2",
    "L": 3,
    "bond_dim": 16,
    "jitter_start": 0.1
  },
  "n_parameters": 1728,
  "train_loss": 470.6030609054297,
  "train_quality": -1.4569811709032794,
  "val_loss": 562.9459636756548,
  "val_quality": -2.374305496931387,
  "test_loss": 828.5683349770113,
  "test_quality": -3.968585689996372,
  "success": false,
  "singular": false
}