{
  "run_id": "MPO2-L3-d8-jit5-seed999",
  "seed": 999,
  "model": "MPO2",
  "grid_params": {
    "model": "MPO2",
    "L": 3,
    "bond_dim": 8,
    "jitter_start": 5.0
  },
  "n_parameters": 480,
  "train_loss": 469.29482182913307,
  "train_quality": -1.4501509586829924,
  "val_loss": 548.4513929078399,
  "val_quality": -2.2874248494565297,
  "success": false,
  "singular": false
}