{
  "run_id": "MPO2-L3-d12-jit5-seed256",
  "seed": 256,
  "model": "MPO2",
  "grid_params": {
    "model": "MPO2",
    "L": 3,
    "bond_dim": 12,
    "jitter_start": 5.0
  },
  "n_parameters": 1008,
  "train_loss": 461.90601915434195,
  "train_quality": -1.4115746072828261,
  "val_loss": 578.309325984182,
  "val_quality": -2.466393692307241,
  "success": false,
  "singular": false
}