{
  "run_id": "MPO2-L3-d16-jit5-seed123",
  "seed": 123,
  "model": "MPO2",
  "grid_params": {
    "model": "MPO2",
    "L": 3,
    "bond_dim": 16,
    "jitter_start": 5.0
  },
  "n_parameters": 1728,
  "train_loss": 462.285246068933,
  "train_quality": -1.4135545208576707,
  "val_loss": 566.0344722287798,
  "val_quality": -2.3928180577464313,
  "success": false,
  "singular": false
}