{
  "run_id": "MPO2-L3-d8-jit5-seed256",
  "seed": 256,
  "model": "MPO2",
  "grid_params": {
    "model": "MPO2",
    "L": 3,
    "bond_dim": 8,
    "jitter_start": 5.0
  },
  "n_parameters": 480,
  "train_loss": 462.9583145801031,
  "train_quality": -1.4170685580496327,
  "val_loss": 580.3702827985264,
  "val_quality": -2.4787470945097785,
  "test_loss": 805.4376918306749,
  "test_quality": -3.8298806759549073,
  "success": false,
  "singular": false
}