{
  "run_id": "MPO2-L4-d12-jit5-seed7",
  "seed": 7,
  "model": "MPO2",
  "grid_params": {
    "model": "MPO2",
    "L": 4,
    "bond_dim": 12,
    "jitter_start": 5.0
  },
  "n_parameters": 1872,
  "train_loss": 490.3759347504916,
  "train_quality": -1.560213773425016,
  "val_loss": 797.664339173606,
  "val_quality": -3.7812105211760674,
  "test_loss": 1530.364456441186,
  "test_quality": -8.176970224144204,
  "success": false,
  "singular": false
}