{
  "run_id": "MPO2-L4-d8-jit0.1-seed42",
  "seed": 42,
  "model": "MPO2",
  "grid_params": {
    "model": "MPO2",
    "L": 4,
    "bond_dim": 8,
    "jitter_start": 0.1
  },
  "n_parameters": 864,
  "train_loss": 320.49056383958464,
  "train_quality": -0.673255756753939,
  "val_loss": 519.3266259204045,
  "val_quality": -2.1128506137681256,
  "test_loss": 19066.2418129557,
  "test_quality": -113.33246026290703,
  "success": false,
  "singular": false
}