{
  "run_id": "MPO2-L4-d12-jit0.1-seed256",
  "seed": 256,
  "model": "MPO2",
  "grid_params": {
    "model": "MPO2",
    "L": 4,
    "bond_dim": 12,
    "jitter_start": 0.1
  },
  "n_parameters": 1872,
  "train_loss": 506.864927973403,
  "train_quality": -1.646301496267062,
  "val_loss": 900.2498506890556,
  "val_quality": -4.39610942399783,
  "test_loss": 2117.5117834299604,
  "test_quality": -11.69785279187713,
  "success": false,
  "singular": false
}