{
  "run_id": "MPO2TypeI-L3-d16-jit5-seed256",
  "seed": 256,
  "model": "MPO2TypeI",
  "grid_params": {
    "model": "MPO2TypeI",
    "L": 3,
    "bond_dim": 16,
    "jitter_start": 5.0
  },
  "n_parameters": 1926,
  "train_loss": 104.65276938170894,
  "train_quality": 0.45361621031739585,
  "val_loss": 204.61905536833393,
  "val_quality": -0.22648930422757774,
  "success": false,
  "singular": false
}