{
  "run_id": "MPO2-L4-d8-jit0.1-seed256",
  "seed": 256,
  "model": "MPO2",
  "grid_params": {
    "model": "MPO2",
    "L": 4,
    "bond_dim": 8,
    "jitter_start": 0.1
  },
  "n_parameters": 864,
  "train_loss": 323.3633886018144,
  "train_quality": -0.6882545464654273,
  "val_loss": 609.7316804729928,
  "val_quality": -2.6547396976428614,
  "test_loss": 14286.402197003925,
  "test_quality": -84.66971548524828,
  "success": false,
  "singular": false
}