{
  "run_id": "MPO2-L3-d16-jit5-seed7",
  "seed": 7,
  "model": "MPO2",
  "grid_params": {
    "model": "MPO2",
    "L": 3,
    "bond_dim": 16,
    "jitter_start": 5.0
  },
  "n_parameters": 1728,
  "train_loss": 462.2532993196268,
  "train_quality": -1.4133877294191155,
  "val_loss": 572.1281447411756,
  "val_quality": -2.429343610786765,
  "test_loss": 866.439781251001,
  "test_quality": -4.195685276202056,
  "success": false,
  "singular": false
}