{
  "run_id": "MPO2-L3-d8-jit0.1-seed999",
  "seed": 999,
  "model": "MPO2",
  "grid_params": {
    "model": "MPO2",
    "L": 3,
    "bond_dim": 8,
    "jitter_start": 0.1
  },
  "n_parameters": 480,
  "train_loss": 464.5300794120528,
  "train_quality": -1.425274617291488,
  "val_loss": 566.4021896962156,
  "val_quality": -2.395022161073836,
  "test_loss": 808.0942191798846,
  "test_quality": -3.8458107848127767,
  "success": false,
  "singular": false
}