{
  "run_id": "MPO2-L3-d8-jit5-seed42",
  "seed": 42,
  "model": "MPO2",
  "grid_params": {
    "model": "MPO2",
    "L": 3,
    "bond_dim": 8,
    "jitter_start": 5.0
  },
  "n_parameters": 480,
  "train_loss": 463.08383069043657,
  "train_quality": -1.4177238676839155,
  "val_loss": 558.8328744501958,
  "val_quality": -2.3496515861151233,
  "test_loss": 864.6329518766902,
  "test_quality": -4.184850458849647,
  "success": false,
  "singular": false
}