{
  "run_id": "MPO2-L3-d16-jit0.1-seed999",
  "seed": 999,
  "model": "MPO2",
  "grid_params": {
    "model": "MPO2",
    "L": 3,
    "bond_dim": 16,
    "jitter_start": 0.1
  },
  "n_parameters": 1728,
  "train_loss": 469.95145222843735,
  "train_quality": -1.4535791737996329,
  "val_loss": 572.6109631767039,
  "val_quality": -2.432237630828024,
  "test_loss": 804.638769193636,
  "test_quality": -3.8250898634000015,
  "success": false,
  "singular": false
}