{
  "run_id": "MPO2-L3-d12-jit0.1-seed256",
  "seed": 256,
  "model": "MPO2",
  "grid_params": {
    "model": "MPO2",
    "L": 3,
    "bond_dim": 12,
    "jitter_start": 0.1
  },
  "n_parameters": 1008,
  "train_loss": 483.2190885277156,
  "train_quality": -1.5228484482216924,
  "val_loss": 571.4151582091282,
  "val_quality": -2.4250699601531993,
  "test_loss": 823.3114964842488,
  "test_quality": -3.9370625778918207,
  "success": false,
  "singular": false
}