{
  "run_id": "MPO2-L3-d12-jit5-seed42",
  "seed": 42,
  "model": "MPO2",
  "grid_params": {
    "model": "MPO2",
    "L": 3,
    "bond_dim": 12,
    "jitter_start": 5.0
  },
  "n_parameters": 1008,
  "train_loss": 460.9667317393054,
  "train_quality": -1.406670662356563,
  "val_loss": 593.7169769370146,
  "val_quality": -2.5587473543985055,
  "test_loss": 849.9807926131936,
  "test_quality": -4.096987447712277,
  "success": false,
  "singular": false
}