{
  "run_id": "MPO2-L4-d16-jit5-seed123",
  "seed": 123,
  "model": "MPO2",
  "grid_params": {
    "model": "MPO2",
    "L": 4,
    "bond_dim": 16,
    "jitter_start": 5.0
  },
  "n_parameters": 3264,
  "train_loss": 559.0385714878923,
  "train_quality": -1.918695941568557,
  "val_loss": 663.1182651756376,
  "val_quality": -2.9747395872385134,
  "test_loss": 837.2423623255717,
  "test_quality": -4.0206002871507405,
  "success": false,
  "singular": false
}