{
  "run_id": "MPO2-L4-d12-jit0.1-seed42",
  "seed": 42,
  "model": "MPO2",
  "grid_params": {
    "model": "MPO2",
    "L": 4,
    "bond_dim": 12,
    "jitter_start": 0.1
  },
  "n_parameters": 1872,
  "train_loss": 314.4784115169846,
  "train_quality": -0.6418667874072241,
  "val_loss": 612.2543149065327,
  "val_quality": -2.669860401556011,
  "test_loss": 25553.785181717616,
  "test_quality": -152.23560655096261,
  "success": false,
  "singular": false
}