{
  "run_id": "MPO2TypeI-L3-d8-jit5-seed123",
  "seed": 123,
  "model": "MPO2TypeI",
  "grid_params": {
    "model": "MPO2TypeI",
    "L": 3,
    "bond_dim": 8,
    "jitter_start": 5.0
  },
  "n_parameters": 582,
  "train_loss": 91.92426697264484,
  "train_quality": 0.520070709556516,
  "val_loss": 189.1547838757126,
  "val_quality": -0.13379625787747362,
  "success": false,
  "singular": false
}