{
  "run_id": "MPO2-L4-d16-jit5-seed256",
  "seed": 256,
  "model": "MPO2",
  "grid_params": {
    "model": "MPO2",
    "L": 4,
    "bond_dim": 16,
    "jitter_start": 5.0
  },
  "n_parameters": 3264,
  "train_loss": 533.2089491233202,
  "train_quality": -1.7838415365011642,
  "val_loss": 814.9262646075629,
  "val_quality": -3.884678728851112,
  "test_loss": 1020.0698057900404,
  "test_quality": -5.116941748668677,
  "success": false,
  "singular": false
}