{
  "run_id": "MPO2-L3-d16-jit5-seed7",
  "seed": 7,
  "model": "MPO2",
  "grid_params": {
    "model": "MPO2",
    "L": 3,
    "bond_dim": 16,
    "jitter_start": 5.0
  },
  "n_parameters": 1728,
  "train_loss": 462.25329931962176,
  "train_quality": -1.4133877294190893,
  "val_loss": 572.1281447411766,
  "val_quality": -2.429343610786771,
  "test_loss": 866.4397812510306,
  "test_quality": -4.195685276202248,
  "success": false,
  "singular": false
}