{
  "run_id": "MPO2-L4-d12-jit0.1-seed42",
  "seed": 42,
  "model": "MPO2",
  "grid_params": {
    "model": "MPO2",
    "L": 4,
    "bond_dim": 12,
    "jitter_start": 0.1
  },
  "n_parameters": 1872,
  "train_loss": 314.47841151698213,
  "train_quality": -0.6418667874072113,
  "val_loss": 612.2543149063063,
  "val_quality": -2.6698604015546534,
  "test_loss": 25553.78518175637,
  "test_quality": -152.23560655119545,
  "success": false,
  "singular": false
}