{
  "run_id": "MPO2-L3-d12-jit0.1-seed42",
  "seed": 42,
  "model": "MPO2",
  "grid_params": {
    "model": "MPO2",
    "L": 3,
    "bond_dim": 12,
    "jitter_start": 0.1
  },
  "n_parameters": 1008,
  "train_loss": 460.9409467700936,
  "train_quality": -1.4065360410820564,
  "val_loss": 593.5767824358201,
  "val_quality": -2.5579070267177966,
  "test_loss": 845.070977118697,
  "test_quality": -4.067545290708844,
  "success": false,
  "singular": false
}