{
  "run_id": "MPO2TypeI-L3-d16-jit5-seed42",
  "seed": 42,
  "model": "MPO2TypeI",
  "grid_params": {
    "model": "MPO2TypeI",
    "L": 3,
    "bond_dim": 16,
    "jitter_start": 5.0
  },
  "n_parameters": 1926,
  "train_loss": 104.47041690154974,
  "train_quality": 0.4545682581203928,
  "val_loss": 207.38085752799503,
  "val_quality": -0.24304358263102088,
  "success": false,
  "singular": false
}