{
  "run_id": "MMPO2-L4-d16-seed123",
  "seed": 123,
  "model": "MMPO2",
  "dataset": "obesity",
  "task": "regression",
  "params": {
    "output_site": 1,
    "init_strength": 0.01,
    "rank": 5,
    "batch_size": 64,
    "n_epochs": 1000,
    "patience": 40,
    "min_delta": 1e-08,
    "optimizer": "adamw",
    "seeds": [
      42,
      7,
      123,
      256,
      999
    ],
    "model": "MMPO2",
    "L": 4,
    "bond_dim": 16,
    "lr": 0.01
  },
  "n_parameters": 21216,
  "train_loss": 0.20830244762851657,
  "train_quality": 0.9453420043839441,
  "val_loss": 1.3675821388226796,
  "val_quality": 0.6408361439050383,
  "test_loss": 1.320023953227771,
  "test_quality": 0.6690421980142078,
  "best_epoch": 242,
  "stopped_early": true,
  "patience_counter": 40,
  "success": true
}