{
  "run_id": "MMPO2-L3-d12-seed42",
  "seed": 42,
  "model": "MMPO2",
  "dataset": "obesity",
  "task": "regression",
  "params": {
    "output_site": 1,
    "init_strength": 0.01,
    "rank": 5,
    "batch_size": 64,
    "n_epochs": 1000,
    "patience": 40,
    "min_delta": 1e-08,
    "optimizer": "adamw",
    "seeds": [
      42,
      7,
      123,
      256,
      999
    ],
    "model": "MMPO2",
    "L": 3,
    "bond_dim": 12,
    "lr": 0.01
  },
  "n_parameters": 6552,
  "train_loss": 0.471502977197319,
  "train_quality": 0.876278901405092,
  "val_loss": 1.7856057282981808,
  "val_quality": 0.5886603601359788,
  "test_loss": 2.0278533255934947,
  "test_quality": 0.49157446897314194,
  "best_epoch": 330,
  "stopped_early": true,
  "patience_counter": 40,
  "success": true
}