{
  "run_id": "MMPO2-L3-d12-seed999",
  "seed": 999,
  "model": "MMPO2",
  "dataset": "obesity",
  "task": "regression",
  "params": {
    "output_site": 1,
    "init_strength": 0.01,
    "rank": 5,
    "batch_size": 64,
    "n_epochs": 1000,
    "patience": 40,
    "min_delta": 1e-08,
    "optimizer": "adamw",
    "seeds": [
      42,
      7,
      123,
      256,
      999
    ],
    "model": "MMPO2",
    "L": 3,
    "bond_dim": 12,
    "lr": 0.01
  },
  "n_parameters": 6552,
  "train_loss": 0.453870139086971,
  "train_quality": 0.8809057101589325,
  "val_loss": 1.6599696412634424,
  "val_quality": 0.5624102392493475,
  "test_loss": 1.787575703313165,
  "test_quality": 0.551817128617174,
  "best_epoch": 301,
  "stopped_early": true,
  "patience_counter": 40,
  "success": true
}