{
  "run_id": "MMPO2-L3-d16-seed123",
  "seed": 123,
  "model": "MMPO2",
  "dataset": "obesity",
  "task": "regression",
  "params": {
    "output_site": 1,
    "init_strength": 0.01,
    "rank": 5,
    "batch_size": 64,
    "n_epochs": 1000,
    "patience": 40,
    "min_delta": 1e-08,
    "optimizer": "adamw",
    "seeds": [
      42,
      7,
      123,
      256,
      999
    ],
    "model": "MMPO2",
    "L": 3,
    "bond_dim": 16,
    "lr": 0.01
  },
  "n_parameters": 11232,
  "train_loss": 3.7548233894903205,
  "train_quality": 0.0147445567810508,
  "val_loss": 3.856080234149165,
  "val_quality": 0.416670746297654,
  "test_loss": 5.864056388115391,
  "test_quality": -0.4702424211210765,
  "best_epoch": 227,
  "stopped_early": true,
  "patience_counter": 40,
  "success": true
}