{
  "run_id": "MMPO2-L4-d12-seed42",
  "seed": 42,
  "model": "MMPO2",
  "dataset": "obesity",
  "task": "regression",
  "params": {
    "output_site": 1,
    "init_strength": 0.01,
    "rank": 5,
    "batch_size": 64,
    "n_epochs": 1000,
    "patience": 40,
    "min_delta": 1e-08,
    "optimizer": "adamw",
    "seeds": [
      42,
      7,
      123,
      256,
      999
    ],
    "model": "MMPO2",
    "L": 4,
    "bond_dim": 12,
    "lr": 0.01
  },
  "n_parameters": 12168,
  "train_loss": 0.44102616887916957,
  "train_quality": 0.8842759330022221,
  "val_loss": 1.3736520530257892,
  "val_quality": 0.6394652984178921,
  "test_loss": 1.5974459761125201,
  "test_quality": 0.5994866549561602,
  "best_epoch": 277,
  "stopped_early": true,
  "patience_counter": 40,
  "success": true
}