{
  "run_id": "MMPO2-L4-d8-seed999",
  "seed": 999,
  "model": "MMPO2",
  "dataset": "obesity",
  "task": "regression",
  "params": {
    "output_site": 1,
    "init_strength": 0.01,
    "rank": 5,
    "batch_size": 64,
    "n_epochs": 1000,
    "patience": 40,
    "min_delta": 1e-08,
    "optimizer": "adamw",
    "seeds": [
      42,
      7,
      123,
      256,
      999
    ],
    "model": "MMPO2",
    "L": 4,
    "bond_dim": 8,
    "lr": 0.01
  },
  "n_parameters": 5616,
  "train_loss": 0.32479981068945024,
  "train_quality": 0.9147734132225848,
  "val_loss": 1.6572862948394458,
  "val_quality": 0.5750575559815629,
  "test_loss": 1.653087598571213,
  "test_quality": 0.5855361285109216,
  "best_epoch": 252,
  "stopped_early": true,
  "patience_counter": 40,
  "success": true
}