{
  "run_id": "MMPO2-L3-d16-seed256",
  "seed": 256,
  "model": "MMPO2",
  "dataset": "obesity",
  "task": "regression",
  "params": {
    "output_site": 1,
    "init_strength": 0.01,
    "rank": 5,
    "batch_size": 64,
    "n_epochs": 1000,
    "patience": 40,
    "min_delta": 1e-08,
    "optimizer": "adamw",
    "seeds": [
      42,
      7,
      123,
      256,
      999
    ],
    "model": "MMPO2",
    "L": 3,
    "bond_dim": 16,
    "lr": 0.01
  },
  "n_parameters": 11232,
  "train_loss": 0.6771026317600496,
  "train_quality": 0.8223301113371355,
  "val_loss": 3.171294780650787,
  "val_quality": 0.14907870537438783,
  "test_loss": 3.0976407660644596,
  "test_quality": 0.22335623018699735,
  "best_epoch": 203,
  "stopped_early": true,
  "patience_counter": 40,
  "success": true
}