{
  "run_id": "MMPO2-L3-d8-seed123",
  "seed": 123,
  "model": "MMPO2",
  "dataset": "obesity",
  "task": "regression",
  "params": {
    "output_site": 1,
    "init_strength": 0.01,
    "rank": 5,
    "batch_size": 64,
    "n_epochs": 1000,
    "patience": 40,
    "min_delta": 1e-08,
    "optimizer": "adamw",
    "seeds": [
      42,
      7,
      123,
      256,
      999
    ],
    "model": "MMPO2",
    "L": 3,
    "bond_dim": 8,
    "lr": 0.01
  },
  "n_parameters": 3120,
  "train_loss": 0.41286820754653003,
  "train_quality": 0.8916645054582751,
  "val_loss": 1.9430731457701949,
  "val_quality": 0.49522578473590384,
  "test_loss": 2.193575072961655,
  "test_quality": 0.4500245371585735,
  "best_epoch": 158,
  "stopped_early": true,
  "patience_counter": 40,
  "success": true
}