{
  "run_id": "MMPO2-L4-d12-seed999",
  "seed": 999,
  "model": "MMPO2",
  "dataset": "obesity",
  "task": "regression",
  "params": {
    "output_site": 1,
    "init_strength": 0.01,
    "rank": 5,
    "batch_size": 64,
    "n_epochs": 1000,
    "patience": 40,
    "min_delta": 1e-08,
    "optimizer": "adamw",
    "seeds": [
      42,
      7,
      123,
      256,
      999
    ],
    "model": "MMPO2",
    "L": 4,
    "bond_dim": 12,
    "lr": 0.01
  },
  "n_parameters": 12168,
  "train_loss": 0.3250829404282018,
  "train_quality": 0.9146991207493295,
  "val_loss": 1.6097039782589138,
  "val_quality": 0.5961208155960709,
  "test_loss": 1.7191648705031861,
  "test_quality": 0.5689691649900334,
  "best_epoch": 232,
  "stopped_early": true,
  "patience_counter": 40,
  "success": true
}