{
  "run_id": "MMPO2-L4-d8-seed42",
  "seed": 42,
  "model": "MMPO2",
  "dataset": "obesity",
  "task": "regression",
  "params": {
    "output_site": 1,
    "init_strength": 0.01,
    "rank": 5,
    "batch_size": 64,
    "n_epochs": 1000,
    "patience": 40,
    "min_delta": 1e-08,
    "optimizer": "adamw",
    "seeds": [
      42,
      7,
      123,
      256,
      999
    ],
    "model": "MMPO2",
    "L": 4,
    "bond_dim": 8,
    "lr": 0.01
  },
  "n_parameters": 5616,
  "train_loss": 0.503660237018941,
  "train_quality": 0.8678409239047549,
  "val_loss": 1.5293928373852546,
  "val_quality": 0.5981092787884292,
  "test_loss": 2.0405233826231055,
  "test_quality": 0.48839781887122447,
  "best_epoch": 303,
  "stopped_early": true,
  "patience_counter": 40,
  "success": true
}