{
  "run_id": "MPO2-L3-d8-seed123",
  "seed": 123,
  "model": "MPO2",
  "dataset": "obesity",
  "task": "regression",
  "params": {
    "output_site": 1,
    "init_strength": 0.01,
    "batch_size": 64,
    "n_epochs": 1000,
    "patience": 40,
    "min_delta": 1e-08,
    "optimizer": "adamw",
    "rank": 5,
    "seeds": [
      42,
      7,
      123,
      256,
      999
    ],
    "model": "MPO2",
    "L": 3,
    "bond_dim": 8,
    "lr": 0.01
  },
  "n_parameters": 3120,
  "train_loss": 0.6731441496983979,
  "train_quality": 0.8233688062619203,
  "val_loss": 1.9652780751568752,
  "val_quality": 0.5207863794213609,
  "test_loss": 2.25827026562177,
  "test_quality": 0.43380409001480535,
  "best_epoch": 301,
  "stopped_early": true,
  "patience_counter": 40,
  "success": true
}