{
  "run_id": "MPO2-L3-d16-seed123",
  "seed": 123,
  "model": "MPO2",
  "dataset": "obesity",
  "task": "regression",
  "params": {
    "output_site": 1,
    "init_strength": 0.01,
    "batch_size": 64,
    "n_epochs": 1000,
    "patience": 40,
    "min_delta": 1e-08,
    "optimizer": "adamw",
    "rank": 5,
    "seeds": [
      42,
      7,
      123,
      256,
      999
    ],
    "model": "MPO2",
    "L": 3,
    "bond_dim": 16,
    "lr": 0.01
  },
  "n_parameters": 11232,
  "train_loss": 0.3524134925355968,
  "train_quality": 0.9075276582231931,
  "val_loss": 2.1004443022122827,
  "val_quality": 0.45156863085884646,
  "test_loss": 2.0089588532665483,
  "test_quality": 0.4963117110631182,
  "best_epoch": 295,
  "stopped_early": true,
  "patience_counter": 40,
  "success": true
}