{
  "run_id": "MPO2TypeI_GTN-L3-d12-seed123",
  "seed": 123,
  "model": "MPO2TypeI_GTN",
  "dataset": "obesity",
  "task": "regression",
  "params": {
    "output_site": 1,
    "init_strength": 0.01,
    "batch_size": 64,
    "n_epochs": 1000,
    "patience": 40,
    "min_delta": 1e-08,
    "optimizer": "adamw",
    "rank": 5,
    "seeds": [
      42,
      7,
      123,
      256,
      999
    ],
    "model": "MPO2TypeI_GTN",
    "L": 3,
    "bond_dim": 12,
    "lr": 0.01
  },
  "n_parameters": 7527,
  "train_loss": 1.1057107255271008,
  "train_quality": 0.7098645134680952,
  "val_loss": 2.4050005682030506,
  "val_quality": 0.6186601686434052,
  "test_loss": 2.9959464898167067,
  "test_quality": 0.24885312670860527,
  "best_epoch": 18,
  "stopped_early": true,
  "patience_counter": 40,
  "success": true
}