{
  "run_id": "MPO2-L3-d8-seed256",
  "seed": 256,
  "model": "MPO2",
  "dataset": "obesity",
  "task": "regression",
  "params": {
    "output_site": 1,
    "init_strength": 0.01,
    "batch_size": 64,
    "n_epochs": 1000,
    "patience": 40,
    "min_delta": 1e-08,
    "optimizer": "adamw",
    "rank": 5,
    "seeds": [
      42,
      7,
      123,
      256,
      999
    ],
    "model": "MPO2",
    "L": 3,
    "bond_dim": 8,
    "lr": 0.01
  },
  "n_parameters": 3120,
  "train_loss": 0.4209666866123254,
  "train_quality": 0.8895394865815677,
  "val_loss": 1.8060593601764698,
  "val_quality": 0.5291682378360126,
  "test_loss": 3.4580198068141152,
  "test_quality": 0.13300161585093917,
  "best_epoch": 343,
  "stopped_early": true,
  "patience_counter": 40,
  "success": true
}