{
  "run_id": "MPO2-L3-d16-seed42",
  "seed": 42,
  "model": "MPO2",
  "dataset": "obesity",
  "task": "regression",
  "params": {
    "output_site": 1,
    "init_strength": 0.01,
    "batch_size": 64,
    "n_epochs": 1000,
    "patience": 40,
    "min_delta": 1e-08,
    "optimizer": "adamw",
    "rank": 5,
    "seeds": [
      42,
      7,
      123,
      256,
      999
    ],
    "model": "MPO2",
    "L": 3,
    "bond_dim": 16,
    "lr": 0.01
  },
  "n_parameters": 11232,
  "train_loss": 0.32227930974349595,
  "train_quality": 0.9154347858143266,
  "val_loss": 1.5696936366601684,
  "val_quality": 0.563896355352717,
  "test_loss": 2.2071447279943848,
  "test_quality": 0.44662233889364333,
  "best_epoch": 219,
  "stopped_early": true,
  "patience_counter": 40,
  "success": true
}