{
  "run_id": "MPO2-L3-d8-seed7",
  "seed": 7,
  "model": "MPO2",
  "dataset": "obesity",
  "task": "regression",
  "params": {
    "output_site": 1,
    "init_strength": 0.01,
    "batch_size": 64,
    "n_epochs": 1000,
    "patience": 40,
    "min_delta": 1e-08,
    "optimizer": "adamw",
    "rank": 5,
    "seeds": [
      42,
      7,
      123,
      256,
      999
    ],
    "model": "MPO2",
    "L": 3,
    "bond_dim": 8,
    "lr": 0.01
  },
  "n_parameters": 3120,
  "train_loss": 0.4185108982673844,
  "train_quality": 0.8901838787628402,
  "val_loss": 1.9496563395296838,
  "val_quality": 0.5349774282100707,
  "test_loss": 1.512225743920706,
  "test_quality": 0.6208531617244315,
  "best_epoch": 296,
  "stopped_early": true,
  "patience_counter": 40,
  "success": true
}