{
  "run_id": "MPO2-L4-d16-seed42",
  "seed": 42,
  "model": "MPO2",
  "dataset": "obesity",
  "task": "regression",
  "params": {
    "output_site": 1,
    "init_strength": 0.01,
    "batch_size": 64,
    "n_epochs": 1000,
    "patience": 40,
    "min_delta": 1e-08,
    "optimizer": "adamw",
    "rank": 5,
    "seeds": [
      42,
      7,
      123,
      256,
      999
    ],
    "model": "MPO2",
    "L": 4,
    "bond_dim": 16,
    "lr": 0.01
  },
  "n_parameters": 21216,
  "train_loss": 0.16287770559333742,
  "train_quality": 0.9572613331258085,
  "val_loss": 1.8570200500066711,
  "val_quality": 0.48406925206493745,
  "test_loss": 2.098669557750914,
  "test_quality": 0.4738193483312585,
  "best_epoch": 407,
  "stopped_early": true,
  "patience_counter": 40,
  "success": true
}