{
  "run_id": "MPO2-L3-d12-seed123",
  "seed": 123,
  "model": "MPO2",
  "dataset": "obesity",
  "task": "regression",
  "params": {
    "output_site": 1,
    "init_strength": 0.01,
    "batch_size": 64,
    "n_epochs": 1000,
    "patience": 40,
    "min_delta": 1e-08,
    "optimizer": "adamw",
    "rank": 5,
    "seeds": [
      42,
      7,
      123,
      256,
      999
    ],
    "model": "MPO2",
    "L": 3,
    "bond_dim": 12,
    "lr": 0.01
  },
  "n_parameters": 6552,
  "train_loss": 0.3846190353082995,
  "train_quality": 0.8990770114078357,
  "val_loss": 2.6771309746156504,
  "val_quality": 0.28753543191658226,
  "test_loss": 3.4304165009713645,
  "test_quality": 0.13992234589293562,
  "best_epoch": 239,
  "stopped_early": true,
  "patience_counter": 40,
  "success": true
}