{
  "run_id": "MPO2-L4-d8-seed256",
  "seed": 256,
  "model": "MPO2",
  "dataset": "obesity",
  "task": "regression",
  "params": {
    "output_site": 1,
    "init_strength": 0.01,
    "batch_size": 64,
    "n_epochs": 1000,
    "patience": 40,
    "min_delta": 1e-08,
    "optimizer": "adamw",
    "rank": 5,
    "seeds": [
      42,
      7,
      123,
      256,
      999
    ],
    "model": "MPO2",
    "L": 4,
    "bond_dim": 8,
    "lr": 0.01
  },
  "n_parameters": 5616,
  "train_loss": 0.36530731555584045,
  "train_quality": 0.9041443541375325,
  "val_loss": 1.519947982648906,
  "val_quality": 0.6095815933001767,
  "test_loss": 1.796555053415771,
  "test_quality": 0.5495658164603359,
  "best_epoch": 562,
  "stopped_early": true,
  "patience_counter": 40,
  "success": true
}