{
  "run_id": "MPO2-L4-d16-seed123",
  "seed": 123,
  "model": "MPO2",
  "dataset": "obesity",
  "task": "regression",
  "params": {
    "output_site": 1,
    "init_strength": 0.01,
    "batch_size": 64,
    "n_epochs": 1000,
    "patience": 40,
    "min_delta": 1e-08,
    "optimizer": "adamw",
    "rank": 5,
    "seeds": [
      42,
      7,
      123,
      256,
      999
    ],
    "model": "MPO2",
    "L": 4,
    "bond_dim": 16,
    "lr": 0.01
  },
  "n_parameters": 21216,
  "train_loss": 0.18220574889983504,
  "train_quality": 0.9521897071399368,
  "val_loss": 2.060297140437053,
  "val_quality": 0.42759333986170966,
  "test_loss": 2.2608639795589824,
  "test_quality": 0.4331537913126182,
  "best_epoch": 440,
  "stopped_early": true,
  "patience_counter": 40,
  "success": true
}