{
  "run_id": "MPO2-L3-d8-seed42",
  "seed": 42,
  "model": "MPO2",
  "dataset": "obesity",
  "task": "regression",
  "params": {
    "output_site": 1,
    "init_strength": 0.01,
    "batch_size": 64,
    "n_epochs": 1000,
    "patience": 40,
    "min_delta": 1e-08,
    "optimizer": "adamw",
    "rank": 5,
    "seeds": [
      42,
      7,
      123,
      256,
      999
    ],
    "model": "MPO2",
    "L": 3,
    "bond_dim": 8,
    "lr": 0.01
  },
  "n_parameters": 3120,
  "train_loss": 0.3939240017479798,
  "train_quality": 0.8966354135262082,
  "val_loss": 1.525703428525837,
  "val_quality": 0.6252381446706884,
  "test_loss": 2.351171033462571,
  "test_quality": 0.4105119112235024,
  "best_epoch": 352,
  "stopped_early": true,
  "patience_counter": 40,
  "success": true
}