{
  "run_id": "MPO2-L3-d16-seed7",
  "seed": 7,
  "model": "MPO2",
  "dataset": "obesity",
  "task": "regression",
  "params": {
    "output_site": 1,
    "init_strength": 0.01,
    "batch_size": 64,
    "n_epochs": 1000,
    "patience": 40,
    "min_delta": 1e-08,
    "optimizer": "adamw",
    "rank": 5,
    "seeds": [
      42,
      7,
      123,
      256,
      999
    ],
    "model": "MPO2",
    "L": 3,
    "bond_dim": 16,
    "lr": 0.01
  },
  "n_parameters": 11232,
  "train_loss": 0.5175812528269226,
  "train_quality": 0.8641880872258471,
  "val_loss": 2.356919373504418,
  "val_quality": 0.40438849738173877,
  "test_loss": 3.040860424634987,
  "test_quality": 0.23759225745722257,
  "best_epoch": 228,
  "stopped_early": true,
  "patience_counter": 40,
  "success": true
}