{
  "run_id": "MPO2-L4-d8-seed123",
  "seed": 123,
  "model": "MPO2",
  "dataset": "obesity",
  "task": "regression",
  "params": {
    "output_site": 1,
    "init_strength": 0.01,
    "batch_size": 64,
    "n_epochs": 1000,
    "patience": 40,
    "min_delta": 1e-08,
    "optimizer": "adamw",
    "rank": 5,
    "seeds": [
      42,
      7,
      123,
      256,
      999
    ],
    "model": "MPO2",
    "L": 4,
    "bond_dim": 8,
    "lr": 0.01
  },
  "n_parameters": 5616,
  "train_loss": 0.267958993981781,
  "train_quality": 0.9296882889035535,
  "val_loss": 1.8642311318741531,
  "val_quality": 0.5274144828787699,
  "test_loss": 2.2062630427010936,
  "test_quality": 0.4468433959630984,
  "best_epoch": 510,
  "stopped_early": true,
  "patience_counter": 40,
  "success": true
}