{
  "run_id": "MPO2-L4-d12-seed999",
  "seed": 999,
  "model": "MPO2",
  "dataset": "obesity",
  "task": "regression",
  "params": {
    "output_site": 1,
    "init_strength": 0.01,
    "batch_size": 64,
    "n_epochs": 1000,
    "patience": 40,
    "min_delta": 1e-08,
    "optimizer": "adamw",
    "rank": 5,
    "seeds": [
      42,
      7,
      123,
      256,
      999
    ],
    "model": "MPO2",
    "L": 4,
    "bond_dim": 12,
    "lr": 0.01
  },
  "n_parameters": 12168,
  "train_loss": 0.19368473319082574,
  "train_quality": 0.9491776528880699,
  "val_loss": 1.9861565901605585,
  "val_quality": 0.4721212660446237,
  "test_loss": 2.3317242965985714,
  "test_quality": 0.4153876176624405,
  "best_epoch": 440,
  "stopped_early": true,
  "patience_counter": 40,
  "success": true
}