{
  "run_id": "MPO2-L4-d16-seed999",
  "seed": 999,
  "model": "MPO2",
  "dataset": "obesity",
  "task": "regression",
  "params": {
    "output_site": 1,
    "init_strength": 0.01,
    "batch_size": 64,
    "n_epochs": 1000,
    "patience": 40,
    "min_delta": 1e-08,
    "optimizer": "adamw",
    "rank": 5,
    "seeds": [
      42,
      7,
      123,
      256,
      999
    ],
    "model": "MPO2",
    "L": 4,
    "bond_dim": 16,
    "lr": 0.01
  },
  "n_parameters": 21216,
  "train_loss": 0.21936593496437093,
  "train_quality": 0.9424389754028356,
  "val_loss": 1.5462063896060045,
  "val_quality": 0.5841164421392613,
  "test_loss": 1.6585600482091252,
  "test_quality": 0.584164070148486,
  "best_epoch": 467,
  "stopped_early": true,
  "patience_counter": 40,
  "success": true
}