{
  "run_id": "MPO2-L3-d12-jit0.1-seed123",
  "seed": 123,
  "model": "MPO2",
  "grid_params": {
    "model": "MPO2",
    "L": 3,
    "bond_dim": 12,
    "jitter_start": 0.1
  },
  "n_parameters": 5928,
  "train_loss": 7.955224539669083e+28,
  "train_quality": 0.8709677419354839,
  "val_loss": 7.268422354560978e+28,
  "val_quality": 0.7777777777777777,
  "test_loss": 8.466607212198391e+28,
  "test_quality": 0.7777777777777777,
  "success": true,
  "singular": true
}