{
  "run_id": "MPO2-L3-d16-jit5-seed999",
  "seed": 999,
  "model": "MPO2",
  "grid_params": {
    "model": "MPO2",
    "L": 3,
    "bond_dim": 16,
    "jitter_start": 5.0
  },
  "n_parameters": 10400,
  "train_loss": 6.470694253493315e+66,
  "train_quality": 0.6532258064516129,
  "val_loss": 1.132124879056695e+66,
  "val_quality": 0.6296296296296295,
  "test_loss": 1.3681122165690885e+66,
  "test_quality": 0.7777777777777777,
  "success": true,
  "singular": true
}