{
  "run_id": "MPO2-L3-d8-jit0.1-seed256",
  "seed": 256,
  "model": "MPO2",
  "grid_params": {
    "model": "MPO2",
    "L": 3,
    "bond_dim": 8,
    "jitter_start": 0.1
  },
  "n_parameters": 2704,
  "train_loss": 3812528764255897.0,
  "train_quality": 0.717741935483871,
  "val_loss": 6013162473734841.0,
  "val_quality": 0.6296296296296295,
  "test_loss": 1124783918131422.9,
  "test_quality": 0.8888888888888888,
  "success": true,
  "singular": true
}