{
  "run_id": "MPO2-L3-d16-jit5-seed256",
  "seed": 256,
  "model": "MPO2",
  "grid_params": {
    "model": "MPO2",
    "L": 3,
    "bond_dim": 16,
    "jitter_start": 5.0
  },
  "n_parameters": 10400,
  "train_loss": 5.940392616095159e+38,
  "train_quality": 0.782258064516129,
  "val_loss": 4.920310838259931e+38,
  "val_quality": 0.7777777777777777,
  "test_loss": 3.9484907636240176e+38,
  "test_quality": 0.7407407407407407,
  "success": true,
  "singular": true
}