{
  "run_id": "MPO2-L3-d12-jit5-seed999",
  "seed": 999,
  "model": "MPO2",
  "grid_params": {
    "model": "MPO2",
    "L": 3,
    "bond_dim": 12,
    "jitter_start": 5.0
  },
  "n_parameters": 5928,
  "train_loss": 5.762760450754687e+18,
  "train_quality": 0.6370967741935484,
  "val_loss": 2.3085248934178775e+18,
  "val_quality": 0.6666666666666666,
  "test_loss": 6.165037756620869e+18,
  "test_quality": 0.6666666666666666,
  "success": true,
  "singular": true
}