{
  "run_id": "MPO2-L3-d12-jit0.1-seed42",
  "seed": 42,
  "model": "MPO2",
  "grid_params": {
    "model": "MPO2",
    "L": 3,
    "bond_dim": 12,
    "jitter_start": 0.1
  },
  "n_parameters": 5928,
  "train_loss": 6.740745989981057e+125,
  "train_quality": 0.75,
  "val_loss": 2.14970601161536e+125,
  "val_quality": 0.8148148148148148,
  "test_loss": 7.453914740931674e+125,
  "test_quality": 0.7777777777777777,
  "success": true,
  "singular": true
}