{
  "run_id": "MPO2TypeI-L3-d8-jit5-seed123",
  "seed": 123,
  "model": "MPO2TypeI",
  "grid_params": {
    "model": "MPO2TypeI",
    "L": 3,
    "bond_dim": 8,
    "jitter_start": 5.0
  },
  "n_parameters": 1703,
  "train_loss": 0.19259644418541108,
  "train_quality": 0.9919354838709677,
  "val_loss": 0.23355330710618552,
  "val_quality": 1.0,
  "test_loss": 0.1849651365662072,
  "test_quality": 1.0,
  "success": true,
  "singular": false
}