{
  "run_id": "MPO2-L3-d8-jit5-seed42",
  "seed": 42,
  "model": "MPO2",
  "grid_params": {
    "model": "MPO2",
    "L": 3,
    "bond_dim": 8,
    "jitter_start": 5.0
  },
  "n_parameters": 2704,
  "train_loss": 2.236928155456634,
  "train_quality": 0.9032258064516129,
  "val_loss": 0.586706353673755,
  "val_quality": 0.7777777777777777,
  "test_loss": 0.5548357070529909,
  "test_quality": 0.8518518518518519,
  "success": true,
  "singular": true
}