{
  "run_id": "MPO2-L3-d8-jit5-seed123",
  "seed": 123,
  "model": "MPO2",
  "grid_params": {
    "model": "MPO2",
    "L": 3,
    "bond_dim": 8,
    "jitter_start": 5.0
  },
  "n_parameters": 2704,
  "train_loss": 7.545070836463313e+160,
  "train_quality": 0.6451612903225806,
  "val_loss": 4.915715103060899e+160,
  "val_quality": 0.5925925925925926,
  "test_loss": 4.9842685747947556e+160,
  "test_quality": 0.7407407407407407,
  "success": true,
  "singular": true
}