{
  "run_id": "MPO2-L3-d12-jit5-seed7",
  "seed": 7,
  "model": "MPO2",
  "grid_params": {
    "model": "MPO2",
    "L": 3,
    "bond_dim": 12,
    "jitter_start": 5.0
  },
  "n_parameters": 5928,
  "train_loss": 4.994697377575558e+149,
  "train_quality": 0.6935483870967741,
  "val_loss": 2.7723016717624936e+149,
  "val_quality": 0.7037037037037037,
  "test_loss": 4.913743971731006e+149,
  "test_quality": 0.6296296296296295,
  "success": true,
  "singular": true
}