{
  "run_id": "MPO2-L4-d16-jit5-seed42",
  "seed": 42,
  "model": "MPO2",
  "grid_params": {
    "model": "MPO2",
    "L": 4,
    "bond_dim": 16,
    "jitter_start": 5.0
  },
  "n_parameters": 13728,
  "train_loss": 7.50052379065481e+88,
  "train_quality": 0.4032258064516129,
  "val_loss": 2.9753458327725293e+88,
  "val_quality": 0.4444444444444444,
  "test_loss": 8.660728243706477e+88,
  "test_quality": 0.4074074074074074,
  "success": true,
  "singular": true
}