{
  "run_id": "MPO2-L3-d16-jit5-seed7",
  "seed": 7,
  "model": "MPO2",
  "grid_params": {
    "model": "MPO2",
    "L": 3,
    "bond_dim": 16,
    "jitter_start": 5.0
  },
  "n_parameters": 10400,
  "train_loss": 535843.4401050148,
  "train_quality": 0.564516129032258,
  "val_loss": 372330.08911718096,
  "val_quality": 0.5925925925925926,
  "test_loss": 799275.953884448,
  "test_quality": 0.5185185185185185,
  "success": true,
  "singular": true
}