{
  "run_id": "MPO2-L4-d16-jit5-seed123",
  "seed": 123,
  "model": "MPO2",
  "grid_params": {
    "model": "MPO2",
    "L": 4,
    "bond_dim": 16,
    "jitter_start": 5.0
  },
  "n_parameters": 13728,
  "train_loss": 1.9856865176923617e+286,
  "train_quality": 0.532258064516129,
  "val_loss": 1.4520830090114979e+286,
  "val_quality": 0.6666666666666666,
  "test_loss": 2.0441199461949373e+286,
  "test_quality": 0.6296296296296295,
  "success": true,
  "singular": true
}