{
  "run_id": "MPO2-L3-d8-jit0.1-seed42",
  "seed": 42,
  "model": "MPO2",
  "grid_params": {
    "model": "MPO2",
    "L": 3,
    "bond_dim": 8,
    "jitter_start": 0.1
  },
  "n_parameters": 2704,
  "train_loss": 1275883743762.2441,
  "train_quality": 0.5,
  "val_loss": 879738058457.444,
  "val_quality": 0.5185185185185185,
  "test_loss": 318362443045.95917,
  "test_quality": 0.6296296296296295,
  "success": true,
  "singular": true
}