{
  "run_id": "MPO2-L3-d12-jit5-seed256",
  "seed": 256,
  "model": "MPO2",
  "grid_params": {
    "model": "MPO2",
    "L": 3,
    "bond_dim": 12,
    "jitter_start": 5.0
  },
  "n_parameters": 5928,
  "train_loss": 564301.6732232487,
  "train_quality": 0.5403225806451613,
  "val_loss": 278052.6582235062,
  "val_quality": 0.5925925925925926,
  "test_loss": 672830.3031122255,
  "test_quality": 0.5555555555555556,
  "success": true,
  "singular": true
}