{
  "run_id": "MPO2TypeI-L3-d12-jit0.1-seed999",
  "seed": 999,
  "model": "MPO2TypeI",
  "grid_params": {
    "model": "MPO2TypeI",
    "L": 3,
    "bond_dim": 12,
    "jitter_start": 0.1
  },
  "n_parameters": 3159,
  "train_loss": 0.0043754494620170305,
  "train_quality": 1.0,
  "val_loss": 0.052939040068622496,
  "val_quality": 1.0,
  "test_loss": 0.04005179410094738,
  "test_quality": 0.9629629629629629,
  "success": true,
  "singular": false
}