{
  "run_id": "MPO2-L3-d16-jit0.1-seed999",
  "seed": 999,
  "model": "MPO2",
  "grid_params": {
    "model": "MPO2",
    "L": 3,
    "bond_dim": 16,
    "jitter_start": 0.1
  },
  "n_parameters": 10400,
  "train_loss": 25392418768.79092,
  "train_quality": 0.8064516129032258,
  "val_loss": 9573265905.653803,
  "val_quality": 0.7037037037037037,
  "test_loss": 23654032438.59763,
  "test_quality": 0.7777777777777777,
  "success": true,
  "singular": true
}