{
  "run_id": "MPO2-L4-d12-seed256",
  "seed": 256,
  "model": "MPO2",
  "dataset": "adult",
  "task": "classification",
  "params": {
    "output_site": 1,
    "init_strength": 0.01,
    "batch_size": 64,
    "n_epochs": 1000,
    "patience": 40,
    "min_delta": 1e-08,
    "optimizer": "adamw",
    "rank": 5,
    "seeds": [
      42,
      7,
      123,
      256,
      999
    ],
    "model": "MPO2",
    "L": 4,
    "bond_dim": 12,
    "lr": 0.01
  },
  "n_parameters": 34968,
  "train_loss": 1.102509654256367,
  "train_quality": 0.5361958524671678,
  "val_loss": 1.1638951988420674,
  "val_quality": 0.5543270543270543,
  "test_loss": 1.125126177297859,
  "test_quality": 0.5287293571721032,
  "best_epoch": 52,
  "stopped_early": true,
  "patience_counter": 40,
  "success": true
}