{
  "run_id": "MPO2-L3-d8-seed256",
  "seed": 256,
  "model": "MPO2",
  "dataset": "adult",
  "task": "classification",
  "params": {
    "output_site": 1,
    "init_strength": 0.01,
    "batch_size": 64,
    "n_epochs": 1000,
    "patience": 40,
    "min_delta": 1e-08,
    "optimizer": "adamw",
    "rank": 5,
    "seeds": [
      42,
      7,
      123,
      256,
      999
    ],
    "model": "MPO2",
    "L": 3,
    "bond_dim": 8,
    "lr": 0.01
  },
  "n_parameters": 12784,
  "train_loss": 0.9600251938119493,
  "train_quality": 0.5626371055017696,
  "val_loss": 0.9811539967046784,
  "val_quality": 0.5616980616980617,
  "test_loss": 0.9807880472364688,
  "test_quality": 0.5605295482462126,
  "best_epoch": 76,
  "stopped_early": true,
  "patience_counter": 40,
  "success": true
}