{
  "run_id": "MPO2-L3-d8-seed42",
  "seed": 42,
  "model": "MPO2",
  "dataset": "adult",
  "task": "classification",
  "params": {
    "output_site": 1,
    "init_strength": 0.01,
    "batch_size": 64,
    "n_epochs": 1000,
    "patience": 40,
    "min_delta": 1e-08,
    "optimizer": "adamw",
    "rank": 5,
    "seeds": [
      42,
      7,
      123,
      256,
      999
    ],
    "model": "MPO2",
    "L": 3,
    "bond_dim": 8,
    "lr": 0.01
  },
  "n_parameters": 12784,
  "train_loss": 0.9592830394479516,
  "train_quality": 0.560150925736348,
  "val_loss": 0.9834302437663353,
  "val_quality": 0.5612885612885613,
  "test_loss": 0.9788058261109726,
  "test_quality": 0.5552067694827351,
  "best_epoch": 83,
  "stopped_early": true,
  "patience_counter": 40,
  "success": true
}