{
  "run_id": "MPO2TypeI_GTN-L3-d12-seed999",
  "seed": 999,
  "model": "MPO2TypeI_GTN",
  "dataset": "adult",
  "task": "classification",
  "params": {
    "init_strength": 0.01,
    "batch_size": 64,
    "n_epochs": 1000,
    "patience": 40,
    "min_delta": 1e-08,
    "optimizer": "adamw",
    "seeds": [
      42,
      7,
      123,
      256,
      999
    ],
    "model": "MPO2TypeI_GTN",
    "L": 3,
    "bond_dim": 12,
    "lr": 0.001
  },
  "n_parameters": 12596,
  "train_loss": 0.877839443989345,
  "train_quality": 0.5952206850156483,
  "val_loss": 1.0746866008077622,
  "val_quality": 0.5622440622440622,
  "test_loss": 1.0868227054884059,
  "test_quality": 0.5493380646922342,
  "best_epoch": 3,
  "stopped_early": true,
  "patience_counter": 40,
  "success": true
}