{
  "run_id": "MPO2-L4-d16-seed999",
  "seed": 999,
  "model": "MPO2",
  "dataset": "adult",
  "task": "classification",
  "params": {
    "output_site": 1,
    "init_strength": 0.01,
    "batch_size": 64,
    "n_epochs": 1000,
    "patience": 40,
    "min_delta": 1e-08,
    "optimizer": "adamw",
    "rank": 5,
    "seeds": [
      42,
      7,
      123,
      256,
      999
    ],
    "model": "MPO2",
    "L": 4,
    "bond_dim": 16,
    "lr": 0.01
  },
  "n_parameters": 61664,
  "train_loss": 1.0031840706980735,
  "train_quality": 0.5380970487583726,
  "val_loss": 1.0488855032429065,
  "val_quality": 0.5515970515970516,
  "test_loss": 1.0433184058511875,
  "test_quality": 0.5249078749829398,
  "best_epoch": 16,
  "stopped_early": true,
  "patience_counter": 40,
  "success": true
}