{
  "run_id": "MPO2-L3-d16-seed256",
  "seed": 256,
  "model": "MPO2",
  "dataset": "adult",
  "task": "classification",
  "params": {
    "output_site": 1,
    "init_strength": 0.01,
    "batch_size": 64,
    "n_epochs": 1000,
    "patience": 40,
    "min_delta": 1e-08,
    "optimizer": "adamw",
    "rank": 5,
    "seeds": [
      42,
      7,
      123,
      256,
      999
    ],
    "model": "MPO2",
    "L": 3,
    "bond_dim": 16,
    "lr": 0.01
  },
  "n_parameters": 49632,
  "train_loss": 0.9884058291623254,
  "train_quality": 0.5533066190880107,
  "val_loss": 1.0246509696829607,
  "val_quality": 0.5581490581490581,
  "test_loss": 1.0123612606351433,
  "test_quality": 0.5441517674355125,
  "best_epoch": 81,
  "stopped_early": true,
  "patience_counter": 40,
  "success": true
}