{
  "run_id": "MPO2-L3-d12-seed256",
  "seed": 256,
  "model": "MPO2",
  "dataset": "adult",
  "task": "classification",
  "params": {
    "output_site": 1,
    "init_strength": 0.01,
    "batch_size": 64,
    "n_epochs": 1000,
    "patience": 40,
    "min_delta": 1e-08,
    "optimizer": "adamw",
    "rank": 5,
    "seeds": [
      42,
      7,
      123,
      256,
      999
    ],
    "model": "MPO2",
    "L": 3,
    "bond_dim": 12,
    "lr": 0.01
  },
  "n_parameters": 28200,
  "train_loss": 0.9943494886734584,
  "train_quality": 0.5518441604024686,
  "val_loss": 1.0267334540518769,
  "val_quality": 0.5606060606060606,
  "test_loss": 1.010545186842757,
  "test_quality": 0.5517947318138392,
  "best_epoch": 37,
  "stopped_early": true,
  "patience_counter": 40,
  "success": true
}