{
  "run_id": "MPO2-L3-d12-seed999",
  "seed": 999,
  "model": "MPO2",
  "dataset": "adult",
  "task": "classification",
  "params": {
    "init_strength": 0.01,
    "batch_size": 64,
    "n_epochs": 1000,
    "patience": 40,
    "min_delta": 1e-08,
    "optimizer": "adamw",
    "seeds": [
      42,
      7,
      123,
      256,
      999
    ],
    "model": "MPO2",
    "L": 3,
    "bond_dim": 12,
    "lr": 0.001
  },
  "n_parameters": 9588,
  "train_loss": 0.8807898645441257,
  "train_quality": 0.5944894556728773,
  "val_loss": 1.0715482761062551,
  "val_quality": 0.5561015561015561,
  "test_loss": 1.0819112203745682,
  "test_quality": 0.5520676948273509,
  "best_epoch": 49,
  "stopped_early": true,
  "patience_counter": 40,
  "success": true
}