{
  "run_id": "MPO2TypeI_GTN-L4-d16-seed123",
  "seed": 123,
  "model": "MPO2TypeI_GTN",
  "dataset": "adult",
  "task": "classification",
  "params": {
    "init_strength": 0.01,
    "batch_size": 64,
    "n_epochs": 1000,
    "patience": 40,
    "min_delta": 1e-08,
    "optimizer": "adamw",
    "seeds": [
      42,
      7,
      123,
      256,
      999
    ],
    "model": "MPO2TypeI_GTN",
    "L": 4,
    "bond_dim": 16,
    "lr": 0.001
  },
  "n_parameters": 47564,
  "train_loss": 0.8128263317999722,
  "train_quality": 0.6251133405481295,
  "val_loss": 1.2888834080624088,
  "val_quality": 0.5622440622440622,
  "test_loss": 1.266733794104355,
  "test_quality": 0.5309130612801966,
  "best_epoch": 1,
  "stopped_early": true,
  "patience_counter": 40,
  "success": true
}