{
  "run_id": "MPO2TypeI_GTN-L3-d8-seed256",
  "seed": 256,
  "model": "MPO2TypeI_GTN",
  "dataset": "adult",
  "task": "classification",
  "params": {
    "init_strength": 0.01,
    "batch_size": 64,
    "n_epochs": 1000,
    "patience": 40,
    "min_delta": 1e-08,
    "optimizer": "adamw",
    "seeds": [
      42,
      7,
      123,
      256,
      999
    ],
    "model": "MPO2TypeI_GTN",
    "L": 3,
    "bond_dim": 8,
    "lr": 0.001
  },
  "n_parameters": 6956,
  "train_loss": 0.8911588615915382,
  "train_quality": 0.5886103717569978,
  "val_loss": 1.0497905782876176,
  "val_quality": 0.5627900627900628,
  "test_loss": 1.0474372883795944,
  "test_quality": 0.5562986215367818,
  "best_epoch": 1,
  "stopped_early": true,
  "patience_counter": 40,
  "success": true
}