{
  "run_id": "MPO2-L3-d8-seed256",
  "seed": 256,
  "model": "MPO2",
  "dataset": "adult",
  "task": "classification",
  "params": {
    "init_strength": 0.01,
    "batch_size": 64,
    "n_epochs": 1000,
    "patience": 40,
    "min_delta": 1e-08,
    "optimizer": "adamw",
    "seeds": [
      42,
      7,
      123,
      256,
      999
    ],
    "model": "MPO2",
    "L": 3,
    "bond_dim": 8,
    "lr": 0.001
  },
  "n_parameters": 4888,
  "train_loss": 0.897370940945589,
  "train_quality": 0.5868846705080581,
  "val_loss": 1.0404614117563298,
  "val_quality": 0.5612885612885613,
  "test_loss": 1.0383149568109862,
  "test_quality": 0.5550702879759792,
  "best_epoch": 42,
  "stopped_early": true,
  "patience_counter": 40,
  "success": true
}