{
  "run_id": "MPO2-L4-d16-seed999",
  "seed": 999,
  "model": "MPO2",
  "dataset": "adult",
  "task": "classification",
  "params": {
    "init_strength": 0.01,
    "batch_size": 64,
    "n_epochs": 1000,
    "patience": 40,
    "min_delta": 1e-08,
    "optimizer": "adamw",
    "seeds": [
      42,
      7,
      123,
      256,
      999
    ],
    "model": "MPO2",
    "L": 4,
    "bond_dim": 16,
    "lr": 0.001
  },
  "n_parameters": 27824,
  "train_loss": 0.8143673663262148,
  "train_quality": 0.6247623504635994,
  "val_loss": 1.3083530257994278,
  "val_quality": 0.5469560469560469,
  "test_loss": 1.3299602032135338,
  "test_quality": 0.5325508393612666,
  "best_epoch": 62,
  "stopped_early": true,
  "patience_counter": 40,
  "success": true
}