{
  "run_id": "MPO2-L4-d8-seed7",
  "seed": 7,
  "model": "MPO2",
  "dataset": "adult",
  "task": "classification",
  "params": {
    "output_site": 1,
    "init_strength": 0.01,
    "batch_size": 64,
    "n_epochs": 1000,
    "patience": 40,
    "min_delta": 1e-08,
    "optimizer": "adamw",
    "rank": 5,
    "seeds": [
      42,
      7,
      123,
      256,
      999
    ],
    "model": "MPO2",
    "L": 4,
    "bond_dim": 8,
    "lr": 0.01
  },
  "n_parameters": 15792,
  "train_loss": 0.9648431324196806,
  "train_quality": 0.5636023282342274,
  "val_loss": 1.0044329152895355,
  "val_quality": 0.5546000546000546,
  "test_loss": 1.0003319203349532,
  "test_quality": 0.5631226968745735,
  "best_epoch": 14,
  "stopped_early": true,
  "patience_counter": 40,
  "success": true
}