{
  "run_id": "MPO2-L4-d16-seed123",
  "seed": 123,
  "model": "MPO2",
  "dataset": "adult",
  "task": "classification",
  "params": {
    "output_site": 1,
    "init_strength": 0.01,
    "batch_size": 64,
    "n_epochs": 1000,
    "patience": 40,
    "min_delta": 1e-08,
    "optimizer": "adamw",
    "rank": 5,
    "seeds": [
      42,
      7,
      123,
      256,
      999
    ],
    "model": "MPO2",
    "L": 4,
    "bond_dim": 16,
    "lr": 0.01
  },
  "n_parameters": 61664,
  "train_loss": 0.9740781318530471,
  "train_quality": 0.5607651583842757,
  "val_loss": 1.0385025646604318,
  "val_quality": 0.5509145509145509,
  "test_loss": 1.0387714562717327,
  "test_quality": 0.5426504708611983,
  "best_epoch": 29,
  "stopped_early": true,
  "patience_counter": 40,
  "success": true
}