{
  "run_id": "MPO2-L4-d8-seed999",
  "seed": 999,
  "model": "MPO2",
  "dataset": "adult",
  "task": "classification",
  "params": {
    "init_strength": 0.01,
    "batch_size": 64,
    "n_epochs": 1000,
    "patience": 40,
    "min_delta": 1e-08,
    "optimizer": "adamw",
    "seeds": [
      42,
      7,
      123,
      256,
      999
    ],
    "model": "MPO2",
    "L": 4,
    "bond_dim": 8,
    "lr": 0.001
  },
  "n_parameters": 7896,
  "train_loss": 0.8581247753494011,
  "train_quality": 0.6060428792886601,
  "val_loss": 1.1893317017921017,
  "val_quality": 0.5540540540540541,
  "test_loss": 1.1966157692307726,
  "test_quality": 0.5385560256585232,
  "best_epoch": 57,
  "stopped_early": true,
  "patience_counter": 40,
  "success": true
}