{
  "run_id": "MPO2TypeI_GTN-L3-d16-seed999",
  "seed": 999,
  "model": "MPO2TypeI_GTN",
  "dataset": "adult",
  "task": "classification",
  "params": {
    "init_strength": 0.01,
    "batch_size": 64,
    "n_epochs": 1000,
    "patience": 40,
    "min_delta": 1e-08,
    "optimizer": "adamw",
    "seeds": [
      42,
      7,
      123,
      256,
      999
    ],
    "model": "MPO2TypeI_GTN",
    "L": 3,
    "bond_dim": 16,
    "lr": 0.001
  },
  "n_parameters": 19740,
  "train_loss": 0.8726243728025329,
  "train_quality": 0.5983795957764193,
  "val_loss": 1.082428440537226,
  "val_quality": 0.5615615615615616,
  "test_loss": 1.0826125232574824,
  "test_quality": 0.5448341749692917,
  "best_epoch": 4,
  "stopped_early": true,
  "patience_counter": 40,
  "success": true
}