{
  "run_id": "MPO2-L3-d16-seed7",
  "seed": 7,
  "model": "MPO2",
  "dataset": "adult",
  "task": "classification",
  "params": {
    "output_site": 1,
    "init_strength": 0.01,
    "batch_size": 64,
    "n_epochs": 1000,
    "patience": 40,
    "min_delta": 1e-08,
    "optimizer": "adamw",
    "rank": 5,
    "seeds": [
      42,
      7,
      123,
      256,
      999
    ],
    "model": "MPO2",
    "L": 3,
    "bond_dim": 16,
    "lr": 0.01
  },
  "n_parameters": 49632,
  "train_loss": 0.9982995490780433,
  "train_quality": 0.5331246892275293,
  "val_loss": 1.0210824820343516,
  "val_quality": 0.5562380562380562,
  "test_loss": 1.0295692070377982,
  "test_quality": 0.5290023201856149,
  "best_epoch": 78,
  "stopped_early": true,
  "patience_counter": 40,
  "success": true
}