{
  "run_id": "MPO2-L4-d12-seed7",
  "seed": 7,
  "model": "MPO2",
  "dataset": "adult",
  "task": "classification",
  "params": {
    "init_strength": 0.01,
    "batch_size": 64,
    "n_epochs": 1000,
    "patience": 40,
    "min_delta": 1e-08,
    "optimizer": "adamw",
    "seeds": [
      42,
      7,
      123,
      256,
      999
    ],
    "model": "MPO2",
    "L": 4,
    "bond_dim": 12,
    "lr": 0.001
  },
  "n_parameters": 16356,
  "train_loss": 0.8257221390572081,
  "train_quality": 0.6162508409137442,
  "val_loss": 1.2569793576527246,
  "val_quality": 0.549003549003549,
  "test_loss": 1.2395526784174984,
  "test_quality": 0.5377371366179883,
  "best_epoch": 52,
  "stopped_early": true,
  "patience_counter": 40,
  "success": true
}