{
  "run_id": "MPO2-L3-d8-seed123",
  "seed": 123,
  "model": "MPO2",
  "dataset": "adult",
  "task": "classification",
  "params": {
    "init_strength": 0.01,
    "batch_size": 64,
    "n_epochs": 1000,
    "patience": 40,
    "min_delta": 1e-08,
    "optimizer": "adamw",
    "seeds": [
      42,
      7,
      123,
      256,
      999
    ],
    "model": "MPO2",
    "L": 3,
    "bond_dim": 8,
    "lr": 0.001
  },
  "n_parameters": 4888,
  "train_loss": 0.897520665753462,
  "train_quality": 0.5872356605925882,
  "val_loss": 1.0330135385819696,
  "val_quality": 0.558968058968059,
  "test_loss": 1.034220630991941,
  "test_quality": 0.5534325098949092,
  "best_epoch": 25,
  "stopped_early": true,
  "patience_counter": 40,
  "success": true
}