{
  "run_id": "MPO2-L4-d12-seed256",
  "seed": 256,
  "model": "MPO2",
  "dataset": "adult",
  "task": "classification",
  "params": {
    "init_strength": 0.01,
    "batch_size": 64,
    "n_epochs": 1000,
    "patience": 40,
    "min_delta": 1e-08,
    "optimizer": "adamw",
    "seeds": [
      42,
      7,
      123,
      256,
      999
    ],
    "model": "MPO2",
    "L": 4,
    "bond_dim": 12,
    "lr": 0.001
  },
  "n_parameters": 16356,
  "train_loss": 0.8193905254859696,
  "train_quality": 0.6223346690455994,
  "val_loss": 1.2731090318784717,
  "val_quality": 0.549003549003549,
  "test_loss": 1.2560177748996497,
  "test_quality": 0.5373276920977208,
  "best_epoch": 43,
  "stopped_early": true,
  "patience_counter": 40,
  "success": true
}