{
  "run_id": "MPO2-L3-d8-seed7",
  "seed": 7,
  "model": "MPO2",
  "dataset": "adult",
  "task": "classification",
  "params": {
    "init_strength": 0.01,
    "batch_size": 64,
    "n_epochs": 1000,
    "patience": 40,
    "min_delta": 1e-08,
    "optimizer": "adamw",
    "seeds": [
      42,
      7,
      123,
      256,
      999
    ],
    "model": "MPO2",
    "L": 3,
    "bond_dim": 8,
    "lr": 0.001
  },
  "n_parameters": 4888,
  "train_loss": 0.8983091968493914,
  "train_quality": 0.5870016672029015,
  "val_loss": 1.054247298843615,
  "val_quality": 0.5586950586950586,
  "test_loss": 1.0509681692384434,
  "test_quality": 0.5487921386652108,
  "best_epoch": 48,
  "stopped_early": true,
  "patience_counter": 40,
  "success": true
}