{
  "run_id": "MPO2-L3-d8-seed7",
  "seed": 7,
  "model": "MPO2",
  "dataset": "adult",
  "task": "classification",
  "params": {
    "output_site": 1,
    "init_strength": 0.01,
    "batch_size": 64,
    "n_epochs": 1000,
    "patience": 40,
    "min_delta": 1e-08,
    "optimizer": "adamw",
    "rank": 5,
    "seeds": [
      42,
      7,
      123,
      256,
      999
    ],
    "model": "MPO2",
    "L": 3,
    "bond_dim": 8,
    "lr": 0.01
  },
  "n_parameters": 12784,
  "train_loss": 1.0632508991449072,
  "train_quality": 0.5497967182427096,
  "val_loss": 1.0861472941186927,
  "val_quality": 0.558012558012558,
  "test_loss": 1.0818458818236116,
  "test_quality": 0.5437423229152449,
  "best_epoch": 26,
  "stopped_early": true,
  "patience_counter": 40,
  "success": true
}