{
  "run_id": "MPO2TypeI_GTN-L4-d12-seed256",
  "seed": 256,
  "model": "MPO2TypeI_GTN",
  "dataset": "adult",
  "task": "classification",
  "params": {
    "init_strength": 0.01,
    "batch_size": 64,
    "n_epochs": 1000,
    "patience": 40,
    "min_delta": 1e-08,
    "optimizer": "adamw",
    "seeds": [
      42,
      7,
      123,
      256,
      999
    ],
    "model": "MPO2TypeI_GTN",
    "L": 4,
    "bond_dim": 12,
    "lr": 0.001
  },
  "n_parameters": 28952,
  "train_loss": 0.8211495179224712,
  "train_quality": 0.62408961946825,
  "val_loss": 1.2592993749458066,
  "val_quality": 0.5633360633360633,
  "test_loss": 1.2757124670724656,
  "test_quality": 0.5273645421045449,
  "best_epoch": 0,
  "stopped_early": true,
  "patience_counter": 40,
  "success": true
}