{
  "run_id": "MPO2-L4-d16-seed256",
  "seed": 256,
  "model": "MPO2",
  "dataset": "adult",
  "task": "classification",
  "params": {
    "output_site": 1,
    "init_strength": 0.01,
    "batch_size": 64,
    "n_epochs": 1000,
    "patience": 40,
    "min_delta": 1e-08,
    "optimizer": "adamw",
    "rank": 5,
    "seeds": [
      42,
      7,
      123,
      256,
      999
    ],
    "model": "MPO2",
    "L": 4,
    "bond_dim": 16,
    "lr": 0.01
  },
  "n_parameters": 61664,
  "train_loss": 0.968742631440173,
  "train_quality": 0.5679897042908538,
  "val_loss": 1.0577989861467063,
  "val_quality": 0.5505050505050505,
  "test_loss": 1.0421812136918724,
  "test_quality": 0.5467449160638733,
  "best_epoch": 8,
  "stopped_early": true,
  "patience_counter": 40,
  "success": true
}