{
  "run_id": "MPO2-L3-d12-seed999",
  "seed": 999,
  "model": "MPO2",
  "dataset": "adult",
  "task": "classification",
  "params": {
    "output_site": 1,
    "init_strength": 0.01,
    "batch_size": 64,
    "n_epochs": 1000,
    "patience": 40,
    "min_delta": 1e-08,
    "optimizer": "adamw",
    "rank": 5,
    "seeds": [
      42,
      7,
      123,
      256,
      999
    ],
    "model": "MPO2",
    "L": 3,
    "bond_dim": 12,
    "lr": 0.01
  },
  "n_parameters": 28200,
  "train_loss": 1.0017562287479578,
  "train_quality": 0.5540670976044927,
  "val_loss": 1.0283781470104816,
  "val_quality": 0.5604695604695604,
  "test_loss": 1.022861439725196,
  "test_quality": 0.5524771393476184,
  "best_epoch": 51,
  "stopped_early": true,
  "patience_counter": 40,
  "success": true
}