{
  "run_id": "MPO2-L4-d8-seed256",
  "seed": 256,
  "model": "MPO2",
  "dataset": "adult",
  "task": "classification",
  "params": {
    "init_strength": 0.01,
    "batch_size": 64,
    "n_epochs": 1000,
    "patience": 40,
    "min_delta": 1e-08,
    "optimizer": "adamw",
    "seeds": [
      42,
      7,
      123,
      256,
      999
    ],
    "model": "MPO2",
    "L": 4,
    "bond_dim": 8,
    "lr": 0.001
  },
  "n_parameters": 7896,
  "train_loss": 0.8639496790418402,
  "train_quality": 0.6022112375325397,
  "val_loss": 1.2111077466396585,
  "val_quality": 0.5558285558285558,
  "test_loss": 1.2154284213316884,
  "test_quality": 0.5377371366179883,
  "best_epoch": 41,
  "stopped_early": true,
  "patience_counter": 40,
  "success": true
}