{
  "run_id": "MPO2-L4-d8-seed42",
  "seed": 42,
  "model": "MPO2",
  "dataset": "adult",
  "task": "classification",
  "params": {
    "output_site": 1,
    "init_strength": 0.01,
    "batch_size": 64,
    "n_epochs": 1000,
    "patience": 40,
    "min_delta": 1e-08,
    "optimizer": "adamw",
    "rank": 5,
    "seeds": [
      42,
      7,
      123,
      256,
      999
    ],
    "model": "MPO2",
    "L": 4,
    "bond_dim": 8,
    "lr": 0.01
  },
  "n_parameters": 15792,
  "train_loss": 0.9630603949130454,
  "train_quality": 0.5642750592295768,
  "val_loss": 1.0116844026300102,
  "val_quality": 0.5588315588315589,
  "test_loss": 1.003749600530218,
  "test_quality": 0.5562986215367818,
  "best_epoch": 118,
  "stopped_early": true,
  "patience_counter": 40,
  "success": true
}