{
  "run_id": "MPO2TypeI_GTN-L3-d12-seed256",
  "seed": 256,
  "model": "MPO2TypeI_GTN",
  "dataset": "adult",
  "task": "classification",
  "params": {
    "init_strength": 0.01,
    "batch_size": 64,
    "n_epochs": 1000,
    "patience": 40,
    "min_delta": 1e-08,
    "optimizer": "adamw",
    "seeds": [
      42,
      7,
      123,
      256,
      999
    ],
    "model": "MPO2TypeI_GTN",
    "L": 3,
    "bond_dim": 12,
    "lr": 0.001
  },
  "n_parameters": 12596,
  "train_loss": 0.8794765177936907,
  "train_quality": 0.5948696949311182,
  "val_loss": 1.0772934844748125,
  "val_quality": 0.562926562926563,
  "test_loss": 1.0678095043333904,
  "test_quality": 0.5508393612665484,
  "best_epoch": 1,
  "stopped_early": true,
  "patience_counter": 40,
  "success": true
}