{
  "run_id": "MPO2-L3-d12-seed7",
  "seed": 7,
  "model": "MPO2",
  "dataset": "adult",
  "task": "classification",
  "params": {
    "init_strength": 0.01,
    "batch_size": 64,
    "n_epochs": 1000,
    "patience": 40,
    "min_delta": 1e-08,
    "optimizer": "adamw",
    "seeds": [
      42,
      7,
      123,
      256,
      999
    ],
    "model": "MPO2",
    "L": 3,
    "bond_dim": 12,
    "lr": 0.001
  },
  "n_parameters": 9588,
  "train_loss": 0.8841758728595128,
  "train_quality": 0.5923542659919857,
  "val_loss": 1.1013098043460647,
  "val_quality": 0.5535080535080535,
  "test_loss": 1.092003737734797,
  "test_quality": 0.5466084345571175,
  "best_epoch": 42,
  "stopped_early": true,
  "patience_counter": 40,
  "success": true
}