{
  "run_id": "MPO2-L4-d12-seed7",
  "seed": 7,
  "model": "MPO2",
  "dataset": "adult",
  "task": "classification",
  "params": {
    "output_site": 1,
    "init_strength": 0.01,
    "batch_size": 64,
    "n_epochs": 1000,
    "patience": 40,
    "min_delta": 1e-08,
    "optimizer": "adamw",
    "rank": 5,
    "seeds": [
      42,
      7,
      123,
      256,
      999
    ],
    "model": "MPO2",
    "L": 4,
    "bond_dim": 12,
    "lr": 0.01
  },
  "n_parameters": 34968,
  "train_loss": 1.0678658248225013,
  "train_quality": 0.5388867764485653,
  "val_loss": 1.1737578332252947,
  "val_quality": 0.5525525525525525,
  "test_loss": 1.1717635770645907,
  "test_quality": 0.527228060597789,
  "best_epoch": 8,
  "stopped_early": true,
  "patience_counter": 40,
  "success": true
}