{
  "run_id": "MPO2-L3-d16-seed999",
  "seed": 999,
  "model": "MPO2",
  "dataset": "adult",
  "task": "classification",
  "params": {
    "init_strength": 0.01,
    "batch_size": 64,
    "n_epochs": 1000,
    "patience": 40,
    "min_delta": 1e-08,
    "optimizer": "adamw",
    "seeds": [
      42,
      7,
      123,
      256,
      999
    ],
    "model": "MPO2",
    "L": 3,
    "bond_dim": 16,
    "lr": 0.001
  },
  "n_parameters": 15792,
  "train_loss": 0.8793070867993786,
  "train_quality": 0.5953961800579134,
  "val_loss": 1.0912475335915668,
  "val_quality": 0.5540540540540541,
  "test_loss": 1.1017703548284876,
  "test_quality": 0.5489286201719668,
  "best_epoch": 47,
  "stopped_early": true,
  "patience_counter": 40,
  "success": true
}