{
  "run_id": "MPO2-L3-d16-seed123",
  "seed": 123,
  "model": "MPO2",
  "dataset": "adult",
  "task": "classification",
  "params": {
    "init_strength": 0.01,
    "batch_size": 64,
    "n_epochs": 1000,
    "patience": 40,
    "min_delta": 1e-08,
    "optimizer": "adamw",
    "seeds": [
      42,
      7,
      123,
      256,
      999
    ],
    "model": "MPO2",
    "L": 3,
    "bond_dim": 16,
    "lr": 0.001
  },
  "n_parameters": 15792,
  "train_loss": 0.8744614850572199,
  "train_quality": 0.5975898680862266,
  "val_loss": 1.0981153047689571,
  "val_quality": 0.5526890526890527,
  "test_loss": 1.094732511238763,
  "test_quality": 0.5487921386652108,
  "best_epoch": 44,
  "stopped_early": true,
  "patience_counter": 40,
  "success": true
}