{
  "run_id": "MPO2TypeI_GTN-L4-d16-seed42",
  "seed": 42,
  "model": "MPO2TypeI_GTN",
  "dataset": "adult",
  "task": "classification",
  "params": {
    "init_strength": 0.01,
    "batch_size": 64,
    "n_epochs": 1000,
    "patience": 40,
    "min_delta": 1e-08,
    "optimizer": "adamw",
    "seeds": [
      42,
      7,
      123,
      256,
      999
    ],
    "model": "MPO2TypeI_GTN",
    "L": 4,
    "bond_dim": 16,
    "lr": 0.001
  },
  "n_parameters": 47564,
  "train_loss": 0.8380787194490129,
  "train_quality": 0.6207844628389249,
  "val_loss": 1.3168524605104925,
  "val_quality": 0.5623805623805623,
  "test_loss": 1.337987589916682,
  "test_quality": 0.5320049133342432,
  "best_epoch": 0,
  "stopped_early": true,
  "patience_counter": 40,
  "success": true
}