{
  "run_id": "MPO2TypeI_GTN-L3-d16-seed123",
  "seed": 123,
  "model": "MPO2TypeI_GTN",
  "dataset": "adult",
  "task": "classification",
  "params": {
    "init_strength": 0.01,
    "batch_size": 64,
    "n_epochs": 1000,
    "patience": 40,
    "min_delta": 1e-08,
    "optimizer": "adamw",
    "seeds": [
      42,
      7,
      123,
      256,
      999
    ],
    "model": "MPO2TypeI_GTN",
    "L": 3,
    "bond_dim": 16,
    "lr": 0.001
  },
  "n_parameters": 19740,
  "train_loss": 0.8744174931098039,
  "train_quality": 0.5968586387434555,
  "val_loss": 1.077995846899721,
  "val_quality": 0.5612885612885613,
  "test_loss": 1.0847127615493062,
  "test_quality": 0.5513852872935717,
  "best_epoch": 2,
  "stopped_early": true,
  "patience_counter": 40,
  "success": true
}