{
  "run_id": "MPO2-L4-d16-seed256",
  "seed": 256,
  "model": "MPO2",
  "dataset": "adult",
  "task": "classification",
  "params": {
    "init_strength": 0.01,
    "batch_size": 64,
    "n_epochs": 1000,
    "patience": 40,
    "min_delta": 1e-08,
    "optimizer": "adamw",
    "seeds": [
      42,
      7,
      123,
      256,
      999
    ],
    "model": "MPO2",
    "L": 4,
    "bond_dim": 16,
    "lr": 0.001
  },
  "n_parameters": 27824,
  "train_loss": 0.8359702418172753,
  "train_quality": 0.6202872268858405,
  "val_loss": 1.2953495509408228,
  "val_quality": 0.5434070434070434,
  "test_loss": 1.3012920433051753,
  "test_quality": 0.5318684318274873,
  "best_epoch": 40,
  "stopped_early": true,
  "patience_counter": 40,
  "success": true
}