{
  "run_id": "MPO2TypeI_GTN-L3-d16-seed7",
  "seed": 7,
  "model": "MPO2TypeI_GTN",
  "dataset": "adult",
  "task": "classification",
  "params": {
    "init_strength": 0.01,
    "batch_size": 64,
    "n_epochs": 1000,
    "patience": 40,
    "min_delta": 1e-08,
    "optimizer": "adamw",
    "seeds": [
      42,
      7,
      123,
      256,
      999
    ],
    "model": "MPO2TypeI_GTN",
    "L": 3,
    "bond_dim": 16,
    "lr": 0.001
  },
  "n_parameters": 19740,
  "train_loss": 0.8748066954937996,
  "train_quality": 0.5969463862645881,
  "val_loss": 1.084755616664249,
  "val_quality": 0.5616980616980617,
  "test_loss": 1.0824550533003774,
  "test_quality": 0.5472908420908967,
  "best_epoch": 3,
  "stopped_early": true,
  "patience_counter": 40,
  "success": true
}