{
  "run_id": "MPO2-L4-d8-seed42",
  "seed": 42,
  "model": "MPO2",
  "dataset": "adult",
  "task": "classification",
  "params": {
    "init_strength": 0.01,
    "batch_size": 64,
    "n_epochs": 1000,
    "patience": 40,
    "min_delta": 1e-08,
    "optimizer": "adamw",
    "seeds": [
      42,
      7,
      123,
      256,
      999
    ],
    "model": "MPO2",
    "L": 4,
    "bond_dim": 8,
    "lr": 0.001
  },
  "n_parameters": 7896,
  "train_loss": 0.8501431851228831,
  "train_quality": 0.6084998098803709,
  "val_loss": 1.1864838133027906,
  "val_quality": 0.555965055965056,
  "test_loss": 1.1693857158342433,
  "test_quality": 0.5437423229152449,
  "best_epoch": 53,
  "stopped_early": true,
  "patience_counter": 40,
  "success": true
}