{
  "run_id": "MPO2-L4-d12-seed999",
  "seed": 999,
  "model": "MPO2",
  "dataset": "adult",
  "task": "classification",
  "params": {
    "output_site": 1,
    "init_strength": 0.01,
    "batch_size": 64,
    "n_epochs": 1000,
    "patience": 40,
    "min_delta": 1e-08,
    "optimizer": "adamw",
    "rank": 5,
    "seeds": [
      42,
      7,
      123,
      256,
      999
    ],
    "model": "MPO2",
    "L": 4,
    "bond_dim": 12,
    "lr": 0.01
  },
  "n_parameters": 34968,
  "train_loss": 0.9789812749370611,
  "train_quality": 0.5624031121120828,
  "val_loss": 1.0244520327609186,
  "val_quality": 0.5528255528255528,
  "test_loss": 1.0362321289877208,
  "test_quality": 0.5507028797597926,
  "best_epoch": 45,
  "stopped_early": true,
  "patience_counter": 40,
  "success": true
}