{
  "run_id": "MPO2-L4-d8-seed999",
  "seed": 999,
  "model": "MPO2",
  "dataset": "adult",
  "task": "classification",
  "params": {
    "output_site": 1,
    "init_strength": 0.01,
    "batch_size": 64,
    "n_epochs": 1000,
    "patience": 40,
    "min_delta": 1e-08,
    "optimizer": "adamw",
    "rank": 5,
    "seeds": [
      42,
      7,
      123,
      256,
      999
    ],
    "model": "MPO2",
    "L": 4,
    "bond_dim": 8,
    "lr": 0.01
  },
  "n_parameters": 15792,
  "train_loss": 0.9818071499733324,
  "train_quality": 0.5595659422621311,
  "val_loss": 1.0234010590062181,
  "val_quality": 0.5544635544635544,
  "test_loss": 1.040607912287046,
  "test_quality": 0.5483826941449433,
  "best_epoch": 47,
  "stopped_early": true,
  "patience_counter": 40,
  "success": true
}