{
  "run_id": "MPO2-L3-d12-jit5-seed42",
  "seed": 42,
  "model": "MPO2",
  "grid_params": {
    "model": "MPO2",
    "L": 3,
    "bond_dim": 12,
    "jitter_start": 5.0
  },
  "n_parameters": 8400,
  "train_loss": 3.7234505802005606,
  "train_quality": 0.4752362817788961,
  "val_loss": 5.818643143649796,
  "val_quality": 0.08705287255534444,
  "test_loss": 8.08116825174957,
  "test_quality": 0.2015273673888608,
  "success": true,
  "singular": false
}