{
  "run_id": "MPO2-L3-d12-jit5-seed7",
  "seed": 7,
  "model": "MPO2",
  "grid_params": {
    "model": "MPO2",
    "L": 3,
    "bond_dim": 12,
    "jitter_start": 5.0
  },
  "n_parameters": 8400,
  "train_loss": 3.681501683621258,
  "train_quality": 0.4811483406259458,
  "val_loss": 5.892308353820165,
  "val_quality": 0.07549477552871342,
  "success": true,
  "singular": false
}