{
  "run_id": "MPO2-L3-d8-jit0.1-seed42",
  "seed": 42,
  "model": "MPO2",
  "grid_params": {
    "model": "MPO2",
    "L": 3,
    "bond_dim": 8,
    "jitter_start": 0.1
  },
  "n_parameters": 4000,
  "train_loss": 0.09666656946881769,
  "train_quality": 0.9863763175233541,
  "val_loss": 10.913955439221047,
  "val_quality": -0.7124033939372858,
  "test_loss": 21.081320901190217,
  "test_quality": -1.0829733120887908,
  "success": false,
  "singular": false
}