{
  "run_id": "MPO2-L3-d8-jit5-seed7",
  "seed": 7,
  "model": "MPO2",
  "grid_params": {
    "model": "MPO2",
    "L": 3,
    "bond_dim": 8,
    "jitter_start": 5.0
  },
  "n_parameters": 4000,
  "train_loss": 4.0273072402342125,
  "train_quality": 0.4324123078087846,
  "val_loss": 5.506760153949515,
  "val_quality": 0.13598742181644952,
  "test_loss": 8.024859245166647,
  "test_quality": 0.20709106799814458,
  "success": true,
  "singular": false
}