{
  "run_id": "MPO2-L3-d8-jit0.1-seed999",
  "seed": 999,
  "model": "MPO2",
  "grid_params": {
    "model": "MPO2",
    "L": 3,
    "bond_dim": 8,
    "jitter_start": 0.1
  },
  "n_parameters": 4000,
  "train_loss": 0.11818517799749814,
  "train_quality": 0.9833435969918931,
  "val_loss": 8.842300064116312,
  "val_quality": -0.3873599470262581,
  "test_loss": 19.469397096429127,
  "test_quality": -0.9237046266883229,
  "success": false,
  "singular": false
}