{
  "run_id": "MPO2-L3-d8-jit5-seed999",
  "seed": 999,
  "model": "MPO2",
  "grid_params": {
    "model": "MPO2",
    "L": 3,
    "bond_dim": 8,
    "jitter_start": 5.0
  },
  "n_parameters": 4000,
  "train_loss": 4.0616454930840336,
  "train_quality": 0.4275728534224401,
  "val_loss": 5.6183385822046334,
  "val_quality": 0.11848072772205898,
  "test_loss": 8.225849642078394,
  "test_quality": 0.18723189338970425,
  "success": true,
  "singular": false
}