{
  "run_id": "MPO2-L3-d12-jit5-seed7",
  "seed": 7,
  "model": "MPO2",
  "grid_params": {
    "model": "MPO2",
    "L": 3,
    "bond_dim": 12,
    "jitter_start": 5.0
  },
  "n_parameters": 8400,
  "train_loss": 3.681501683621257,
  "train_quality": 0.481148340625946,
  "val_loss": 5.892308353820165,
  "val_quality": 0.07549477552871342,
  "test_loss": 8.113549988259072,
  "test_quality": 0.19832783860864212,
  "success": true,
  "singular": false
}