{
  "run_id": "MPO2-L3-d8-jit0.1-seed7",
  "seed": 7,
  "model": "MPO2",
  "grid_params": {
    "model": "MPO2",
    "L": 3,
    "bond_dim": 8,
    "jitter_start": 0.1
  },
  "n_parameters": 4000,
  "train_loss": 0.08750818391081254,
  "train_quality": 0.9876670526505711,
  "val_loss": 13.574579470543334,
  "val_quality": -1.1298562272936006,
  "test_loss": 15.953855905281364,
  "test_quality": -0.5763460094066044,
  "success": false,
  "singular": false
}