{
  "run_id": "MPO2-L3-d8-jit5-seed123",
  "seed": 123,
  "model": "MPO2",
  "grid_params": {
    "model": "MPO2",
    "L": 3,
    "bond_dim": 8,
    "jitter_start": 5.0
  },
  "n_parameters": 4000,
  "train_loss": 4.053544259446093,
  "train_quality": 0.42871459906789866,
  "val_loss": 5.621397253489613,
  "val_quality": 0.11800082113654042,
  "test_loss": 7.954243195163473,
  "test_quality": 0.2140683987001043,
  "success": true,
  "singular": false
}