{
  "run_id": "MPO2-L3-d8-jit0.1-seed256",
  "seed": 256,
  "model": "MPO2",
  "grid_params": {
    "model": "MPO2",
    "L": 3,
    "bond_dim": 8,
    "jitter_start": 0.1
  },
  "n_parameters": 4000,
  "train_loss": 0.1344194666096792,
  "train_quality": 0.9810556209676903,
  "val_loss": 13.157485331893975,
  "val_quality": -1.064414012269724,
  "test_loss": 17.275911320175048,
  "test_quality": -0.706973789289721,
  "success": false,
  "singular": false
}