{
  "run_id": "MPO2-L3-d8-jit5-seed42",
  "seed": 42,
  "model": "MPO2",
  "grid_params": {
    "model": "MPO2",
    "L": 3,
    "bond_dim": 8,
    "jitter_start": 5.0
  },
  "n_parameters": 4000,
  "train_loss": 4.006491196538071,
  "train_quality": 0.4353460125145019,
  "val_loss": 5.7125818240996145,
  "val_quality": 0.10369393038031216,
  "test_loss": 8.07171386412659,
  "test_quality": 0.20246152313712307,
  "success": true,
  "singular": false
}