{
  "run_id": "MMPO2-L4-d16-seed123",
  "seed": 123,
  "model": "MMPO2",
  "dataset": "concrete",
  "task": "regression",
  "params": {
    "init_strength": 0.01,
    "batch_size": 64,
    "n_epochs": 1000,
    "patience": 40,
    "min_delta": 1e-08,
    "optimizer": "adamw",
    "seeds": [
      42,
      7,
      123,
      256,
      999
    ],
    "model": "MMPO2",
    "L": 4,
    "bond_dim": 16,
    "lr": 0.001
  },
  "n_parameters": 4352,
  "train_loss": 178.08362026120525,
  "train_quality": 0.36842447085048136,
  "val_loss": 346.1608318383145,
  "val_quality": -0.14624541034132799,
  "test_loss": 304.09571555321986,
  "test_quality": -0.21502282510627735,
  "best_epoch": 673,
  "stopped_early": true,
  "patience_counter": 40,
  "success": true
}