{
  "run_id": "MMPO2-L4-d8-seed42",
  "seed": 42,
  "model": "MMPO2",
  "dataset": "concrete",
  "task": "regression",
  "params": {
    "output_site": 1,
    "init_strength": 0.01,
    "rank": 5,
    "batch_size": 64,
    "n_epochs": 1000,
    "patience": 40,
    "min_delta": 1e-08,
    "optimizer": "adamw",
    "seeds": [
      42,
      7,
      123,
      256,
      999
    ],
    "model": "MMPO2",
    "L": 4,
    "bond_dim": 8,
    "lr": 0.01
  },
  "n_parameters": 1152,
  "train_loss": 237.37642743681505,
  "train_quality": 0.15814187432773996,
  "val_loss": 412.18097938986915,
  "val_quality": -0.2160828984076797,
  "test_loss": 278.72982833227866,
  "test_quality": -0.11367272256883698,
  "best_epoch": 248,
  "stopped_early": true,
  "patience_counter": 40,
  "success": true
}