{
  "run_id": "MMPO2-L3-d16-seed42",
  "seed": 42,
  "model": "MMPO2",
  "dataset": "concrete",
  "task": "regression",
  "params": {
    "output_site": 1,
    "init_strength": 0.01,
    "rank": 5,
    "batch_size": 64,
    "n_epochs": 1000,
    "patience": 40,
    "min_delta": 1e-08,
    "optimizer": "adamw",
    "seeds": [
      42,
      7,
      123,
      256,
      999
    ],
    "model": "MMPO2",
    "L": 3,
    "bond_dim": 16,
    "lr": 0.01
  },
  "n_parameters": 2304,
  "train_loss": 552.0623296324483,
  "train_quality": -0.9578951587446225,
  "val_loss": 728.8487747544319,
  "val_quality": -1.4088041261175883,
  "test_loss": 717.6656551998552,
  "test_quality": -1.8674529342721713,
  "best_epoch": 159,
  "stopped_early": true,
  "patience_counter": 40,
  "success": true
}