{
  "run_id": "MMPO2TypeI_GTN-L3-d16-seed123",
  "seed": 123,
  "model": "MMPO2TypeI_GTN",
  "dataset": "concrete",
  "task": "regression",
  "params": {
    "init_strength": 0.01,
    "batch_size": 64,
    "n_epochs": 1000,
    "patience": 40,
    "min_delta": 1e-08,
    "optimizer": "adamw",
    "seeds": [
      42,
      7,
      123,
      256,
      999
    ],
    "model": "MMPO2TypeI_GTN",
    "L": 3,
    "bond_dim": 16,
    "lr": 0.001
  },
  "n_parameters": 2568,
  "train_loss": 59.84266764330177,
  "train_quality": 0.7877673172462419,
  "val_loss": 120.62646514063667,
  "val_quality": 0.5969854201178258,
  "test_loss": 102.37122421054407,
  "test_quality": 0.5909729480285457,
  "best_epoch": 947,
  "stopped_early": false,
  "patience_counter": 6,
  "success": true
}