{
  "run_id": "MMPO2-L4-d16-seed256",
  "seed": 256,
  "model": "MMPO2",
  "dataset": "concrete",
  "task": "regression",
  "params": {
    "output_site": 1,
    "init_strength": 0.01,
    "rank": 5,
    "batch_size": 64,
    "n_epochs": 1000,
    "patience": 40,
    "min_delta": 1e-08,
    "optimizer": "adamw",
    "seeds": [
      42,
      7,
      123,
      256,
      999
    ],
    "model": "MMPO2",
    "L": 4,
    "bond_dim": 16,
    "lr": 0.01
  },
  "n_parameters": 4352,
  "train_loss": 442.9350366003096,
  "train_quality": -0.5708740068816067,
  "val_loss": 590.4809062808748,
  "val_quality": -0.2281225329968808,
  "test_loss": 387.3162857907753,
  "test_quality": -0.5475329105346065,
  "best_epoch": 116,
  "stopped_early": true,
  "patience_counter": 40,
  "success": true
}