{
  "run_id": "MMPO2TypeI_GTN-L4-d16-seed999",
  "seed": 999,
  "model": "MMPO2TypeI_GTN",
  "dataset": "concrete",
  "task": "regression",
  "params": {
    "init_strength": 0.01,
    "batch_size": 64,
    "n_epochs": 1000,
    "patience": 40,
    "min_delta": 1e-08,
    "optimizer": "adamw",
    "seeds": [
      42,
      7,
      123,
      256,
      999
    ],
    "model": "MMPO2TypeI_GTN",
    "L": 4,
    "bond_dim": 16,
    "lr": 0.001
  },
  "n_parameters": 6920,
  "train_loss": 31.99154226387488,
  "train_quality": 0.8865416414829166,
  "val_loss": 70.0500994696015,
  "val_quality": 0.7959787456052347,
  "test_loss": 63.51383562368345,
  "test_quality": 0.7462287166643163,
  "best_epoch": 644,
  "stopped_early": true,
  "patience_counter": 40,
  "success": true
}