{
  "run_id": "MMPO2-L3-d12-seed42",
  "seed": 42,
  "model": "MMPO2",
  "dataset": "concrete",
  "task": "regression",
  "params": {
    "output_site": 1,
    "init_strength": 0.01,
    "rank": 5,
    "batch_size": 64,
    "n_epochs": 1000,
    "patience": 40,
    "min_delta": 1e-08,
    "optimizer": "adamw",
    "seeds": [
      42,
      7,
      123,
      256,
      999
    ],
    "model": "MMPO2",
    "L": 3,
    "bond_dim": 12,
    "lr": 0.01
  },
  "n_parameters": 1344,
  "train_loss": 544.7064597288769,
  "train_quality": -0.9318074847637763,
  "val_loss": 704.2308679076115,
  "val_quality": -1.3934063622955226,
  "test_loss": 690.5992393848965,
  "test_quality": -1.7593083227995479,
  "best_epoch": 77,
  "stopped_early": true,
  "patience_counter": 40,
  "success": true
}