{
  "run_id": "MMPO2-L3-d12-seed999",
  "seed": 999,
  "model": "MMPO2",
  "dataset": "concrete",
  "task": "regression",
  "params": {
    "output_site": 1,
    "init_strength": 0.01,
    "rank": 5,
    "batch_size": 64,
    "n_epochs": 1000,
    "patience": 40,
    "min_delta": 1e-08,
    "optimizer": "adamw",
    "seeds": [
      42,
      7,
      123,
      256,
      999
    ],
    "model": "MMPO2",
    "L": 3,
    "bond_dim": 12,
    "lr": 0.01
  },
  "n_parameters": 1344,
  "train_loss": 553.2987498135651,
  "train_quality": -0.9622801365937617,
  "val_loss": 722.5044376679851,
  "val_quality": -1.4218042634836832,
  "test_loss": 666.1785367126926,
  "test_quality": -1.661734731215458,
  "best_epoch": 96,
  "stopped_early": true,
  "patience_counter": 40,
  "success": true
}