{
  "run_id": "MMPO2-L4-d12-seed123",
  "seed": 123,
  "model": "MMPO2",
  "dataset": "concrete",
  "task": "regression",
  "params": {
    "init_strength": 0.01,
    "batch_size": 64,
    "n_epochs": 1000,
    "patience": 40,
    "min_delta": 1e-08,
    "optimizer": "adamw",
    "seeds": [
      42,
      7,
      123,
      256,
      999
    ],
    "model": "MMPO2",
    "L": 4,
    "bond_dim": 12,
    "lr": 0.001
  },
  "n_parameters": 2496,
  "train_loss": 180.66625410259888,
  "train_quality": 0.3592651313638674,
  "val_loss": 347.4428719592747,
  "val_quality": -0.2009960611524222,
  "test_loss": 313.7450685205977,
  "test_quality": -0.2535770812277165,
  "best_epoch": 985,
  "stopped_early": true,
  "patience_counter": 40,
  "success": true
}