{
  "run_id": "MMPO2-L4-d8-seed256",
  "seed": 256,
  "model": "MMPO2",
  "dataset": "concrete",
  "task": "regression",
  "params": {
    "init_strength": 0.01,
    "batch_size": 64,
    "n_epochs": 1000,
    "patience": 40,
    "min_delta": 1e-08,
    "optimizer": "adamw",
    "seeds": [
      42,
      7,
      123,
      256,
      999
    ],
    "model": "MMPO2",
    "L": 4,
    "bond_dim": 8,
    "lr": 0.001
  },
  "n_parameters": 1152,
  "train_loss": 218.49956193843292,
  "train_quality": 0.225088886626446,
  "val_loss": 408.0650938959631,
  "val_quality": -0.30954393060314556,
  "test_loss": 409.6259936135066,
  "test_quality": -0.6366719639302034,
  "best_epoch": 981,
  "stopped_early": false,
  "patience_counter": 17,
  "success": true
}