{
  "run_id": "MMPO2TypeI_GTN-L4-d12-seed123",
  "seed": 123,
  "model": "MMPO2TypeI_GTN",
  "dataset": "concrete",
  "task": "regression",
  "params": {
    "init_strength": 0.01,
    "batch_size": 64,
    "n_epochs": 1000,
    "patience": 40,
    "min_delta": 1e-08,
    "optimizer": "adamw",
    "seeds": [
      42,
      7,
      123,
      256,
      999
    ],
    "model": "MMPO2TypeI_GTN",
    "L": 4,
    "bond_dim": 12,
    "lr": 0.001
  },
  "n_parameters": 4040,
  "train_loss": 34.014557866383,
  "train_quality": 0.8793669942707937,
  "val_loss": 68.01538946403372,
  "val_quality": 0.8072666807572318,
  "test_loss": 76.20780748261858,
  "test_quality": 0.6955096017244558,
  "best_epoch": 603,
  "stopped_early": true,
  "patience_counter": 40,
  "success": true
}