{
  "run_id": "MMPO2-L4-d8-seed999",
  "seed": 999,
  "model": "MMPO2",
  "dataset": "concrete",
  "task": "regression",
  "params": {
    "output_site": 1,
    "init_strength": 0.01,
    "rank": 5,
    "batch_size": 64,
    "n_epochs": 1000,
    "patience": 40,
    "min_delta": 1e-08,
    "optimizer": "adamw",
    "seeds": [
      42,
      7,
      123,
      256,
      999
    ],
    "model": "MMPO2",
    "L": 4,
    "bond_dim": 8,
    "lr": 0.01
  },
  "n_parameters": 1152,
  "train_loss": 296.2049034868436,
  "train_quality": -0.050493966721873784,
  "val_loss": 432.67592618708494,
  "val_quality": -0.07086631842008395,
  "test_loss": 396.8886255871097,
  "test_quality": -0.5857794584054332,
  "best_epoch": 236,
  "stopped_early": true,
  "patience_counter": 40,
  "success": true
}