{
  "run_id": "MMPO2-L4-d16-seed123",
  "seed": 123,
  "model": "MMPO2",
  "dataset": "concrete",
  "task": "regression",
  "params": {
    "output_site": 1,
    "init_strength": 0.01,
    "rank": 5,
    "batch_size": 64,
    "n_epochs": 1000,
    "patience": 40,
    "min_delta": 1e-08,
    "optimizer": "adamw",
    "seeds": [
      42,
      7,
      123,
      256,
      999
    ],
    "model": "MMPO2",
    "L": 4,
    "bond_dim": 16,
    "lr": 0.01
  },
  "n_parameters": 4352,
  "train_loss": 262.92158899085564,
  "train_quality": 0.06754567630549091,
  "val_loss": 387.3244567070979,
  "val_quality": -0.26739047943954075,
  "test_loss": 297.2563818972492,
  "test_quality": -0.1876960787053812,
  "best_epoch": 123,
  "stopped_early": true,
  "patience_counter": 40,
  "success": true
}