{
  "run_id": "MMPO2-L3-d12-seed999",
  "seed": 999,
  "model": "MMPO2",
  "dataset": "concrete",
  "task": "regression",
  "params": {
    "init_strength": 0.01,
    "batch_size": 64,
    "n_epochs": 1000,
    "patience": 40,
    "min_delta": 1e-08,
    "optimizer": "adamw",
    "seeds": [
      42,
      7,
      123,
      256,
      999
    ],
    "model": "MMPO2",
    "L": 3,
    "bond_dim": 12,
    "lr": 0.001
  },
  "n_parameters": 1344,
  "train_loss": 534.4130635986863,
  "train_quality": -0.8953018415264293,
  "val_loss": 715.5504861307438,
  "val_quality": -1.4515669739204604,
  "test_loss": 685.5051348318156,
  "test_quality": -1.7389546874508515,
  "best_epoch": 983,
  "stopped_early": false,
  "patience_counter": 0,
  "success": true
}