{
  "run_id": "MMPO2TypeI_GTN-L4-d8-seed256",
  "seed": 256,
  "model": "MMPO2TypeI_GTN",
  "dataset": "concrete",
  "task": "regression",
  "params": {
    "init_strength": 0.01,
    "batch_size": 64,
    "n_epochs": 1000,
    "patience": 40,
    "min_delta": 1e-08,
    "optimizer": "adamw",
    "seeds": [
      42,
      7,
      123,
      256,
      999
    ],
    "model": "MMPO2TypeI_GTN",
    "L": 4,
    "bond_dim": 8,
    "lr": 0.001
  },
  "n_parameters": 1928,
  "train_loss": 30.475816230468862,
  "train_quality": 0.8919171806267749,
  "val_loss": 111.0180534303001,
  "val_quality": 0.6848861850717272,
  "test_loss": 65.72812538889426,
  "test_quality": 0.7373814607888567,
  "best_epoch": 858,
  "stopped_early": false,
  "patience_counter": 1,
  "success": true
}