{
  "run_id": "MMPO2-L4-d12-seed999",
  "seed": 999,
  "model": "MMPO2",
  "dataset": "concrete",
  "task": "regression",
  "params": {
    "output_site": 1,
    "init_strength": 0.01,
    "rank": 5,
    "batch_size": 64,
    "n_epochs": 1000,
    "patience": 40,
    "min_delta": 1e-08,
    "optimizer": "adamw",
    "seeds": [
      42,
      7,
      123,
      256,
      999
    ],
    "model": "MMPO2",
    "L": 4,
    "bond_dim": 12,
    "lr": 0.01
  },
  "n_parameters": 2496,
  "train_loss": 274.57412202967845,
  "train_quality": 0.026219838987425415,
  "val_loss": 389.58530394414873,
  "val_quality": -0.2680398892878102,
  "test_loss": 317.88882335258256,
  "test_quality": -0.27013356803433464,
  "best_epoch": 170,
  "stopped_early": true,
  "patience_counter": 40,
  "success": true
}