{
  "run_id": "MMPO2TypeI_GTN-L3-d16-seed42",
  "seed": 42,
  "model": "MMPO2TypeI_GTN",
  "dataset": "concrete",
  "task": "regression",
  "params": {
    "init_strength": 0.01,
    "batch_size": 64,
    "n_epochs": 1000,
    "patience": 40,
    "min_delta": 1e-08,
    "optimizer": "adamw",
    "seeds": [
      42,
      7,
      123,
      256,
      999
    ],
    "model": "MMPO2TypeI_GTN",
    "L": 3,
    "bond_dim": 16,
    "lr": 0.001
  },
  "n_parameters": 2568,
  "train_loss": 59.198905348661484,
  "train_quality": 0.790050427345237,
  "val_loss": 116.75692331885172,
  "val_quality": 0.5979580929900513,
  "test_loss": 107.21608279752641,
  "test_quality": 0.5716151818170534,
  "best_epoch": 996,
  "stopped_early": false,
  "patience_counter": 5,
  "success": true
}