{
  "run_id": "MMPO2-L4-d8-seed999",
  "seed": 999,
  "model": "MMPO2",
  "dataset": "concrete",
  "task": "regression",
  "params": {
    "init_strength": 0.01,
    "batch_size": 64,
    "n_epochs": 1000,
    "patience": 40,
    "min_delta": 1e-08,
    "optimizer": "adamw",
    "seeds": [
      42,
      7,
      123,
      256,
      999
    ],
    "model": "MMPO2",
    "L": 4,
    "bond_dim": 8,
    "lr": 0.001
  },
  "n_parameters": 1152,
  "train_loss": 192.506636575823,
  "train_quality": 0.3172730839487785,
  "val_loss": 429.98499484243916,
  "val_quality": -0.3396042344597008,
  "test_loss": 340.0030052746634,
  "test_quality": -0.3584913922970001,
  "best_epoch": 799,
  "stopped_early": false,
  "patience_counter": 10,
  "success": true
}