{
  "run_id": "MMPO2-L4-d12-seed256",
  "seed": 256,
  "model": "MMPO2",
  "dataset": "concrete",
  "task": "regression",
  "params": {
    "output_site": 1,
    "init_strength": 0.01,
    "rank": 5,
    "batch_size": 64,
    "n_epochs": 1000,
    "patience": 40,
    "min_delta": 1e-08,
    "optimizer": "adamw",
    "seeds": [
      42,
      7,
      123,
      256,
      999
    ],
    "model": "MMPO2",
    "L": 4,
    "bond_dim": 12,
    "lr": 0.01
  },
  "n_parameters": 2496,
  "train_loss": 250.47391793181316,
  "train_quality": 0.11169147940777957,
  "val_loss": 461.5536397883727,
  "val_quality": -0.3288686094891011,
  "test_loss": 305.65633504949113,
  "test_quality": -0.221258323379661,
  "best_epoch": 144,
  "stopped_early": true,
  "patience_counter": 40,
  "success": true
}