{
  "run_id": "MMPO2-L3-d16-seed999",
  "seed": 999,
  "model": "MMPO2",
  "dataset": "concrete",
  "task": "regression",
  "params": {
    "init_strength": 0.01,
    "batch_size": 64,
    "n_epochs": 1000,
    "patience": 40,
    "min_delta": 1e-08,
    "optimizer": "adamw",
    "seeds": [
      42,
      7,
      123,
      256,
      999
    ],
    "model": "MMPO2",
    "L": 3,
    "bond_dim": 16,
    "lr": 0.001
  },
  "n_parameters": 2304,
  "train_loss": 519.6569391484014,
  "train_quality": -0.8429690829368681,
  "val_loss": 707.3705674499313,
  "val_quality": -1.3998463852445924,
  "test_loss": 664.411794665086,
  "test_quality": -1.6546756645988432,
  "best_epoch": 749,
  "stopped_early": false,
  "patience_counter": 26,
  "success": true
}