{
  "run_id": "MMPO2-L3-d8-seed7",
  "seed": 7,
  "model": "MMPO2",
  "dataset": "concrete",
  "task": "regression",
  "params": {
    "init_strength": 0.01,
    "batch_size": 64,
    "n_epochs": 1000,
    "patience": 40,
    "min_delta": 1e-08,
    "optimizer": "adamw",
    "seeds": [
      42,
      7,
      123,
      256,
      999
    ],
    "model": "MMPO2",
    "L": 3,
    "bond_dim": 8,
    "lr": 0.001
  },
  "n_parameters": 640,
  "train_loss": 535.1456449855809,
  "train_quality": -0.8978999495185875,
  "val_loss": 730.9309680286916,
  "val_quality": -1.4991456916252015,
  "test_loss": 667.2756764910308,
  "test_quality": -1.666118383482928,
  "best_epoch": 870,
  "stopped_early": false,
  "patience_counter": 4,
  "success": true
}