{
  "run_id": "MMPO2TypeI_GTN-L3-d8-seed256",
  "seed": 256,
  "model": "MMPO2TypeI_GTN",
  "dataset": "concrete",
  "task": "regression",
  "params": {
    "init_strength": 0.01,
    "batch_size": 64,
    "n_epochs": 1000,
    "patience": 40,
    "min_delta": 1e-08,
    "optimizer": "adamw",
    "seeds": [
      42,
      7,
      123,
      256,
      999
    ],
    "model": "MMPO2TypeI_GTN",
    "L": 3,
    "bond_dim": 8,
    "lr": 0.001
  },
  "n_parameters": 776,
  "train_loss": 67.14261607815867,
  "train_quality": 0.7618779693727737,
  "val_loss": 143.98465156210673,
  "val_quality": 0.5161102824264445,
  "test_loss": 105.86395088399726,
  "test_quality": 0.5770176621989417,
  "best_epoch": 989,
  "stopped_early": false,
  "patience_counter": 0,
  "success": true
}