{
  "run_id": "MMPO2-L4-d16-seed7",
  "seed": 7,
  "model": "MMPO2",
  "dataset": "concrete",
  "task": "regression",
  "params": {
    "init_strength": 0.01,
    "batch_size": 64,
    "n_epochs": 1000,
    "patience": 40,
    "min_delta": 1e-08,
    "optimizer": "adamw",
    "seeds": [
      42,
      7,
      123,
      256,
      999
    ],
    "model": "MMPO2",
    "L": 4,
    "bond_dim": 16,
    "lr": 0.001
  },
  "n_parameters": 4352,
  "train_loss": 187.11414085016594,
  "train_quality": 0.33639762968955444,
  "val_loss": 394.549581672089,
  "val_quality": -0.2038057448242756,
  "test_loss": 337.9468312828459,
  "test_quality": -0.35027589235842593,
  "best_epoch": 729,
  "stopped_early": true,
  "patience_counter": 40,
  "success": true
}