{
  "run_id": "MMPO2-L4-d16-seed999",
  "seed": 999,
  "model": "MMPO2",
  "dataset": "concrete",
  "task": "regression",
  "params": {
    "init_strength": 0.01,
    "batch_size": 64,
    "n_epochs": 1000,
    "patience": 40,
    "min_delta": 1e-08,
    "optimizer": "adamw",
    "seeds": [
      42,
      7,
      123,
      256,
      999
    ],
    "model": "MMPO2",
    "L": 4,
    "bond_dim": 16,
    "lr": 0.001
  },
  "n_parameters": 4352,
  "train_loss": 185.7165494271362,
  "train_quality": 0.341354203130953,
  "val_loss": 354.5642712112258,
  "val_quality": -0.2289433056331278,
  "test_loss": 298.7400161583283,
  "test_quality": -0.19362398034661732,
  "best_epoch": 593,
  "stopped_early": true,
  "patience_counter": 40,
  "success": true
}