{
  "run_id": "MMPO2TypeI_GTN-L4-d12-seed256",
  "seed": 256,
  "model": "MMPO2TypeI_GTN",
  "dataset": "concrete",
  "task": "regression",
  "params": {
    "init_strength": 0.01,
    "batch_size": 64,
    "n_epochs": 1000,
    "patience": 40,
    "min_delta": 1e-08,
    "optimizer": "adamw",
    "seeds": [
      42,
      7,
      123,
      256,
      999
    ],
    "model": "MMPO2TypeI_GTN",
    "L": 4,
    "bond_dim": 12,
    "lr": 0.001
  },
  "n_parameters": 4040,
  "train_loss": 29.618069853319597,
  "train_quality": 0.8949591876413984,
  "val_loss": 75.5021210834209,
  "val_quality": 0.7779953592180571,
  "test_loss": 65.62272185166121,
  "test_quality": 0.7378026035312071,
  "best_epoch": 981,
  "stopped_early": false,
  "patience_counter": 6,
  "success": true
}