{
  "run_id": "MMPO2-L4-d12-seed7",
  "seed": 7,
  "model": "MMPO2",
  "dataset": "concrete",
  "task": "regression",
  "params": {
    "output_site": 1,
    "init_strength": 0.01,
    "rank": 5,
    "batch_size": 64,
    "n_epochs": 1000,
    "patience": 40,
    "min_delta": 1e-08,
    "optimizer": "adamw",
    "seeds": [
      42,
      7,
      123,
      256,
      999
    ],
    "model": "MMPO2",
    "L": 4,
    "bond_dim": 12,
    "lr": 0.01
  },
  "n_parameters": 2496,
  "train_loss": 253.82491195153432,
  "train_quality": 0.09980714204941965,
  "val_loss": 440.2082168111372,
  "val_quality": -0.21060140043225184,
  "test_loss": 349.20714459311114,
  "test_quality": -0.39526678499540546,
  "best_epoch": 164,
  "stopped_early": true,
  "patience_counter": 40,
  "success": true
}