{
  "run_id": "MMPO2-L4-d8-seed7",
  "seed": 7,
  "model": "MMPO2",
  "dataset": "concrete",
  "task": "regression",
  "params": {
    "output_site": 1,
    "init_strength": 0.01,
    "rank": 5,
    "batch_size": 64,
    "n_epochs": 1000,
    "patience": 40,
    "min_delta": 1e-08,
    "optimizer": "adamw",
    "seeds": [
      42,
      7,
      123,
      256,
      999
    ],
    "model": "MMPO2",
    "L": 4,
    "bond_dim": 8,
    "lr": 0.01
  },
  "n_parameters": 1152,
  "train_loss": 269.9175238559264,
  "train_quality": 0.04273451592015165,
  "val_loss": 404.6543442572952,
  "val_quality": -0.19822120239283736,
  "test_loss": 391.55833644483505,
  "test_quality": -0.5644821410114749,
  "best_epoch": 275,
  "stopped_early": true,
  "patience_counter": 40,
  "success": true
}