{
  "run_id": "MMPO2-L4-d8-seed123",
  "seed": 123,
  "model": "MMPO2",
  "dataset": "concrete",
  "task": "regression",
  "params": {
    "output_site": 1,
    "init_strength": 0.01,
    "rank": 5,
    "batch_size": 64,
    "n_epochs": 1000,
    "patience": 40,
    "min_delta": 1e-08,
    "optimizer": "adamw",
    "seeds": [
      42,
      7,
      123,
      256,
      999
    ],
    "model": "MMPO2",
    "L": 4,
    "bond_dim": 8,
    "lr": 0.01
  },
  "n_parameters": 1152,
  "train_loss": 279.15238658759995,
  "train_quality": 0.009982973089738167,
  "val_loss": 418.9927384131502,
  "val_quality": -0.28364158431239095,
  "test_loss": 358.1377270162474,
  "test_quality": -0.43094917356790874,
  "best_epoch": 223,
  "stopped_early": true,
  "patience_counter": 40,
  "success": true
}