{
  "run_id": "MMPO2TypeI_GTN-L4-d16-seed123",
  "seed": 123,
  "model": "MMPO2TypeI_GTN",
  "dataset": "concrete",
  "task": "regression",
  "params": {
    "init_strength": 0.01,
    "batch_size": 64,
    "n_epochs": 1000,
    "patience": 40,
    "min_delta": 1e-08,
    "optimizer": "adamw",
    "seeds": [
      42,
      7,
      123,
      256,
      999
    ],
    "model": "MMPO2TypeI_GTN",
    "L": 4,
    "bond_dim": 16,
    "lr": 0.001
  },
  "n_parameters": 6920,
  "train_loss": 30.332421932247264,
  "train_quality": 0.8924257300915909,
  "val_loss": 92.56529480062443,
  "val_quality": 0.7105326646197401,
  "test_loss": 64.68781661758243,
  "test_quality": 0.7415380431991108,
  "best_epoch": 730,
  "stopped_early": true,
  "patience_counter": 40,
  "success": true
}