{
  "run_id": "MMPO2TypeI_GTN-L4-d16-seed42",
  "seed": 42,
  "model": "MMPO2TypeI_GTN",
  "dataset": "concrete",
  "task": "regression",
  "params": {
    "init_strength": 0.01,
    "batch_size": 64,
    "n_epochs": 1000,
    "patience": 40,
    "min_delta": 1e-08,
    "optimizer": "adamw",
    "seeds": [
      42,
      7,
      123,
      256,
      999
    ],
    "model": "MMPO2TypeI_GTN",
    "L": 4,
    "bond_dim": 16,
    "lr": 0.001
  },
  "n_parameters": 6920,
  "train_loss": 28.59586299900819,
  "train_quality": 0.8985844555574766,
  "val_loss": 83.56988164316257,
  "val_quality": 0.7102264492873902,
  "test_loss": 62.74766581775225,
  "test_quality": 0.7492899692716414,
  "best_epoch": 999,
  "stopped_early": false,
  "patience_counter": 10,
  "success": true
}