{
  "run_id": "MMPO2-L4-d8-seed256",
  "seed": 256,
  "model": "MMPO2",
  "dataset": "concrete",
  "task": "regression",
  "params": {
    "output_site": 1,
    "init_strength": 0.01,
    "rank": 5,
    "batch_size": 64,
    "n_epochs": 1000,
    "patience": 40,
    "min_delta": 1e-08,
    "optimizer": "adamw",
    "seeds": [
      42,
      7,
      123,
      256,
      999
    ],
    "model": "MMPO2",
    "L": 4,
    "bond_dim": 8,
    "lr": 0.01
  },
  "n_parameters": 1152,
  "train_loss": 235.4874393385323,
  "train_quality": 0.16484119151356635,
  "val_loss": 431.07348053012925,
  "val_quality": -0.2651903105842712,
  "test_loss": 323.68282757617726,
  "test_quality": -0.2932836718351157,
  "best_epoch": 174,
  "stopped_early": true,
  "patience_counter": 40,
  "success": true
}