{
  "run_id": "MMPO2TypeI_GTN-L4-d16-seed256",
  "seed": 256,
  "model": "MMPO2TypeI_GTN",
  "dataset": "concrete",
  "task": "regression",
  "params": {
    "init_strength": 0.01,
    "batch_size": 64,
    "n_epochs": 1000,
    "patience": 40,
    "min_delta": 1e-08,
    "optimizer": "adamw",
    "seeds": [
      42,
      7,
      123,
      256,
      999
    ],
    "model": "MMPO2TypeI_GTN",
    "L": 4,
    "bond_dim": 16,
    "lr": 0.001
  },
  "n_parameters": 6920,
  "train_loss": 29.896518703338593,
  "train_quality": 0.893971665714711,
  "val_loss": 104.85921682947422,
  "val_quality": 0.7093557136585371,
  "test_loss": 61.541834017009776,
  "test_quality": 0.7541079035147324,
  "best_epoch": 361,
  "stopped_early": true,
  "patience_counter": 40,
  "success": true
}