{
  "run_id": "MMPO2-L4-d12-seed7",
  "seed": 7,
  "model": "MMPO2",
  "dataset": "concrete",
  "task": "regression",
  "params": {
    "init_strength": 0.01,
    "batch_size": 64,
    "n_epochs": 1000,
    "patience": 40,
    "min_delta": 1e-08,
    "optimizer": "adamw",
    "seeds": [
      42,
      7,
      123,
      256,
      999
    ],
    "model": "MMPO2",
    "L": 4,
    "bond_dim": 12,
    "lr": 0.001
  },
  "n_parameters": 2496,
  "train_loss": 191.98428252632166,
  "train_quality": 0.31912561836341635,
  "val_loss": 399.2722519820055,
  "val_quality": -0.3134495439269884,
  "test_loss": 326.62867960023436,
  "test_quality": -0.3050539049082892,
  "best_epoch": 568,
  "stopped_early": true,
  "patience_counter": 40,
  "success": true
}