{
  "run_id": "MMPO2-L3-d12-seed256",
  "seed": 256,
  "model": "MMPO2",
  "dataset": "concrete",
  "task": "regression",
  "params": {
    "init_strength": 0.01,
    "batch_size": 64,
    "n_epochs": 1000,
    "patience": 40,
    "min_delta": 1e-08,
    "optimizer": "adamw",
    "seeds": [
      42,
      7,
      123,
      256,
      999
    ],
    "model": "MMPO2",
    "L": 3,
    "bond_dim": 12,
    "lr": 0.001
  },
  "n_parameters": 1344,
  "train_loss": 526.1675700985934,
  "train_quality": -0.8660591076198418,
  "val_loss": 709.1173151066854,
  "val_quality": -1.4258476461341152,
  "test_loss": 659.0422265148054,
  "test_quality": -1.633221406844223,
  "best_epoch": 970,
  "stopped_early": false,
  "patience_counter": 9,
  "success": true
}