{
  "run_id": "MMPO2-L3-d8-seed42",
  "seed": 42,
  "model": "MMPO2",
  "dataset": "concrete",
  "task": "regression",
  "params": {
    "init_strength": 0.01,
    "batch_size": 64,
    "n_epochs": 1000,
    "patience": 40,
    "min_delta": 1e-08,
    "optimizer": "adamw",
    "seeds": [
      42,
      7,
      123,
      256,
      999
    ],
    "model": "MMPO2",
    "L": 3,
    "bond_dim": 8,
    "lr": 0.001
  },
  "n_parameters": 640,
  "train_loss": 533.6917392817058,
  "train_quality": -0.8927436568572438,
  "val_loss": 728.854126377704,
  "val_quality": -1.513715899274707,
  "test_loss": 715.9819103952121,
  "test_quality": -1.8607254854306983,
  "best_epoch": 985,
  "stopped_early": false,
  "patience_counter": 1,
  "success": true
}