{
  "run_id": "MMPO2-L3-d12-seed123",
  "seed": 123,
  "model": "MMPO2",
  "dataset": "concrete",
  "task": "regression",
  "params": {
    "init_strength": 0.01,
    "batch_size": 64,
    "n_epochs": 1000,
    "patience": 40,
    "min_delta": 1e-08,
    "optimizer": "adamw",
    "seeds": [
      42,
      7,
      123,
      256,
      999
    ],
    "model": "MMPO2",
    "L": 3,
    "bond_dim": 12,
    "lr": 0.001
  },
  "n_parameters": 1344,
  "train_loss": 533.1236250327735,
  "train_quality": -0.890728833389141,
  "val_loss": 703.7772044280598,
  "val_quality": -1.3990178652401966,
  "test_loss": 680.5447794704179,
  "test_quality": -1.7191354506892549,
  "best_epoch": 985,
  "stopped_early": false,
  "patience_counter": 0,
  "success": true
}