{
  "run_id": "MPO2-L4-d12-seed42",
  "seed": 42,
  "model": "MPO2",
  "dataset": "concrete",
  "task": "regression",
  "params": {
    "output_site": 1,
    "init_strength": 0.01,
    "batch_size": 64,
    "n_epochs": 1000,
    "patience": 40,
    "min_delta": 1e-08,
    "optimizer": "adamw",
    "rank": 5,
    "seeds": [
      42,
      7,
      123,
      256,
      999
    ],
    "model": "MPO2",
    "L": 4,
    "bond_dim": 12,
    "lr": 0.01
  },
  "n_parameters": 2496,
  "train_loss": 180.4903794114764,
  "train_quality": 0.35988887290139193,
  "val_loss": 351.2652532041975,
  "val_quality": -0.08447617763474757,
  "test_loss": 325.1640083472483,
  "test_quality": -0.2992017704893033,
  "best_epoch": 445,
  "stopped_early": true,
  "patience_counter": 40,
  "success": true
}