{
  "run_id": "MPO2-L4-d12-seed7",
  "seed": 7,
  "model": "MPO2",
  "dataset": "concrete",
  "task": "regression",
  "params": {
    "init_strength": 0.01,
    "batch_size": 64,
    "n_epochs": 1000,
    "patience": 40,
    "min_delta": 1e-08,
    "optimizer": "adamw",
    "seeds": [
      42,
      7,
      123,
      256,
      999
    ],
    "model": "MPO2",
    "L": 4,
    "bond_dim": 12,
    "lr": 0.001
  },
  "n_parameters": 2496,
  "train_loss": 172.936579692316,
  "train_quality": 0.38667850716264873,
  "val_loss": 546.5833014867114,
  "val_quality": -0.4766745429535195,
  "test_loss": 294.4936620159371,
  "test_quality": -0.1766575551633367,
  "best_epoch": 608,
  "stopped_early": true,
  "patience_counter": 40,
  "success": true
}