{
  "run_id": "MPO2-L4-d12-seed123",
  "seed": 123,
  "model": "MPO2",
  "dataset": "concrete",
  "task": "regression",
  "params": {
    "init_strength": 0.01,
    "batch_size": 64,
    "n_epochs": 1000,
    "patience": 40,
    "min_delta": 1e-08,
    "optimizer": "adamw",
    "seeds": [
      42,
      7,
      123,
      256,
      999
    ],
    "model": "MPO2",
    "L": 4,
    "bond_dim": 12,
    "lr": 0.001
  },
  "n_parameters": 2496,
  "train_loss": 212.94312102937573,
  "train_quality": 0.2447948657736495,
  "val_loss": 501.43949027807685,
  "val_quality": -0.6143219883958406,
  "test_loss": 321.60432309711865,
  "test_quality": -0.2849789498184059,
  "best_epoch": 704,
  "stopped_early": true,
  "patience_counter": 40,
  "success": true
}