{
  "run_id": "MPO2-L2-d6-init0.01-rf0.3-seed256",
  "seed": 256,
  "model": "MPO2",
  "dataset": "concrete",
  "task": "regression",
  "params": {
    "output_site": 1,
    "init_strength": 0.01,
    "batch_size": 32,
    "n_epochs": 1000,
    "patience": 40,
    "min_delta": 1e-08,
    "optimizer": "adamw",
    "rank": 5,
    "seeds": [
      42,
      7,
      123,
      256,
      999
    ],
    "model": "MPO2",
    "L": 2,
    "bond_dim": 6,
    "weight_decay": 0.1,
    "lr": 0.01,
    "reduction_factor": 0.3
  },
  "train_loss": 333.87844865876474,
  "train_quality": -0.18410361140449427,
  "val_loss": 394.25023382773935,
  "val_quality": -0.35899696378977386,
  "test_loss": 337.6559695644695,
  "test_quality": -0.34911374633432257,
  "best_epoch": 130,
  "stopped_early": true,
  "patience_counter": 40,
  "success": true
}