{
  "run_id": "MPO2-L3-d8-seed123",
  "seed": 123,
  "model": "MPO2",
  "dataset": "concrete",
  "task": "regression",
  "params": {
    "output_site": 1,
    "init_strength": 0.01,
    "batch_size": 64,
    "n_epochs": 1000,
    "patience": 40,
    "min_delta": 1e-08,
    "optimizer": "adamw",
    "rank": 5,
    "seeds": [
      42,
      7,
      123,
      256,
      999
    ],
    "model": "MPO2",
    "L": 3,
    "bond_dim": 8,
    "lr": 0.01
  },
  "n_parameters": 640,
  "train_loss": 509.1296085792862,
  "train_quality": -0.8056337886241807,
  "val_loss": 768.6011856296467,
  "val_quality": -1.4258055796806985,
  "test_loss": 643.387012987647,
  "test_quality": -1.5706705690831395,
  "best_epoch": 131,
  "stopped_early": true,
  "patience_counter": 40,
  "success": true
}