{
  "run_id": "MPO2-L4-d8-seed123",
  "seed": 123,
  "model": "MPO2",
  "dataset": "concrete",
  "task": "regression",
  "params": {
    "output_site": 1,
    "init_strength": 0.01,
    "batch_size": 64,
    "n_epochs": 1000,
    "patience": 40,
    "min_delta": 1e-08,
    "optimizer": "adamw",
    "rank": 5,
    "seeds": [
      42,
      7,
      123,
      256,
      999
    ],
    "model": "MPO2",
    "L": 4,
    "bond_dim": 8,
    "lr": 0.01
  },
  "n_parameters": 1152,
  "train_loss": 163.8884860189894,
  "train_quality": 0.41876767146166616,
  "val_loss": 390.1176687838835,
  "val_quality": -0.13879012806755076,
  "test_loss": 239.8289191799135,
  "test_quality": 0.04175693368765632,
  "best_epoch": 491,
  "stopped_early": true,
  "patience_counter": 40,
  "success": true
}