{
  "run_id": "MPO2-L4-d16-seed7",
  "seed": 7,
  "model": "MPO2",
  "dataset": "concrete",
  "task": "regression",
  "params": {
    "output_site": 1,
    "init_strength": 0.01,
    "batch_size": 64,
    "n_epochs": 1000,
    "patience": 40,
    "min_delta": 1e-08,
    "optimizer": "adamw",
    "rank": 5,
    "seeds": [
      42,
      7,
      123,
      256,
      999
    ],
    "model": "MPO2",
    "L": 4,
    "bond_dim": 16,
    "lr": 0.01
  },
  "n_parameters": 4352,
  "train_loss": 198.15856338405806,
  "train_quality": 0.29722846300391204,
  "val_loss": 326.17226916342224,
  "val_quality": -0.09703175675080078,
  "test_loss": 282.16629626539407,
  "test_quality": -0.1274032250485746,
  "best_epoch": 259,
  "stopped_early": true,
  "patience_counter": 40,
  "success": true
}