{
  "run_id": "MPO2-L4-d16-seed256",
  "seed": 256,
  "model": "MPO2",
  "dataset": "concrete",
  "task": "regression",
  "params": {
    "output_site": 1,
    "init_strength": 0.01,
    "batch_size": 64,
    "n_epochs": 1000,
    "patience": 40,
    "min_delta": 1e-08,
    "optimizer": "adamw",
    "rank": 5,
    "seeds": [
      42,
      7,
      123,
      256,
      999
    ],
    "model": "MPO2",
    "L": 4,
    "bond_dim": 16,
    "lr": 0.01
  },
  "n_parameters": 4352,
  "train_loss": 168.26159546627215,
  "train_quality": 0.40325839043320755,
  "val_loss": 340.49962035641755,
  "val_quality": -0.08943129247295056,
  "test_loss": 259.8692391798357,
  "test_quality": -0.038314718022536276,
  "best_epoch": 333,
  "stopped_early": true,
  "patience_counter": 40,
  "success": true
}