{
  "run_id": "MPO2-L4-d12-seed999",
  "seed": 999,
  "model": "MPO2",
  "dataset": "concrete",
  "task": "regression",
  "params": {
    "output_site": 1,
    "init_strength": 0.01,
    "batch_size": 64,
    "n_epochs": 1000,
    "patience": 40,
    "min_delta": 1e-08,
    "optimizer": "adamw",
    "rank": 5,
    "seeds": [
      42,
      7,
      123,
      256,
      999
    ],
    "model": "MPO2",
    "L": 4,
    "bond_dim": 12,
    "lr": 0.01
  },
  "n_parameters": 2496,
  "train_loss": 173.40611504933256,
  "train_quality": 0.3850132948251681,
  "val_loss": 322.22090095056694,
  "val_quality": -0.09186758845129028,
  "test_loss": 258.1116313686483,
  "test_quality": -0.031292147499657474,
  "best_epoch": 427,
  "stopped_early": true,
  "patience_counter": 40,
  "success": true
}