{
  "run_id": "MPO2TypeI_GTN-L4-d12-seed42",
  "seed": 42,
  "model": "MPO2TypeI_GTN",
  "dataset": "concrete",
  "task": "regression",
  "params": {
    "init_strength": 0.01,
    "batch_size": 64,
    "n_epochs": 1000,
    "patience": 40,
    "min_delta": 1e-08,
    "optimizer": "adamw",
    "seeds": [
      42,
      7,
      123,
      256,
      999
    ],
    "model": "MPO2TypeI_GTN",
    "L": 4,
    "bond_dim": 12,
    "lr": 0.001
  },
  "n_parameters": 4040,
  "train_loss": 32.91685602146314,
  "train_quality": 0.8832600060061616,
  "val_loss": 59.753021797598905,
  "val_quality": 0.799824531176131,
  "test_loss": 71.8456541246146,
  "test_quality": 0.7129387058699932,
  "best_epoch": 613,
  "stopped_early": true,
  "patience_counter": 40,
  "success": true
}