{
  "run_id": "MPO2TypeI_GTN-L3-d16-seed42",
  "seed": 42,
  "model": "MPO2TypeI_GTN",
  "dataset": "concrete",
  "task": "regression",
  "params": {
    "init_strength": 0.01,
    "batch_size": 64,
    "n_epochs": 1000,
    "patience": 40,
    "min_delta": 1e-08,
    "optimizer": "adamw",
    "seeds": [
      42,
      7,
      123,
      256,
      999
    ],
    "model": "MPO2TypeI_GTN",
    "L": 3,
    "bond_dim": 16,
    "lr": 0.001
  },
  "n_parameters": 2568,
  "train_loss": 66.79354221256024,
  "train_quality": 0.7631159636984408,
  "val_loss": 136.54567866443827,
  "val_quality": 0.544757672338561,
  "test_loss": 125.7203944825322,
  "test_quality": 0.4976806937258259,
  "best_epoch": 996,
  "stopped_early": false,
  "patience_counter": 14,
  "success": true
}