{
  "run_id": "MPO2-L3-d12-seed42",
  "seed": 42,
  "model": "MPO2",
  "dataset": "concrete",
  "task": "regression",
  "params": {
    "output_site": 1,
    "init_strength": 0.01,
    "batch_size": 64,
    "n_epochs": 1000,
    "patience": 40,
    "min_delta": 1e-08,
    "optimizer": "adamw",
    "rank": 5,
    "seeds": [
      42,
      7,
      123,
      256,
      999
    ],
    "model": "MPO2",
    "L": 3,
    "bond_dim": 12,
    "lr": 0.01
  },
  "n_parameters": 1344,
  "train_loss": 509.438768066763,
  "train_quality": -0.8067302261663214,
  "val_loss": 782.9723750594261,
  "val_quality": -1.4378621196462076,
  "test_loss": 656.3151604065099,
  "test_quality": -1.6223253389363772,
  "best_epoch": 99,
  "stopped_early": true,
  "patience_counter": 40,
  "success": true
}