{
  "run_id": "MPO2-L3-d16-seed42",
  "seed": 42,
  "model": "MPO2",
  "dataset": "concrete",
  "task": "regression",
  "params": {
    "output_site": 1,
    "init_strength": 0.01,
    "batch_size": 64,
    "n_epochs": 1000,
    "patience": 40,
    "min_delta": 1e-08,
    "optimizer": "adamw",
    "rank": 5,
    "seeds": [
      42,
      7,
      123,
      256,
      999
    ],
    "model": "MPO2",
    "L": 3,
    "bond_dim": 16,
    "lr": 0.01
  },
  "n_parameters": 2304,
  "train_loss": 509.60648019953067,
  "train_quality": -0.8073250191003503,
  "val_loss": 810.3897065991317,
  "val_quality": -1.3994176537434497,
  "test_loss": 656.1086403638161,
  "test_quality": -1.6215001824054527,
  "best_epoch": 58,
  "stopped_early": true,
  "patience_counter": 40,
  "success": true
}