{
  "run_id": "MPO2-L3-d12-seed999",
  "seed": 999,
  "model": "MPO2",
  "dataset": "concrete",
  "task": "regression",
  "params": {
    "init_strength": 0.01,
    "batch_size": 64,
    "n_epochs": 1000,
    "patience": 40,
    "min_delta": 1e-08,
    "optimizer": "adamw",
    "seeds": [
      42,
      7,
      123,
      256,
      999
    ],
    "model": "MPO2",
    "L": 3,
    "bond_dim": 12,
    "lr": 0.001
  },
  "n_parameters": 1344,
  "train_loss": 520.9772212177805,
  "train_quality": -0.8476514779003779,
  "val_loss": 720.3157012219721,
  "val_quality": -1.4180867369821484,
  "test_loss": 673.2168815308316,
  "test_quality": -1.6898566322078796,
  "best_epoch": 547,
  "stopped_early": true,
  "patience_counter": 40,
  "success": true
}