{
  "run_id": "MPO2-L4-d16-seed42",
  "seed": 42,
  "model": "MPO2",
  "dataset": "concrete",
  "task": "regression",
  "params": {
    "init_strength": 0.01,
    "batch_size": 64,
    "n_epochs": 1000,
    "patience": 40,
    "min_delta": 1e-08,
    "optimizer": "adamw",
    "seeds": [
      42,
      7,
      123,
      256,
      999
    ],
    "model": "MPO2",
    "L": 4,
    "bond_dim": 16,
    "lr": 0.001
  },
  "n_parameters": 4352,
  "train_loss": 182.26610357532812,
  "train_quality": 0.3535912475119076,
  "val_loss": 707.7366907563924,
  "val_quality": -0.9117964665017115,
  "test_loss": 298.3538582424984,
  "test_quality": -0.19208107573523492,
  "best_epoch": 623,
  "stopped_early": true,
  "patience_counter": 40,
  "success": true
}