{
  "run_id": "MPO2-L4-d8-seed999",
  "seed": 999,
  "model": "MPO2",
  "dataset": "concrete",
  "task": "regression",
  "params": {
    "init_strength": 0.01,
    "batch_size": 64,
    "n_epochs": 1000,
    "patience": 40,
    "min_delta": 1e-08,
    "optimizer": "adamw",
    "seeds": [
      42,
      7,
      123,
      256,
      999
    ],
    "model": "MPO2",
    "L": 4,
    "bond_dim": 8,
    "lr": 0.001
  },
  "n_parameters": 1152,
  "train_loss": 219.22483242863865,
  "train_quality": 0.22251670681026536,
  "val_loss": 371.8973487965097,
  "val_quality": -0.19885309363650316,
  "test_loss": 304.5316836637999,
  "test_quality": -0.21676474772564003,
  "best_epoch": 966,
  "stopped_early": false,
  "patience_counter": 7,
  "success": true
}