{
  "run_id": "MPO2-L3-d8-seed42",
  "seed": 42,
  "model": "MPO2",
  "dataset": "concrete",
  "task": "regression",
  "params": {
    "init_strength": 0.01,
    "batch_size": 64,
    "n_epochs": 1000,
    "patience": 40,
    "min_delta": 1e-08,
    "optimizer": "adamw",
    "seeds": [
      42,
      7,
      123,
      256,
      999
    ],
    "model": "MPO2",
    "L": 3,
    "bond_dim": 8,
    "lr": 0.001
  },
  "n_parameters": 640,
  "train_loss": 529.888994765644,
  "train_quality": -0.8792571813665195,
  "val_loss": 715.3614655576048,
  "val_quality": -1.4370854179595507,
  "test_loss": 693.6301942776804,
  "test_quality": -1.7714185867337187,
  "best_epoch": 809,
  "stopped_early": false,
  "patience_counter": 5,
  "success": true
}