{
  "run_id": "MPO2-L4-d12-seed256",
  "seed": 256,
  "model": "MPO2",
  "dataset": "concrete",
  "task": "regression",
  "params": {
    "init_strength": 0.01,
    "batch_size": 64,
    "n_epochs": 1000,
    "patience": 40,
    "min_delta": 1e-08,
    "optimizer": "adamw",
    "seeds": [
      42,
      7,
      123,
      256,
      999
    ],
    "model": "MPO2",
    "L": 4,
    "bond_dim": 12,
    "lr": 0.001
  },
  "n_parameters": 2496,
  "train_loss": 173.0589975654038,
  "train_quality": 0.3862443508216029,
  "val_loss": 401.460252712904,
  "val_quality": -0.29161407216780133,
  "test_loss": 263.43012096965106,
  "test_quality": -0.05254231950077504,
  "best_epoch": 933,
  "stopped_early": true,
  "patience_counter": 40,
  "success": true
}