{
  "run_id": "MPO2TypeI_GTN-L4-d12-seed256",
  "seed": 256,
  "model": "MPO2TypeI_GTN",
  "dataset": "concrete",
  "task": "regression",
  "params": {
    "init_strength": 0.01,
    "batch_size": 64,
    "n_epochs": 1000,
    "patience": 40,
    "min_delta": 1e-08,
    "optimizer": "adamw",
    "seeds": [
      42,
      7,
      123,
      256,
      999
    ],
    "model": "MPO2TypeI_GTN",
    "L": 4,
    "bond_dim": 12,
    "lr": 0.001
  },
  "n_parameters": 4040,
  "train_loss": 29.510138819073624,
  "train_quality": 0.8953419662482437,
  "val_loss": 56.23808206092173,
  "val_quality": 0.8072329184462543,
  "test_loss": 58.85972333758197,
  "test_quality": 0.7648243507656828,
  "best_epoch": 899,
  "stopped_early": false,
  "patience_counter": 7,
  "success": true
}