{
  "run_id": "MPO2-L3-d16-seed999",
  "seed": 999,
  "model": "MPO2",
  "dataset": "concrete",
  "task": "regression",
  "params": {
    "output_site": 1,
    "init_strength": 0.01,
    "batch_size": 64,
    "n_epochs": 1000,
    "patience": 40,
    "min_delta": 1e-08,
    "optimizer": "adamw",
    "rank": 5,
    "seeds": [
      42,
      7,
      123,
      256,
      999
    ],
    "model": "MPO2",
    "L": 3,
    "bond_dim": 16,
    "lr": 0.01
  },
  "n_parameters": 2304,
  "train_loss": 519.3746471842201,
  "train_quality": -0.8419679313632922,
  "val_loss": 764.2069735591881,
  "val_quality": -1.3962355146831071,
  "test_loss": 691.0003869670124,
  "test_quality": -1.7609111190363196,
  "best_epoch": 98,
  "stopped_early": true,
  "patience_counter": 40,
  "success": true
}