{
  "run_id": "MPO2TypeI_GTN-L3-d12-seed42",
  "seed": 42,
  "model": "MPO2TypeI_GTN",
  "dataset": "concrete",
  "task": "regression",
  "params": {
    "init_strength": 0.01,
    "batch_size": 64,
    "n_epochs": 1000,
    "patience": 40,
    "min_delta": 1e-08,
    "optimizer": "adamw",
    "seeds": [
      42,
      7,
      123,
      256,
      999
    ],
    "model": "MPO2TypeI_GTN",
    "L": 3,
    "bond_dim": 12,
    "lr": 0.001
  },
  "n_parameters": 1544,
  "train_loss": 68.68817535537785,
  "train_quality": 0.7563966262997281,
  "val_loss": 134.01337526260522,
  "val_quality": 0.5387740453562131,
  "test_loss": 123.144542712069,
  "test_quality": 0.5079725805730626,
  "best_epoch": 968,
  "stopped_early": false,
  "patience_counter": 0,
  "success": true
}