{
  "run_id": "MPO2-L3-d12-seed7",
  "seed": 7,
  "model": "MPO2",
  "dataset": "concrete",
  "task": "regression",
  "params": {
    "init_strength": 0.01,
    "batch_size": 64,
    "n_epochs": 1000,
    "patience": 40,
    "min_delta": 1e-08,
    "optimizer": "adamw",
    "seeds": [
      42,
      7,
      123,
      256,
      999
    ],
    "model": "MPO2",
    "L": 3,
    "bond_dim": 12,
    "lr": 0.001
  },
  "n_parameters": 1344,
  "train_loss": 519.0742195790979,
  "train_quality": -0.8409024615385108,
  "val_loss": 729.1669432589106,
  "val_quality": -1.496235771231058,
  "test_loss": 670.0362449227316,
  "test_quality": -1.6771483108486658,
  "best_epoch": 309,
  "stopped_early": false,
  "patience_counter": 15,
  "success": true
}