{
  "run_id": "MPO2-L4-d12-seed42",
  "seed": 42,
  "model": "MPO2",
  "dataset": "concrete",
  "task": "regression",
  "params": {
    "init_strength": 0.01,
    "batch_size": 64,
    "n_epochs": 1000,
    "patience": 40,
    "min_delta": 1e-08,
    "optimizer": "adamw",
    "seeds": [
      42,
      7,
      123,
      256,
      999
    ],
    "model": "MPO2",
    "L": 4,
    "bond_dim": 12,
    "lr": 0.001
  },
  "n_parameters": 2496,
  "train_loss": 179.68891119310814,
  "train_quality": 0.36273128880337113,
  "val_loss": 472.87566585589457,
  "val_quality": -0.455757691855754,
  "test_loss": 298.1122559945454,
  "test_quality": -0.19111574728486236,
  "best_epoch": 906,
  "stopped_early": false,
  "patience_counter": 13,
  "success": true
}