{
  "run_id": "MPO2TypeI_GTN-L3-d12-seed7",
  "seed": 7,
  "model": "MPO2TypeI_GTN",
  "dataset": "concrete",
  "task": "regression",
  "params": {
    "init_strength": 0.01,
    "batch_size": 64,
    "n_epochs": 1000,
    "patience": 40,
    "min_delta": 1e-08,
    "optimizer": "adamw",
    "seeds": [
      42,
      7,
      123,
      256,
      999
    ],
    "model": "MPO2TypeI_GTN",
    "L": 3,
    "bond_dim": 12,
    "lr": 0.001
  },
  "n_parameters": 1544,
  "train_loss": 68.62830464223654,
  "train_quality": 0.7566089584461508,
  "val_loss": 137.62244146382358,
  "val_quality": 0.5228024410637266,
  "test_loss": 123.16016990552737,
  "test_quality": 0.5079101416902598,
  "best_epoch": 999,
  "stopped_early": false,
  "patience_counter": 0,
  "success": true
}