{
  "run_id": "MPO2-L3-d16-seed999",
  "seed": 999,
  "model": "MPO2",
  "dataset": "concrete",
  "task": "regression",
  "params": {
    "init_strength": 0.01,
    "batch_size": 64,
    "n_epochs": 1000,
    "patience": 40,
    "min_delta": 1e-08,
    "optimizer": "adamw",
    "seeds": [
      42,
      7,
      123,
      256,
      999
    ],
    "model": "MPO2",
    "L": 3,
    "bond_dim": 16,
    "lr": 0.001
  },
  "n_parameters": 2304,
  "train_loss": 513.9706813675427,
  "train_quality": -0.8228027068178352,
  "val_loss": 726.829702232302,
  "val_quality": -1.4217735802540332,
  "test_loss": 667.2174848385876,
  "test_quality": -1.6658858771293916,
  "best_epoch": 507,
  "stopped_early": false,
  "patience_counter": 20,
  "success": true
}