{
  "run_id": "MPO2-L3-d16-seed123",
  "seed": 123,
  "model": "MPO2",
  "dataset": "concrete",
  "task": "regression",
  "params": {
    "output_site": 1,
    "init_strength": 0.01,
    "batch_size": 64,
    "n_epochs": 1000,
    "patience": 40,
    "min_delta": 1e-08,
    "optimizer": "adamw",
    "rank": 5,
    "seeds": [
      42,
      7,
      123,
      256,
      999
    ],
    "model": "MPO2",
    "L": 3,
    "bond_dim": 16,
    "lr": 0.01
  },
  "n_parameters": 2304,
  "train_loss": 506.3609651890706,
  "train_quality": -0.795814764215103,
  "val_loss": 760.5601813496421,
  "val_quality": -1.452747606734679,
  "test_loss": 647.6321854674619,
  "test_quality": -1.5876322729009802,
  "best_epoch": 102,
  "stopped_early": true,
  "patience_counter": 40,
  "success": true
}