{
  "run_id": "MPO2-L4-d8-seed256",
  "seed": 256,
  "model": "MPO2",
  "dataset": "concrete",
  "task": "regression",
  "params": {
    "output_site": 1,
    "init_strength": 0.01,
    "batch_size": 64,
    "n_epochs": 1000,
    "patience": 40,
    "min_delta": 1e-08,
    "optimizer": "adamw",
    "rank": 5,
    "seeds": [
      42,
      7,
      123,
      256,
      999
    ],
    "model": "MPO2",
    "L": 4,
    "bond_dim": 8,
    "lr": 0.01
  },
  "n_parameters": 1152,
  "train_loss": 173.21187774174038,
  "train_quality": 0.385702159585123,
  "val_loss": 342.3893110328593,
  "val_quality": -0.1504348405639453,
  "test_loss": 250.88336122688676,
  "test_quality": -0.0024113946344059833,
  "best_epoch": 424,
  "stopped_early": true,
  "patience_counter": 40,
  "success": true
}