{
  "run_id": "MPO2TypeI_GTN-L3-d16-seed999",
  "seed": 999,
  "model": "MPO2TypeI_GTN",
  "dataset": "concrete",
  "task": "regression",
  "params": {
    "init_strength": 0.01,
    "batch_size": 64,
    "n_epochs": 1000,
    "patience": 40,
    "min_delta": 1e-08,
    "optimizer": "adamw",
    "seeds": [
      42,
      7,
      123,
      256,
      999
    ],
    "model": "MPO2TypeI_GTN",
    "L": 3,
    "bond_dim": 16,
    "lr": 0.001
  },
  "n_parameters": 2568,
  "train_loss": 65.39302712713278,
  "train_quality": 0.7680829059408736,
  "val_loss": 130.260713545794,
  "val_quality": 0.5812509508604979,
  "test_loss": 116.75702681725994,
  "test_quality": 0.5334940766382181,
  "best_epoch": 993,
  "stopped_early": false,
  "patience_counter": 0,
  "success": true
}