{
  "run_id": "MPO2-L3-d8-seed999",
  "seed": 999,
  "model": "MPO2",
  "dataset": "concrete",
  "task": "regression",
  "params": {
    "init_strength": 0.01,
    "batch_size": 64,
    "n_epochs": 1000,
    "patience": 40,
    "min_delta": 1e-08,
    "optimizer": "adamw",
    "seeds": [
      42,
      7,
      123,
      256,
      999
    ],
    "model": "MPO2",
    "L": 3,
    "bond_dim": 8,
    "lr": 0.001
  },
  "n_parameters": 640,
  "train_loss": 533.679450490917,
  "train_quality": -0.892700074524776,
  "val_loss": 738.574660908908,
  "val_quality": -1.4381285046636614,
  "test_loss": 681.6969809931812,
  "test_quality": -1.723739103676384,
  "best_epoch": 307,
  "stopped_early": false,
  "patience_counter": 0,
  "success": true
}