{
  "run_id": "MPO2-L4-d8-seed42",
  "seed": 42,
  "model": "MPO2",
  "dataset": "concrete",
  "task": "regression",
  "params": {
    "output_site": 1,
    "init_strength": 0.01,
    "batch_size": 64,
    "n_epochs": 1000,
    "patience": 40,
    "min_delta": 1e-08,
    "optimizer": "adamw",
    "rank": 5,
    "seeds": [
      42,
      7,
      123,
      256,
      999
    ],
    "model": "MPO2",
    "L": 4,
    "bond_dim": 8,
    "lr": 0.01
  },
  "n_parameters": 1152,
  "train_loss": 188.55275893903345,
  "train_quality": 0.33129555472394034,
  "val_loss": 362.22319840747537,
  "val_quality": -0.2405287676467749,
  "test_loss": 256.52507797112617,
  "test_quality": -0.02495302960800183,
  "best_epoch": 468,
  "stopped_early": true,
  "patience_counter": 40,
  "success": true
}