{
  "run_id": "MPO2TypeI_GTN-L4-d16-seed999",
  "seed": 999,
  "model": "MPO2TypeI_GTN",
  "dataset": "concrete",
  "task": "regression",
  "params": {
    "init_strength": 0.01,
    "batch_size": 64,
    "n_epochs": 1000,
    "patience": 40,
    "min_delta": 1e-08,
    "optimizer": "adamw",
    "seeds": [
      42,
      7,
      123,
      256,
      999
    ],
    "model": "MPO2TypeI_GTN",
    "L": 4,
    "bond_dim": 16,
    "lr": 0.001
  },
  "n_parameters": 6920,
  "train_loss": 29.57432091235317,
  "train_quality": 0.89511434374447,
  "val_loss": 91.69990014088573,
  "val_quality": 0.7716395421874466,
  "test_loss": 60.63600334615966,
  "test_quality": 0.7577271749627432,
  "best_epoch": 705,
  "stopped_early": true,
  "patience_counter": 40,
  "success": true
}