{
  "run_id": "MPO2-L4-d8-seed7",
  "seed": 7,
  "model": "MPO2",
  "dataset": "concrete",
  "task": "regression",
  "params": {
    "output_site": 1,
    "init_strength": 0.01,
    "batch_size": 64,
    "n_epochs": 1000,
    "patience": 40,
    "min_delta": 1e-08,
    "optimizer": "adamw",
    "rank": 5,
    "seeds": [
      42,
      7,
      123,
      256,
      999
    ],
    "model": "MPO2",
    "L": 4,
    "bond_dim": 8,
    "lr": 0.01
  },
  "n_parameters": 1152,
  "train_loss": 174.85706717703178,
  "train_quality": 0.3798674770544035,
  "val_loss": 412.69931402160125,
  "val_quality": -0.3237157488874267,
  "test_loss": 252.70563975415143,
  "test_quality": -0.009692358788404798,
  "best_epoch": 462,
  "stopped_early": true,
  "patience_counter": 40,
  "success": true
}