{
  "run_id": "MPO2TypeI_GTN-L3-d8-seed256",
  "seed": 256,
  "model": "MPO2TypeI_GTN",
  "dataset": "concrete",
  "task": "regression",
  "params": {
    "init_strength": 0.01,
    "batch_size": 64,
    "n_epochs": 1000,
    "patience": 40,
    "min_delta": 1e-08,
    "optimizer": "adamw",
    "seeds": [
      42,
      7,
      123,
      256,
      999
    ],
    "model": "MPO2TypeI_GTN",
    "L": 3,
    "bond_dim": 8,
    "lr": 0.001
  },
  "n_parameters": 776,
  "train_loss": 74.15000300624153,
  "train_quality": 0.7370261941192837,
  "val_loss": 146.93575449065733,
  "val_quality": 0.5089133446846985,
  "test_loss": 126.713527202386,
  "test_quality": 0.49371260453132015,
  "best_epoch": 989,
  "stopped_early": false,
  "patience_counter": 0,
  "success": true
}