{
  "run_id": "MPO2TypeI_GTN-L4-d16-seed256",
  "seed": 256,
  "model": "MPO2TypeI_GTN",
  "dataset": "concrete",
  "task": "regression",
  "params": {
    "init_strength": 0.01,
    "batch_size": 64,
    "n_epochs": 1000,
    "patience": 40,
    "min_delta": 1e-08,
    "optimizer": "adamw",
    "seeds": [
      42,
      7,
      123,
      256,
      999
    ],
    "model": "MPO2TypeI_GTN",
    "L": 4,
    "bond_dim": 16,
    "lr": 0.001
  },
  "n_parameters": 6920,
  "train_loss": 28.06412757526535,
  "train_quality": 0.9004702611196351,
  "val_loss": 54.38816343680706,
  "val_quality": 0.8287640703139102,
  "test_loss": 57.15337484779696,
  "test_quality": 0.7716421132550446,
  "best_epoch": 819,
  "stopped_early": true,
  "patience_counter": 40,
  "success": true
}