{
  "run_id": "MPO2TypeI_GTN-L4-d12-seed999",
  "seed": 999,
  "model": "MPO2TypeI_GTN",
  "dataset": "concrete",
  "task": "regression",
  "params": {
    "init_strength": 0.01,
    "batch_size": 64,
    "n_epochs": 1000,
    "patience": 40,
    "min_delta": 1e-08,
    "optimizer": "adamw",
    "seeds": [
      42,
      7,
      123,
      256,
      999
    ],
    "model": "MPO2TypeI_GTN",
    "L": 4,
    "bond_dim": 12,
    "lr": 0.001
  },
  "n_parameters": 4040,
  "train_loss": 32.378511762926586,
  "train_quality": 0.8851692498740206,
  "val_loss": 57.586694742476894,
  "val_quality": 0.8026670141071282,
  "test_loss": 76.24977985021675,
  "test_quality": 0.6953418999712009,
  "best_epoch": 750,
  "stopped_early": true,
  "patience_counter": 40,
  "success": true
}