{
  "run_id": "MPO2-L4-d16-seed123",
  "seed": 123,
  "model": "MPO2",
  "dataset": "concrete",
  "task": "regression",
  "params": {
    "output_site": 1,
    "init_strength": 0.01,
    "batch_size": 64,
    "n_epochs": 1000,
    "patience": 40,
    "min_delta": 1e-08,
    "optimizer": "adamw",
    "rank": 5,
    "seeds": [
      42,
      7,
      123,
      256,
      999
    ],
    "model": "MPO2",
    "L": 4,
    "bond_dim": 16,
    "lr": 0.01
  },
  "n_parameters": 4352,
  "train_loss": 174.00632105060947,
  "train_quality": 0.3828846576023899,
  "val_loss": 329.4792384155602,
  "val_quality": -0.09034676413847587,
  "test_loss": 265.40537430358575,
  "test_quality": -0.06043449871721607,
  "best_epoch": 269,
  "stopped_early": true,
  "patience_counter": 40,
  "success": true
}