{
  "run_id": "MPO2-L3-d16-seed256",
  "seed": 256,
  "model": "MPO2",
  "dataset": "concrete",
  "task": "regression",
  "params": {
    "init_strength": 0.01,
    "batch_size": 64,
    "n_epochs": 1000,
    "patience": 40,
    "min_delta": 1e-08,
    "optimizer": "adamw",
    "seeds": [
      42,
      7,
      123,
      256,
      999
    ],
    "model": "MPO2",
    "L": 3,
    "bond_dim": 16,
    "lr": 0.001
  },
  "n_parameters": 2304,
  "train_loss": 518.1853434895174,
  "train_quality": -0.8377500526544053,
  "val_loss": 723.8832005805963,
  "val_quality": -1.4306394975795418,
  "test_loss": 664.9958923028694,
  "test_quality": -1.6570094428327997,
  "best_epoch": 380,
  "stopped_early": true,
  "patience_counter": 40,
  "success": true
}