{
  "run_id": "MPO2-L3-d8-seed256",
  "seed": 256,
  "model": "MPO2",
  "dataset": "concrete",
  "task": "regression",
  "params": {
    "init_strength": 0.01,
    "batch_size": 64,
    "n_epochs": 1000,
    "patience": 40,
    "min_delta": 1e-08,
    "optimizer": "adamw",
    "seeds": [
      42,
      7,
      123,
      256,
      999
    ],
    "model": "MPO2",
    "L": 3,
    "bond_dim": 8,
    "lr": 0.001
  },
  "n_parameters": 640,
  "train_loss": 530.0435718627336,
  "train_quality": -0.8798053907512204,
  "val_loss": 718.446942134487,
  "val_quality": -1.4433495699925678,
  "test_loss": 676.9242598508969,
  "test_quality": -1.704669564616311,
  "best_epoch": 739,
  "stopped_early": false,
  "patience_counter": 1,
  "success": true
}