{
  "run_id": "MPO2-L3-d12-seed42",
  "seed": 42,
  "model": "MPO2",
  "dataset": "concrete",
  "task": "regression",
  "params": {
    "init_strength": 0.01,
    "batch_size": 64,
    "n_epochs": 1000,
    "patience": 40,
    "min_delta": 1e-08,
    "optimizer": "adamw",
    "seeds": [
      42,
      7,
      123,
      256,
      999
    ],
    "model": "MPO2",
    "L": 3,
    "bond_dim": 12,
    "lr": 0.001
  },
  "n_parameters": 1344,
  "train_loss": 515.4342350887565,
  "train_quality": -0.8279932162793935,
  "val_loss": 732.2449532377321,
  "val_quality": -1.4956474447196273,
  "test_loss": 646.1595113494558,
  "test_quality": -1.5817481628139136,
  "best_epoch": 690,
  "stopped_early": false,
  "patience_counter": 10,
  "success": true
}