{
  "run_id": "LMPO2-L3-d8-jit5-rf0.1-seed123",
  "seed": 123,
  "model": "LMPO2",
  "grid_params": {
    "model": "LMPO2",
    "L": 3,
    "bond_dim": 8,
    "jitter_start": 5.0,
    "reduction_factor": 0.1
  },
  "n_parameters": 592,
  "train_loss": 11136.109674044055,
  "train_quality": -0.05057084921450139,
  "val_loss": 9727.568614201009,
  "val_quality": -0.13779226303272574,
  "test_loss": 13076.832194981358,
  "test_quality": -0.08806841810359112,
  "success": false,
  "singular": false
}