{
  "run_id": "LMPO2-L3-d8-jit5-rf0.1-seed42",
  "seed": 42,
  "model": "LMPO2",
  "grid_params": {
    "model": "LMPO2",
    "L": 3,
    "bond_dim": 8,
    "jitter_start": 5.0,
    "reduction_factor": 0.1
  },
  "n_parameters": 592,
  "train_loss": 10981.095968334768,
  "train_quality": -0.0359469917621571,
  "val_loss": 9953.974414337114,
  "val_quality": -0.1642739850248509,
  "test_loss": 12804.04203456073,
  "test_quality": -0.06537069178138522,
  "success": false,
  "singular": false
}