{
  "run_id": "MMPO2TypeI_GTN-L3-d12-seed999",
  "seed": 999,
  "model": "MMPO2TypeI_GTN",
  "dataset": "realstate",
  "task": "regression",
  "params": {
    "init_strength": 0.01,
    "batch_size": 64,
    "n_epochs": 1000,
    "patience": 40,
    "min_delta": 1e-08,
    "optimizer": "adamw",
    "seeds": [
      42,
      7,
      123,
      256,
      999
    ],
    "model": "MMPO2TypeI_GTN",
    "L": 3,
    "bond_dim": 12,
    "lr": 0.001
  },
  "n_parameters": 1158,
  "train_loss": 137.6296200929827,
  "train_quality": 0.2814466942131013,
  "val_loss": 382.0943740896826,
  "val_quality": -0.7124575041229564,
  "test_loss": 175.6158993105424,
  "test_quality": -0.05309677840200777,
  "best_epoch": 410,
  "stopped_early": false,
  "patience_counter": 0,
  "success": true
}