{
  "run_id": "MMPO2TypeI_GTN-L4-d16-seed123",
  "seed": 123,
  "model": "MMPO2TypeI_GTN",
  "dataset": "realstate",
  "task": "regression",
  "params": {
    "init_strength": 0.01,
    "batch_size": 64,
    "n_epochs": 1000,
    "patience": 40,
    "min_delta": 1e-08,
    "optimizer": "adamw",
    "seeds": [
      42,
      7,
      123,
      256,
      999
    ],
    "model": "MMPO2TypeI_GTN",
    "L": 4,
    "bond_dim": 16,
    "lr": 0.001
  },
  "n_parameters": 5190,
  "train_loss": 76.98545950571247,
  "train_quality": 0.5980650357969446,
  "val_loss": 474.89643330340175,
  "val_quality": 0.02628095855226875,
  "test_loss": 1458.763860715858,
  "test_quality": -7.74761071292663,
  "best_epoch": 759,
  "stopped_early": false,
  "patience_counter": 10,
  "success": true
}