{
  "run_id": "MMPO2TypeI_GTN-L3-d16-seed999",
  "seed": 999,
  "model": "MMPO2TypeI_GTN",
  "dataset": "realstate",
  "task": "regression",
  "params": {
    "init_strength": 0.01,
    "batch_size": 64,
    "n_epochs": 1000,
    "patience": 40,
    "min_delta": 1e-08,
    "optimizer": "adamw",
    "seeds": [
      42,
      7,
      123,
      256,
      999
    ],
    "model": "MMPO2TypeI_GTN",
    "L": 3,
    "bond_dim": 16,
    "lr": 0.001
  },
  "n_parameters": 1926,
  "train_loss": 131.31091426365586,
  "train_quality": 0.3144361550492958,
  "val_loss": 374.47414261496624,
  "val_quality": -0.7183834567623493,
  "test_loss": 141.78708622988574,
  "test_quality": 0.1497607886648975,
  "best_epoch": 549,
  "stopped_early": false,
  "patience_counter": 0,
  "success": true
}