{
  "run_id": "MMPO2-L3-d12-seed256",
  "seed": 256,
  "model": "MMPO2",
  "dataset": "realstate",
  "task": "regression",
  "params": {
    "output_site": 1,
    "init_strength": 0.01,
    "rank": 5,
    "batch_size": 64,
    "n_epochs": 1000,
    "patience": 40,
    "min_delta": 1e-08,
    "optimizer": "adamw",
    "seeds": [
      42,
      7,
      123,
      256,
      999
    ],
    "model": "MMPO2",
    "L": 3,
    "bond_dim": 12,
    "lr": 0.01
  },
  "n_parameters": 1008,
  "train_loss": 529.5774322272019,
  "train_quality": -1.7648816754700545,
  "val_loss": 589.9725867169192,
  "val_quality": -2.094439784756545,
  "test_loss": 755.6697701452539,
  "test_quality": -3.5314427884946076,
  "best_epoch": 216,
  "stopped_early": true,
  "patience_counter": 40,
  "success": true
}