{
  "run_id": "MMPO2-L3-d12-seed7",
  "seed": 7,
  "model": "MMPO2",
  "dataset": "realstate",
  "task": "regression",
  "params": {
    "init_strength": 0.01,
    "batch_size": 64,
    "n_epochs": 1000,
    "patience": 40,
    "min_delta": 1e-08,
    "optimizer": "adamw",
    "seeds": [
      42,
      7,
      123,
      256,
      999
    ],
    "model": "MMPO2",
    "L": 3,
    "bond_dim": 12,
    "lr": 0.001
  },
  "n_parameters": 1008,
  "train_loss": 545.3859084158694,
  "train_quality": -1.8474164729732823,
  "val_loss": 728.4013070320401,
  "val_quality": -2.999567294351492,
  "test_loss": 760.1498177744027,
  "test_quality": -3.558307803244789,
  "best_epoch": 960,
  "stopped_early": false,
  "patience_counter": 2,
  "success": true
}