{
  "run_id": "MMPO2-L3-d12-seed42",
  "seed": 42,
  "model": "MMPO2",
  "dataset": "realstate",
  "task": "regression",
  "params": {
    "output_site": 1,
    "init_strength": 0.01,
    "rank": 5,
    "batch_size": 64,
    "n_epochs": 1000,
    "patience": 40,
    "min_delta": 1e-08,
    "optimizer": "adamw",
    "seeds": [
      42,
      7,
      123,
      256,
      999
    ],
    "model": "MMPO2",
    "L": 3,
    "bond_dim": 12,
    "lr": 0.01
  },
  "n_parameters": 1008,
  "train_loss": 537.0425443142371,
  "train_quality": -1.803856432245412,
  "val_loss": 578.9708186905049,
  "val_quality": -2.1500039502465254,
  "test_loss": 810.2313881193844,
  "test_quality": -3.8586265135362314,
  "best_epoch": 229,
  "stopped_early": true,
  "patience_counter": 40,
  "success": true
}