{
  "run_id": "MMPO2-L3-d12-seed123",
  "seed": 123,
  "model": "MMPO2",
  "dataset": "realstate",
  "task": "regression",
  "params": {
    "init_strength": 0.01,
    "batch_size": 64,
    "n_epochs": 1000,
    "patience": 40,
    "min_delta": 1e-08,
    "optimizer": "adamw",
    "seeds": [
      42,
      7,
      123,
      256,
      999
    ],
    "model": "MMPO2",
    "L": 3,
    "bond_dim": 12,
    "lr": 0.001
  },
  "n_parameters": 1008,
  "train_loss": 530.622541008213,
  "train_quality": -1.7703381053359162,
  "val_loss": 660.9467604002389,
  "val_quality": -2.7296593027493015,
  "test_loss": 731.5376663364902,
  "test_quality": -3.386732424132137,
  "best_epoch": 953,
  "stopped_early": false,
  "patience_counter": 12,
  "success": true
}