{
  "run_id": "MMPO2TypeI_GTN-L4-d12-seed256",
  "seed": 256,
  "model": "MMPO2TypeI_GTN",
  "dataset": "realstate",
  "task": "regression",
  "params": {
    "init_strength": 0.01,
    "batch_size": 64,
    "n_epochs": 1000,
    "patience": 40,
    "min_delta": 1e-08,
    "optimizer": "adamw",
    "seeds": [
      42,
      7,
      123,
      256,
      999
    ],
    "model": "MMPO2TypeI_GTN",
    "L": 4,
    "bond_dim": 12,
    "lr": 0.001
  },
  "n_parameters": 3030,
  "train_loss": 83.40623813835707,
  "train_quality": 0.564542660968796,
  "val_loss": 161.32265694791826,
  "val_quality": 0.28486856291896223,
  "test_loss": 420.1305767323385,
  "test_quality": -1.5193513719543001,
  "best_epoch": 891,
  "stopped_early": false,
  "patience_counter": 2,
  "success": true
}