{
  "run_id": "MMPO2-L3-d8-seed123",
  "seed": 123,
  "model": "MMPO2",
  "dataset": "realstate",
  "task": "regression",
  "params": {
    "init_strength": 0.01,
    "batch_size": 64,
    "n_epochs": 1000,
    "patience": 40,
    "min_delta": 1e-08,
    "optimizer": "adamw",
    "seeds": [
      42,
      7,
      123,
      256,
      999
    ],
    "model": "MMPO2",
    "L": 3,
    "bond_dim": 8,
    "lr": 0.001
  },
  "n_parameters": 480,
  "train_loss": 533.0202983922322,
  "train_quality": -1.7828566060307374,
  "val_loss": 654.8205978520701,
  "val_quality": -2.787418639471099,
  "test_loss": 700.1730769035195,
  "test_quality": -3.198651799214705,
  "best_epoch": 989,
  "stopped_early": false,
  "patience_counter": 17,
  "success": true
}