{
  "run_id": "MMPO2-L3-d16-seed123",
  "seed": 123,
  "model": "MMPO2",
  "dataset": "realstate",
  "task": "regression",
  "params": {
    "output_site": 1,
    "init_strength": 0.01,
    "rank": 5,
    "batch_size": 64,
    "n_epochs": 1000,
    "patience": 40,
    "min_delta": 1e-08,
    "optimizer": "adamw",
    "seeds": [
      42,
      7,
      123,
      256,
      999
    ],
    "model": "MMPO2",
    "L": 3,
    "bond_dim": 16,
    "lr": 0.01
  },
  "n_parameters": 1728,
  "train_loss": 880.9432948259924,
  "train_quality": -3.5993349126471514,
  "val_loss": 726.3668049704863,
  "val_quality": -2.318752421216406,
  "test_loss": 2111.0683660895747,
  "test_quality": -11.65921425134804,
  "best_epoch": 145,
  "stopped_early": true,
  "patience_counter": 40,
  "success": true
}