{
  "run_id": "MMPO2-L4-d16-seed999",
  "seed": 999,
  "model": "MMPO2",
  "dataset": "realstate",
  "task": "regression",
  "params": {
    "output_site": 1,
    "init_strength": 0.01,
    "rank": 5,
    "batch_size": 64,
    "n_epochs": 1000,
    "patience": 40,
    "min_delta": 1e-08,
    "optimizer": "adamw",
    "seeds": [
      42,
      7,
      123,
      256,
      999
    ],
    "model": "MMPO2",
    "L": 4,
    "bond_dim": 16,
    "lr": 0.01
  },
  "n_parameters": 3264,
  "train_loss": 461.6640426852111,
  "train_quality": -1.4103112673731495,
  "val_loss": 644.9087478058162,
  "val_quality": -2.3374117431231363,
  "test_loss": 1984.5991811825877,
  "test_quality": -10.900830234208653,
  "best_epoch": 129,
  "stopped_early": true,
  "patience_counter": 40,
  "success": true
}