{
  "run_id": "MMPO2-L4-d8-seed999",
  "seed": 999,
  "model": "MMPO2",
  "dataset": "realstate",
  "task": "regression",
  "params": {
    "init_strength": 0.01,
    "batch_size": 64,
    "n_epochs": 1000,
    "patience": 40,
    "min_delta": 1e-08,
    "optimizer": "adamw",
    "seeds": [
      42,
      7,
      123,
      256,
      999
    ],
    "model": "MMPO2",
    "L": 4,
    "bond_dim": 8,
    "lr": 0.001
  },
  "n_parameters": 864,
  "train_loss": 413.42777537783746,
  "train_quality": -1.158473550251521,
  "val_loss": 1413.9992989298275,
  "val_quality": -2.8254518592687496,
  "test_loss": 9958.176306749203,
  "test_quality": -58.7151136575209,
  "best_epoch": 213,
  "stopped_early": false,
  "patience_counter": 8,
  "success": true
}