{
  "run_id": "MMPO2-L4-d12-seed123",
  "seed": 123,
  "model": "MMPO2",
  "dataset": "realstate",
  "task": "regression",
  "params": {
    "init_strength": 0.01,
    "batch_size": 64,
    "n_epochs": 1000,
    "patience": 40,
    "min_delta": 1e-08,
    "optimizer": "adamw",
    "seeds": [
      42,
      7,
      123,
      256,
      999
    ],
    "model": "MMPO2",
    "L": 4,
    "bond_dim": 12,
    "lr": 0.001
  },
  "n_parameters": 1872,
  "train_loss": 397.9946584032588,
  "train_quality": -1.0778984733662744,
  "val_loss": 2409.155762228054,
  "val_quality": -3.5636321830610758,
  "test_loss": 4191.604103784356,
  "test_quality": -24.13533680812323,
  "best_epoch": 18,
  "stopped_early": false,
  "patience_counter": 4,
  "success": true
}