{
  "run_id": "MMPO2TypeI_GTN-L4-d16-seed42",
  "seed": 42,
  "model": "MMPO2TypeI_GTN",
  "dataset": "realstate",
  "task": "regression",
  "params": {
    "init_strength": 0.01,
    "batch_size": 64,
    "n_epochs": 1000,
    "patience": 40,
    "min_delta": 1e-08,
    "optimizer": "adamw",
    "seeds": [
      42,
      7,
      123,
      256,
      999
    ],
    "model": "MMPO2TypeI_GTN",
    "L": 4,
    "bond_dim": 16,
    "lr": 0.001
  },
  "n_parameters": 5190,
  "train_loss": 74.89387692509268,
  "train_quality": 0.6089850221822539,
  "val_loss": 133.61460102109777,
  "val_quality": 0.24706390539467882,
  "test_loss": 320.1669718537179,
  "test_quality": -0.9199104860868152,
  "best_epoch": 985,
  "stopped_early": false,
  "patience_counter": 15,
  "success": true
}