{
  "run_id": "MMPO2-L3-d8-seed42",
  "seed": 42,
  "model": "MMPO2",
  "dataset": "realstate",
  "task": "regression",
  "params": {
    "init_strength": 0.01,
    "batch_size": 64,
    "n_epochs": 1000,
    "patience": 40,
    "min_delta": 1e-08,
    "optimizer": "adamw",
    "seeds": [
      42,
      7,
      123,
      256,
      999
    ],
    "model": "MMPO2",
    "L": 3,
    "bond_dim": 8,
    "lr": 0.001
  },
  "n_parameters": 480,
  "train_loss": 540.6893826784157,
  "train_quality": -1.8228962854432966,
  "val_loss": 705.3740053501768,
  "val_quality": -3.022054206725734,
  "test_loss": 666.7333796094209,
  "test_quality": -2.9981276004980395,
  "best_epoch": 993,
  "stopped_early": false,
  "patience_counter": 10,
  "success": true
}