{
  "run_id": "MMPO2TypeI_GTN-L3-d16-seed256",
  "seed": 256,
  "model": "MMPO2TypeI_GTN",
  "dataset": "realstate",
  "task": "regression",
  "params": {
    "init_strength": 0.01,
    "batch_size": 64,
    "n_epochs": 1000,
    "patience": 40,
    "min_delta": 1e-08,
    "optimizer": "adamw",
    "seeds": [
      42,
      7,
      123,
      256,
      999
    ],
    "model": "MMPO2TypeI_GTN",
    "L": 3,
    "bond_dim": 16,
    "lr": 0.001
  },
  "n_parameters": 1926,
  "train_loss": 127.25950029717721,
  "train_quality": 0.3355882653054866,
  "val_loss": 342.39864995190214,
  "val_quality": -0.7036582128056432,
  "test_loss": 133.2347845872087,
  "test_quality": 0.20104544650729106,
  "best_epoch": 396,
  "stopped_early": false,
  "patience_counter": 2,
  "success": true
}