{
  "run_id": "MMPO2TypeI_GTN-L4-d16-seed999",
  "seed": 999,
  "model": "MMPO2TypeI_GTN",
  "dataset": "realstate",
  "task": "regression",
  "params": {
    "init_strength": 0.01,
    "batch_size": 64,
    "n_epochs": 1000,
    "patience": 40,
    "min_delta": 1e-08,
    "optimizer": "adamw",
    "seeds": [
      42,
      7,
      123,
      256,
      999
    ],
    "model": "MMPO2TypeI_GTN",
    "L": 4,
    "bond_dim": 16,
    "lr": 0.001
  },
  "n_parameters": 5190,
  "train_loss": 76.53417608612423,
  "train_quality": 0.6004211506563251,
  "val_loss": 152.21248061515453,
  "val_quality": 0.1613615829648044,
  "test_loss": 494.9762784823092,
  "test_quality": -1.9681704578091304,
  "best_epoch": 899,
  "stopped_early": true,
  "patience_counter": 40,
  "success": true
}