{
  "run_id": "MMPO2-L3-d8-seed256",
  "seed": 256,
  "model": "MMPO2",
  "dataset": "realstate",
  "task": "regression",
  "params": {
    "init_strength": 0.01,
    "batch_size": 64,
    "n_epochs": 1000,
    "patience": 40,
    "min_delta": 1e-08,
    "optimizer": "adamw",
    "seeds": [
      42,
      7,
      123,
      256,
      999
    ],
    "model": "MMPO2",
    "L": 3,
    "bond_dim": 8,
    "lr": 0.001
  },
  "n_parameters": 480,
  "train_loss": 544.5599717239294,
  "train_quality": -1.8431043231616129,
  "val_loss": 751.3577828671221,
  "val_quality": -3.3190478958459364,
  "test_loss": 731.8498931435789,
  "test_quality": -3.38860472069507,
  "best_epoch": 862,
  "stopped_early": false,
  "patience_counter": 5,
  "success": true
}