{
  "run_id": "MMPO2-L3-d12-seed123",
  "seed": 123,
  "model": "MMPO2",
  "dataset": "realstate",
  "task": "regression",
  "params": {
    "output_site": 1,
    "init_strength": 0.01,
    "rank": 5,
    "batch_size": 64,
    "n_epochs": 1000,
    "patience": 40,
    "min_delta": 1e-08,
    "optimizer": "adamw",
    "seeds": [
      42,
      7,
      123,
      256,
      999
    ],
    "model": "MMPO2",
    "L": 3,
    "bond_dim": 12,
    "lr": 0.01
  },
  "n_parameters": 1008,
  "train_loss": 556.5837714043256,
  "train_quality": -1.905879625473942,
  "val_loss": 615.4969543548988,
  "val_quality": -2.1439738768552545,
  "test_loss": 889.8667575826295,
  "test_quality": -4.336167279251869,
  "best_epoch": 158,
  "stopped_early": true,
  "patience_counter": 40,
  "success": true
}