{
  "run_id": "MMPO2-L4-d16-seed123",
  "seed": 123,
  "model": "MMPO2",
  "dataset": "realstate",
  "task": "regression",
  "params": {
    "init_strength": 0.01,
    "batch_size": 64,
    "n_epochs": 1000,
    "patience": 40,
    "min_delta": 1e-08,
    "optimizer": "adamw",
    "seeds": [
      42,
      7,
      123,
      256,
      999
    ],
    "model": "MMPO2",
    "L": 4,
    "bond_dim": 16,
    "lr": 0.001
  },
  "n_parameters": 3264,
  "train_loss": 382.8496612459904,
  "train_quality": -0.9988276471434288,
  "val_loss": 1284.4202759986638,
  "val_quality": -3.422682240710774,
  "test_loss": 4955.905089016751,
  "test_quality": -28.718537466136766,
  "best_epoch": 408,
  "stopped_early": true,
  "patience_counter": 40,
  "success": true
}