{
  "run_id": "MMPO2-L4-d12-seed7",
  "seed": 7,
  "model": "MMPO2",
  "dataset": "realstate",
  "task": "regression",
  "params": {
    "init_strength": 0.01,
    "batch_size": 64,
    "n_epochs": 1000,
    "patience": 40,
    "min_delta": 1e-08,
    "optimizer": "adamw",
    "seeds": [
      42,
      7,
      123,
      256,
      999
    ],
    "model": "MMPO2",
    "L": 4,
    "bond_dim": 12,
    "lr": 0.001
  },
  "n_parameters": 1872,
  "train_loss": 392.2594655248718,
  "train_quality": -1.047955487261203,
  "val_loss": 1003.8222765740157,
  "val_quality": -3.0893594160859337,
  "test_loss": 7477.93572544739,
  "test_quality": -43.8421245028649,
  "best_epoch": 777,
  "stopped_early": true,
  "patience_counter": 40,
  "success": true
}