{
  "run_id": "MMPO2-L3-d16-seed999",
  "seed": 999,
  "model": "MMPO2",
  "dataset": "realstate",
  "task": "regression",
  "params": {
    "output_site": 1,
    "init_strength": 0.01,
    "rank": 5,
    "batch_size": 64,
    "n_epochs": 1000,
    "patience": 40,
    "min_delta": 1e-08,
    "optimizer": "adamw",
    "seeds": [
      42,
      7,
      123,
      256,
      999
    ],
    "model": "MMPO2",
    "L": 3,
    "bond_dim": 16,
    "lr": 0.01
  },
  "n_parameters": 1728,
  "train_loss": 536.7277708907179,
  "train_quality": -1.8022130252237933,
  "val_loss": 725.5486652724841,
  "val_quality": -2.2013356605760936,
  "test_loss": 759.0026829760229,
  "test_quality": -3.5514289046638003,
  "best_epoch": 242,
  "stopped_early": true,
  "patience_counter": 40,
  "success": true
}