{
  "run_id": "MMPO2-L4-d8-seed7",
  "seed": 7,
  "model": "MMPO2",
  "dataset": "realstate",
  "task": "regression",
  "params": {
    "init_strength": 0.01,
    "batch_size": 64,
    "n_epochs": 1000,
    "patience": 40,
    "min_delta": 1e-08,
    "optimizer": "adamw",
    "seeds": [
      42,
      7,
      123,
      256,
      999
    ],
    "model": "MMPO2",
    "L": 4,
    "bond_dim": 8,
    "lr": 0.001
  },
  "n_parameters": 864,
  "train_loss": 399.32003214201296,
  "train_quality": -1.0848181442971505,
  "val_loss": 1480.0604927782865,
  "val_quality": -2.7401971953801794,
  "test_loss": 5067.887960987525,
  "test_quality": -29.39005298478632,
  "best_epoch": 145,
  "stopped_early": false,
  "patience_counter": 0,
  "success": true
}