{
  "run_id": "MMPO2-L3-d12-seed999",
  "seed": 999,
  "model": "MMPO2",
  "dataset": "realstate",
  "task": "regression",
  "params": {
    "output_site": 1,
    "init_strength": 0.01,
    "rank": 5,
    "batch_size": 64,
    "n_epochs": 1000,
    "patience": 40,
    "min_delta": 1e-08,
    "optimizer": "adamw",
    "seeds": [
      42,
      7,
      123,
      256,
      999
    ],
    "model": "MMPO2",
    "L": 3,
    "bond_dim": 12,
    "lr": 0.01
  },
  "n_parameters": 1008,
  "train_loss": 553.794898311302,
  "train_quality": -1.8913191407537333,
  "val_loss": 501.7478797146975,
  "val_quality": -2.0074833782278216,
  "test_loss": 1020.6443577233431,
  "test_quality": -5.120387101807902,
  "best_epoch": 433,
  "stopped_early": true,
  "patience_counter": 40,
  "success": true
}