{
  "run_id": "MMPO2-L3-d12-seed42",
  "seed": 42,
  "model": "MMPO2",
  "dataset": "realstate",
  "task": "regression",
  "params": {
    "init_strength": 0.01,
    "batch_size": 64,
    "n_epochs": 1000,
    "patience": 40,
    "min_delta": 1e-08,
    "optimizer": "adamw",
    "seeds": [
      42,
      7,
      123,
      256,
      999
    ],
    "model": "MMPO2",
    "L": 3,
    "bond_dim": 12,
    "lr": 0.001
  },
  "n_parameters": 1008,
  "train_loss": 540.1996836569361,
  "train_quality": -1.8203396057802497,
  "val_loss": 699.6014647548128,
  "val_quality": -2.960900222007287,
  "test_loss": 699.4272360205287,
  "test_quality": -3.19417929624566,
  "best_epoch": 920,
  "stopped_early": true,
  "patience_counter": 40,
  "success": true
}