{
  "run_id": "MMPO2-L4-d8-seed256",
  "seed": 256,
  "model": "MMPO2",
  "dataset": "realstate",
  "task": "regression",
  "params": {
    "init_strength": 0.01,
    "batch_size": 64,
    "n_epochs": 1000,
    "patience": 40,
    "min_delta": 1e-08,
    "optimizer": "adamw",
    "seeds": [
      42,
      7,
      123,
      256,
      999
    ],
    "model": "MMPO2",
    "L": 4,
    "bond_dim": 8,
    "lr": 0.001
  },
  "n_parameters": 864,
  "train_loss": 395.2541866664078,
  "train_quality": -1.0635906882790267,
  "val_loss": 2197.4501366817717,
  "val_quality": -3.530205061133419,
  "test_loss": 5631.654081853147,
  "test_quality": -32.770728014704545,
  "best_epoch": 103,
  "stopped_early": false,
  "patience_counter": 0,
  "success": true
}