{
  "run_id": "MMPO2-L3-d16-seed999",
  "seed": 999,
  "model": "MMPO2",
  "dataset": "realstate",
  "task": "regression",
  "params": {
    "init_strength": 0.01,
    "batch_size": 64,
    "n_epochs": 1000,
    "patience": 40,
    "min_delta": 1e-08,
    "optimizer": "adamw",
    "seeds": [
      42,
      7,
      123,
      256,
      999
    ],
    "model": "MMPO2",
    "L": 3,
    "bond_dim": 16,
    "lr": 0.001
  },
  "n_parameters": 1728,
  "train_loss": 523.6995540969955,
  "train_quality": -1.7341937410078443,
  "val_loss": 710.7076838374027,
  "val_quality": -2.791042962615945,
  "test_loss": 654.1450857681925,
  "test_quality": -2.9226407468485656,
  "best_epoch": 971,
  "stopped_early": false,
  "patience_counter": 10,
  "success": true
}