{
  "run_id": "MMPO2-L4-d12-seed999",
  "seed": 999,
  "model": "MMPO2",
  "dataset": "realstate",
  "task": "regression",
  "params": {
    "output_site": 1,
    "init_strength": 0.01,
    "rank": 5,
    "batch_size": 64,
    "n_epochs": 1000,
    "patience": 40,
    "min_delta": 1e-08,
    "optimizer": "adamw",
    "seeds": [
      42,
      7,
      123,
      256,
      999
    ],
    "model": "MMPO2",
    "L": 4,
    "bond_dim": 12,
    "lr": 0.01
  },
  "n_parameters": 1872,
  "train_loss": 450.5780282605143,
  "train_quality": -1.3524320673325971,
  "val_loss": 804.4783571119885,
  "val_quality": -2.314701483852411,
  "test_loss": 2858.81422681046,
  "test_quality": -16.143140593325494,
  "best_epoch": 125,
  "stopped_early": true,
  "patience_counter": 40,
  "success": true
}