{
  "run_id": "MMPO2-L4-d16-seed256",
  "seed": 256,
  "model": "MMPO2",
  "dataset": "realstate",
  "task": "regression",
  "params": {
    "init_strength": 0.01,
    "batch_size": 64,
    "n_epochs": 1000,
    "patience": 40,
    "min_delta": 1e-08,
    "optimizer": "adamw",
    "seeds": [
      42,
      7,
      123,
      256,
      999
    ],
    "model": "MMPO2",
    "L": 4,
    "bond_dim": 16,
    "lr": 0.001
  },
  "n_parameters": 3264,
  "train_loss": 397.5067657204211,
  "train_quality": -1.0753512244536827,
  "val_loss": 1751.7691579159277,
  "val_quality": -3.181794524911858,
  "test_loss": 5907.262459152897,
  "test_quality": -34.42343881921851,
  "best_epoch": 128,
  "stopped_early": true,
  "patience_counter": 40,
  "success": true
}