{
  "run_id": "MMPO2-L3-d12-seed999",
  "seed": 999,
  "model": "MMPO2",
  "dataset": "realstate",
  "task": "regression",
  "params": {
    "init_strength": 0.01,
    "batch_size": 64,
    "n_epochs": 1000,
    "patience": 40,
    "min_delta": 1e-08,
    "optimizer": "adamw",
    "seeds": [
      42,
      7,
      123,
      256,
      999
    ],
    "model": "MMPO2",
    "L": 3,
    "bond_dim": 12,
    "lr": 0.001
  },
  "n_parameters": 1008,
  "train_loss": 528.0152718400869,
  "train_quality": -1.7567257602711872,
  "val_loss": 686.7915732012123,
  "val_quality": -2.914039994346394,
  "test_loss": 790.4863240629509,
  "test_quality": -3.7402234336966194,
  "best_epoch": 972,
  "stopped_early": false,
  "patience_counter": 4,
  "success": true
}