{
  "run_id": "MMPO2-L4-d16-seed999",
  "seed": 999,
  "model": "MMPO2",
  "dataset": "realstate",
  "task": "regression",
  "params": {
    "init_strength": 0.01,
    "batch_size": 64,
    "n_epochs": 1000,
    "patience": 40,
    "min_delta": 1e-08,
    "optimizer": "adamw",
    "seeds": [
      42,
      7,
      123,
      256,
      999
    ],
    "model": "MMPO2",
    "L": 4,
    "bond_dim": 16,
    "lr": 0.001
  },
  "n_parameters": 3264,
  "train_loss": 395.83933297608843,
  "train_quality": -1.0666456906462929,
  "val_loss": 1208.8683104205807,
  "val_quality": -2.7464541241341744,
  "test_loss": 1954.262386229174,
  "test_quality": -10.718912872751597,
  "best_epoch": 248,
  "stopped_early": true,
  "patience_counter": 40,
  "success": true
}