{
  "run_id": "MMPO2-L4-d12-seed42",
  "seed": 42,
  "model": "MMPO2",
  "dataset": "realstate",
  "task": "regression",
  "params": {
    "output_site": 1,
    "init_strength": 0.01,
    "rank": 5,
    "batch_size": 64,
    "n_epochs": 1000,
    "patience": 40,
    "min_delta": 1e-08,
    "optimizer": "adamw",
    "seeds": [
      42,
      7,
      123,
      256,
      999
    ],
    "model": "MMPO2",
    "L": 4,
    "bond_dim": 12,
    "lr": 0.01
  },
  "n_parameters": 1872,
  "train_loss": 490.45154586053116,
  "train_quality": -1.5606085330199058,
  "val_loss": 657.1357147891972,
  "val_quality": -2.3998982530290394,
  "test_loss": 1316.1028784760122,
  "test_quality": -6.8921311043589295,
  "best_epoch": 134,
  "stopped_early": true,
  "patience_counter": 40,
  "success": true
}