{
  "run_id": "MMPO2TypeI_GTN-L3-d12-seed42",
  "seed": 42,
  "model": "MMPO2TypeI_GTN",
  "dataset": "realstate",
  "task": "regression",
  "params": {
    "init_strength": 0.01,
    "batch_size": 64,
    "n_epochs": 1000,
    "patience": 40,
    "min_delta": 1e-08,
    "optimizer": "adamw",
    "seeds": [
      42,
      7,
      123,
      256,
      999
    ],
    "model": "MMPO2TypeI_GTN",
    "L": 3,
    "bond_dim": 12,
    "lr": 0.001
  },
  "n_parameters": 1158,
  "train_loss": 139.30943240268678,
  "train_quality": 0.27267652767900863,
  "val_loss": 251.9745782114008,
  "val_quality": -0.4336034576719803,
  "test_loss": 117.76855471348875,
  "test_quality": 0.2937901064041617,
  "best_epoch": 845,
  "stopped_early": false,
  "patience_counter": 3,
  "success": true
}