{
  "run_id": "MMPO2-L4-d16-seed256",
  "seed": 256,
  "model": "MMPO2",
  "dataset": "realstate",
  "task": "regression",
  "params": {
    "output_site": 1,
    "init_strength": 0.01,
    "rank": 5,
    "batch_size": 64,
    "n_epochs": 1000,
    "patience": 40,
    "min_delta": 1e-08,
    "optimizer": "adamw",
    "seeds": [
      42,
      7,
      123,
      256,
      999
    ],
    "model": "MMPO2",
    "L": 4,
    "bond_dim": 16,
    "lr": 0.01
  },
  "n_parameters": 3264,
  "train_loss": 446.8971338492832,
  "train_quality": -1.3332144102202994,
  "val_loss": 660.8444504288512,
  "val_quality": -2.372763960234643,
  "test_loss": 1610.0370194549018,
  "test_quality": -8.654734024381945,
  "best_epoch": 105,
  "stopped_early": true,
  "patience_counter": 40,
  "success": true
}