{
  "run_id": "MMPO2TypeI_GTN-L3-d16-seed123",
  "seed": 123,
  "model": "MMPO2TypeI_GTN",
  "dataset": "realstate",
  "task": "regression",
  "params": {
    "init_strength": 0.01,
    "batch_size": 64,
    "n_epochs": 1000,
    "patience": 40,
    "min_delta": 1e-08,
    "optimizer": "adamw",
    "seeds": [
      42,
      7,
      123,
      256,
      999
    ],
    "model": "MMPO2TypeI_GTN",
    "L": 3,
    "bond_dim": 16,
    "lr": 0.001
  },
  "n_parameters": 1926,
  "train_loss": 129.69416165439924,
  "train_quality": 0.3228770919002154,
  "val_loss": 363.9047088550974,
  "val_quality": -0.6574073665232218,
  "test_loss": 134.7082569473501,
  "test_quality": 0.1922096349343002,
  "best_epoch": 595,
  "stopped_early": false,
  "patience_counter": 1,
  "success": true
}