{
  "run_id": "MPO2-L4-d16-seed999",
  "seed": 999,
  "model": "MPO2",
  "dataset": "realstate",
  "task": "regression",
  "params": {
    "init_strength": 0.01,
    "batch_size": 64,
    "n_epochs": 1000,
    "patience": 40,
    "min_delta": 1e-08,
    "optimizer": "adamw",
    "seeds": [
      42,
      7,
      123,
      256,
      999
    ],
    "model": "MPO2",
    "L": 4,
    "bond_dim": 16,
    "lr": 0.001
  },
  "n_parameters": 3264,
  "train_loss": 496.673777321388,
  "train_quality": -1.5930943088474439,
  "val_loss": 745.5777600881925,
  "val_quality": -3.0162499661510473,
  "test_loss": 6291.123592779277,
  "test_quality": -36.725297163267754,
  "best_epoch": 546,
  "stopped_early": true,
  "patience_counter": 40,
  "success": true
}