{
  "run_id": "MPO2-L3-d8-seed999",
  "seed": 999,
  "model": "MPO2",
  "dataset": "realstate",
  "task": "regression",
  "params": {
    "output_site": 1,
    "init_strength": 0.01,
    "batch_size": 64,
    "n_epochs": 1000,
    "patience": 40,
    "min_delta": 1e-08,
    "optimizer": "adamw",
    "rank": 5,
    "seeds": [
      42,
      7,
      123,
      256,
      999
    ],
    "model": "MPO2",
    "L": 3,
    "bond_dim": 8,
    "lr": 0.01
  },
  "n_parameters": 480,
  "train_loss": 477.8102650822519,
  "train_quality": -1.4946094109815236,
  "val_loss": 495.7820856701645,
  "val_quality": -1.7871816934073963,
  "test_loss": 823.6721204332395,
  "test_quality": -3.9392250923360654,
  "best_epoch": 659,
  "stopped_early": true,
  "patience_counter": 40,
  "success": true
}