{
  "run_id": "MPO2-L3-d16-seed256",
  "seed": 256,
  "model": "MPO2",
  "dataset": "realstate",
  "task": "regression",
  "params": {
    "output_site": 1,
    "init_strength": 0.01,
    "batch_size": 64,
    "n_epochs": 1000,
    "patience": 40,
    "min_delta": 1e-08,
    "optimizer": "adamw",
    "rank": 5,
    "seeds": [
      42,
      7,
      123,
      256,
      999
    ],
    "model": "MPO2",
    "L": 3,
    "bond_dim": 16,
    "lr": 0.01
  },
  "n_parameters": 1728,
  "train_loss": 491.09854738152865,
  "train_quality": -1.5639864765283429,
  "val_loss": 488.0248091326483,
  "val_quality": -1.871775645692718,
  "test_loss": 820.5782366992919,
  "test_quality": -3.920672335975384,
  "best_epoch": 217,
  "stopped_early": true,
  "patience_counter": 40,
  "success": true
}