{
  "run_id": "MPO2-L4-d12-seed123",
  "seed": 123,
  "model": "MPO2",
  "dataset": "realstate",
  "task": "regression",
  "params": {
    "init_strength": 0.01,
    "batch_size": 64,
    "n_epochs": 1000,
    "patience": 40,
    "min_delta": 1e-08,
    "optimizer": "adamw",
    "seeds": [
      42,
      7,
      123,
      256,
      999
    ],
    "model": "MPO2",
    "L": 4,
    "bond_dim": 12,
    "lr": 0.001
  },
  "n_parameters": 1872,
  "train_loss": 398.26035019009646,
  "train_quality": -1.0792856290644708,
  "val_loss": 730.3857452615053,
  "val_quality": -2.4060730119064275,
  "test_loss": 8066.92549238957,
  "test_quality": -47.374055430039895,
  "best_epoch": 644,
  "stopped_early": false,
  "patience_counter": 1,
  "success": true
}