{
  "run_id": "MPO2TypeI_GTN-L4-d16-seed42",
  "seed": 42,
  "model": "MPO2TypeI_GTN",
  "dataset": "realstate",
  "task": "regression",
  "params": {
    "init_strength": 0.01,
    "batch_size": 64,
    "n_epochs": 1000,
    "patience": 40,
    "min_delta": 1e-08,
    "optimizer": "adamw",
    "seeds": [
      42,
      7,
      123,
      256,
      999
    ],
    "model": "MPO2TypeI_GTN",
    "L": 4,
    "bond_dim": 16,
    "lr": 0.001
  },
  "n_parameters": 5190,
  "train_loss": 91.4177563882557,
  "train_quality": 0.5227151610530986,
  "val_loss": 631.7727283347931,
  "val_quality": 0.009786850925302737,
  "test_loss": 181.27914485040512,
  "test_quality": -0.087056947479768,
  "best_epoch": 516,
  "stopped_early": false,
  "patience_counter": 15,
  "success": true
}