{
  "run_id": "MPO2-L4-d8-seed123",
  "seed": 123,
  "model": "MPO2",
  "dataset": "realstate",
  "task": "regression",
  "params": {
    "init_strength": 0.01,
    "batch_size": 64,
    "n_epochs": 1000,
    "patience": 40,
    "min_delta": 1e-08,
    "optimizer": "adamw",
    "seeds": [
      42,
      7,
      123,
      256,
      999
    ],
    "model": "MPO2",
    "L": 4,
    "bond_dim": 8,
    "lr": 0.001
  },
  "n_parameters": 864,
  "train_loss": 474.6993179899708,
  "train_quality": -1.4783674035141159,
  "val_loss": 1835.697900666473,
  "val_quality": -4.282484903490379,
  "test_loss": 2379.584037120601,
  "test_quality": -13.269392994977617,
  "best_epoch": 216,
  "stopped_early": false,
  "patience_counter": 1,
  "success": true
}