{
  "run_id": "MPO2-L4-d8-seed123",
  "seed": 123,
  "model": "MPO2",
  "dataset": "realstate",
  "task": "regression",
  "params": {
    "output_site": 1,
    "init_strength": 0.01,
    "batch_size": 64,
    "n_epochs": 1000,
    "patience": 40,
    "min_delta": 1e-08,
    "optimizer": "adamw",
    "rank": 5,
    "seeds": [
      42,
      7,
      123,
      256,
      999
    ],
    "model": "MPO2",
    "L": 4,
    "bond_dim": 8,
    "lr": 0.01
  },
  "n_parameters": 864,
  "train_loss": 343.5524508144382,
  "train_quality": -0.7936600353697558,
  "val_loss": 2769.5901355262304,
  "val_quality": -2.3178392609252643,
  "test_loss": 5534.754190918783,
  "test_quality": -32.18965896929859,
  "best_epoch": 351,
  "stopped_early": true,
  "patience_counter": 40,
  "success": true
}