{
  "run_id": "MPO2-L3-d8-seed123",
  "seed": 123,
  "model": "MPO2",
  "dataset": "realstate",
  "task": "regression",
  "params": {
    "init_strength": 0.01,
    "batch_size": 64,
    "n_epochs": 1000,
    "patience": 40,
    "min_delta": 1e-08,
    "optimizer": "adamw",
    "seeds": [
      42,
      7,
      123,
      256,
      999
    ],
    "model": "MPO2",
    "L": 3,
    "bond_dim": 8,
    "lr": 0.001
  },
  "n_parameters": 480,
  "train_loss": 525.5755025271399,
  "train_quality": -1.7439879186351264,
  "val_loss": 615.4877594399225,
  "val_quality": -2.494279085636224,
  "test_loss": 895.3390693185356,
  "test_quality": -4.3689824963371064,
  "best_epoch": 914,
  "stopped_early": false,
  "patience_counter": 11,
  "success": true
}