{
  "run_id": "MPO2-L3-d12-seed999",
  "seed": 999,
  "model": "MPO2",
  "dataset": "realstate",
  "task": "regression",
  "params": {
    "output_site": 1,
    "init_strength": 0.01,
    "batch_size": 64,
    "n_epochs": 1000,
    "patience": 40,
    "min_delta": 1e-08,
    "optimizer": "adamw",
    "rank": 5,
    "seeds": [
      42,
      7,
      123,
      256,
      999
    ],
    "model": "MPO2",
    "L": 3,
    "bond_dim": 12,
    "lr": 0.01
  },
  "n_parameters": 1008,
  "train_loss": 510.6375454335775,
  "train_quality": -1.6659980321264642,
  "val_loss": 500.02324034755026,
  "val_quality": -1.8890885598266665,
  "test_loss": 755.607260977845,
  "test_quality": -3.531067946563568,
  "best_epoch": 271,
  "stopped_early": true,
  "patience_counter": 40,
  "success": true
}