{
  "run_id": "MPO2TypeI_GTN-L4-d8-seed999",
  "seed": 999,
  "model": "MPO2TypeI_GTN",
  "dataset": "realstate",
  "task": "regression",
  "params": {
    "init_strength": 0.01,
    "batch_size": 64,
    "n_epochs": 1000,
    "patience": 40,
    "min_delta": 1e-08,
    "optimizer": "adamw",
    "seeds": [
      42,
      7,
      123,
      256,
      999
    ],
    "model": "MPO2TypeI_GTN",
    "L": 4,
    "bond_dim": 8,
    "lr": 0.001
  },
  "n_parameters": 1446,
  "train_loss": 93.57098748742655,
  "train_quality": 0.5114733126531168,
  "val_loss": 786.1096170636132,
  "val_quality": -0.2961847520915848,
  "test_loss": 255.6111356869866,
  "test_quality": -0.5327955189276228,
  "best_epoch": 606,
  "stopped_early": false,
  "patience_counter": 13,
  "success": true
}