{
  "run_id": "MPO2TypeI_GTN-L3-d12-seed999",
  "seed": 999,
  "model": "MPO2TypeI_GTN",
  "dataset": "realstate",
  "task": "regression",
  "params": {
    "init_strength": 0.01,
    "batch_size": 64,
    "n_epochs": 1000,
    "patience": 40,
    "min_delta": 1e-08,
    "optimizer": "adamw",
    "seeds": [
      42,
      7,
      123,
      256,
      999
    ],
    "model": "MPO2TypeI_GTN",
    "L": 3,
    "bond_dim": 12,
    "lr": 0.001
  },
  "n_parameters": 1158,
  "train_loss": 130.178266577974,
  "train_quality": 0.32034961857763145,
  "val_loss": 525.9018118599588,
  "val_quality": -1.4545318464528871,
  "test_loss": 165.16899999152045,
  "test_quality": 0.009549007431414847,
  "best_epoch": 998,
  "stopped_early": false,
  "patience_counter": 6,
  "success": true
}