{
  "run_id": "MPO2TypeI_GTN-L4-d16-seed256",
  "seed": 256,
  "model": "MPO2TypeI_GTN",
  "dataset": "realstate",
  "task": "regression",
  "params": {
    "output_site": 1,
    "init_strength": 0.01,
    "batch_size": 64,
    "n_epochs": 1000,
    "patience": 40,
    "min_delta": 1e-08,
    "optimizer": "adamw",
    "rank": 5,
    "seeds": [
      42,
      7,
      123,
      256,
      999
    ],
    "model": "MPO2TypeI_GTN",
    "L": 4,
    "bond_dim": 16,
    "lr": 0.01
  },
  "n_parameters": 5190,
  "train_loss": 105.23373909158235,
  "train_quality": 0.4505830136457094,
  "val_loss": 189.55623899375635,
  "val_quality": 0.07537608091585224,
  "test_loss": 171.0477264726388,
  "test_quality": -0.025703312789460808,
  "best_epoch": 113,
  "stopped_early": true,
  "patience_counter": 40,
  "success": true
}