{
  "run_id": "MPO2-L3-d16-seed42",
  "seed": 42,
  "model": "MPO2",
  "dataset": "realstate",
  "task": "regression",
  "params": {
    "output_site": 1,
    "init_strength": 0.01,
    "batch_size": 64,
    "n_epochs": 1000,
    "patience": 40,
    "min_delta": 1e-08,
    "optimizer": "adamw",
    "rank": 5,
    "seeds": [
      42,
      7,
      123,
      256,
      999
    ],
    "model": "MPO2",
    "L": 3,
    "bond_dim": 16,
    "lr": 0.01
  },
  "n_parameters": 1728,
  "train_loss": 496.575164163432,
  "train_quality": -1.592579457388903,
  "val_loss": 472.88843297733297,
  "val_quality": -1.8200809026043014,
  "test_loss": 775.159432097337,
  "test_quality": -3.6483143262907918,
  "best_epoch": 348,
  "stopped_early": true,
  "patience_counter": 40,
  "success": true
}