{
  "run_id": "MPO2-L3-d16-seed7",
  "seed": 7,
  "model": "MPO2",
  "dataset": "realstate",
  "task": "regression",
  "params": {
    "init_strength": 0.01,
    "batch_size": 64,
    "n_epochs": 1000,
    "patience": 40,
    "min_delta": 1e-08,
    "optimizer": "adamw",
    "seeds": [
      42,
      7,
      123,
      256,
      999
    ],
    "model": "MPO2",
    "L": 3,
    "bond_dim": 16,
    "lr": 0.001
  },
  "n_parameters": 1728,
  "train_loss": 501.4060342037217,
  "train_quality": -1.617801045844439,
  "val_loss": 527.7862055414021,
  "val_quality": -2.03615446664854,
  "test_loss": 741.8213347794394,
  "test_quality": -3.448399381110068,
  "best_epoch": 922,
  "stopped_early": false,
  "patience_counter": 2,
  "success": true
}