{
  "run_id": "MPO2TypeI_GTN-L4-d8-seed123",
  "seed": 123,
  "model": "MPO2TypeI_GTN",
  "dataset": "realstate",
  "task": "regression",
  "params": {
    "init_strength": 0.01,
    "batch_size": 64,
    "n_epochs": 1000,
    "patience": 40,
    "min_delta": 1e-08,
    "optimizer": "adamw",
    "seeds": [
      42,
      7,
      123,
      256,
      999
    ],
    "model": "MPO2TypeI_GTN",
    "L": 4,
    "bond_dim": 8,
    "lr": 0.001
  },
  "n_parameters": 1446,
  "train_loss": 114.79435382550658,
  "train_quality": 0.4006678041306724,
  "val_loss": 163.97986194771394,
  "val_quality": 0.06059421836793977,
  "test_loss": 185.6474888285874,
  "test_quality": -0.11325212108555238,
  "best_epoch": 898,
  "stopped_early": false,
  "patience_counter": 0,
  "success": true
}