{
  "run_id": "MPO2-L3-d12-seed42",
  "seed": 42,
  "model": "MPO2",
  "dataset": "realstate",
  "task": "regression",
  "params": {
    "output_site": 1,
    "init_strength": 0.01,
    "batch_size": 64,
    "n_epochs": 1000,
    "patience": 40,
    "min_delta": 1e-08,
    "optimizer": "adamw",
    "rank": 5,
    "seeds": [
      42,
      7,
      123,
      256,
      999
    ],
    "model": "MPO2",
    "L": 3,
    "bond_dim": 12,
    "lr": 0.01
  },
  "n_parameters": 1008,
  "train_loss": 515.3276331164177,
  "train_quality": -1.6904846070850983,
  "val_loss": 508.0586478671475,
  "val_quality": -1.877664909382911,
  "test_loss": 985.0895250158148,
  "test_quality": -4.907179300419085,
  "best_epoch": 326,
  "stopped_early": true,
  "patience_counter": 40,
  "success": true
}