{
  "run_id": "MPO2-L3-d16-seed256",
  "seed": 256,
  "model": "MPO2",
  "dataset": "realstate",
  "task": "regression",
  "params": {
    "init_strength": 0.01,
    "batch_size": 64,
    "n_epochs": 1000,
    "patience": 40,
    "min_delta": 1e-08,
    "optimizer": "adamw",
    "seeds": [
      42,
      7,
      123,
      256,
      999
    ],
    "model": "MPO2",
    "L": 3,
    "bond_dim": 16,
    "lr": 0.001
  },
  "n_parameters": 1728,
  "train_loss": 492.28283349329155,
  "train_quality": -1.5701695401743079,
  "val_loss": 547.0745748510147,
  "val_quality": -2.012820276493203,
  "test_loss": 801.9366857250516,
  "test_quality": -3.808886573111879,
  "best_epoch": 965,
  "stopped_early": false,
  "patience_counter": 6,
  "success": true
}