{
  "run_id": "MPO2-L3-d8-seed123",
  "seed": 123,
  "model": "MPO2",
  "dataset": "realstate",
  "task": "regression",
  "params": {
    "output_site": 1,
    "init_strength": 0.01,
    "batch_size": 64,
    "n_epochs": 1000,
    "patience": 40,
    "min_delta": 1e-08,
    "optimizer": "adamw",
    "rank": 5,
    "seeds": [
      42,
      7,
      123,
      256,
      999
    ],
    "model": "MPO2",
    "L": 3,
    "bond_dim": 8,
    "lr": 0.01
  },
  "n_parameters": 480,
  "train_loss": 474.9525593780733,
  "train_quality": -1.4796895566702477,
  "val_loss": 486.06080867022627,
  "val_quality": -1.8182928183605322,
  "test_loss": 830.3120340501731,
  "test_quality": -3.979041940732552,
  "best_epoch": 423,
  "stopped_early": true,
  "patience_counter": 40,
  "success": true
}