{
  "run_id": "MPO2TypeI_GTN-L4-d8-seed7",
  "seed": 7,
  "model": "MPO2TypeI_GTN",
  "dataset": "realstate",
  "task": "regression",
  "params": {
    "init_strength": 0.01,
    "batch_size": 64,
    "n_epochs": 1000,
    "patience": 40,
    "min_delta": 1e-08,
    "optimizer": "adamw",
    "seeds": [
      42,
      7,
      123,
      256,
      999
    ],
    "model": "MPO2TypeI_GTN",
    "L": 4,
    "bond_dim": 8,
    "lr": 0.001
  },
  "n_parameters": 1446,
  "train_loss": 131.34142483606433,
  "train_quality": 0.31427686177615644,
  "val_loss": 191.06417315363612,
  "val_quality": -0.014458300970010551,
  "test_loss": 361.5316468824429,
  "test_quality": -1.1679575375406648,
  "best_epoch": 996,
  "stopped_early": false,
  "patience_counter": 0,
  "success": true
}