{
  "run_id": "MPO2-L3-d16-seed42",
  "seed": 42,
  "model": "MPO2",
  "dataset": "realstate",
  "task": "regression",
  "params": {
    "init_strength": 0.01,
    "batch_size": 64,
    "n_epochs": 1000,
    "patience": 40,
    "min_delta": 1e-08,
    "optimizer": "adamw",
    "seeds": [
      42,
      7,
      123,
      256,
      999
    ],
    "model": "MPO2",
    "L": 3,
    "bond_dim": 16,
    "lr": 0.001
  },
  "n_parameters": 1728,
  "train_loss": 496.30880296004705,
  "train_quality": -1.5911888067201265,
  "val_loss": 535.6464055703772,
  "val_quality": -2.0132234145643664,
  "test_loss": 811.074153426192,
  "test_quality": -3.8636802326643522,
  "best_epoch": 981,
  "stopped_early": false,
  "patience_counter": 20,
  "success": true
}