{
  "run_id": "MPO2TypeI_GTN-L3-d16-seed7",
  "seed": 7,
  "model": "MPO2TypeI_GTN",
  "dataset": "realstate",
  "task": "regression",
  "params": {
    "init_strength": 0.01,
    "batch_size": 64,
    "n_epochs": 1000,
    "patience": 40,
    "min_delta": 1e-08,
    "optimizer": "adamw",
    "seeds": [
      42,
      7,
      123,
      256,
      999
    ],
    "model": "MPO2TypeI_GTN",
    "L": 3,
    "bond_dim": 16,
    "lr": 0.001
  },
  "n_parameters": 1926,
  "train_loss": 128.67649564732196,
  "train_quality": 0.3281902452249018,
  "val_loss": 540.5174894008153,
  "val_quality": -1.1373802616610145,
  "test_loss": 168.83945810000904,
  "test_quality": -0.012461229822068542,
  "best_epoch": 960,
  "stopped_early": false,
  "patience_counter": 0,
  "success": true
}