{
  "run_id": "MPO2-L4-d16-seed123",
  "seed": 123,
  "model": "MPO2",
  "dataset": "realstate",
  "task": "regression",
  "params": {
    "output_site": 1,
    "init_strength": 0.01,
    "batch_size": 64,
    "n_epochs": 1000,
    "patience": 40,
    "min_delta": 1e-08,
    "optimizer": "adamw",
    "rank": 5,
    "seeds": [
      42,
      7,
      123,
      256,
      999
    ],
    "model": "MPO2",
    "L": 4,
    "bond_dim": 16,
    "lr": 0.01
  },
  "n_parameters": 3264,
  "train_loss": 337.73792281929315,
  "train_quality": -0.7633028469267504,
  "val_loss": 1181.958040120357,
  "val_quality": -2.3443322612764064,
  "test_loss": 7877.088684820464,
  "test_quality": -46.23568167653576,
  "best_epoch": 194,
  "stopped_early": true,
  "patience_counter": 40,
  "success": true
}