{
  "run_id": "MPO2-L3-d12-seed7",
  "seed": 7,
  "model": "MPO2",
  "dataset": "realstate",
  "task": "regression",
  "params": {
    "init_strength": 0.01,
    "batch_size": 64,
    "n_epochs": 1000,
    "patience": 40,
    "min_delta": 1e-08,
    "optimizer": "adamw",
    "seeds": [
      42,
      7,
      123,
      256,
      999
    ],
    "model": "MPO2",
    "L": 3,
    "bond_dim": 12,
    "lr": 0.001
  },
  "n_parameters": 1008,
  "train_loss": 535.4485666279168,
  "train_quality": -1.7955344014566763,
  "val_loss": 587.3846376325072,
  "val_quality": -2.3988091504690376,
  "test_loss": 746.9455187813717,
  "test_quality": -3.479127018445636,
  "best_epoch": 933,
  "stopped_early": false,
  "patience_counter": 0,
  "success": true
}