{
  "run_id": "MPO2-L3-d8-seed256",
  "seed": 256,
  "model": "MPO2",
  "dataset": "realstate",
  "task": "regression",
  "params": {
    "init_strength": 0.01,
    "batch_size": 64,
    "n_epochs": 1000,
    "patience": 40,
    "min_delta": 1e-08,
    "optimizer": "adamw",
    "seeds": [
      42,
      7,
      123,
      256,
      999
    ],
    "model": "MPO2",
    "L": 3,
    "bond_dim": 8,
    "lr": 0.001
  },
  "n_parameters": 480,
  "train_loss": 530.6160547984188,
  "train_quality": -1.7703042413501944,
  "val_loss": 744.6073058967688,
  "val_quality": -3.0063602400519187,
  "test_loss": 1008.5713659231044,
  "test_quality": -5.047990303907371,
  "best_epoch": 988,
  "stopped_early": false,
  "patience_counter": 21,
  "success": true
}