{
  "run_id": "MPO2-L4-d8-seed42",
  "seed": 42,
  "model": "MPO2",
  "dataset": "realstate",
  "task": "regression",
  "params": {
    "init_strength": 0.01,
    "batch_size": 64,
    "n_epochs": 1000,
    "patience": 40,
    "min_delta": 1e-08,
    "optimizer": "adamw",
    "seeds": [
      42,
      7,
      123,
      256,
      999
    ],
    "model": "MPO2",
    "L": 4,
    "bond_dim": 8,
    "lr": 0.001
  },
  "n_parameters": 864,
  "train_loss": 374.45121433873373,
  "train_quality": -0.954980023466143,
  "val_loss": 1676.083754503485,
  "val_quality": -6.272444859722773,
  "test_loss": 23464.10059824942,
  "test_quality": -139.7046221049857,
  "best_epoch": 907,
  "stopped_early": false,
  "patience_counter": 4,
  "success": true
}