{
  "run_id": "MPO2-L4-d12-seed123",
  "seed": 123,
  "model": "MPO2",
  "dataset": "realstate",
  "task": "regression",
  "params": {
    "output_site": 1,
    "init_strength": 0.01,
    "batch_size": 64,
    "n_epochs": 1000,
    "patience": 40,
    "min_delta": 1e-08,
    "optimizer": "adamw",
    "rank": 5,
    "seeds": [
      42,
      7,
      123,
      256,
      999
    ],
    "model": "MPO2",
    "L": 4,
    "bond_dim": 12,
    "lr": 0.01
  },
  "n_parameters": 1872,
  "train_loss": 401.54422438181473,
  "train_quality": -1.096430475171387,
  "val_loss": 710.7214856088643,
  "val_quality": -2.482719789291128,
  "test_loss": 743.0592827625177,
  "test_quality": -3.4558228492466494,
  "best_epoch": 155,
  "stopped_early": true,
  "patience_counter": 40,
  "success": true
}