{
  "run_id": "MPO2-L4-d8-seed999",
  "seed": 999,
  "model": "MPO2",
  "dataset": "realstate",
  "task": "regression",
  "params": {
    "init_strength": 0.01,
    "batch_size": 64,
    "n_epochs": 1000,
    "patience": 40,
    "min_delta": 1e-08,
    "optimizer": "adamw",
    "seeds": [
      42,
      7,
      123,
      256,
      999
    ],
    "model": "MPO2",
    "L": 4,
    "bond_dim": 8,
    "lr": 0.001
  },
  "n_parameters": 864,
  "train_loss": 385.0802648185417,
  "train_quality": -1.010473451076289,
  "val_loss": 761.6566144034379,
  "val_quality": -2.640236642663217,
  "test_loss": 4181.826496013323,
  "test_quality": -24.076704490180624,
  "best_epoch": 841,
  "stopped_early": false,
  "patience_counter": 2,
  "success": true
}