{
  "run_id": "MPO2TypeI_GTN-L3-d12-seed42",
  "seed": 42,
  "model": "MPO2TypeI_GTN",
  "dataset": "realstate",
  "task": "regression",
  "params": {
    "init_strength": 0.01,
    "batch_size": 64,
    "n_epochs": 1000,
    "patience": 40,
    "min_delta": 1e-08,
    "optimizer": "adamw",
    "seeds": [
      42,
      7,
      123,
      256,
      999
    ],
    "model": "MPO2TypeI_GTN",
    "L": 3,
    "bond_dim": 12,
    "lr": 0.001
  },
  "n_parameters": 1158,
  "train_loss": 142.2703976912798,
  "train_quality": 0.2572175632860141,
  "val_loss": 495.1914315950534,
  "val_quality": -1.5310330802008218,
  "test_loss": 209.38267081281663,
  "test_quality": -0.2555823074781727,
  "best_epoch": 845,
  "stopped_early": false,
  "patience_counter": 3,
  "success": true
}