{
  "run_id": "MPO2TypeI_GTN-L4-d8-seed42",
  "seed": 42,
  "model": "MPO2TypeI_GTN",
  "dataset": "realstate",
  "task": "regression",
  "params": {
    "init_strength": 0.01,
    "batch_size": 64,
    "n_epochs": 1000,
    "patience": 40,
    "min_delta": 1e-08,
    "optimizer": "adamw",
    "seeds": [
      42,
      7,
      123,
      256,
      999
    ],
    "model": "MPO2TypeI_GTN",
    "L": 4,
    "bond_dim": 8,
    "lr": 0.001
  },
  "n_parameters": 1446,
  "train_loss": 109.68606421681413,
  "train_quality": 0.42733777809966955,
  "val_loss": 168.02918619083755,
  "val_quality": 0.08353579982807668,
  "test_loss": 602.314278717141,
  "test_quality": -2.6118325788994925,
  "best_epoch": 877,
  "stopped_early": false,
  "patience_counter": 0,
  "success": true
}