{
  "run_id": "MPO2-L3-d16-seed123",
  "seed": 123,
  "model": "MPO2",
  "dataset": "realstate",
  "task": "regression",
  "params": {
    "init_strength": 0.01,
    "batch_size": 64,
    "n_epochs": 1000,
    "patience": 40,
    "min_delta": 1e-08,
    "optimizer": "adamw",
    "seeds": [
      42,
      7,
      123,
      256,
      999
    ],
    "model": "MPO2",
    "L": 3,
    "bond_dim": 16,
    "lr": 0.001
  },
  "n_parameters": 1728,
  "train_loss": 505.6317677828894,
  "train_quality": -1.63986326494113,
  "val_loss": 533.4085132062629,
  "val_quality": -2.106816196689329,
  "test_loss": 899.7463881741368,
  "test_quality": -4.395411386354728,
  "best_epoch": 972,
  "stopped_early": false,
  "patience_counter": 3,
  "success": true
}