{
  "run_id": "MPO2-L3-d12-seed256",
  "seed": 256,
  "model": "MPO2",
  "dataset": "realstate",
  "task": "regression",
  "params": {
    "output_site": 1,
    "init_strength": 0.01,
    "batch_size": 64,
    "n_epochs": 1000,
    "patience": 40,
    "min_delta": 1e-08,
    "optimizer": "adamw",
    "rank": 5,
    "seeds": [
      42,
      7,
      123,
      256,
      999
    ],
    "model": "MPO2",
    "L": 3,
    "bond_dim": 12,
    "lr": 0.01
  },
  "n_parameters": 1008,
  "train_loss": 635.1751343026261,
  "train_quality": -2.3161988836301366,
  "val_loss": 512.1960783041667,
  "val_quality": -1.87434075431195,
  "test_loss": 835.7332898117012,
  "test_quality": -4.011550996004724,
  "best_epoch": 422,
  "stopped_early": true,
  "patience_counter": 40,
  "success": true
}