{
  "run_id": "MMPO2-L4-d16-seed123",
  "seed": 123,
  "model": "MMPO2",
  "dataset": "breast",
  "task": "classification",
  "params": {
    "init_strength": 0.01,
    "batch_size": 64,
    "n_epochs": 1000,
    "patience": 40,
    "min_delta": 1e-08,
    "optimizer": "adamw",
    "seeds": [
      42,
      7,
      123,
      256,
      999
    ],
    "model": "MMPO2",
    "L": 4,
    "bond_dim": 16,
    "lr": 0.001
  },
  "n_parameters": 16800,
  "train_loss": 0.008608377347857294,
  "train_quality": 1.0,
  "val_loss": 7.054177362000139,
  "val_quality": 0.8235294117647058,
  "test_loss": 13.398816631866312,
  "test_quality": 0.8837209302325582,
  "best_epoch": 395,
  "stopped_early": true,
  "patience_counter": 40,
  "success": true
}