{
  "run_id": "MMPO2-L4-d12-seed123",
  "seed": 123,
  "model": "MMPO2",
  "dataset": "breast",
  "task": "classification",
  "params": {
    "init_strength": 0.01,
    "batch_size": 64,
    "n_epochs": 1000,
    "patience": 40,
    "min_delta": 1e-08,
    "optimizer": "adamw",
    "seeds": [
      42,
      7,
      123,
      256,
      999
    ],
    "model": "MMPO2",
    "L": 4,
    "bond_dim": 12,
    "lr": 0.001
  },
  "n_parameters": 9720,
  "train_loss": 0.07500021617421185,
  "train_quality": 0.9798994974874372,
  "val_loss": 9.674248922527894,
  "val_quality": 0.7764705882352941,
  "test_loss": 7.47188116860789,
  "test_quality": 0.8488372093023255,
  "best_epoch": 670,
  "stopped_early": true,
  "patience_counter": 40,
  "success": true
}