{
  "run_id": "MMPO2-L4-d8-seed123",
  "seed": 123,
  "model": "MMPO2",
  "dataset": "breast",
  "task": "classification",
  "params": {
    "init_strength": 0.01,
    "batch_size": 64,
    "n_epochs": 1000,
    "patience": 40,
    "min_delta": 1e-08,
    "optimizer": "adamw",
    "seeds": [
      42,
      7,
      123,
      256,
      999
    ],
    "model": "MMPO2",
    "L": 4,
    "bond_dim": 8,
    "lr": 0.001
  },
  "n_parameters": 4560,
  "train_loss": 0.10685453298070191,
  "train_quality": 0.957286432160804,
  "val_loss": 3.934164977763968,
  "val_quality": 0.8235294117647058,
  "test_loss": 7.190600118728891,
  "test_quality": 0.8023255813953488,
  "best_epoch": 221,
  "stopped_early": true,
  "patience_counter": 40,
  "success": true
}