{
  "run_id": "MMPO2-L4-d12-seed999",
  "seed": 999,
  "model": "MMPO2",
  "dataset": "breast",
  "task": "classification",
  "params": {
    "init_strength": 0.01,
    "batch_size": 64,
    "n_epochs": 1000,
    "patience": 40,
    "min_delta": 1e-08,
    "optimizer": "adamw",
    "seeds": [
      42,
      7,
      123,
      256,
      999
    ],
    "model": "MMPO2",
    "L": 4,
    "bond_dim": 12,
    "lr": 0.001
  },
  "n_parameters": 9720,
  "train_loss": 0.02822529702497831,
  "train_quality": 0.9949748743718593,
  "val_loss": 4.407820355034923,
  "val_quality": 0.8117647058823529,
  "test_loss": 4.601322761664801,
  "test_quality": 0.8953488372093024,
  "best_epoch": 426,
  "stopped_early": true,
  "patience_counter": 40,
  "success": true
}