{
  "run_id": "MPO2-L4-d16-seed42",
  "seed": 42,
  "model": "MPO2",
  "dataset": "breast",
  "task": "classification",
  "params": {
    "init_strength": 0.01,
    "batch_size": 64,
    "n_epochs": 1000,
    "patience": 40,
    "min_delta": 1e-08,
    "optimizer": "adamw",
    "seeds": [
      42,
      7,
      123,
      256,
      999
    ],
    "model": "MPO2",
    "L": 4,
    "bond_dim": 16,
    "lr": 0.001
  },
  "n_parameters": 16800,
  "train_loss": 0.00014439680489748734,
  "train_quality": 1.0,
  "val_loss": 58.657618958892186,
  "val_quality": 0.7764705882352941,
  "test_loss": 218.48455889015955,
  "test_quality": 0.7558139534883721,
  "best_epoch": 66,
  "stopped_early": false,
  "patience_counter": 0,
  "success": true
}