{
  "run_id": "MPO2-L4-d16-seed256",
  "seed": 256,
  "model": "MPO2",
  "dataset": "breast",
  "task": "classification",
  "params": {
    "init_strength": 0.01,
    "batch_size": 64,
    "n_epochs": 1000,
    "patience": 40,
    "min_delta": 1e-08,
    "optimizer": "adamw",
    "seeds": [
      42,
      7,
      123,
      256,
      999
    ],
    "model": "MPO2",
    "L": 4,
    "bond_dim": 16,
    "lr": 0.001
  },
  "n_parameters": 16800,
  "train_loss": 0.00011910570693055199,
  "train_quality": 1.0,
  "val_loss": 115.33048774970062,
  "val_quality": 0.7294117647058823,
  "test_loss": 83.74388161579554,
  "test_quality": 0.7906976744186046,
  "best_epoch": 126,
  "stopped_early": false,
  "patience_counter": 0,
  "success": true
}