{
  "run_id": "MPO2-L4-d12-seed123",
  "seed": 123,
  "model": "MPO2",
  "dataset": "breast",
  "task": "classification",
  "params": {
    "init_strength": 0.01,
    "batch_size": 64,
    "n_epochs": 1000,
    "patience": 40,
    "min_delta": 1e-08,
    "optimizer": "adamw",
    "seeds": [
      42,
      7,
      123,
      256,
      999
    ],
    "model": "MPO2",
    "L": 4,
    "bond_dim": 12,
    "lr": 0.001
  },
  "n_parameters": 9720,
  "train_loss": 0.0004415947788074959,
  "train_quality": 1.0,
  "val_loss": 243.06249519965675,
  "val_quality": 0.6470588235294118,
  "test_loss": 141.53983997182706,
  "test_quality": 0.7209302325581395,
  "best_epoch": 408,
  "stopped_early": false,
  "patience_counter": 0,
  "success": true
}