{
  "run_id": "MPO2-L4-d8-seed256",
  "seed": 256,
  "model": "MPO2",
  "dataset": "breast",
  "task": "classification",
  "params": {
    "output_site": 1,
    "init_strength": 0.01,
    "batch_size": 64,
    "n_epochs": 1000,
    "patience": 40,
    "min_delta": 1e-08,
    "optimizer": "adamw",
    "rank": 5,
    "seeds": [
      42,
      7,
      123,
      256,
      999
    ],
    "model": "MPO2",
    "L": 4,
    "bond_dim": 8,
    "lr": 0.01
  },
  "n_parameters": 6240,
  "train_loss": 16.478559818239756,
  "train_quality": 0.9045226130653267,
  "val_loss": 1286.415944698616,
  "val_quality": 0.7411764705882353,
  "test_loss": 388.76535367227,
  "test_quality": 0.813953488372093,
  "best_epoch": 485,
  "stopped_early": true,
  "patience_counter": 40,
  "success": true
}