{
  "run_id": "MPO2-L4-d16-seed123",
  "seed": 123,
  "model": "MPO2",
  "dataset": "breast",
  "task": "classification",
  "params": {
    "init_strength": 0.01,
    "batch_size": 64,
    "n_epochs": 1000,
    "patience": 40,
    "min_delta": 1e-08,
    "optimizer": "adamw",
    "seeds": [
      42,
      7,
      123,
      256,
      999
    ],
    "model": "MPO2",
    "L": 4,
    "bond_dim": 16,
    "lr": 0.001
  },
  "n_parameters": 16800,
  "train_loss": 0.00022145812207635554,
  "train_quality": 1.0,
  "val_loss": 200.6788987934359,
  "val_quality": 0.7764705882352941,
  "test_loss": 37.02660158914302,
  "test_quality": 0.8372093023255814,
  "best_epoch": 156,
  "stopped_early": false,
  "patience_counter": 0,
  "success": true
}