{
  "run_id": "MPO2-L4-d12-seed256",
  "seed": 256,
  "model": "MPO2",
  "dataset": "breast",
  "task": "classification",
  "params": {
    "init_strength": 0.01,
    "batch_size": 64,
    "n_epochs": 1000,
    "patience": 40,
    "min_delta": 1e-08,
    "optimizer": "adamw",
    "seeds": [
      42,
      7,
      123,
      256,
      999
    ],
    "model": "MPO2",
    "L": 4,
    "bond_dim": 12,
    "lr": 0.001
  },
  "n_parameters": 9720,
  "train_loss": 0.00047101781607415384,
  "train_quality": 1.0,
  "val_loss": 203.37597950331389,
  "val_quality": 0.7294117647058823,
  "test_loss": 44.0028226697081,
  "test_quality": 0.7558139534883721,
  "best_epoch": 273,
  "stopped_early": false,
  "patience_counter": 0,
  "success": true
}