{
  "run_id": "MPO2-L2-d4-init0.01-rf0.3-seed123",
  "seed": 123,
  "model": "MPO2",
  "dataset": "breast",
  "task": "classification",
  "params": {
    "output_site": 1,
    "init_strength": 0.01,
    "batch_size": 32,
    "n_epochs": 1000,
    "patience": 40,
    "min_delta": 1e-08,
    "optimizer": "adamw",
    "rank": 5,
    "seeds": [
      42,
      7,
      123,
      256,
      999
    ],
    "model": "MPO2",
    "L": 2,
    "bond_dim": 4,
    "weight_decay": 0.1,
    "lr": 0.01,
    "reduction_factor": 0.3
  },
  "train_loss": 0.11137650571085866,
  "train_quality": 0.9748743718592965,
  "val_loss": 0.8910451519820491,
  "val_quality": 0.8470588235294118,
  "test_loss": 0.4925653943871712,
  "test_quality": 0.872093023255814,
  "best_epoch": 243,
  "stopped_early": true,
  "patience_counter": 40,
  "success": true
}