{
  "run_id": "MPO2-L2-d6-init0.01-rf0.1-seed256",
  "seed": 256,
  "model": "MPO2",
  "dataset": "breast",
  "task": "classification",
  "params": {
    "output_site": 1,
    "init_strength": 0.01,
    "batch_size": 32,
    "n_epochs": 1000,
    "patience": 40,
    "min_delta": 1e-08,
    "optimizer": "adamw",
    "rank": 5,
    "seeds": [
      42,
      7,
      123,
      256,
      999
    ],
    "model": "MPO2",
    "L": 2,
    "bond_dim": 6,
    "weight_decay": 0.1,
    "lr": 0.01,
    "reduction_factor": 0.1
  },
  "train_loss": 0.07297887441644861,
  "train_quality": 0.9849246231155779,
  "val_loss": 0.7913417679752376,
  "val_quality": 0.8823529411764706,
  "test_loss": 0.801556434419413,
  "test_quality": 0.8255813953488372,
  "best_epoch": 310,
  "stopped_early": true,
  "patience_counter": 40,
  "success": true
}