{
  "run_id": "LMPO2-L3-d16-rf0.5-seed7",
  "seed": 7,
  "model": "LMPO2",
  "dataset": "seoulBike",
  "task": "regression",
  "params": {
    "output_site": 1,
    "init_strength": 0.01,
    "reduction_factor": 0.5,
    "rank": 5,
    "batch_size": 64,
    "n_epochs": 1000,
    "patience": 40,
    "min_delta": 1e-08,
    "optimizer": "adamw",
    "seeds": [
      42,
      7,
      123,
      256,
      999
    ],
    "model": "LMPO2",
    "L": 3,
    "bond_dim": 16,
    "lr": 0.01
  },
  "n_parameters": 27360,
  "train_loss": 0.01083039758770795,
  "train_quality": 0.6725379361991735,
  "val_loss": 0.018083500272866745,
  "val_quality": 0.5971601641576951,
  "test_loss": 0.011557764296460082,
  "test_quality": 0.5662582680574946,
  "best_epoch": 96,
  "stopped_early": true,
  "patience_counter": 40,
  "success": true
}