{
  "run_id": "LMPO2TypeI_GTN-L4-d16-rf0.5-seed123",
  "seed": 123,
  "model": "LMPO2TypeI_GTN",
  "dataset": "seoulBike",
  "task": "regression",
  "params": {
    "output_site": 1,
    "init_strength": 0.01,
    "reduction_factor": 0.5,
    "rank": 5,
    "batch_size": 64,
    "n_epochs": 1000,
    "patience": 40,
    "min_delta": 1e-08,
    "optimizer": "adamw",
    "seeds": [
      42,
      7,
      123,
      256,
      999
    ],
    "model": "LMPO2TypeI_GTN",
    "L": 4,
    "bond_dim": 16,
    "lr": 0.01
  },
  "n_parameters": 82175,
  "train_loss": 0.026745189993383222,
  "train_quality": 0.19134685120715333,
  "val_loss": 0.030411583763587862,
  "val_quality": 0.16548975486461115,
  "test_loss": 0.022540319420291048,
  "test_quality": 0.15410308316386634,
  "best_epoch": 224,
  "stopped_early": true,
  "patience_counter": 40,
  "success": true
}