{
  "run_id": "LMPO2-L3-d12-rf0.3-seed256",
  "seed": 256,
  "model": "LMPO2",
  "dataset": "seoulBike",
  "task": "regression",
  "params": {
    "init_strength": 0.01,
    "bond_dim_mpo": 2,
    "batch_size": 64,
    "n_epochs": 1000,
    "patience": 40,
    "min_delta": 1e-08,
    "optimizer": "adamw",
    "seeds": [
      42,
      7,
      123,
      256,
      999
    ],
    "model": "LMPO2",
    "L": 3,
    "bond_dim": 12,
    "lr": 0.001,
    "reduction_factor": 0.3
  },
  "n_parameters": 1520,
  "train_loss": 113067.91275597447,
  "train_quality": 0.7298972933070533,
  "val_loss": 550883.1620936452,
  "val_quality": 0.5596080283100664,
  "test_loss": 169762.59569147837,
  "test_quality": 0.5803878051282163,
  "best_epoch": 318,
  "stopped_early": true,
  "patience_counter": 40,
  "success": true
}