{
  "run_id": "LMPO2-L4-d16-rf0.1-seed42",
  "seed": 42,
  "model": "LMPO2",
  "dataset": "seoulBike",
  "task": "regression",
  "params": {
    "init_strength": 0.01,
    "bond_dim_mpo": 2,
    "batch_size": 64,
    "n_epochs": 1000,
    "patience": 40,
    "min_delta": 1e-08,
    "optimizer": "adamw",
    "seeds": [
      42,
      7,
      123,
      256,
      999
    ],
    "model": "LMPO2",
    "L": 4,
    "bond_dim": 16,
    "lr": 0.001,
    "reduction_factor": 0.1
  },
  "n_parameters": 1496,
  "train_loss": 99389.1131392582,
  "train_quality": 0.7625739449824005,
  "val_loss": 2091214.3244469503,
  "val_quality": 0.6664301562338263,
  "test_loss": 167663.9998227008,
  "test_quality": 0.5855750279970687,
  "best_epoch": 328,
  "stopped_early": true,
  "patience_counter": 40,
  "success": true
}