{
  "run_id": "LMPO2-L4-d8-rf0.5-seed256",
  "seed": 256,
  "model": "LMPO2",
  "dataset": "seoulBike",
  "task": "regression",
  "params": {
    "init_strength": 0.01,
    "bond_dim_mpo": 2,
    "batch_size": 64,
    "n_epochs": 1000,
    "patience": 40,
    "min_delta": 1e-08,
    "optimizer": "adamw",
    "seeds": [
      42,
      7,
      123,
      256,
      999
    ],
    "model": "LMPO2",
    "L": 4,
    "bond_dim": 8,
    "lr": 0.001,
    "reduction_factor": 0.5
  },
  "n_parameters": 2784,
  "train_loss": 86895.45332970232,
  "train_quality": 0.7924194709924631,
  "val_loss": 1697075.558561664,
  "val_quality": 0.7029126505208914,
  "test_loss": 149936.20855645195,
  "test_quality": 0.6293938525924384,
  "best_epoch": 301,
  "stopped_early": false,
  "patience_counter": 0,
  "success": true
}