{
  "run_id": "LMPO2-L3-d8-rf0.3-seed256",
  "seed": 256,
  "model": "LMPO2",
  "dataset": "seoulBike",
  "task": "regression",
  "params": {
    "init_strength": 0.01,
    "bond_dim_mpo": 2,
    "batch_size": 64,
    "n_epochs": 1000,
    "patience": 40,
    "min_delta": 1e-08,
    "optimizer": "adamw",
    "seeds": [
      42,
      7,
      123,
      256,
      999
    ],
    "model": "LMPO2",
    "L": 3,
    "bond_dim": 8,
    "lr": 0.001,
    "reduction_factor": 0.3
  },
  "n_parameters": 1080,
  "train_loss": 114205.44123263586,
  "train_quality": 0.7271799041468799,
  "val_loss": 344353.38229475345,
  "val_quality": 0.5484493739250056,
  "test_loss": 146008.91538124369,
  "test_quality": 0.6391011741755098,
  "best_epoch": 14,
  "stopped_early": true,
  "patience_counter": 40,
  "success": true
}