{
  "run_id": "LMPO2-L4-d8-rf0.1-seed256",
  "seed": 256,
  "model": "LMPO2",
  "dataset": "seoulBike",
  "task": "regression",
  "params": {
    "init_strength": 0.01,
    "bond_dim_mpo": 2,
    "batch_size": 64,
    "n_epochs": 1000,
    "patience": 40,
    "min_delta": 1e-08,
    "optimizer": "adamw",
    "seeds": [
      42,
      7,
      123,
      256,
      999
    ],
    "model": "LMPO2",
    "L": 4,
    "bond_dim": 8,
    "lr": 0.001,
    "reduction_factor": 0.1
  },
  "n_parameters": 696,
  "train_loss": 104479.9843307502,
  "train_quality": 0.7504125982773027,
  "val_loss": 1234208.3622229777,
  "val_quality": 0.6371547812449954,
  "test_loss": 130081.18737484363,
  "test_quality": 0.6784706765141326,
  "best_epoch": 250,
  "stopped_early": false,
  "patience_counter": 20,
  "success": true
}