{
  "run_id": "LMPO2-L4-d12-rf0.1-seed42",
  "seed": 42,
  "model": "LMPO2",
  "dataset": "seoulBike",
  "task": "regression",
  "params": {
    "output_site": 1,
    "init_strength": 0.01,
    "reduction_factor": 0.1,
    "rank": 5,
    "batch_size": 64,
    "n_epochs": 1000,
    "patience": 40,
    "min_delta": 1e-08,
    "optimizer": "adamw",
    "seeds": [
      42,
      7,
      123,
      256,
      999
    ],
    "model": "LMPO2",
    "L": 4,
    "bond_dim": 12,
    "lr": 0.01
  },
  "n_parameters": 29640,
  "train_loss": 0.46253239818079434,
  "train_quality": -12.984880283151503,
  "val_loss": 0.4723499285736264,
  "val_quality": -12.110235275992222,
  "test_loss": 0.4511956441432663,
  "test_quality": -15.932546391827227,
  "best_epoch": 84,
  "stopped_early": true,
  "patience_counter": 40,
  "success": true
}