{
  "run_id": "LMPO2-L3-d16-rf0.3-seed123",
  "seed": 123,
  "model": "LMPO2",
  "dataset": "seoulBike",
  "task": "regression",
  "params": {
    "init_strength": 0.01,
    "bond_dim_mpo": 2,
    "batch_size": 64,
    "n_epochs": 1000,
    "patience": 40,
    "min_delta": 1e-08,
    "optimizer": "adamw",
    "seeds": [
      42,
      7,
      123,
      256,
      999
    ],
    "model": "LMPO2",
    "L": 3,
    "bond_dim": 16,
    "lr": 0.001,
    "reduction_factor": 0.3
  },
  "n_parameters": 2120,
  "train_loss": 113878.93016758793,
  "train_quality": 0.727959891327018,
  "val_loss": 486146.4183795652,
  "val_quality": 0.5632560895691254,
  "test_loss": 155161.24444929592,
  "test_quality": 0.61647882398823,
  "best_epoch": 25,
  "stopped_early": true,
  "patience_counter": 40,
  "success": true
}