{
  "run_id": "LMPO2-L4-d16-rf0.3-seed256",
  "seed": 256,
  "model": "LMPO2",
  "dataset": "seoulBike",
  "task": "regression",
  "params": {
    "output_site": 1,
    "init_strength": 0.01,
    "reduction_factor": 0.3,
    "rank": 5,
    "batch_size": 64,
    "n_epochs": 1000,
    "patience": 40,
    "min_delta": 1e-08,
    "optimizer": "adamw",
    "seeds": [
      42,
      7,
      123,
      256,
      999
    ],
    "model": "LMPO2",
    "L": 4,
    "bond_dim": 16,
    "lr": 0.01
  },
  "n_parameters": 51680,
  "train_loss": 0.011954487732357254,
  "train_quality": 0.6385505524781173,
  "val_loss": 0.019718789308978347,
  "val_quality": 0.6833402215005351,
  "test_loss": 0.012367692964472444,
  "test_quality": 0.5358631281149742,
  "best_epoch": 236,
  "stopped_early": true,
  "patience_counter": 40,
  "success": true
}