{
  "run_id": "LMPO2-L3-d16-rf0.5-seed256",
  "seed": 256,
  "model": "LMPO2",
  "dataset": "seoulBike",
  "task": "regression",
  "params": {
    "init_strength": 0.01,
    "bond_dim_mpo": 2,
    "batch_size": 64,
    "n_epochs": 1000,
    "patience": 40,
    "min_delta": 1e-08,
    "optimizer": "adamw",
    "seeds": [
      42,
      7,
      123,
      256,
      999
    ],
    "model": "LMPO2",
    "L": 3,
    "bond_dim": 16,
    "lr": 0.001,
    "reduction_factor": 0.5
  },
  "n_parameters": 3392,
  "train_loss": 111490.57849002849,
  "train_quality": 0.7336653141735131,
  "val_loss": 368706.61838906264,
  "val_quality": 0.6941897007830187,
  "test_loss": 133788.80334411003,
  "test_quality": 0.6693063440045557,
  "best_epoch": 269,
  "stopped_early": true,
  "patience_counter": 40,
  "success": true
}