{
  "run_id": "LMPO2-L4-d8-rf0.3-seed256",
  "seed": 256,
  "model": "LMPO2",
  "dataset": "seoulBike",
  "task": "regression",
  "params": {
    "init_strength": 0.01,
    "bond_dim_mpo": 2,
    "batch_size": 64,
    "n_epochs": 1000,
    "patience": 40,
    "min_delta": 1e-08,
    "optimizer": "adamw",
    "seeds": [
      42,
      7,
      123,
      256,
      999
    ],
    "model": "LMPO2",
    "L": 4,
    "bond_dim": 8,
    "lr": 0.001,
    "reduction_factor": 0.3
  },
  "n_parameters": 1740,
  "train_loss": 90525.82462972512,
  "train_quality": 0.7837470449209495,
  "val_loss": 3159928.5089625646,
  "val_quality": 0.6424541571297494,
  "test_loss": 149601.1792170225,
  "test_quality": 0.6302219643204183,
  "best_epoch": 96,
  "stopped_early": true,
  "patience_counter": 40,
  "success": true
}