{
  "run_id": "LMPO2-L3-d16-rf0.5-seed123",
  "seed": 123,
  "model": "LMPO2",
  "dataset": "seoulBike",
  "task": "regression",
  "params": {
    "init_strength": 0.01,
    "bond_dim_mpo": 2,
    "batch_size": 64,
    "n_epochs": 1000,
    "patience": 40,
    "min_delta": 1e-08,
    "optimizer": "adamw",
    "seeds": [
      42,
      7,
      123,
      256,
      999
    ],
    "model": "LMPO2",
    "L": 3,
    "bond_dim": 16,
    "lr": 0.001,
    "reduction_factor": 0.5
  },
  "n_parameters": 3392,
  "train_loss": 111490.34535311194,
  "train_quality": 0.733665871103509,
  "val_loss": 342074.03185635846,
  "val_quality": 0.6743280552577073,
  "test_loss": 132477.1718027326,
  "test_quality": 0.6725483808484121,
  "best_epoch": 122,
  "stopped_early": true,
  "patience_counter": 40,
  "success": true
}