{
  "run_id": "LMPO2-L4-d16-rf0.1-seed7",
  "seed": 7,
  "model": "LMPO2",
  "dataset": "seoulBike",
  "task": "regression",
  "params": {
    "output_site": 1,
    "init_strength": 0.01,
    "reduction_factor": 0.1,
    "rank": 5,
    "batch_size": 64,
    "n_epochs": 1000,
    "patience": 40,
    "min_delta": 1e-08,
    "optimizer": "adamw",
    "seeds": [
      42,
      7,
      123,
      256,
      999
    ],
    "model": "LMPO2",
    "L": 4,
    "bond_dim": 16,
    "lr": 0.01
  },
  "n_parameters": 51680,
  "train_loss": 0.006451289250803265,
  "train_quality": 0.8049422955033725,
  "val_loss": 0.010574264591724926,
  "val_quality": 0.7054532072757298,
  "test_loss": 0.006504800144709759,
  "test_quality": 0.7558867607664908,
  "best_epoch": 220,
  "stopped_early": true,
  "patience_counter": 40,
  "success": true
}