{
  "run_id": "LMPO2TypeI_GTN-L3-d16-rf0.5-seed999",
  "seed": 999,
  "model": "LMPO2TypeI_GTN",
  "dataset": "seoulBike",
  "task": "regression",
  "params": {
    "output_site": 1,
    "init_strength": 0.01,
    "reduction_factor": 0.5,
    "rank": 5,
    "batch_size": 64,
    "n_epochs": 1000,
    "patience": 40,
    "min_delta": 1e-08,
    "optimizer": "adamw",
    "seeds": [
      42,
      7,
      123,
      256,
      999
    ],
    "model": "LMPO2TypeI_GTN",
    "L": 3,
    "bond_dim": 16,
    "lr": 0.01
  },
  "n_parameters": 30495,
  "train_loss": 0.015667371383708783,
  "train_quality": 0.5262898036664734,
  "val_loss": 0.021647573279525212,
  "val_quality": 0.4212072170583113,
  "test_loss": 0.013939660589101215,
  "test_quality": 0.47687006141323696,
  "best_epoch": 91,
  "stopped_early": true,
  "patience_counter": 40,
  "success": true
}