{
  "run_id": "LMPO2-L4-d16-rf0.5-seed999",
  "seed": 999,
  "model": "LMPO2",
  "dataset": "seoulBike",
  "task": "regression",
  "params": {
    "init_strength": 0.01,
    "bond_dim_mpo": 2,
    "batch_size": 64,
    "n_epochs": 1000,
    "patience": 40,
    "min_delta": 1e-08,
    "optimizer": "adamw",
    "seeds": [
      42,
      7,
      123,
      256,
      999
    ],
    "model": "LMPO2",
    "L": 4,
    "bond_dim": 16,
    "lr": 0.001,
    "reduction_factor": 0.5
  },
  "n_parameters": 5984,
  "train_loss": 88011.86632394628,
  "train_quality": 0.7897525236315148,
  "val_loss": 2489494.064118858,
  "val_quality": 0.6443281495776125,
  "test_loss": 192899.62231079026,
  "test_quality": 0.5231986552863959,
  "best_epoch": 188,
  "stopped_early": true,
  "patience_counter": 40,
  "success": true
}