{
  "run_id": "LMPO2-L4-d12-rf0.1-seed7",
  "seed": 7,
  "model": "LMPO2",
  "dataset": "seoulBike",
  "task": "regression",
  "params": {
    "init_strength": 0.01,
    "bond_dim_mpo": 2,
    "batch_size": 64,
    "n_epochs": 1000,
    "patience": 40,
    "min_delta": 1e-08,
    "optimizer": "adamw",
    "seeds": [
      42,
      7,
      123,
      256,
      999
    ],
    "model": "LMPO2",
    "L": 4,
    "bond_dim": 12,
    "lr": 0.001,
    "reduction_factor": 0.1
  },
  "n_parameters": 1032,
  "train_loss": 101787.30572514927,
  "train_quality": 0.7568450136451949,
  "val_loss": 361030.61619959667,
  "val_quality": 0.7081458420588624,
  "test_loss": 231076.42883767775,
  "test_quality": 0.42883479665963453,
  "best_epoch": 934,
  "stopped_early": false,
  "patience_counter": 0,
  "success": true
}