{
  "run_id": "LMPO2-L3-d12-rf0.1-seed42",
  "seed": 42,
  "model": "LMPO2",
  "dataset": "seoulBike",
  "task": "regression",
  "params": {
    "output_site": 1,
    "init_strength": 0.01,
    "reduction_factor": 0.1,
    "rank": 5,
    "batch_size": 64,
    "n_epochs": 1000,
    "patience": 40,
    "min_delta": 1e-08,
    "optimizer": "adamw",
    "seeds": [
      42,
      7,
      123,
      256,
      999
    ],
    "model": "LMPO2",
    "L": 3,
    "bond_dim": 12,
    "lr": 0.01
  },
  "n_parameters": 15960,
  "train_loss": 0.009867866983410684,
  "train_quality": 0.7016404927398834,
  "val_loss": 0.023806839075695568,
  "val_quality": 0.5916100350835409,
  "test_loss": 0.010437408865729242,
  "test_quality": 0.6083031560178089,
  "best_epoch": 98,
  "stopped_early": true,
  "patience_counter": 40,
  "success": true
}