{
  "run_id": "LMPO2-L3-d12-rf0.1-seed999",
  "seed": 999,
  "model": "LMPO2",
  "dataset": "seoulBike",
  "task": "regression",
  "params": {
    "output_site": 1,
    "init_strength": 0.01,
    "reduction_factor": 0.1,
    "rank": 5,
    "batch_size": 64,
    "n_epochs": 1000,
    "patience": 40,
    "min_delta": 1e-08,
    "optimizer": "adamw",
    "seeds": [
      42,
      7,
      123,
      256,
      999
    ],
    "model": "LMPO2",
    "L": 3,
    "bond_dim": 12,
    "lr": 0.01
  },
  "n_parameters": 15960,
  "train_loss": 0.011762154627574588,
  "train_quality": 0.6443658325654187,
  "val_loss": 0.03291825005134655,
  "val_quality": 0.5891295975118337,
  "test_loss": 0.015073613500793032,
  "test_quality": 0.43431488488925296,
  "best_epoch": 78,
  "stopped_early": true,
  "patience_counter": 40,
  "success": true
}