{
  "run_id": "LMPO2-L4-d12-rf0.1-seed123",
  "seed": 123,
  "model": "LMPO2",
  "dataset": "seoulBike",
  "task": "regression",
  "params": {
    "init_strength": 0.01,
    "bond_dim_mpo": 2,
    "batch_size": 64,
    "n_epochs": 1000,
    "patience": 40,
    "min_delta": 1e-08,
    "optimizer": "adamw",
    "seeds": [
      42,
      7,
      123,
      256,
      999
    ],
    "model": "LMPO2",
    "L": 4,
    "bond_dim": 12,
    "lr": 0.001,
    "reduction_factor": 0.1
  },
  "n_parameters": 1032,
  "train_loss": 98427.57844190951,
  "train_quality": 0.7648709107439742,
  "val_loss": 610604.1992067359,
  "val_quality": 0.7244531859138752,
  "test_loss": 130771.9931592608,
  "test_quality": 0.6767631712168158,
  "best_epoch": 708,
  "stopped_early": false,
  "patience_counter": 21,
  "success": true
}