{
  "run_id": "LMPO2-L3-d12-rf0.1-seed123",
  "seed": 123,
  "model": "LMPO2",
  "dataset": "seoulBike",
  "task": "regression",
  "params": {
    "output_site": 1,
    "init_strength": 0.01,
    "reduction_factor": 0.1,
    "rank": 5,
    "batch_size": 64,
    "n_epochs": 1000,
    "patience": 40,
    "min_delta": 1e-08,
    "optimizer": "adamw",
    "seeds": [
      42,
      7,
      123,
      256,
      999
    ],
    "model": "LMPO2",
    "L": 3,
    "bond_dim": 12,
    "lr": 0.01
  },
  "n_parameters": 15960,
  "train_loss": 0.010493600293610485,
  "train_quality": 0.6827211576473742,
  "val_loss": 0.02088970073290006,
  "val_quality": 0.5870581782538871,
  "test_loss": 0.011121514333754209,
  "test_quality": 0.5826299303903086,
  "best_epoch": 90,
  "stopped_early": true,
  "patience_counter": 40,
  "success": true
}