{
  "run_id": "LMPO2-L4-d12-rf0.3-seed42",
  "seed": 42,
  "model": "LMPO2",
  "dataset": "seoulBike",
  "task": "regression",
  "params": {
    "init_strength": 0.01,
    "bond_dim_mpo": 2,
    "batch_size": 64,
    "n_epochs": 1000,
    "patience": 40,
    "min_delta": 1e-08,
    "optimizer": "adamw",
    "seeds": [
      42,
      7,
      123,
      256,
      999
    ],
    "model": "LMPO2",
    "L": 4,
    "bond_dim": 12,
    "lr": 0.001,
    "reduction_factor": 0.3
  },
  "n_parameters": 2580,
  "train_loss": 92418.37265639722,
  "train_quality": 0.7792260244820759,
  "val_loss": 2243000.0704544587,
  "val_quality": 0.737490897859203,
  "test_loss": 155822.4668002891,
  "test_quality": 0.6148444418036952,
  "best_epoch": 760,
  "stopped_early": true,
  "patience_counter": 40,
  "success": true
}