{
  "run_id": "LMPO2-L4-d12-rf0.3-seed256",
  "seed": 256,
  "model": "LMPO2",
  "dataset": "seoulBike",
  "task": "regression",
  "params": {
    "output_site": 1,
    "init_strength": 0.01,
    "reduction_factor": 0.3,
    "rank": 5,
    "batch_size": 64,
    "n_epochs": 1000,
    "patience": 40,
    "min_delta": 1e-08,
    "optimizer": "adamw",
    "seeds": [
      42,
      7,
      123,
      256,
      999
    ],
    "model": "LMPO2",
    "L": 4,
    "bond_dim": 12,
    "lr": 0.01
  },
  "n_parameters": 29640,
  "train_loss": 0.6567202235922603,
  "train_quality": -18.856238703677487,
  "val_loss": 0.6532267709088762,
  "val_quality": -16.98440365560066,
  "test_loss": 0.6395609113607131,
  "test_quality": -23.001549976346766,
  "best_epoch": 55,
  "stopped_early": true,
  "patience_counter": 40,
  "success": true
}