{
  "run_id": "LMPO2-L4-d16-rf0.3-seed256",
  "seed": 256,
  "model": "LMPO2",
  "dataset": "seoulBike",
  "task": "regression",
  "params": {
    "init_strength": 0.01,
    "bond_dim_mpo": 2,
    "batch_size": 64,
    "n_epochs": 1000,
    "patience": 40,
    "min_delta": 1e-08,
    "optimizer": "adamw",
    "seeds": [
      42,
      7,
      123,
      256,
      999
    ],
    "model": "LMPO2",
    "L": 4,
    "bond_dim": 16,
    "lr": 0.001,
    "reduction_factor": 0.3
  },
  "n_parameters": 3740,
  "train_loss": 93876.38577486652,
  "train_quality": 0.7757430443854828,
  "val_loss": 1995469.322890085,
  "val_quality": 0.6984815780719389,
  "test_loss": 208610.13121384382,
  "test_quality": 0.4843660661844731,
  "best_epoch": 466,
  "stopped_early": true,
  "patience_counter": 40,
  "success": true
}