{
  "run_id": "LMPO2-L4-d16-rf0.3-seed123",
  "seed": 123,
  "model": "LMPO2",
  "dataset": "seoulBike",
  "task": "regression",
  "params": {
    "init_strength": 0.01,
    "bond_dim_mpo": 2,
    "batch_size": 64,
    "n_epochs": 1000,
    "patience": 40,
    "min_delta": 1e-08,
    "optimizer": "adamw",
    "seeds": [
      42,
      7,
      123,
      256,
      999
    ],
    "model": "LMPO2",
    "L": 4,
    "bond_dim": 16,
    "lr": 0.001,
    "reduction_factor": 0.3
  },
  "n_parameters": 3740,
  "train_loss": 92296.94097075,
  "train_quality": 0.7795161070189527,
  "val_loss": 1819808.9323910372,
  "val_quality": 0.6556904154813257,
  "test_loss": 147747.2518747909,
  "test_quality": 0.6348044255984044,
  "best_epoch": 298,
  "stopped_early": true,
  "patience_counter": 40,
  "success": true
}