{
  "run_id": "LMPO2-L3-d12-rf0.1-seed256",
  "seed": 256,
  "model": "LMPO2",
  "dataset": "seoulBike",
  "task": "regression",
  "params": {
    "init_strength": 0.01,
    "bond_dim_mpo": 2,
    "batch_size": 64,
    "n_epochs": 1000,
    "patience": 40,
    "min_delta": 1e-08,
    "optimizer": "adamw",
    "seeds": [
      42,
      7,
      123,
      256,
      999
    ],
    "model": "LMPO2",
    "L": 3,
    "bond_dim": 12,
    "lr": 0.001,
    "reduction_factor": 0.1
  },
  "n_parameters": 608,
  "train_loss": 117326.95591598054,
  "train_quality": 0.7197230621091849,
  "val_loss": 232915.84317465918,
  "val_quality": 0.6343822322458935,
  "test_loss": 124666.5688452297,
  "test_quality": 0.6918543076747556,
  "best_epoch": 669,
  "stopped_early": true,
  "patience_counter": 40,
  "success": true
}