{
  "run_id": "LMPO2-L4-d12-rf0.3-seed7",
  "seed": 7,
  "model": "LMPO2",
  "dataset": "seoulBike",
  "task": "regression",
  "params": {
    "init_strength": 0.01,
    "bond_dim_mpo": 2,
    "batch_size": 64,
    "n_epochs": 1000,
    "patience": 40,
    "min_delta": 1e-08,
    "optimizer": "adamw",
    "seeds": [
      42,
      7,
      123,
      256,
      999
    ],
    "model": "LMPO2",
    "L": 4,
    "bond_dim": 12,
    "lr": 0.001,
    "reduction_factor": 0.3
  },
  "n_parameters": 2580,
  "train_loss": 92368.81799118231,
  "train_quality": 0.7793444033295983,
  "val_loss": 2186094.4012783105,
  "val_quality": 0.7147818396582506,
  "test_loss": 123876.02520377187,
  "test_quality": 0.6938083409008786,
  "best_epoch": 358,
  "stopped_early": true,
  "patience_counter": 40,
  "success": true
}