{
  "run_id": "LMPO2-L3-d12-rf0.1-seed999",
  "seed": 999,
  "model": "LMPO2",
  "dataset": "seoulBike",
  "task": "regression",
  "params": {
    "init_strength": 0.01,
    "bond_dim_mpo": 2,
    "batch_size": 64,
    "n_epochs": 1000,
    "patience": 40,
    "min_delta": 1e-08,
    "optimizer": "adamw",
    "seeds": [
      42,
      7,
      123,
      256,
      999
    ],
    "model": "LMPO2",
    "L": 3,
    "bond_dim": 12,
    "lr": 0.001,
    "reduction_factor": 0.1
  },
  "n_parameters": 608,
  "train_loss": 118714.33419032866,
  "train_quality": 0.7164088183244146,
  "val_loss": 261253.01775307383,
  "val_quality": 0.6366285934181563,
  "test_loss": 131396.95908487064,
  "test_quality": 0.6752184061718597,
  "best_epoch": 495,
  "stopped_early": false,
  "patience_counter": 7,
  "success": true
}