{
  "run_id": "LMPO2-L4-d12-jit0.1-rf0.1-seed999",
  "seed": 999,
  "model": "LMPO2",
  "grid_params": {
    "model": "LMPO2",
    "L": 4,
    "bond_dim": 12,
    "jitter_start": 0.1,
    "reduction_factor": 0.1
  },
  "n_parameters": 768,
  "train_loss": 452.99215587267764,
  "train_quality": -1.3650360356872273,
  "val_loss": 586.4606082208447,
  "val_quality": -2.5152525850482452,
  "test_loss": 1697.3573924416073,
  "test_quality": -9.178358615561763,
  "success": false,
  "singular": false
}