{
  "run_id": "LMPO2-L4-d8-jit5-rf0.1-seed256",
  "seed": 256,
  "model": "LMPO2",
  "grid_params": {
    "model": "LMPO2",
    "L": 4,
    "bond_dim": 8,
    "jitter_start": 5.0,
    "reduction_factor": 0.1
  },
  "n_parameters": 432,
  "train_loss": 720.8444482860783,
  "train_quality": -2.763471561747809,
  "val_loss": 711.2667646175412,
  "val_quality": -3.2633423250128626,
  "test_loss": 1033.7127135545368,
  "test_quality": -5.198752691022029,
  "success": false,
  "singular": false
}