{
  "run_id": "LMPO2-L3-d8-jit5-rf0.1-seed42",
  "seed": 42,
  "model": "LMPO2",
  "grid_params": {
    "model": "LMPO2",
    "L": 3,
    "bond_dim": 8,
    "jitter_start": 5.0,
    "reduction_factor": 0.1
  },
  "n_parameters": 2800,
  "train_loss": 460.5032589324403,
  "train_quality": -1.4042509076751921,
  "val_loss": 591.4627070051303,
  "val_quality": -2.545235230831515,
  "test_loss": 859.8233422558693,
  "test_quality": -4.156009195519048,
  "success": false,
  "singular": false
}