{
  "run_id": "LMPO2-L3-d8-jit5-rf0.1-seed42",
  "seed": 42,
  "model": "LMPO2",
  "grid_params": {
    "model": "LMPO2",
    "L": 3,
    "bond_dim": 8,
    "jitter_start": 5.0,
    "reduction_factor": 0.1
  },
  "n_parameters": 256,
  "train_loss": 703.6279047388354,
  "train_quality": -2.6735853564982586,
  "val_loss": 703.3189209846797,
  "val_quality": -3.2157028459338948,
  "test_loss": 810.5030089098036,
  "test_quality": -3.860255312411841,
  "success": false,
  "singular": false
}