{
  "run_id": "LMPO2-L4-d16-jit5-rf0.3-seed256",
  "seed": 256,
  "model": "LMPO2",
  "grid_params": {
    "model": "LMPO2",
    "L": 4,
    "bond_dim": 16,
    "jitter_start": 5.0,
    "reduction_factor": 0.3
  },
  "n_parameters": 1232,
  "train_loss": 632.3833021642611,
  "train_quality": -2.3016229499694303,
  "val_loss": 696.5899939674317,
  "val_quality": -3.1753695690515116,
  "test_loss": 806.6033306671475,
  "test_quality": -3.836870535690209,
  "success": false,
  "singular": false
}