{
  "run_id": "LMPO2-L4-d8-jit0.1-rf0.5-seed7",
  "seed": 7,
  "model": "LMPO2",
  "grid_params": {
    "model": "LMPO2",
    "L": 4,
    "bond_dim": 8,
    "jitter_start": 0.1,
    "reduction_factor": 0.5
  },
  "n_parameters": 648,
  "train_loss": 581.3170662102513,
  "train_quality": -2.035010191509026,
  "val_loss": 660.0924503669015,
  "val_quality": -2.9566028135504134,
  "test_loss": 731.908138822054,
  "test_quality": -3.3889539962253474,
  "success": false,
  "singular": false
}