{
  "run_id": "LMPO2-L4-d12-jit5-rf0.3-seed123",
  "seed": 123,
  "model": "LMPO2",
  "grid_params": {
    "model": "LMPO2",
    "L": 4,
    "bond_dim": 12,
    "jitter_start": 5.0,
    "reduction_factor": 0.3
  },
  "n_parameters": 768,
  "train_loss": 652.7900432217117,
  "train_quality": -2.408164922818457,
  "val_loss": 702.4797216842816,
  "val_quality": -3.210672674309845,
  "test_loss": 796.8435251088654,
  "test_quality": -3.778344970342153,
  "success": false,
  "singular": false
}