{
  "run_id": "LMPO2-L3-d12-jit0.1-rf0.3-seed256",
  "seed": 256,
  "model": "LMPO2",
  "grid_params": {
    "model": "LMPO2",
    "L": 3,
    "bond_dim": 12,
    "jitter_start": 0.1,
    "reduction_factor": 0.3
  },
  "n_parameters": 432,
  "train_loss": 565.5032739557016,
  "train_quality": -1.952447639248423,
  "val_loss": 624.4610052452514,
  "val_quality": -2.743027463702332,
  "test_loss": 1091.3086477933537,
  "test_quality": -5.544131970654887,
  "success": false,
  "singular": false
}