{
  "run_id": "LMPO2-L3-d8-jit5-rf0.3-seed256",
  "seed": 256,
  "model": "LMPO2",
  "grid_params": {
    "model": "LMPO2",
    "L": 3,
    "bond_dim": 8,
    "jitter_start": 5.0,
    "reduction_factor": 0.3
  },
  "n_parameters": 2800,
  "train_loss": 460.4716403261359,
  "train_quality": -1.404085829445164,
  "val_loss": 593.8974512765408,
  "val_quality": -2.5598291199589904,
  "test_loss": 865.6942943158174,
  "test_quality": -4.191214895713375,
  "success": false,
  "singular": false
}