{
  "run_id": "LMPO2-L3-d8-jit5-rf0.1-seed123",
  "seed": 123,
  "model": "LMPO2",
  "grid_params": {
    "model": "LMPO2",
    "L": 3,
    "bond_dim": 8,
    "jitter_start": 5.0,
    "reduction_factor": 0.1
  },
  "n_parameters": 196,
  "train_loss": 1074.787813860194,
  "train_quality": -4.611381737063256,
  "val_loss": 1022.0924389468843,
  "val_quality": -5.126435497630746,
  "success": false,
  "singular": false
}