{
  "run_id": "LMPO2-L3-d12-jit0.1-rf0.3-seed7",
  "seed": 7,
  "model": "LMPO2",
  "grid_params": {
    "model": "LMPO2",
    "L": 3,
    "bond_dim": 12,
    "jitter_start": 0.1,
    "reduction_factor": 0.3
  },
  "n_parameters": 432,
  "train_loss": 570.2241507810627,
  "train_quality": -1.9770949618726092,
  "val_loss": 634.449991263134,
  "val_quality": -2.80290157703434,
  "test_loss": 1023.7816682216695,
  "test_quality": -5.139200270727137,
  "success": false,
  "singular": false
}