{
  "run_id": "LMPO2-L3-d8-jit0.1-rf0.1-seed123",
  "seed": 123,
  "model": "LMPO2",
  "grid_params": {
    "model": "LMPO2",
    "L": 3,
    "bond_dim": 8,
    "jitter_start": 0.1,
    "reduction_factor": 0.1
  },
  "n_parameters": 256,
  "train_loss": 490.06443522288373,
  "train_quality": -1.5585874591536952,
  "val_loss": 691.0465834887955,
  "val_quality": -3.142142293865671,
  "test_loss": 1492.2767852439774,
  "test_quality": -7.948574025439594,
  "success": false,
  "singular": false
}