{
  "run_id": "LMPO2-L3-d16-jit5-rf0.5-seed7",
  "seed": 7,
  "model": "LMPO2",
  "grid_params": {
    "model": "LMPO2",
    "L": 3,
    "bond_dim": 16,
    "jitter_start": 5.0,
    "reduction_factor": 0.5
  },
  "n_parameters": 918,
  "train_loss": 1074.2190896980562,
  "train_quality": -4.608412473422849,
  "val_loss": 1008.7182987938178,
  "val_quality": -5.0462707259703095,
  "success": false,
  "singular": false
}