{
  "run_id": "LMPO2-L4-d8-jit5-rf0.5-seed999",
  "seed": 999,
  "model": "LMPO2",
  "grid_params": {
    "model": "LMPO2",
    "L": 4,
    "bond_dim": 8,
    "jitter_start": 5.0,
    "reduction_factor": 0.5
  },
  "n_parameters": 648,
  "train_loss": 687.7703818194116,
  "train_quality": -2.590794489912669,
  "val_loss": 742.7592383466168,
  "val_quality": -3.4521086259951934,
  "test_loss": 853.1794524286503,
  "test_quality": -4.116168503414443,
  "success": false,
  "singular": false
}