{
  "run_id": "LMPO2-L3-d8-jit5-rf0.5-seed256",
  "seed": 256,
  "model": "LMPO2",
  "grid_params": {
    "model": "LMPO2",
    "L": 3,
    "bond_dim": 8,
    "jitter_start": 5.0,
    "reduction_factor": 0.5
  },
  "n_parameters": 384,
  "train_loss": 614.5994064504441,
  "train_quality": -2.208774644159247,
  "val_loss": 610.6524351782218,
  "val_quality": -2.6602587134341706,
  "test_loss": 1016.1556847608618,
  "test_quality": -5.093470364458671,
  "success": false,
  "singular": false
}