{
  "run_id": "LMPO2-L3-d12-jit0.1-rf0.5-seed7",
  "seed": 7,
  "model": "LMPO2",
  "grid_params": {
    "model": "LMPO2",
    "L": 3,
    "bond_dim": 12,
    "jitter_start": 0.1,
    "reduction_factor": 0.5
  },
  "n_parameters": 648,
  "train_loss": 476.91882268920034,
  "train_quality": -1.4899552611116582,
  "val_loss": 575.5473664018674,
  "val_quality": -2.4498384703103455,
  "test_loss": 1016.9611429268431,
  "test_quality": -5.098300367909739,
  "success": false,
  "singular": false
}