{
  "run_id": "LMPO2-L3-d8-jit5-rf0.3-seed123",
  "seed": 123,
  "model": "LMPO2",
  "grid_params": {
    "model": "LMPO2",
    "L": 3,
    "bond_dim": 8,
    "jitter_start": 5.0,
    "reduction_factor": 0.3
  },
  "n_parameters": 256,
  "train_loss": 605.4354421876135,
  "train_quality": -2.1609303152224872,
  "val_loss": 599.458071187884,
  "val_quality": -2.5931595487104118,
  "test_loss": 900.2921846663021,
  "test_quality": -4.398684304865053,
  "success": false,
  "singular": false
}