{
  "run_id": "LMPO2-L4-d12-jit5-rf0.5-seed123",
  "seed": 123,
  "model": "LMPO2",
  "grid_params": {
    "model": "LMPO2",
    "L": 4,
    "bond_dim": 12,
    "jitter_start": 5.0,
    "reduction_factor": 0.5
  },
  "n_parameters": 1152,
  "train_loss": 695.5865481849931,
  "train_quality": -2.6316020731696352,
  "val_loss": 716.1090422404018,
  "val_quality": -3.2923670006563315,
  "test_loss": 891.9228589196721,
  "test_quality": -4.348496878693646,
  "success": false,
  "singular": false
}