{
  "run_id": "LMPO2-L4-d12-jit0.1-rf0.1-seed7",
  "seed": 7,
  "model": "LMPO2",
  "grid_params": {
    "model": "LMPO2",
    "L": 4,
    "bond_dim": 12,
    "jitter_start": 0.1,
    "reduction_factor": 0.1
  },
  "n_parameters": 768,
  "train_loss": 575.1028605709847,
  "train_quality": -2.002566317858007,
  "val_loss": 632.3597670511733,
  "val_quality": -2.7903727456662515,
  "test_loss": 587.1010889566887,
  "test_quality": -2.5206052971508077,
  "success": false,
  "singular": false
}