{
  "run_id": "LMPO2-L4-d8-jit5-rf0.1-seed7",
  "seed": 7,
  "model": "LMPO2",
  "grid_params": {
    "model": "LMPO2",
    "L": 4,
    "bond_dim": 8,
    "jitter_start": 5.0,
    "reduction_factor": 0.1
  },
  "n_parameters": 432,
  "train_loss": 627.3171356997062,
  "train_quality": -2.2751728975874417,
  "val_loss": 673.6031220452841,
  "val_quality": -3.037585956966054,
  "test_loss": 1041.8915720582588,
  "test_quality": -5.247797962976847,
  "success": false,
  "singular": false
}