{
  "run_id": "LMPO2-L3-d16-jit5-rf0.1-seed256",
  "seed": 256,
  "model": "LMPO2",
  "grid_params": {
    "model": "LMPO2",
    "L": 3,
    "bond_dim": 16,
    "jitter_start": 5.0,
    "reduction_factor": 0.1
  },
  "n_parameters": 672,
  "train_loss": 622.316671900392,
  "train_quality": -2.2490658735977114,
  "val_loss": 662.7276593018046,
  "val_quality": -2.9723982905026727,
  "test_loss": 827.3070566961952,
  "test_quality": -3.961022319598758,
  "success": false,
  "singular": false
}