{
  "run_id": "LMPO2-L3-d8-jit5-rf0.5-seed256",
  "seed": 256,
  "model": "LMPO2",
  "grid_params": {
    "model": "LMPO2",
    "L": 3,
    "bond_dim": 8,
    "jitter_start": 5.0,
    "reduction_factor": 0.5
  },
  "n_parameters": 294,
  "train_loss": 1062.2906957277544,
  "train_quality": -4.546135276738747,
  "val_loss": 1114.9107861233524,
  "val_quality": -5.682789889176029,
  "success": false,
  "singular": false
}