{
  "run_id": "LMPO2-L3-d12-jit5-rf0.3-seed999",
  "seed": 999,
  "model": "LMPO2",
  "grid_params": {
    "model": "LMPO2",
    "L": 3,
    "bond_dim": 12,
    "jitter_start": 5.0,
    "reduction_factor": 0.3
  },
  "n_parameters": 372,
  "train_loss": 1078.3592374488653,
  "train_quality": -4.630027855713233,
  "val_loss": 1070.9586964965251,
  "val_quality": -5.4193404869259885,
  "success": false,
  "singular": false
}