{
  "run_id": "LMPO2-L4-d12-jit5-rf0.1-seed7",
  "seed": 7,
  "model": "LMPO2",
  "grid_params": {
    "model": "LMPO2",
    "L": 4,
    "bond_dim": 12,
    "jitter_start": 5.0,
    "reduction_factor": 0.1
  },
  "n_parameters": 672,
  "train_loss": 1073.2326833048862,
  "train_quality": -4.603262524057424,
  "val_loss": 1128.119960583448,
  "val_quality": -5.7619658543070384,
  "success": false,
  "singular": false
}