{
  "run_id": "LMPO2-L3-d16-jit5-rf0.5-seed999",
  "seed": 999,
  "model": "LMPO2",
  "grid_params": {
    "model": "LMPO2",
    "L": 3,
    "bond_dim": 16,
    "jitter_start": 5.0,
    "reduction_factor": 0.5
  },
  "n_parameters": 918,
  "train_loss": 1074.4962223338925,
  "train_quality": -4.60985936088419,
  "val_loss": 1008.0516235832143,
  "val_quality": -5.042274666005479,
  "success": false,
  "singular": false
}