{
  "run_id": "LMPO2-L3-d16-jit0.1-rf0.3-seed123",
  "seed": 123,
  "model": "LMPO2",
  "grid_params": {
    "model": "LMPO2",
    "L": 3,
    "bond_dim": 16,
    "jitter_start": 0.1,
    "reduction_factor": 0.3
  },
  "n_parameters": 672,
  "train_loss": 474.771069542148,
  "train_quality": -1.4787420126642234,
  "val_loss": 526.4176347376399,
  "val_quality": -2.1553542137132395,
  "test_loss": 744.6545264743262,
  "test_quality": -3.465388873850719,
  "success": false,
  "singular": false
}