{
  "run_id": "LMPO2-L3-d8-jit5-rf0.1-seed999",
  "seed": 999,
  "model": "LMPO2",
  "grid_params": {
    "model": "LMPO2",
    "L": 3,
    "bond_dim": 8,
    "jitter_start": 5.0,
    "reduction_factor": 0.1
  },
  "n_parameters": 196,
  "train_loss": 1082.557423365837,
  "train_quality": -4.651946250655469,
  "val_loss": 1039.8239015284892,
  "val_quality": -5.23271811713313,
  "success": false,
  "singular": false
}