{
  "run_id": "LMPO2-L3-d8-jit0.1-rf0.5-seed42",
  "seed": 42,
  "model": "LMPO2",
  "grid_params": {
    "model": "LMPO2",
    "L": 3,
    "bond_dim": 8,
    "jitter_start": 0.1,
    "reduction_factor": 0.5
  },
  "n_parameters": 384,
  "train_loss": 482.8003982231889,
  "train_quality": -1.520662499425094,
  "val_loss": 654.9492608142623,
  "val_quality": -2.925774467849316,
  "test_loss": 985.0607032498656,
  "test_quality": -4.907006468067404,
  "success": false,
  "singular": false
}