{
  "run_id": "LMPO2-L3-d8-jit0.1-rf0.3-seed999",
  "seed": 999,
  "model": "LMPO2",
  "grid_params": {
    "model": "LMPO2",
    "L": 3,
    "bond_dim": 8,
    "jitter_start": 0.1,
    "reduction_factor": 0.3
  },
  "n_parameters": 256,
  "train_loss": 525.9662008961936,
  "train_quality": -1.7460277237618138,
  "val_loss": 565.7477511158091,
  "val_quality": -2.391099447631055,
  "test_loss": 1136.6753092828071,
  "test_quality": -5.816177299403376,
  "success": false,
  "singular": false
}