{
  "run_id": "LMPO2-L3-d8-jit5-rf0.1-seed7",
  "seed": 7,
  "model": "LMPO2",
  "grid_params": {
    "model": "LMPO2",
    "L": 3,
    "bond_dim": 8,
    "jitter_start": 5.0,
    "reduction_factor": 0.1
  },
  "n_parameters": 256,
  "train_loss": 617.1900373167439,
  "train_quality": -2.2223001219727845,
  "val_loss": 594.7481726335715,
  "val_quality": -2.564928354941763,
  "test_loss": 864.1559516242214,
  "test_quality": -4.1819900832734955,
  "success": false,
  "singular": false
}