{
  "run_id": "LMPO2-L3-d8-jit5-rf0.3-seed7",
  "seed": 7,
  "model": "LMPO2",
  "grid_params": {
    "model": "LMPO2",
    "L": 3,
    "bond_dim": 8,
    "jitter_start": 5.0,
    "reduction_factor": 0.3
  },
  "n_parameters": 2800,
  "train_loss": 460.4272718024192,
  "train_quality": -1.4038541849098674,
  "val_loss": 585.0895661113258,
  "val_quality": -2.5070345406440055,
  "test_loss": 871.9425190872635,
  "test_quality": -4.228682946176768,
  "success": false,
  "singular": false
}