{
  "run_id": "LMPO2-L3-d12-jit5-rf0.3-seed42",
  "seed": 42,
  "model": "LMPO2",
  "grid_params": {
    "model": "LMPO2",
    "L": 3,
    "bond_dim": 12,
    "jitter_start": 5.0,
    "reduction_factor": 0.3
  },
  "n_parameters": 372,
  "train_loss": 1078.062518217696,
  "train_quality": -4.628478708194674,
  "val_loss": 1023.1766776523157,
  "val_quality": -5.132934438665575,
  "success": false,
  "singular": false
}