{
  "run_id": "LMPO2-L3-d12-jit5-rf0.5-seed999",
  "seed": 999,
  "model": "LMPO2",
  "grid_params": {
    "model": "LMPO2",
    "L": 3,
    "bond_dim": 12,
    "jitter_start": 5.0,
    "reduction_factor": 0.5
  },
  "n_parameters": 558,
  "train_loss": 1496.1717838251839,
  "train_quality": -6.8113939467851745,
  "val_loss": 1303.4149869294688,
  "val_quality": -6.812686543593136,
  "success": false,
  "singular": false
}