{
  "run_id": "LMPO2-L3-d8-jit5-rf0.5-seed999",
  "seed": 999,
  "model": "LMPO2",
  "grid_params": {
    "model": "LMPO2",
    "L": 3,
    "bond_dim": 8,
    "jitter_start": 5.0,
    "reduction_factor": 0.5
  },
  "n_parameters": 384,
  "train_loss": 660.3299402038591,
  "train_quality": -2.4475301255862507,
  "val_loss": 588.8775322507776,
  "val_quality": -2.5297396594143504,
  "test_loss": 954.8037015601953,
  "test_quality": -4.725567594203533,
  "success": false,
  "singular": false
}