{
  "run_id": "LMPO2-L4-d8-jit5-rf0.5-seed123",
  "seed": 123,
  "model": "LMPO2",
  "grid_params": {
    "model": "LMPO2",
    "L": 4,
    "bond_dim": 8,
    "jitter_start": 5.0,
    "reduction_factor": 0.5
  },
  "n_parameters": 648,
  "train_loss": 596.4378493399915,
  "train_quality": -2.113954598219015,
  "val_loss": 697.0839826701958,
  "val_quality": -3.1783305438212306,
  "test_loss": 1228.9062043519423,
  "test_quality": -6.369248284705725,
  "success": false,
  "singular": false
}