{
  "run_id": "LMPO2-L3-d12-jit5-rf0.5-seed123",
  "seed": 123,
  "model": "LMPO2",
  "grid_params": {
    "model": "LMPO2",
    "L": 3,
    "bond_dim": 12,
    "jitter_start": 5.0,
    "reduction_factor": 0.5
  },
  "n_parameters": 648,
  "train_loss": 618.2466775955008,
  "train_quality": -2.2278167568716927,
  "val_loss": 567.3731326490912,
  "val_quality": -2.4008420058804365,
  "test_loss": 768.2238793626701,
  "test_quality": -3.60672465092546,
  "success": false,
  "singular": false
}