{
  "run_id": "LMPO2-L3-d16-jit5-rf0.5-seed256",
  "seed": 256,
  "model": "LMPO2",
  "grid_params": {
    "model": "LMPO2",
    "L": 3,
    "bond_dim": 16,
    "jitter_start": 5.0,
    "reduction_factor": 0.5
  },
  "n_parameters": 1008,
  "train_loss": 608.4812421319082,
  "train_quality": -2.1768321946090605,
  "val_loss": 531.3591908077195,
  "val_quality": -2.184973965672721,
  "test_loss": 842.5344959082828,
  "test_quality": -4.052335049485506,
  "success": false,
  "singular": false
}