{
  "run_id": "LMPO2-L3-d8-jit5-rf0.3-seed256",
  "seed": 256,
  "model": "LMPO2",
  "grid_params": {
    "model": "LMPO2",
    "L": 3,
    "bond_dim": 8,
    "jitter_start": 5.0,
    "reduction_factor": 0.3
  },
  "n_parameters": 256,
  "train_loss": 653.3689075829199,
  "train_quality": -2.4111871276321253,
  "val_loss": 710.8628583717251,
  "val_quality": -3.26092130567274,
  "test_loss": 1213.9035508557772,
  "test_quality": -6.2792835028931435,
  "success": false,
  "singular": false
}