{
  "run_id": "LMPO2-L3-d16-jit5-rf0.5-seed42",
  "seed": 42,
  "model": "LMPO2",
  "grid_params": {
    "model": "LMPO2",
    "L": 3,
    "bond_dim": 16,
    "jitter_start": 5.0,
    "reduction_factor": 0.5
  },
  "n_parameters": 918,
  "train_loss": 1074.2735601533352,
  "train_quality": -4.608696859339791,
  "val_loss": 1024.307783811936,
  "val_quality": -5.139714303836113,
  "success": false,
  "singular": false
}