{
  "run_id": "LMPO2-L3-d16-jit5-rf0.5-seed42",
  "seed": 42,
  "model": "LMPO2",
  "grid_params": {
    "model": "LMPO2",
    "L": 3,
    "bond_dim": 16,
    "jitter_start": 5.0,
    "reduction_factor": 0.5
  },
  "n_parameters": 1008,
  "train_loss": 571.2467444032795,
  "train_quality": -1.982433841884224,
  "val_loss": 566.5791730754382,
  "val_quality": -2.3960830017724297,
  "test_loss": 664.2364681422558,
  "test_quality": -2.983154642853822,
  "success": false,
  "singular": false
}