{
  "run_id": "LMPO2-L3-d12-jit5-rf0.5-seed42",
  "seed": 42,
  "model": "LMPO2",
  "grid_params": {
    "model": "LMPO2",
    "L": 3,
    "bond_dim": 12,
    "jitter_start": 5.0,
    "reduction_factor": 0.5
  },
  "n_parameters": 648,
  "train_loss": 609.6990834022004,
  "train_quality": -2.1831904470702743,
  "val_loss": 573.0070689315933,
  "val_quality": -2.434611893923121,
  "test_loss": 820.026897075712,
  "test_quality": -3.917366177571286,
  "success": false,
  "singular": false
}