{
  "run_id": "LMPO2-L3-d16-jit5-rf0.5-seed999",
  "seed": 999,
  "model": "LMPO2",
  "grid_params": {
    "model": "LMPO2",
    "L": 3,
    "bond_dim": 16,
    "jitter_start": 5.0,
    "reduction_factor": 0.5
  },
  "n_parameters": 1008,
  "train_loss": 643.9306009887873,
  "train_quality": -2.3619104791921868,
  "val_loss": 667.3300617954927,
  "val_quality": -2.9999851514726723,
  "test_loss": 1142.799518871025,
  "test_quality": -5.852901681494808,
  "success": false,
  "singular": false
}