{
  "run_id": "LMPO2-L3-d8-jit0.1-rf0.3-seed7",
  "seed": 7,
  "model": "LMPO2",
  "grid_params": {
    "model": "LMPO2",
    "L": 3,
    "bond_dim": 8,
    "jitter_start": 0.1,
    "reduction_factor": 0.3
  },
  "n_parameters": 256,
  "train_loss": 488.84137346463797,
  "train_quality": -1.5522019509398728,
  "val_loss": 547.5411801796945,
  "val_quality": -2.28196902241426,
  "test_loss": 818.7070019199325,
  "test_quality": -3.9094513057297453,
  "success": false,
  "singular": false
}