{
  "run_id": "LMPO2-L4-d8-jit5-rf0.5-seed123",
  "seed": 123,
  "model": "LMPO2",
  "grid_params": {
    "model": "LMPO2",
    "L": 4,
    "bond_dim": 8,
    "jitter_start": 5.0,
    "reduction_factor": 0.5
  },
  "n_parameters": 504,
  "train_loss": 1064.442394213713,
  "train_quality": -4.557369123486981,
  "val_loss": 1140.1815669740124,
  "val_quality": -5.834263281363384,
  "success": false,
  "singular": false
}