{
  "run_id": "LMPO2-L3-d16-jit5-rf0.3-seed256",
  "seed": 256,
  "model": "LMPO2",
  "grid_params": {
    "model": "LMPO2",
    "L": 3,
    "bond_dim": 16,
    "jitter_start": 5.0,
    "reduction_factor": 0.3
  },
  "n_parameters": 612,
  "train_loss": 1041.3966473068947,
  "train_quality": -4.437049110883337,
  "val_loss": 1039.5676496026153,
  "val_quality": -5.231182139725228,
  "success": false,
  "singular": false
}