{
  "run_id": "LMPO2-L3-d12-jit0.1-rf0.3-seed999",
  "seed": 999,
  "model": "LMPO2",
  "grid_params": {
    "model": "LMPO2",
    "L": 3,
    "bond_dim": 12,
    "jitter_start": 0.1,
    "reduction_factor": 0.3
  },
  "n_parameters": 432,
  "train_loss": 560.2666389796428,
  "train_quality": -1.925107584319083,
  "val_loss": 657.9033457636556,
  "val_quality": -2.9434812918188067,
  "test_loss": 779.6539778261333,
  "test_quality": -3.675266280219547,
  "success": false,
  "singular": false
}