{
  "run_id": "LMPO2-L3-d16-jit0.1-rf0.5-seed256",
  "seed": 256,
  "model": "LMPO2",
  "grid_params": {
    "model": "LMPO2",
    "L": 3,
    "bond_dim": 16,
    "jitter_start": 0.1,
    "reduction_factor": 0.5
  },
  "n_parameters": 1008,
  "train_loss": 477.31835385225713,
  "train_quality": -1.4920411815536778,
  "val_loss": 563.119161169758,
  "val_quality": -2.3753436449848717,
  "test_loss": 744.9717716529935,
  "test_quality": -3.4672912635371302,
  "success": false,
  "singular": false
}