{
  "run_id": "LMPO2-L4-d8-jit5-rf0.5-seed256",
  "seed": 256,
  "model": "LMPO2",
  "grid_params": {
    "model": "LMPO2",
    "L": 4,
    "bond_dim": 8,
    "jitter_start": 5.0,
    "reduction_factor": 0.5
  },
  "n_parameters": 648,
  "train_loss": 667.433567237189,
  "train_quality": -2.484617597632078,
  "val_loss": 602.8818099303443,
  "val_quality": -2.6136814836814155,
  "test_loss": 800.2311761278396,
  "test_quality": -3.7986593290559014,
  "success": false,
  "singular": false
}