{
  "run_id": "LMPO2-L3-d12-jit5-rf0.5-seed256",
  "seed": 256,
  "model": "LMPO2",
  "grid_params": {
    "model": "LMPO2",
    "L": 3,
    "bond_dim": 12,
    "jitter_start": 5.0,
    "reduction_factor": 0.5
  },
  "n_parameters": 648,
  "train_loss": 655.7708717046742,
  "train_quality": -2.423727591370251,
  "val_loss": 685.9834611551858,
  "val_quality": -3.1117938721266016,
  "test_loss": 750.4310889810022,
  "test_quality": -3.5000285584686885,
  "success": false,
  "singular": false
}