{
  "run_id": "LMPO2-L4-d8-jit5-rf0.1-seed42",
  "seed": 42,
  "model": "LMPO2",
  "grid_params": {
    "model": "LMPO2",
    "L": 4,
    "bond_dim": 8,
    "jitter_start": 5.0,
    "reduction_factor": 0.1
  },
  "n_parameters": 432,
  "train_loss": 707.9572076578528,
  "train_quality": -2.6961883028851714,
  "val_loss": 683.1887339358034,
  "val_quality": -3.0950422404829308,
  "test_loss": 759.4402060940668,
  "test_quality": -3.554052551998102,
  "success": false,
  "singular": false
}