{
  "run_id": "LMPO2-L4-d12-jit0.1-rf0.1-seed42",
  "seed": 42,
  "model": "LMPO2",
  "grid_params": {
    "model": "LMPO2",
    "L": 4,
    "bond_dim": 12,
    "jitter_start": 0.1,
    "reduction_factor": 0.1
  },
  "n_parameters": 768,
  "train_loss": 411.9723383962181,
  "train_quality": -1.150874829468886,
  "val_loss": 538.9297729913021,
  "val_quality": -2.2303521346718185,
  "test_loss": 3440.270787212472,
  "test_quality": -19.629897959509517,
  "success": false,
  "singular": false
}