{
  "run_id": "LMPO2-L3-d8-jit5-rf0.3-seed42",
  "seed": 42,
  "model": "LMPO2",
  "grid_params": {
    "model": "LMPO2",
    "L": 3,
    "bond_dim": 8,
    "jitter_start": 5.0,
    "reduction_factor": 0.3
  },
  "n_parameters": 196,
  "train_loss": 1060.9541484422552,
  "train_quality": -4.539157269608546,
  "val_loss": 1071.572513196902,
  "val_quality": -5.423019712286566,
  "success": false,
  "singular": false
}