{
  "run_id": "LMPO2-L3-d16-jit5-rf0.1-seed42",
  "seed": 42,
  "model": "LMPO2",
  "grid_params": {
    "model": "LMPO2",
    "L": 3,
    "bond_dim": 16,
    "jitter_start": 5.0,
    "reduction_factor": 0.1
  },
  "n_parameters": 672,
  "train_loss": 677.0157565784275,
  "train_quality": -2.534645446456853,
  "val_loss": 659.7439113517286,
  "val_quality": -2.954513666117658,
  "test_loss": 841.2750562840073,
  "test_quality": -4.044782704759752,
  "success": false,
  "singular": false
}