{
  "run_id": "LMPO2-L4-d12-jit5-rf0.1-seed42",
  "seed": 42,
  "model": "LMPO2",
  "grid_params": {
    "model": "LMPO2",
    "L": 4,
    "bond_dim": 12,
    "jitter_start": 5.0,
    "reduction_factor": 0.1
  },
  "n_parameters": 672,
  "train_loss": 1064.2530285630298,
  "train_quality": -4.5563804604781835,
  "val_loss": 1135.2823906548317,
  "val_quality": -5.804897554187175,
  "success": false,
  "singular": false
}