{
  "run_id": "LMPO2-L3-d12-jit5-rf0.5-seed7",
  "seed": 7,
  "model": "LMPO2",
  "grid_params": {
    "model": "LMPO2",
    "L": 3,
    "bond_dim": 12,
    "jitter_start": 5.0,
    "reduction_factor": 0.5
  },
  "n_parameters": 558,
  "train_loss": 1080.710930704185,
  "train_quality": -4.642305859253933,
  "val_loss": 1013.9181065511723,
  "val_quality": -5.077438441933785,
  "success": false,
  "singular": false
}