{
  "run_id": "LMPO2-L3-d12-jit0.1-rf0.5-seed999",
  "seed": 999,
  "model": "LMPO2",
  "grid_params": {
    "model": "LMPO2",
    "L": 3,
    "bond_dim": 12,
    "jitter_start": 0.1,
    "reduction_factor": 0.5
  },
  "n_parameters": 648,
  "train_loss": 518.7885339973682,
  "train_quality": -1.7085536954639533,
  "val_loss": 603.4291190043908,
  "val_quality": -2.6169620614566202,
  "test_loss": 935.4315270723051,
  "test_quality": -4.609400580715968,
  "success": false,
  "singular": false
}