{
  "run_id": "LMPO2-L4-d12-jit5-rf0.5-seed256",
  "seed": 256,
  "model": "LMPO2",
  "grid_params": {
    "model": "LMPO2",
    "L": 4,
    "bond_dim": 12,
    "jitter_start": 5.0,
    "reduction_factor": 0.5
  },
  "n_parameters": 1152,
  "train_loss": 730.8349011941808,
  "train_quality": -2.8156309222007083,
  "val_loss": 860.1328120628243,
  "val_quality": -4.155647367793988,
  "test_loss": 900.1728715621972,
  "test_quality": -4.397968832939974,
  "success": false,
  "singular": false
}