{
  "run_id": "LMPO2-L3-d8-jit5-rf0.5-seed7",
  "seed": 7,
  "model": "LMPO2",
  "grid_params": {
    "model": "LMPO2",
    "L": 3,
    "bond_dim": 8,
    "jitter_start": 5.0,
    "reduction_factor": 0.5
  },
  "n_parameters": 384,
  "train_loss": 867.3539376069581,
  "train_quality": -3.5283859588779096,
  "val_loss": 824.4146486068437,
  "val_quality": -3.941552227111445,
  "test_loss": 938.8882016870341,
  "test_quality": -4.630128845725265,
  "success": false,
  "singular": false
}