{
  "run_id": "LMPO2-L3-d12-jit0.1-rf0.1-seed42",
  "seed": 42,
  "model": "LMPO2",
  "grid_params": {
    "model": "LMPO2",
    "L": 3,
    "bond_dim": 12,
    "jitter_start": 0.1,
    "reduction_factor": 0.1
  },
  "n_parameters": 432,
  "train_loss": 507.9528079877808,
  "train_quality": -1.651981231342277,
  "val_loss": 555.493631314376,
  "val_quality": -2.329636118919626,
  "test_loss": 812.6084841359099,
  "test_quality": -3.8728809868884833,
  "success": false,
  "singular": false
}