{
  "run_id": "LMPO2-L3-d12-jit5-rf0.5-seed42",
  "seed": 42,
  "model": "LMPO2",
  "grid_params": {
    "model": "LMPO2",
    "L": 3,
    "bond_dim": 12,
    "jitter_start": 5.0,
    "reduction_factor": 0.5
  },
  "n_parameters": 558,
  "train_loss": 1076.206937806629,
  "train_quality": -4.618790870375862,
  "val_loss": 1024.569519633633,
  "val_quality": -5.141283151787575,
  "success": false,
  "singular": false
}