{
  "run_id": "LMPO2-L4-d12-jit5-rf0.5-seed7",
  "seed": 7,
  "model": "LMPO2",
  "grid_params": {
    "model": "LMPO2",
    "L": 4,
    "bond_dim": 12,
    "jitter_start": 5.0,
    "reduction_factor": 0.5
  },
  "n_parameters": 1152,
  "train_loss": 780.1276999624507,
  "train_quality": -3.0729847060918454,
  "val_loss": 921.8994531653929,
  "val_quality": -4.525877425468702,
  "test_loss": 1013.9565863487029,
  "test_quality": -5.080283269996691,
  "success": false,
  "singular": false
}