{
  "run_id": "LMPO2-L4-d8-jit0.1-rf0.5-seed123",
  "seed": 123,
  "model": "LMPO2",
  "grid_params": {
    "model": "LMPO2",
    "L": 4,
    "bond_dim": 8,
    "jitter_start": 0.1,
    "reduction_factor": 0.5
  },
  "n_parameters": 648,
  "train_loss": 421.38183974149354,
  "train_quality": -1.200001087994384,
  "val_loss": 540.7761480630124,
  "val_quality": -2.2414193310918624,
  "test_loss": 5471.81843632729,
  "test_quality": -31.81225896925981,
  "success": false,
  "singular": false
}