{
  "run_id": "LMPO2-L4-d12-jit5-rf0.1-seed256",
  "seed": 256,
  "model": "LMPO2",
  "grid_params": {
    "model": "LMPO2",
    "L": 4,
    "bond_dim": 12,
    "jitter_start": 5.0,
    "reduction_factor": 0.1
  },
  "n_parameters": 768,
  "train_loss": 694.004687496922,
  "train_quality": -2.6233433042655294,
  "val_loss": 758.1772390149932,
  "val_quality": -3.5445243244173046,
  "test_loss": 1439.1472888471958,
  "test_quality": -7.629978148225572,
  "success": false,
  "singular": false
}