{
  "run_id": "LMPO2-L3-d12-jit5-rf0.5-seed256",
  "seed": 256,
  "model": "LMPO2",
  "grid_params": {
    "model": "LMPO2",
    "L": 3,
    "bond_dim": 12,
    "jitter_start": 5.0,
    "reduction_factor": 0.5
  },
  "n_parameters": 558,
  "train_loss": 909.9696178642923,
  "train_quality": -3.750879037813803,
  "val_loss": 1004.4912893523261,
  "val_quality": -5.02093397588354,
  "success": false,
  "singular": false
}