{
  "run_id": "LMPO2-L4-d12-jit5-rf0.3-seed42",
  "seed": 42,
  "model": "LMPO2",
  "grid_params": {
    "model": "LMPO2",
    "L": 4,
    "bond_dim": 12,
    "jitter_start": 5.0,
    "reduction_factor": 0.3
  },
  "n_parameters": 768,
  "train_loss": 591.210478050754,
  "train_quality": -2.0866629082621615,
  "val_loss": 742.1716611170054,
  "val_quality": -3.448586680366871,
  "test_loss": 831.6075838177284,
  "test_quality": -3.986810823230246,
  "success": false,
  "singular": false
}