{
  "run_id": "LMPO2-L4-d12-jit5-rf0.1-seed7",
  "seed": 7,
  "model": "LMPO2",
  "grid_params": {
    "model": "LMPO2",
    "L": 4,
    "bond_dim": 12,
    "jitter_start": 5.0,
    "reduction_factor": 0.1
  },
  "n_parameters": 768,
  "train_loss": 597.7042249601155,
  "train_quality": -2.1205662446625153,
  "val_loss": 621.27906608111,
  "val_quality": -2.723954878578249,
  "test_loss": 738.8348351643965,
  "test_quality": -3.430490563425285,
  "success": false,
  "singular": false
}