{
  "run_id": "LMPO2-L3-d16-jit0.1-rf0.5-seed42",
  "seed": 42,
  "model": "LMPO2",
  "grid_params": {
    "model": "LMPO2",
    "L": 3,
    "bond_dim": 16,
    "jitter_start": 0.1,
    "reduction_factor": 0.5
  },
  "n_parameters": 1008,
  "train_loss": 472.1874752439374,
  "train_quality": -1.4652532722133151,
  "val_loss": 616.9474078481426,
  "val_quality": -2.6979908622614857,
  "test_loss": 774.0379793291012,
  "test_quality": -3.6415894323489733,
  "success": false,
  "singular": false
}