{
  "run_id": "LMPO2-L3-d8-jit5-rf0.3-seed7",
  "seed": 7,
  "model": "LMPO2",
  "grid_params": {
    "model": "LMPO2",
    "L": 3,
    "bond_dim": 8,
    "jitter_start": 5.0,
    "reduction_factor": 0.3
  },
  "n_parameters": 12720,
  "train_loss": 143.30620139283965,
  "train_quality": 0.5552763819095478,
  "val_loss": 86.53264037463354,
  "val_quality": 0.5882352941176471,
  "test_loss": 144.41088695399134,
  "test_quality": 0.4418604651162791,
  "success": true,
  "singular": true
}