{
  "run_id": "LMPO2TypeI_GTN-L3-d12-rf0.3-seed999",
  "seed": 999,
  "model": "LMPO2TypeI_GTN",
  "dataset": "popularity",
  "task": "regression",
  "params": {
    "init_strength": 0.01,
    "batch_size": 64,
    "n_epochs": 1000,
    "patience": 40,
    "min_delta": 1e-08,
    "optimizer": "adamw",
    "bond_dim_mpo": 2,
    "seeds": [
      42,
      7,
      123,
      256,
      999
    ],
    "model": "LMPO2TypeI_GTN",
    "L": 3,
    "bond_dim": 12,
    "lr": 0.001,
    "reduction_factor": 0.3
  },
  "n_parameters": 193579,
  "train_loss": 118825226.38414828,
  "train_quality": 0.003899307871798152,
  "val_loss": 233158317.72362998,
  "val_quality": 0.0037996831309676793,
  "test_loss": 111290198.02251911,
  "test_quality": 0.014841937979876318,
  "best_epoch": 22,
  "stopped_early": true,
  "patience_counter": 40,
  "success": true
}