{
  "run_id": "LMPO2-L4-d12-rf0.3-seed999",
  "seed": 999,
  "model": "LMPO2",
  "dataset": "popularity",
  "task": "regression",
  "params": {
    "init_strength": 0.01,
    "bond_dim_mpo": 2,
    "batch_size": 64,
    "n_epochs": 1000,
    "patience": 40,
    "min_delta": 1e-08,
    "optimizer": "adamw",
    "seeds": [
      42,
      7,
      123,
      256,
      999
    ],
    "model": "LMPO2",
    "L": 4,
    "bond_dim": 12,
    "lr": 0.001,
    "reduction_factor": 0.3
  },
  "n_parameters": 17136,
  "train_loss": 1058565773.8227496,
  "train_quality": -7.873857278076544,
  "val_loss": 246135839.83068323,
  "val_quality": -0.06301716541541347,
  "test_loss": 122660366.13354704,
  "test_quality": -0.08580855038421742,
  "best_epoch": 147,
  "stopped_early": true,
  "patience_counter": 40,
  "success": true
}