{
  "run_id": "LMPO2-L4-d8-rf0.3-seed42",
  "seed": 42,
  "model": "LMPO2",
  "dataset": "popularity",
  "task": "regression",
  "params": {
    "output_site": 1,
    "init_strength": 0.01,
    "reduction_factor": 0.3,
    "rank": 5,
    "batch_size": 64,
    "n_epochs": 1000,
    "patience": 40,
    "min_delta": 1e-08,
    "optimizer": "adamw",
    "seeds": [
      42,
      7,
      123,
      256,
      999
    ],
    "model": "LMPO2",
    "L": 4,
    "bond_dim": 8,
    "lr": 0.01
  },
  "n_parameters": 42480,
  "train_loss": 130669613.51697248,
  "train_quality": -0.09539107498595079,
  "val_loss": 245164298.06944317,
  "val_quality": -0.059436394378324486,
  "test_loss": 123111513.4135319,
  "test_quality": -0.08980217594992612,
  "best_epoch": 84,
  "stopped_early": true,
  "patience_counter": 40,
  "success": true
}