{
  "run_id": "LMPO2-L4-d8-rf0.1-seed123",
  "seed": 123,
  "model": "LMPO2",
  "dataset": "popularity",
  "task": "regression",
  "params": {
    "init_strength": 0.01,
    "bond_dim_mpo": 2,
    "batch_size": 64,
    "n_epochs": 1000,
    "patience": 40,
    "min_delta": 1e-08,
    "optimizer": "adamw",
    "seeds": [
      42,
      7,
      123,
      256,
      999
    ],
    "model": "LMPO2",
    "L": 4,
    "bond_dim": 8,
    "lr": 0.001,
    "reduction_factor": 0.1
  },
  "n_parameters": 4200,
  "train_loss": 93421749.45774873,
  "train_quality": 0.21685426465044633,
  "val_loss": 261993281.46629083,
  "val_quality": -0.020456037845871355,
  "test_loss": 134427265.17452142,
  "test_quality": -0.18997096235914368,
  "best_epoch": 268,
  "stopped_early": true,
  "patience_counter": 40,
  "success": true
}