{
  "run_id": "LMPO2-L3-d16-rf0.5-seed256",
  "seed": 256,
  "model": "LMPO2",
  "dataset": "popularity",
  "task": "regression",
  "params": {
    "init_strength": 0.01,
    "bond_dim_mpo": 2,
    "batch_size": 64,
    "n_epochs": 1000,
    "patience": 40,
    "min_delta": 1e-08,
    "optimizer": "adamw",
    "seeds": [
      42,
      7,
      123,
      256,
      999
    ],
    "model": "LMPO2",
    "L": 3,
    "bond_dim": 16,
    "lr": 0.001,
    "reduction_factor": 0.5
  },
  "n_parameters": 21808,
  "train_loss": 210867801.78351042,
  "train_quality": -0.7676849411172535,
  "val_loss": 254049922.4382904,
  "val_quality": -0.015296397220819324,
  "test_loss": 114960039.74617793,
  "test_quality": -0.0176440690956865,
  "best_epoch": 118,
  "stopped_early": true,
  "patience_counter": 40,
  "success": true
}