{
  "run_id": "LMPO2-L3-d16-rf0.5-seed7",
  "seed": 7,
  "model": "LMPO2",
  "dataset": "popularity",
  "task": "regression",
  "params": {
    "output_site": 1,
    "init_strength": 0.01,
    "reduction_factor": 0.5,
    "rank": 5,
    "batch_size": 64,
    "n_epochs": 1000,
    "patience": 40,
    "min_delta": 1e-08,
    "optimizer": "adamw",
    "seeds": [
      42,
      7,
      123,
      256,
      999
    ],
    "model": "LMPO2",
    "L": 3,
    "bond_dim": 16,
    "lr": 0.01
  },
  "n_parameters": 84960,
  "train_loss": 130669610.29099953,
  "train_quality": -0.09539104794292186,
  "val_loss": 245164291.73411962,
  "val_quality": -0.05943528775483098,
  "test_loss": 123111511.27981104,
  "test_quality": -0.08980215706189898,
  "best_epoch": 51,
  "stopped_early": true,
  "patience_counter": 40,
  "success": true
}