{
  "run_id": "LMPO2-L3-d16-rf0.1-seed7",
  "seed": 7,
  "model": "LMPO2",
  "dataset": "popularity",
  "task": "regression",
  "params": {
    "init_strength": 0.01,
    "bond_dim_mpo": 2,
    "batch_size": 64,
    "n_epochs": 1000,
    "patience": 40,
    "min_delta": 1e-08,
    "optimizer": "adamw",
    "seeds": [
      42,
      7,
      123,
      256,
      999
    ],
    "model": "LMPO2",
    "L": 3,
    "bond_dim": 16,
    "lr": 0.001,
    "reduction_factor": 0.1
  },
  "n_parameters": 3760,
  "train_loss": 93991479.85046113,
  "train_quality": 0.21207826837611365,
  "val_loss": 267999621.4044203,
  "val_quality": -0.017282418611625827,
  "test_loss": 117316046.12206912,
  "test_quality": -0.03849980227454486,
  "best_epoch": 166,
  "stopped_early": true,
  "patience_counter": 40,
  "success": true
}