{
  "run_id": "LMPO2TypeI_GTN-L3-d16-rf0.3-seed999",
  "seed": 999,
  "model": "LMPO2TypeI_GTN",
  "dataset": "popularity",
  "task": "regression",
  "params": {
    "init_strength": 0.01,
    "batch_size": 64,
    "n_epochs": 1000,
    "patience": 40,
    "min_delta": 1e-08,
    "optimizer": "adamw",
    "bond_dim_mpo": 2,
    "seeds": [
      42,
      7,
      123,
      256,
      999
    ],
    "model": "LMPO2TypeI_GTN",
    "L": 3,
    "bond_dim": 16,
    "lr": 0.001,
    "reduction_factor": 0.3
  },
  "n_parameters": 321963,
  "train_loss": 110543934.55779645,
  "train_quality": 0.07332059803855506,
  "val_loss": 240198203.39790863,
  "val_quality": 0.003997995593980841,
  "test_loss": 112945637.28920457,
  "test_quality": 0.0001877333083215582,
  "best_epoch": 152,
  "stopped_early": true,
  "patience_counter": 40,
  "success": true
}