{
  "run_id": "LMPO2-L3-d16-rf0.5-seed7",
  "seed": 7,
  "model": "LMPO2",
  "dataset": "popularity",
  "task": "regression",
  "params": {
    "init_strength": 0.01,
    "bond_dim_mpo": 2,
    "batch_size": 64,
    "n_epochs": 1000,
    "patience": 40,
    "min_delta": 1e-08,
    "optimizer": "adamw",
    "seeds": [
      42,
      7,
      123,
      256,
      999
    ],
    "model": "LMPO2",
    "L": 3,
    "bond_dim": 16,
    "lr": 0.001,
    "reduction_factor": 0.5
  },
  "n_parameters": 21808,
  "train_loss": 87388717.35773082,
  "train_quality": 0.2674286050773811,
  "val_loss": 282122264.89871526,
  "val_quality": -0.014223594368665715,
  "test_loss": 148819904.7914527,
  "test_quality": -0.3173768364101637,
  "best_epoch": 120,
  "stopped_early": true,
  "patience_counter": 40,
  "success": true
}