{
  "run_id": "LMPO2-L3-d12-rf0.1-seed42",
  "seed": 42,
  "model": "LMPO2",
  "dataset": "popularity",
  "task": "regression",
  "params": {
    "init_strength": 0.01,
    "bond_dim_mpo": 2,
    "batch_size": 64,
    "n_epochs": 1000,
    "patience": 40,
    "min_delta": 1e-08,
    "optimizer": "adamw",
    "seeds": [
      42,
      7,
      123,
      256,
      999
    ],
    "model": "LMPO2",
    "L": 3,
    "bond_dim": 12,
    "lr": 0.001,
    "reduction_factor": 0.1
  },
  "n_parameters": 3160,
  "train_loss": 91620813.49179061,
  "train_quality": 0.23195134139717777,
  "val_loss": 274726692.2052351,
  "val_quality": -0.05178691113192113,
  "test_loss": 131269114.49640039,
  "test_quality": -0.1620145236349031,
  "best_epoch": 104,
  "stopped_early": true,
  "patience_counter": 40,
  "success": true
}