{
  "run_id": "LMPO2-L3-d12-rf0.3-seed7",
  "seed": 7,
  "model": "LMPO2",
  "dataset": "popularity",
  "task": "regression",
  "params": {
    "output_site": 1,
    "init_strength": 0.01,
    "reduction_factor": 0.3,
    "rank": 5,
    "batch_size": 64,
    "n_epochs": 1000,
    "patience": 40,
    "min_delta": 1e-08,
    "optimizer": "adamw",
    "seeds": [
      42,
      7,
      123,
      256,
      999
    ],
    "model": "LMPO2",
    "L": 3,
    "bond_dim": 12,
    "lr": 0.01
  },
  "n_parameters": 49560,
  "train_loss": 130669613.22391917,
  "train_quality": -0.09539107252931056,
  "val_loss": 245164297.01811448,
  "val_quality": -0.05932272611160916,
  "test_loss": 123111513.33328424,
  "test_quality": -0.08980217523956191,
  "best_epoch": 37,
  "stopped_early": true,
  "patience_counter": 40,
  "success": true
}