{
  "run_id": "LMPO2-L4-d16-rf0.3-seed42",
  "seed": 42,
  "model": "LMPO2",
  "dataset": "popularity",
  "task": "regression",
  "params": {
    "init_strength": 0.01,
    "bond_dim_mpo": 2,
    "batch_size": 64,
    "n_epochs": 1000,
    "patience": 40,
    "min_delta": 1e-08,
    "optimizer": "adamw",
    "seeds": [
      42,
      7,
      123,
      256,
      999
    ],
    "model": "LMPO2",
    "L": 4,
    "bond_dim": 16,
    "lr": 0.001,
    "reduction_factor": 0.3
  },
  "n_parameters": 21080,
  "train_loss": 130836890.73109664,
  "train_quality": -0.09679334413229856,
  "val_loss": 248913649.57900643,
  "val_quality": -0.05509359098215061,
  "test_loss": 122720887.31976567,
  "test_quality": -0.08634429329406679,
  "best_epoch": 200,
  "stopped_early": true,
  "patience_counter": 40,
  "success": true
}