{
  "run_id": "LMPO2-L4-d16-rf0.3-seed256",
  "seed": 256,
  "model": "LMPO2",
  "dataset": "popularity",
  "task": "regression",
  "params": {
    "init_strength": 0.01,
    "bond_dim_mpo": 2,
    "batch_size": 64,
    "n_epochs": 1000,
    "patience": 40,
    "min_delta": 1e-08,
    "optimizer": "adamw",
    "seeds": [
      42,
      7,
      123,
      256,
      999
    ],
    "model": "LMPO2",
    "L": 4,
    "bond_dim": 16,
    "lr": 0.001,
    "reduction_factor": 0.3
  },
  "n_parameters": 21080,
  "train_loss": 173953759.2832341,
  "train_quality": -0.45823799619916383,
  "val_loss": 323335813.3704059,
  "val_quality": -0.07112396461971038,
  "test_loss": 123868702.26828742,
  "test_quality": -0.09650492891459672,
  "best_epoch": 156,
  "stopped_early": true,
  "patience_counter": 40,
  "success": true
}