{
  "run_id": "LMPO2-L3-d12-rf0.1-seed256",
  "seed": 256,
  "model": "LMPO2",
  "dataset": "popularity",
  "task": "regression",
  "params": {
    "output_site": 1,
    "init_strength": 0.01,
    "reduction_factor": 0.1,
    "rank": 5,
    "batch_size": 64,
    "n_epochs": 1000,
    "patience": 40,
    "min_delta": 1e-08,
    "optimizer": "adamw",
    "seeds": [
      42,
      7,
      123,
      256,
      999
    ],
    "model": "LMPO2",
    "L": 3,
    "bond_dim": 12,
    "lr": 0.01
  },
  "n_parameters": 49560,
  "train_loss": 130669613.78174186,
  "train_quality": -0.095391077205488,
  "val_loss": 245164297.85566127,
  "val_quality": -0.05920141227957698,
  "test_loss": 123111513.3785651,
  "test_quality": -0.08980217564039461,
  "best_epoch": 34,
  "stopped_early": true,
  "patience_counter": 40,
  "success": true
}