{
  "run_id": "LMPO2-L3-d8-rf0.5-seed7",
  "seed": 7,
  "model": "LMPO2",
  "dataset": "popularity",
  "task": "regression",
  "params": {
    "init_strength": 0.01,
    "bond_dim_mpo": 2,
    "batch_size": 64,
    "n_epochs": 1000,
    "patience": 40,
    "min_delta": 1e-08,
    "optimizer": "adamw",
    "seeds": [
      42,
      7,
      123,
      256,
      999
    ],
    "model": "LMPO2",
    "L": 3,
    "bond_dim": 8,
    "lr": 0.001,
    "reduction_factor": 0.5
  },
  "n_parameters": 15776,
  "train_loss": 95841182.76639992,
  "train_quality": 0.19657238287633272,
  "val_loss": 259952847.51352108,
  "val_quality": -0.02306070395848625,
  "test_loss": 120325786.87428494,
  "test_quality": -0.06514249335894728,
  "best_epoch": 90,
  "stopped_early": true,
  "patience_counter": 40,
  "success": true
}