{
  "run_id": "LMPO2-L3-d16-rf0.3-seed123",
  "seed": 123,
  "model": "LMPO2",
  "dataset": "popularity",
  "task": "regression",
  "params": {
    "init_strength": 0.01,
    "bond_dim_mpo": 2,
    "batch_size": 64,
    "n_epochs": 1000,
    "patience": 40,
    "min_delta": 1e-08,
    "optimizer": "adamw",
    "seeds": [
      42,
      7,
      123,
      256,
      999
    ],
    "model": "LMPO2",
    "L": 3,
    "bond_dim": 16,
    "lr": 0.001,
    "reduction_factor": 0.3
  },
  "n_parameters": 12784,
  "train_loss": 94273978.01369989,
  "train_quality": 0.20971011285485008,
  "val_loss": 369668973.18834317,
  "val_quality": -0.01731340026732142,
  "test_loss": 117595870.31422101,
  "test_quality": -0.04097684934378387,
  "best_epoch": 98,
  "stopped_early": true,
  "patience_counter": 40,
  "success": true
}