{
  "run_id": "LMPO2-L4-d16-rf0.1-seed42",
  "seed": 42,
  "model": "LMPO2",
  "dataset": "popularity",
  "task": "regression",
  "params": {
    "init_strength": 0.01,
    "bond_dim_mpo": 2,
    "batch_size": 64,
    "n_epochs": 1000,
    "patience": 40,
    "min_delta": 1e-08,
    "optimizer": "adamw",
    "seeds": [
      42,
      7,
      123,
      256,
      999
    ],
    "model": "LMPO2",
    "L": 4,
    "bond_dim": 16,
    "lr": 0.001,
    "reduction_factor": 0.1
  },
  "n_parameters": 6200,
  "train_loss": 129680232.28402138,
  "train_quality": -0.08709718520420306,
  "val_loss": 244658321.1084201,
  "val_quality": -0.057249899805313254,
  "test_loss": 122704291.1455387,
  "test_quality": -0.08619738139051303,
  "best_epoch": 215,
  "stopped_early": true,
  "patience_counter": 40,
  "success": true
}