{
  "run_id": "LMPO2TypeI_GTN-L4-d12-rf0.1-seed256",
  "seed": 256,
  "model": "LMPO2TypeI_GTN",
  "dataset": "popularity",
  "task": "regression",
  "params": {
    "init_strength": 0.01,
    "batch_size": 64,
    "n_epochs": 1000,
    "patience": 40,
    "min_delta": 1e-08,
    "optimizer": "adamw",
    "bond_dim_mpo": 2,
    "seeds": [
      42,
      7,
      123,
      256,
      999
    ],
    "model": "LMPO2TypeI_GTN",
    "L": 4,
    "bond_dim": 12,
    "lr": 0.001,
    "reduction_factor": 0.1
  },
  "n_parameters": 148975,
  "train_loss": 130246838.77044973,
  "train_quality": -0.09184699406609398,
  "val_loss": 232901371.39493528,
  "val_quality": 0.001648202754350181,
  "test_loss": 111636303.9955833,
  "test_quality": 0.011778154324746937,
  "best_epoch": 33,
  "stopped_early": true,
  "patience_counter": 40,
  "success": true
}