{
  "run_id": "LMPO2-L3-d12-rf0.5-seed256",
  "seed": 256,
  "model": "LMPO2",
  "dataset": "popularity",
  "task": "regression",
  "params": {
    "init_strength": 0.01,
    "bond_dim_mpo": 2,
    "batch_size": 64,
    "n_epochs": 1000,
    "patience": 40,
    "min_delta": 1e-08,
    "optimizer": "adamw",
    "seeds": [
      42,
      7,
      123,
      256,
      999
    ],
    "model": "LMPO2",
    "L": 3,
    "bond_dim": 12,
    "lr": 0.001,
    "reduction_factor": 0.5
  },
  "n_parameters": 18328,
  "train_loss": 94823153.80988723,
  "train_quality": 0.2051064238291398,
  "val_loss": 262095731.9859726,
  "val_quality": -0.009402515191449856,
  "test_loss": 118749952.64289315,
  "test_quality": -0.051192964783673967,
  "best_epoch": 107,
  "stopped_early": true,
  "patience_counter": 40,
  "success": true
}