{
  "run_id": "LMPO2-L4-d8-rf0.5-seed256",
  "seed": 256,
  "model": "LMPO2",
  "dataset": "popularity",
  "task": "regression",
  "params": {
    "init_strength": 0.01,
    "bond_dim_mpo": 2,
    "batch_size": 64,
    "n_epochs": 1000,
    "patience": 40,
    "min_delta": 1e-08,
    "optimizer": "adamw",
    "seeds": [
      42,
      7,
      123,
      256,
      999
    ],
    "model": "LMPO2",
    "L": 4,
    "bond_dim": 8,
    "lr": 0.001,
    "reduction_factor": 0.5
  },
  "n_parameters": 24360,
  "train_loss": 131540702.33422664,
  "train_quality": -0.10269333057742602,
  "val_loss": 248736137.34434813,
  "val_quality": -0.07487149872468546,
  "test_loss": 123020649.62246186,
  "test_quality": -0.08899783560451469,
  "best_epoch": 108,
  "stopped_early": true,
  "patience_counter": 40,
  "success": true
}