{
  "run_id": "LMPO2TypeI_GTN-L4-d8-rf0.5-seed999",
  "seed": 999,
  "model": "LMPO2TypeI_GTN",
  "dataset": "popularity",
  "task": "regression",
  "params": {
    "init_strength": 0.01,
    "batch_size": 64,
    "n_epochs": 1000,
    "patience": 40,
    "min_delta": 1e-08,
    "optimizer": "adamw",
    "bond_dim_mpo": 2,
    "seeds": [
      42,
      7,
      123,
      256,
      999
    ],
    "model": "LMPO2TypeI_GTN",
    "L": 4,
    "bond_dim": 8,
    "lr": 0.001,
    "reduction_factor": 0.5
  },
  "n_parameters": 412351,
  "train_loss": 121682129.37804185,
  "train_quality": -0.020049841110764133,
  "val_loss": 263608726.52118072,
  "val_quality": -0.005150130767214822,
  "test_loss": 114239400.53928553,
  "test_quality": -0.011264859272245742,
  "best_epoch": 62,
  "stopped_early": true,
  "patience_counter": 40,
  "success": true
}