{
  "run_id": "LMPO2TypeI_GTN-L3-d12-rf0.3-seed42",
  "seed": 42,
  "model": "LMPO2TypeI_GTN",
  "dataset": "popularity",
  "task": "regression",
  "params": {
    "init_strength": 0.01,
    "batch_size": 64,
    "n_epochs": 1000,
    "patience": 40,
    "min_delta": 1e-08,
    "optimizer": "adamw",
    "bond_dim_mpo": 2,
    "seeds": [
      42,
      7,
      123,
      256,
      999
    ],
    "model": "LMPO2TypeI_GTN",
    "L": 3,
    "bond_dim": 12,
    "lr": 0.001,
    "reduction_factor": 0.3
  },
  "n_parameters": 193579,
  "train_loss": 108243940.63495462,
  "train_quality": 0.09260123067986603,
  "val_loss": 247357086.43523207,
  "val_quality": 0.0034156931804041335,
  "test_loss": 112602057.9177029,
  "test_quality": 0.0032291510952695557,
  "best_epoch": 16,
  "stopped_early": true,
  "patience_counter": 40,
  "success": true
}