{
  "run_id": "LMPO2-L4-d16-rf0.3-seed7",
  "seed": 7,
  "model": "LMPO2",
  "dataset": "popularity",
  "task": "regression",
  "params": {
    "init_strength": 0.01,
    "bond_dim_mpo": 2,
    "batch_size": 64,
    "n_epochs": 1000,
    "patience": 40,
    "min_delta": 1e-08,
    "optimizer": "adamw",
    "seeds": [
      42,
      7,
      123,
      256,
      999
    ],
    "model": "LMPO2",
    "L": 4,
    "bond_dim": 16,
    "lr": 0.001,
    "reduction_factor": 0.3
  },
  "n_parameters": 21080,
  "train_loss": 2366506800.435641,
  "train_quality": -18.83820383576824,
  "val_loss": 246225982.14099297,
  "val_quality": -0.05448907839413186,
  "test_loss": 122870484.38484024,
  "test_quality": -0.08766854967361759,
  "best_epoch": 239,
  "stopped_early": true,
  "patience_counter": 40,
  "success": true
}