{
  "run_id": "LMPO2-L3-d8-rf0.1-seed7",
  "seed": 7,
  "model": "LMPO2",
  "dataset": "popularity",
  "task": "regression",
  "params": {
    "init_strength": 0.01,
    "bond_dim_mpo": 2,
    "batch_size": 64,
    "n_epochs": 1000,
    "patience": 40,
    "min_delta": 1e-08,
    "optimizer": "adamw",
    "seeds": [
      42,
      7,
      123,
      256,
      999
    ],
    "model": "LMPO2",
    "L": 3,
    "bond_dim": 8,
    "lr": 0.001,
    "reduction_factor": 0.1
  },
  "n_parameters": 2720,
  "train_loss": 93352411.64555928,
  "train_quality": 0.21743551700581032,
  "val_loss": 281197999.6495298,
  "val_quality": -0.019787655565816964,
  "test_loss": 127489214.65970409,
  "test_quality": -0.12855426510434964,
  "best_epoch": 148,
  "stopped_early": true,
  "patience_counter": 40,
  "success": true
}