{
  "run_id": "LMPO2-L4-d16-rf0.3-seed999",
  "seed": 999,
  "model": "LMPO2",
  "dataset": "popularity",
  "task": "regression",
  "params": {
    "init_strength": 0.01,
    "bond_dim_mpo": 2,
    "batch_size": 64,
    "n_epochs": 1000,
    "patience": 40,
    "min_delta": 1e-08,
    "optimizer": "adamw",
    "seeds": [
      42,
      7,
      123,
      256,
      999
    ],
    "model": "LMPO2",
    "L": 4,
    "bond_dim": 16,
    "lr": 0.001,
    "reduction_factor": 0.3
  },
  "n_parameters": 21080,
  "train_loss": 129684504.94128858,
  "train_quality": -0.08713300248804545,
  "val_loss": 244720160.5150297,
  "val_quality": -0.05359529623888326,
  "test_loss": 122445431.21819788,
  "test_quality": -0.08390591323891372,
  "best_epoch": 172,
  "stopped_early": true,
  "patience_counter": 40,
  "success": true
}