{
  "run_id": "LMPO2TypeI_GTN-L4-d12-rf0.3-seed123",
  "seed": 123,
  "model": "LMPO2TypeI_GTN",
  "dataset": "popularity",
  "task": "regression",
  "params": {
    "init_strength": 0.01,
    "batch_size": 64,
    "n_epochs": 1000,
    "patience": 40,
    "min_delta": 1e-08,
    "optimizer": "adamw",
    "bond_dim_mpo": 2,
    "seeds": [
      42,
      7,
      123,
      256,
      999
    ],
    "model": "LMPO2TypeI_GTN",
    "L": 4,
    "bond_dim": 12,
    "lr": 0.001,
    "reduction_factor": 0.3
  },
  "n_parameters": 506515,
  "train_loss": 137245400.12032837,
  "train_quality": -0.15051527534483933,
  "val_loss": 319037796.61979735,
  "val_quality": 0.0008089453391618706,
  "test_loss": 118745718.72117722,
  "test_quality": -0.05115548545318083,
  "best_epoch": 50,
  "stopped_early": true,
  "patience_counter": 40,
  "success": true
}