{
  "run_id": "LMPO2-L3-d8-rf0.3-seed123",
  "seed": 123,
  "model": "LMPO2",
  "dataset": "popularity",
  "task": "regression",
  "params": {
    "output_site": 1,
    "init_strength": 0.01,
    "reduction_factor": 0.3,
    "rank": 5,
    "batch_size": 64,
    "n_epochs": 1000,
    "patience": 40,
    "min_delta": 1e-08,
    "optimizer": "adamw",
    "seeds": [
      42,
      7,
      123,
      256,
      999
    ],
    "model": "LMPO2",
    "L": 3,
    "bond_dim": 8,
    "lr": 0.01
  },
  "n_parameters": 23600,
  "train_loss": 130669612.74281242,
  "train_quality": -0.09539106849623824,
  "val_loss": 245164294.12299916,
  "val_quality": -0.05919386553666772,
  "test_loss": 123111513.58576958,
  "test_quality": -0.08980217747460117,
  "best_epoch": 37,
  "stopped_early": true,
  "patience_counter": 40,
  "success": true
}