{
  "run_id": "LMPO2TypeI_GTN-L4-d8-rf0.3-seed123",
  "seed": 123,
  "model": "LMPO2TypeI_GTN",
  "dataset": "popularity",
  "task": "regression",
  "params": {
    "init_strength": 0.01,
    "batch_size": 64,
    "n_epochs": 1000,
    "patience": 40,
    "min_delta": 1e-08,
    "optimizer": "adamw",
    "bond_dim_mpo": 2,
    "seeds": [
      42,
      7,
      123,
      256,
      999
    ],
    "model": "LMPO2TypeI_GTN",
    "L": 4,
    "bond_dim": 8,
    "lr": 0.001,
    "reduction_factor": 0.3
  },
  "n_parameters": 241723,
  "train_loss": 118353235.07777858,
  "train_quality": 0.007855966581904794,
  "val_loss": 231742313.95924416,
  "val_quality": 0.0037066980449977915,
  "test_loss": 110040616.18033044,
  "test_quality": 0.02590342989794281,
  "best_epoch": 77,
  "stopped_early": true,
  "patience_counter": 40,
  "success": true
}