{
  "run_id": "LMPO2-L3-d12-rf0.3-seed42",
  "seed": 42,
  "model": "LMPO2",
  "dataset": "popularity",
  "task": "regression",
  "params": {
    "init_strength": 0.01,
    "bond_dim_mpo": 2,
    "batch_size": 64,
    "n_epochs": 1000,
    "patience": 40,
    "min_delta": 1e-08,
    "optimizer": "adamw",
    "seeds": [
      42,
      7,
      123,
      256,
      999
    ],
    "model": "LMPO2",
    "L": 3,
    "bond_dim": 12,
    "lr": 0.001,
    "reduction_factor": 0.3
  },
  "n_parameters": 10744,
  "train_loss": 88164610.72180599,
  "train_quality": 0.2609243640126563,
  "val_loss": 267691823.55996996,
  "val_quality": -0.01499718791459892,
  "test_loss": 138661169.92893037,
  "test_quality": -0.22745014270697061,
  "best_epoch": 112,
  "stopped_early": true,
  "patience_counter": 40,
  "success": true
}