{
  "run_id": "LMPO2-L4-d12-rf0.5-seed7",
  "seed": 7,
  "model": "LMPO2",
  "dataset": "popularity",
  "task": "regression",
  "params": {
    "init_strength": 0.01,
    "bond_dim_mpo": 2,
    "batch_size": 64,
    "n_epochs": 1000,
    "patience": 40,
    "min_delta": 1e-08,
    "optimizer": "adamw",
    "seeds": [
      42,
      7,
      123,
      256,
      999
    ],
    "model": "LMPO2",
    "L": 4,
    "bond_dim": 12,
    "lr": 0.001,
    "reduction_factor": 0.5
  },
  "n_parameters": 29232,
  "train_loss": 226815407.96560526,
  "train_quality": -0.9013722231798758,
  "val_loss": 913319069.8895069,
  "val_quality": -0.07087920642346823,
  "test_loss": 124541685.77224061,
  "test_quality": -0.10246228307791516,
  "best_epoch": 123,
  "stopped_early": true,
  "patience_counter": 40,
  "success": true
}