{
  "run_id": "LMPO2-L4-d16-rf0.5-seed256",
  "seed": 256,
  "model": "LMPO2",
  "dataset": "popularity",
  "task": "regression",
  "params": {
    "init_strength": 0.01,
    "bond_dim_mpo": 2,
    "batch_size": 64,
    "n_epochs": 1000,
    "patience": 40,
    "min_delta": 1e-08,
    "optimizer": "adamw",
    "seeds": [
      42,
      7,
      123,
      256,
      999
    ],
    "model": "LMPO2",
    "L": 4,
    "bond_dim": 16,
    "lr": 0.001,
    "reduction_factor": 0.5
  },
  "n_parameters": 35960,
  "train_loss": 595421237.4065169,
  "train_quality": -3.991360208067606,
  "val_loss": 308945497.2853679,
  "val_quality": -0.06459792547053467,
  "test_loss": 123430457.53621773,
  "test_quality": -0.09262551870050961,
  "best_epoch": 139,
  "stopped_early": true,
  "patience_counter": 40,
  "success": true
}