{
  "run_id": "LMPO2-L4-d8-rf0.1-seed256",
  "seed": 256,
  "model": "LMPO2",
  "dataset": "popularity",
  "task": "regression",
  "params": {
    "init_strength": 0.01,
    "bond_dim_mpo": 2,
    "batch_size": 64,
    "n_epochs": 1000,
    "patience": 40,
    "min_delta": 1e-08,
    "optimizer": "adamw",
    "seeds": [
      42,
      7,
      123,
      256,
      999
    ],
    "model": "LMPO2",
    "L": 4,
    "bond_dim": 8,
    "lr": 0.001,
    "reduction_factor": 0.1
  },
  "n_parameters": 4200,
  "train_loss": 96052611.5315667,
  "train_quality": 0.19479999543195636,
  "val_loss": 283376743.9163367,
  "val_quality": -0.0388993347269444,
  "test_loss": 141526497.54960912,
  "test_quality": -0.2528144663940346,
  "best_epoch": 235,
  "stopped_early": true,
  "patience_counter": 40,
  "success": true
}