{
  "run_id": "LMPO2TypeI_GTN-L4-d16-rf0.1-seed123",
  "seed": 123,
  "model": "LMPO2TypeI_GTN",
  "dataset": "popularity",
  "task": "regression",
  "params": {
    "init_strength": 0.01,
    "batch_size": 64,
    "n_epochs": 1000,
    "patience": 40,
    "min_delta": 1e-08,
    "optimizer": "adamw",
    "bond_dim_mpo": 2,
    "seeds": [
      42,
      7,
      123,
      256,
      999
    ],
    "model": "LMPO2TypeI_GTN",
    "L": 4,
    "bond_dim": 16,
    "lr": 0.001,
    "reduction_factor": 0.1
  },
  "n_parameters": 255175,
  "train_loss": 115893150.36762112,
  "train_quality": 0.028478625229822363,
  "val_loss": 232764045.4522551,
  "val_quality": 0.002375817695941862,
  "test_loss": 111589604.25959474,
  "test_quality": 0.012191547617425136,
  "best_epoch": 25,
  "stopped_early": true,
  "patience_counter": 40,
  "success": true
}