{
  "run_id": "LMPO2-L3-d8-rf0.3-seed7",
  "seed": 7,
  "model": "LMPO2",
  "dataset": "popularity",
  "task": "regression",
  "params": {
    "init_strength": 0.01,
    "bond_dim_mpo": 2,
    "batch_size": 64,
    "n_epochs": 1000,
    "patience": 40,
    "min_delta": 1e-08,
    "optimizer": "adamw",
    "seeds": [
      42,
      7,
      123,
      256,
      999
    ],
    "model": "LMPO2",
    "L": 3,
    "bond_dim": 8,
    "lr": 0.001,
    "reduction_factor": 0.3
  },
  "n_parameters": 9248,
  "train_loss": 100182085.6704811,
  "train_quality": 0.16018300228102345,
  "val_loss": 274097944.9839216,
  "val_quality": -0.023034241387412502,
  "test_loss": 137795666.40510017,
  "test_quality": -0.21978857152317577,
  "best_epoch": 120,
  "stopped_early": true,
  "patience_counter": 40,
  "success": true
}