{
  "run_id": "LMPO2-L3-d16-rf0.3-seed999",
  "seed": 999,
  "model": "LMPO2",
  "dataset": "popularity",
  "task": "regression",
  "params": {
    "init_strength": 0.01,
    "bond_dim_mpo": 2,
    "batch_size": 64,
    "n_epochs": 1000,
    "patience": 40,
    "min_delta": 1e-08,
    "optimizer": "adamw",
    "seeds": [
      42,
      7,
      123,
      256,
      999
    ],
    "model": "LMPO2",
    "L": 3,
    "bond_dim": 16,
    "lr": 0.001,
    "reduction_factor": 0.3
  },
  "n_parameters": 12784,
  "train_loss": 106223516.15291952,
  "train_quality": 0.10953825900448799,
  "val_loss": 267600114.00278378,
  "val_quality": -0.01867034797313183,
  "test_loss": 120666269.73976752,
  "test_quality": -0.06815650039523624,
  "best_epoch": 126,
  "stopped_early": true,
  "patience_counter": 40,
  "success": true
}