{
  "run_id": "LMPO2-L4-d12-rf0.1-seed123",
  "seed": 123,
  "model": "LMPO2",
  "dataset": "popularity",
  "task": "regression",
  "params": {
    "init_strength": 0.01,
    "bond_dim_mpo": 2,
    "batch_size": 64,
    "n_epochs": 1000,
    "patience": 40,
    "min_delta": 1e-08,
    "optimizer": "adamw",
    "seeds": [
      42,
      7,
      123,
      256,
      999
    ],
    "model": "LMPO2",
    "L": 4,
    "bond_dim": 12,
    "lr": 0.001,
    "reduction_factor": 0.1
  },
  "n_parameters": 5040,
  "train_loss": 112613907.44125591,
  "train_quality": 0.05596821012696285,
  "val_loss": 281630612.5887202,
  "val_quality": -0.02840104469439453,
  "test_loss": 135681224.1804812,
  "test_quality": -0.20107120160855274,
  "best_epoch": 264,
  "stopped_early": true,
  "patience_counter": 40,
  "success": true
}