{
  "run_id": "LMPO2TypeI_GTN-L3-d16-rf0.5-seed256",
  "seed": 256,
  "model": "LMPO2TypeI_GTN",
  "dataset": "popularity",
  "task": "regression",
  "params": {
    "init_strength": 0.01,
    "batch_size": 64,
    "n_epochs": 1000,
    "patience": 40,
    "min_delta": 1e-08,
    "optimizer": "adamw",
    "bond_dim_mpo": 2,
    "seeds": [
      42,
      7,
      123,
      256,
      999
    ],
    "model": "LMPO2TypeI_GTN",
    "L": 3,
    "bond_dim": 16,
    "lr": 0.001,
    "reduction_factor": 0.5
  },
  "n_parameters": 549231,
  "train_loss": 113367356.4594712,
  "train_quality": 0.04965211790172108,
  "val_loss": 235745316.9930456,
  "val_quality": 0.0036241618703108935,
  "test_loss": 111008503.22555529,
  "test_quality": 0.017335543932503472,
  "best_epoch": 20,
  "stopped_early": true,
  "patience_counter": 40,
  "success": true
}