{
  "run_id": "LMPO2-L4-d16-rf0.3-seed123",
  "seed": 123,
  "model": "LMPO2",
  "dataset": "popularity",
  "task": "regression",
  "params": {
    "init_strength": 0.01,
    "bond_dim_mpo": 2,
    "batch_size": 64,
    "n_epochs": 1000,
    "patience": 40,
    "min_delta": 1e-08,
    "optimizer": "adamw",
    "seeds": [
      42,
      7,
      123,
      256,
      999
    ],
    "model": "LMPO2",
    "L": 4,
    "bond_dim": 16,
    "lr": 0.001,
    "reduction_factor": 0.3
  },
  "n_parameters": 21080,
  "train_loss": 126233147.72803782,
  "train_quality": -0.0582005997187347,
  "val_loss": 242843585.9043128,
  "val_quality": -0.019827499368014978,
  "test_loss": 120657180.6676771,
  "test_quality": -0.06807604252198884,
  "best_epoch": 237,
  "stopped_early": true,
  "patience_counter": 40,
  "success": true
}