{
  "run_id": "LMPO2-L3-d8-rf0.5-seed999",
  "seed": 999,
  "model": "LMPO2",
  "dataset": "popularity",
  "task": "regression",
  "params": {
    "init_strength": 0.01,
    "bond_dim_mpo": 2,
    "batch_size": 64,
    "n_epochs": 1000,
    "patience": 40,
    "min_delta": 1e-08,
    "optimizer": "adamw",
    "seeds": [
      42,
      7,
      123,
      256,
      999
    ],
    "model": "LMPO2",
    "L": 3,
    "bond_dim": 8,
    "lr": 0.001,
    "reduction_factor": 0.5
  },
  "n_parameters": 15776,
  "train_loss": 105871818.09416896,
  "train_quality": 0.1124865107385854,
  "val_loss": 257108670.7761315,
  "val_quality": -0.009221946237117251,
  "test_loss": 123844664.30337867,
  "test_quality": -0.09629214112784479,
  "best_epoch": 93,
  "stopped_early": true,
  "patience_counter": 40,
  "success": true
}