{
  "run_id": "LMPO2-L3-d8-rf0.1-seed42",
  "seed": 42,
  "model": "LMPO2",
  "dataset": "popularity",
  "task": "regression",
  "params": {
    "init_strength": 0.01,
    "bond_dim_mpo": 2,
    "batch_size": 64,
    "n_epochs": 1000,
    "patience": 40,
    "min_delta": 1e-08,
    "optimizer": "adamw",
    "seeds": [
      42,
      7,
      123,
      256,
      999
    ],
    "model": "LMPO2",
    "L": 3,
    "bond_dim": 8,
    "lr": 0.001,
    "reduction_factor": 0.1
  },
  "n_parameters": 2720,
  "train_loss": 98261207.0370336,
  "train_quality": 0.17628554712352584,
  "val_loss": 463509439.7971897,
  "val_quality": -0.021159162746289928,
  "test_loss": 138512545.76334763,
  "test_quality": -0.22613449858433854,
  "best_epoch": 102,
  "stopped_early": true,
  "patience_counter": 40,
  "success": true
}