{
  "run_id": "LMPO2-L3-d12-rf0.5-seed42",
  "seed": 42,
  "model": "LMPO2",
  "dataset": "popularity",
  "task": "regression",
  "params": {
    "init_strength": 0.01,
    "bond_dim_mpo": 2,
    "batch_size": 64,
    "n_epochs": 1000,
    "patience": 40,
    "min_delta": 1e-08,
    "optimizer": "adamw",
    "seeds": [
      42,
      7,
      123,
      256,
      999
    ],
    "model": "LMPO2",
    "L": 3,
    "bond_dim": 12,
    "lr": 0.001,
    "reduction_factor": 0.5
  },
  "n_parameters": 18328,
  "train_loss": 98286358.20044784,
  "train_quality": 0.17607470728717933,
  "val_loss": 255841052.95287064,
  "val_quality": -0.015495162145961583,
  "test_loss": 126391549.24877246,
  "test_quality": -0.11883756095434794,
  "best_epoch": 92,
  "stopped_early": true,
  "patience_counter": 40,
  "success": true
}