{
  "run_id": "LMPO2-L3-d16-rf0.1-seed42",
  "seed": 42,
  "model": "LMPO2",
  "dataset": "popularity",
  "task": "regression",
  "params": {
    "init_strength": 0.01,
    "bond_dim_mpo": 2,
    "batch_size": 64,
    "n_epochs": 1000,
    "patience": 40,
    "min_delta": 1e-08,
    "optimizer": "adamw",
    "seeds": [
      42,
      7,
      123,
      256,
      999
    ],
    "model": "LMPO2",
    "L": 3,
    "bond_dim": 16,
    "lr": 0.001,
    "reduction_factor": 0.1
  },
  "n_parameters": 3760,
  "train_loss": 92122593.45001873,
  "train_quality": 0.22774496722145243,
  "val_loss": 280122437.6742502,
  "val_quality": -0.02848222565149472,
  "test_loss": 124380124.35857965,
  "test_quality": -0.10103211643244636,
  "best_epoch": 138,
  "stopped_early": true,
  "patience_counter": 40,
  "success": true
}