{
  "run_id": "LMPO2-L4-d12-rf0.3-seed123",
  "seed": 123,
  "model": "LMPO2",
  "dataset": "popularity",
  "task": "regression",
  "params": {
    "init_strength": 0.01,
    "bond_dim_mpo": 2,
    "batch_size": 64,
    "n_epochs": 1000,
    "patience": 40,
    "min_delta": 1e-08,
    "optimizer": "adamw",
    "seeds": [
      42,
      7,
      123,
      256,
      999
    ],
    "model": "LMPO2",
    "L": 4,
    "bond_dim": 12,
    "lr": 0.001,
    "reduction_factor": 0.3
  },
  "n_parameters": 17136,
  "train_loss": 130306878.26358816,
  "train_quality": -0.09235029948776274,
  "val_loss": 244897416.60933512,
  "val_quality": -0.04818652152700342,
  "test_loss": 122980841.92506692,
  "test_quality": -0.08864545170444171,
  "best_epoch": 208,
  "stopped_early": true,
  "patience_counter": 40,
  "success": true
}