{
  "run_id": "LMPO2-L4-d12-rf0.5-seed42",
  "seed": 42,
  "model": "LMPO2",
  "dataset": "popularity",
  "task": "regression",
  "params": {
    "init_strength": 0.01,
    "bond_dim_mpo": 2,
    "batch_size": 64,
    "n_epochs": 1000,
    "patience": 40,
    "min_delta": 1e-08,
    "optimizer": "adamw",
    "seeds": [
      42,
      7,
      123,
      256,
      999
    ],
    "model": "LMPO2",
    "L": 4,
    "bond_dim": 12,
    "lr": 0.001,
    "reduction_factor": 0.5
  },
  "n_parameters": 29232,
  "train_loss": 138476271.72582337,
  "train_quality": -0.16083355619701045,
  "val_loss": 313814870.66217715,
  "val_quality": -0.06035428101041984,
  "test_loss": 123149723.98039775,
  "test_quality": -0.09014042180329973,
  "best_epoch": 160,
  "stopped_early": true,
  "patience_counter": 40,
  "success": true
}