{
  "run_id": "LMPO2TypeI_GTN-L3-d12-rf0.5-seed123",
  "seed": 123,
  "model": "LMPO2TypeI_GTN",
  "dataset": "popularity",
  "task": "regression",
  "params": {
    "init_strength": 0.01,
    "batch_size": 64,
    "n_epochs": 1000,
    "patience": 40,
    "min_delta": 1e-08,
    "optimizer": "adamw",
    "bond_dim_mpo": 2,
    "seeds": [
      42,
      7,
      123,
      256,
      999
    ],
    "model": "LMPO2TypeI_GTN",
    "L": 3,
    "bond_dim": 12,
    "lr": 0.001,
    "reduction_factor": 0.5
  },
  "n_parameters": 330223,
  "train_loss": 111008884.90797019,
  "train_quality": 0.06942296300173145,
  "val_loss": 233494406.9674891,
  "val_quality": 0.004472181485525417,
  "test_loss": 110496429.01769122,
  "test_quality": 0.021868504096055452,
  "best_epoch": 55,
  "stopped_early": true,
  "patience_counter": 40,
  "success": true
}