{
  "run_id": "LMPO2TypeI_GTN-L4-d12-rf0.1-seed123",
  "seed": 123,
  "model": "LMPO2TypeI_GTN",
  "dataset": "popularity",
  "task": "regression",
  "params": {
    "init_strength": 0.01,
    "batch_size": 64,
    "n_epochs": 1000,
    "patience": 40,
    "min_delta": 1e-08,
    "optimizer": "adamw",
    "bond_dim_mpo": 2,
    "seeds": [
      42,
      7,
      123,
      256,
      999
    ],
    "model": "LMPO2TypeI_GTN",
    "L": 4,
    "bond_dim": 12,
    "lr": 0.001,
    "reduction_factor": 0.1
  },
  "n_parameters": 148975,
  "train_loss": 135277240.87825733,
  "train_quality": -0.13401638160903095,
  "val_loss": 264169869.30813676,
  "val_quality": 0.0029661597245442817,
  "test_loss": 122403280.89787315,
  "test_quality": -0.08353279207799891,
  "best_epoch": 18,
  "stopped_early": true,
  "patience_counter": 40,
  "success": true
}