{
  "run_id": "LMPO2-L3-d8-rf0.5-seed42",
  "seed": 42,
  "model": "LMPO2",
  "dataset": "popularity",
  "task": "regression",
  "params": {
    "init_strength": 0.01,
    "bond_dim_mpo": 2,
    "batch_size": 64,
    "n_epochs": 1000,
    "patience": 40,
    "min_delta": 1e-08,
    "optimizer": "adamw",
    "seeds": [
      42,
      7,
      123,
      256,
      999
    ],
    "model": "LMPO2",
    "L": 3,
    "bond_dim": 8,
    "lr": 0.001,
    "reduction_factor": 0.5
  },
  "n_parameters": 15776,
  "train_loss": 85201593.05580531,
  "train_quality": 0.28576306230681814,
  "val_loss": 274640441.49899244,
  "val_quality": -0.02128422287352616,
  "test_loss": 134551432.64137965,
  "test_quality": -0.19107011199846125,
  "best_epoch": 88,
  "stopped_early": true,
  "patience_counter": 40,
  "success": true
}