{
  "run_id": "LMPO2-L4-d8-rf0.1-seed999",
  "seed": 999,
  "model": "LMPO2",
  "dataset": "popularity",
  "task": "regression",
  "params": {
    "init_strength": 0.01,
    "bond_dim_mpo": 2,
    "batch_size": 64,
    "n_epochs": 1000,
    "patience": 40,
    "min_delta": 1e-08,
    "optimizer": "adamw",
    "seeds": [
      42,
      7,
      123,
      256,
      999
    ],
    "model": "LMPO2",
    "L": 4,
    "bond_dim": 8,
    "lr": 0.001,
    "reduction_factor": 0.1
  },
  "n_parameters": 4200,
  "train_loss": 89546802.65615481,
  "train_quality": 0.24933757908192233,
  "val_loss": 269339344.00127596,
  "val_quality": -0.041602198567144644,
  "test_loss": 149798256.9980971,
  "test_quality": -0.32603736160462726,
  "best_epoch": 287,
  "stopped_early": true,
  "patience_counter": 40,
  "success": true
}