{
  "run_id": "LMPO2-L3-d8-rf0.1-seed123",
  "seed": 123,
  "model": "LMPO2",
  "dataset": "popularity",
  "task": "regression",
  "params": {
    "init_strength": 0.01,
    "bond_dim_mpo": 2,
    "batch_size": 64,
    "n_epochs": 1000,
    "patience": 40,
    "min_delta": 1e-08,
    "optimizer": "adamw",
    "seeds": [
      42,
      7,
      123,
      256,
      999
    ],
    "model": "LMPO2",
    "L": 3,
    "bond_dim": 8,
    "lr": 0.001,
    "reduction_factor": 0.1
  },
  "n_parameters": 2720,
  "train_loss": 92918251.5387333,
  "train_quality": 0.22107504032980307,
  "val_loss": 268824178.8124107,
  "val_quality": -0.026572590116268335,
  "test_loss": 132618294.21732724,
  "test_quality": -0.1739576713945663,
  "best_epoch": 109,
  "stopped_early": true,
  "patience_counter": 40,
  "success": true
}