{
  "run_id": "LMPO2-L4-d12-rf0.5-seed999",
  "seed": 999,
  "model": "LMPO2",
  "dataset": "popularity",
  "task": "regression",
  "params": {
    "init_strength": 0.01,
    "bond_dim_mpo": 2,
    "batch_size": 64,
    "n_epochs": 1000,
    "patience": 40,
    "min_delta": 1e-08,
    "optimizer": "adamw",
    "seeds": [
      42,
      7,
      123,
      256,
      999
    ],
    "model": "LMPO2",
    "L": 4,
    "bond_dim": 12,
    "lr": 0.001,
    "reduction_factor": 0.5
  },
  "n_parameters": 29232,
  "train_loss": 130588870.55166242,
  "train_quality": -0.09471421430512339,
  "val_loss": 248446234.52995262,
  "val_quality": -0.05570057770074155,
  "test_loss": 123047773.49439926,
  "test_quality": -0.08923794031802257,
  "best_epoch": 208,
  "stopped_early": true,
  "patience_counter": 40,
  "success": true
}