{
  "run_id": "LMPO2-L4-d8-rf0.5-seed123",
  "seed": 123,
  "model": "LMPO2",
  "dataset": "popularity",
  "task": "regression",
  "params": {
    "output_site": 1,
    "init_strength": 0.01,
    "reduction_factor": 0.5,
    "rank": 5,
    "batch_size": 64,
    "n_epochs": 1000,
    "patience": 40,
    "min_delta": 1e-08,
    "optimizer": "adamw",
    "seeds": [
      42,
      7,
      123,
      256,
      999
    ],
    "model": "LMPO2",
    "L": 4,
    "bond_dim": 8,
    "lr": 0.01
  },
  "n_parameters": 42480,
  "train_loss": 130669613.78344105,
  "train_quality": -0.0953910772197315,
  "val_loss": 245164297.87004495,
  "val_quality": -0.059436393516657304,
  "test_loss": 123111513.38070604,
  "test_quality": -0.08980217565934678,
  "best_epoch": 101,
  "stopped_early": true,
  "patience_counter": 40,
  "success": true
}