{
  "run_id": "LMPO2TypeI_GTN-L4-d16-rf0.1-seed999",
  "seed": 999,
  "model": "LMPO2TypeI_GTN",
  "dataset": "popularity",
  "task": "regression",
  "params": {
    "init_strength": 0.01,
    "batch_size": 64,
    "n_epochs": 1000,
    "patience": 40,
    "min_delta": 1e-08,
    "optimizer": "adamw",
    "bond_dim_mpo": 2,
    "seeds": [
      42,
      7,
      123,
      256,
      999
    ],
    "model": "LMPO2TypeI_GTN",
    "L": 4,
    "bond_dim": 16,
    "lr": 0.001,
    "reduction_factor": 0.1
  },
  "n_parameters": 255175,
  "train_loss": 152954208.13695708,
  "train_quality": -0.2822007348556512,
  "val_loss": 258673709.13712174,
  "val_quality": 0.0016360026176895914,
  "test_loss": 111841059.06695604,
  "test_quality": 0.009965630734290576,
  "best_epoch": 69,
  "stopped_early": true,
  "patience_counter": 40,
  "success": true
}