{
  "run_id": "LMPO2-L4-d12-rf0.3-seed42",
  "seed": 42,
  "model": "LMPO2",
  "dataset": "popularity",
  "task": "regression",
  "params": {
    "init_strength": 0.01,
    "bond_dim_mpo": 2,
    "batch_size": 64,
    "n_epochs": 1000,
    "patience": 40,
    "min_delta": 1e-08,
    "optimizer": "adamw",
    "seeds": [
      42,
      7,
      123,
      256,
      999
    ],
    "model": "LMPO2",
    "L": 4,
    "bond_dim": 12,
    "lr": 0.001,
    "reduction_factor": 0.3
  },
  "n_parameters": 17136,
  "train_loss": 150176235.98264396,
  "train_quality": -0.2589132556744358,
  "val_loss": 877816572.2311811,
  "val_quality": -0.09009383034008711,
  "test_loss": 134550162.97534415,
  "test_quality": -0.19105887271815458,
  "best_epoch": 100,
  "stopped_early": true,
  "patience_counter": 40,
  "success": true
}