{
  "run_id": "LMPO2-L3-d16-rf0.3-seed999",
  "seed": 999,
  "model": "LMPO2",
  "dataset": "popularity",
  "task": "regression",
  "params": {
    "output_site": 1,
    "init_strength": 0.01,
    "reduction_factor": 0.3,
    "rank": 5,
    "batch_size": 64,
    "n_epochs": 1000,
    "patience": 40,
    "min_delta": 1e-08,
    "optimizer": "adamw",
    "seeds": [
      42,
      7,
      123,
      256,
      999
    ],
    "model": "LMPO2",
    "L": 3,
    "bond_dim": 16,
    "lr": 0.01
  },
  "n_parameters": 84960,
  "train_loss": 130669613.78360361,
  "train_quality": -0.09539107722109352,
  "val_loss": 245164297.86749622,
  "val_quality": -0.05943636309047973,
  "test_loss": 123111513.38069615,
  "test_quality": -0.0898021756592593,
  "best_epoch": 61,
  "stopped_early": true,
  "patience_counter": 40,
  "success": true
}