{
  "run_id": "LMPO2-L3-d16-rf0.3-seed256",
  "seed": 256,
  "model": "LMPO2",
  "dataset": "popularity",
  "task": "regression",
  "params": {
    "init_strength": 0.01,
    "bond_dim_mpo": 2,
    "batch_size": 64,
    "n_epochs": 1000,
    "patience": 40,
    "min_delta": 1e-08,
    "optimizer": "adamw",
    "seeds": [
      42,
      7,
      123,
      256,
      999
    ],
    "model": "LMPO2",
    "L": 3,
    "bond_dim": 16,
    "lr": 0.001,
    "reduction_factor": 0.3
  },
  "n_parameters": 12784,
  "train_loss": 91492063.51612183,
  "train_quality": 0.23303064032870935,
  "val_loss": 307526655.6033354,
  "val_quality": -0.019397881201707268,
  "test_loss": 121665312.62087527,
  "test_quality": -0.0770001826432265,
  "best_epoch": 109,
  "stopped_early": true,
  "patience_counter": 40,
  "success": true
}