{
  "run_id": "LMPO2-L3-d12-rf0.5-seed7",
  "seed": 7,
  "model": "LMPO2",
  "dataset": "popularity",
  "task": "regression",
  "params": {
    "init_strength": 0.01,
    "bond_dim_mpo": 2,
    "batch_size": 64,
    "n_epochs": 1000,
    "patience": 40,
    "min_delta": 1e-08,
    "optimizer": "adamw",
    "seeds": [
      42,
      7,
      123,
      256,
      999
    ],
    "model": "LMPO2",
    "L": 3,
    "bond_dim": 12,
    "lr": 0.001,
    "reduction_factor": 0.5
  },
  "n_parameters": 18328,
  "train_loss": 101248323.83183827,
  "train_quality": 0.1512448281001666,
  "val_loss": 261322509.0050814,
  "val_quality": -0.015095737265215847,
  "test_loss": 116292943.5033491,
  "test_quality": -0.029443139504460092,
  "best_epoch": 118,
  "stopped_early": true,
  "patience_counter": 40,
  "success": true
}