{
  "run_id": "LMPO2-L3-d8-rf0.3-seed999",
  "seed": 999,
  "model": "LMPO2",
  "dataset": "popularity",
  "task": "regression",
  "params": {
    "init_strength": 0.01,
    "bond_dim_mpo": 2,
    "batch_size": 64,
    "n_epochs": 1000,
    "patience": 40,
    "min_delta": 1e-08,
    "optimizer": "adamw",
    "seeds": [
      42,
      7,
      123,
      256,
      999
    ],
    "model": "LMPO2",
    "L": 3,
    "bond_dim": 8,
    "lr": 0.001,
    "reduction_factor": 0.3
  },
  "n_parameters": 9248,
  "train_loss": 95099919.50288525,
  "train_quality": 0.20278632306651723,
  "val_loss": 280020071.11648256,
  "val_quality": -0.0161997525836024,
  "test_loss": 124833219.73235384,
  "test_quality": -0.10504298682596724,
  "best_epoch": 91,
  "stopped_early": true,
  "patience_counter": 40,
  "success": true
}