{
  "run_id": "LMPO2-L4-d12-rf0.1-seed256",
  "seed": 256,
  "model": "LMPO2",
  "dataset": "popularity",
  "task": "regression",
  "params": {
    "output_site": 1,
    "init_strength": 0.01,
    "reduction_factor": 0.1,
    "rank": 5,
    "batch_size": 64,
    "n_epochs": 1000,
    "patience": 40,
    "min_delta": 1e-08,
    "optimizer": "adamw",
    "seeds": [
      42,
      7,
      123,
      256,
      999
    ],
    "model": "LMPO2",
    "L": 4,
    "bond_dim": 12,
    "lr": 0.01
  },
  "n_parameters": 92040,
  "train_loss": 130669613.78357832,
  "train_quality": -0.09539107722088169,
  "val_loss": 245164297.871803,
  "val_quality": -0.05943639352425545,
  "test_loss": 123111513.37973024,
  "test_quality": -0.0898021756507088,
  "best_epoch": 91,
  "stopped_early": true,
  "patience_counter": 40,
  "success": true
}