{
  "run_id": "LMPO2-L3-d12-rf0.3-seed123",
  "seed": 123,
  "model": "LMPO2",
  "dataset": "popularity",
  "task": "regression",
  "params": {
    "output_site": 1,
    "init_strength": 0.01,
    "reduction_factor": 0.3,
    "rank": 5,
    "batch_size": 64,
    "n_epochs": 1000,
    "patience": 40,
    "min_delta": 1e-08,
    "optimizer": "adamw",
    "seeds": [
      42,
      7,
      123,
      256,
      999
    ],
    "model": "LMPO2",
    "L": 3,
    "bond_dim": 12,
    "lr": 0.01
  },
  "n_parameters": 49560,
  "train_loss": 130669581.75149094,
  "train_quality": -0.09539080869890726,
  "val_loss": 245164271.88646555,
  "val_quality": -0.05918105707004151,
  "test_loss": 123111515.6243946,
  "test_quality": -0.08980219552082569,
  "best_epoch": 31,
  "stopped_early": true,
  "patience_counter": 40,
  "success": true
}