{
  "run_id": "LMPO2-L4-d8-rf0.5-seed42",
  "seed": 42,
  "model": "LMPO2",
  "dataset": "popularity",
  "task": "regression",
  "params": {
    "init_strength": 0.01,
    "bond_dim_mpo": 2,
    "batch_size": 64,
    "n_epochs": 1000,
    "patience": 40,
    "min_delta": 1e-08,
    "optimizer": "adamw",
    "seeds": [
      42,
      7,
      123,
      256,
      999
    ],
    "model": "LMPO2",
    "L": 4,
    "bond_dim": 8,
    "lr": 0.001,
    "reduction_factor": 0.5
  },
  "n_parameters": 24360,
  "train_loss": 222341684.00142315,
  "train_quality": -0.8638694161353051,
  "val_loss": 243134080.5791905,
  "val_quality": -0.03561429184491849,
  "test_loss": 118372486.54898213,
  "test_quality": -0.04785157648386629,
  "best_epoch": 190,
  "stopped_early": true,
  "patience_counter": 40,
  "success": true
}