{
  "run_id": "LMPO2TypeI_GTN-L3-d8-rf0.5-seed42",
  "seed": 42,
  "model": "LMPO2TypeI_GTN",
  "dataset": "popularity",
  "task": "regression",
  "params": {
    "init_strength": 0.01,
    "batch_size": 64,
    "n_epochs": 1000,
    "patience": 40,
    "min_delta": 1e-08,
    "optimizer": "adamw",
    "bond_dim_mpo": 2,
    "seeds": [
      42,
      7,
      123,
      256,
      999
    ],
    "model": "LMPO2TypeI_GTN",
    "L": 3,
    "bond_dim": 8,
    "lr": 0.001,
    "reduction_factor": 0.5
  },
  "n_parameters": 165967,
  "train_loss": 112628889.70324925,
  "train_quality": 0.055842615234402704,
  "val_loss": 237667207.41432548,
  "val_quality": 0.0026627246357305845,
  "test_loss": 111547702.97051705,
  "test_quality": 0.012562464315188815,
  "best_epoch": 24,
  "stopped_early": true,
  "patience_counter": 40,
  "success": true
}