{
  "run_id": "LMPO2TypeI_GTN-L4-d16-rf0.1-seed256",
  "seed": 256,
  "model": "LMPO2TypeI_GTN",
  "dataset": "popularity",
  "task": "regression",
  "params": {
    "init_strength": 0.01,
    "batch_size": 64,
    "n_epochs": 1000,
    "patience": 40,
    "min_delta": 1e-08,
    "optimizer": "adamw",
    "bond_dim_mpo": 2,
    "seeds": [
      42,
      7,
      123,
      256,
      999
    ],
    "model": "LMPO2TypeI_GTN",
    "L": 4,
    "bond_dim": 16,
    "lr": 0.001,
    "reduction_factor": 0.1
  },
  "n_parameters": 255175,
  "train_loss": 113439055.27615856,
  "train_quality": 0.04905107346780313,
  "val_loss": 276825163.5998909,
  "val_quality": 0.001537868718017199,
  "test_loss": 109664703.05692126,
  "test_quality": 0.029231071062448932,
  "best_epoch": 19,
  "stopped_early": true,
  "patience_counter": 40,
  "success": true
}