{
  "run_id": "LMPO2TypeI_GTN-L4-d12-rf0.1-seed999",
  "seed": 999,
  "model": "LMPO2TypeI_GTN",
  "dataset": "popularity",
  "task": "regression",
  "params": {
    "init_strength": 0.01,
    "batch_size": 64,
    "n_epochs": 1000,
    "patience": 40,
    "min_delta": 1e-08,
    "optimizer": "adamw",
    "bond_dim_mpo": 2,
    "seeds": [
      42,
      7,
      123,
      256,
      999
    ],
    "model": "LMPO2TypeI_GTN",
    "L": 4,
    "bond_dim": 12,
    "lr": 0.001,
    "reduction_factor": 0.1
  },
  "n_parameters": 148975,
  "train_loss": 114435870.61219363,
  "train_quality": 0.04069486429940394,
  "val_loss": 235487672.40985775,
  "val_quality": 0.0012617661297453786,
  "test_loss": 112063876.64691943,
  "test_quality": 0.007993215021486089,
  "best_epoch": 30,
  "stopped_early": true,
  "patience_counter": 40,
  "success": true
}