{
  "run_id": "LMPO2-L3-d16-rf0.5-seed999",
  "seed": 999,
  "model": "LMPO2",
  "dataset": "popularity",
  "task": "regression",
  "params": {
    "init_strength": 0.01,
    "bond_dim_mpo": 2,
    "batch_size": 64,
    "n_epochs": 1000,
    "patience": 40,
    "min_delta": 1e-08,
    "optimizer": "adamw",
    "seeds": [
      42,
      7,
      123,
      256,
      999
    ],
    "model": "LMPO2",
    "L": 3,
    "bond_dim": 16,
    "lr": 0.001,
    "reduction_factor": 0.5
  },
  "n_parameters": 21808,
  "train_loss": 90609643.75585146,
  "train_quality": 0.2404278821493242,
  "val_loss": 260137681.94720972,
  "val_quality": -0.015027710397387484,
  "test_loss": 125028726.52526872,
  "test_quality": -0.10677364322376492,
  "best_epoch": 131,
  "stopped_early": true,
  "patience_counter": 40,
  "success": true
}