{
  "run_id": "LMPO2-L4-d12-rf0.1-seed999",
  "seed": 999,
  "model": "LMPO2",
  "dataset": "popularity",
  "task": "regression",
  "params": {
    "init_strength": 0.01,
    "bond_dim_mpo": 2,
    "batch_size": 64,
    "n_epochs": 1000,
    "patience": 40,
    "min_delta": 1e-08,
    "optimizer": "adamw",
    "seeds": [
      42,
      7,
      123,
      256,
      999
    ],
    "model": "LMPO2",
    "L": 4,
    "bond_dim": 12,
    "lr": 0.001,
    "reduction_factor": 0.1
  },
  "n_parameters": 5040,
  "train_loss": 110438178.72442527,
  "train_quality": 0.07420713923879707,
  "val_loss": 264339089.34583592,
  "val_quality": -0.03476321894865442,
  "test_loss": 119400614.26756784,
  "test_quality": -0.05695272221591163,
  "best_epoch": 225,
  "stopped_early": true,
  "patience_counter": 40,
  "success": true
}