{
  "run_id": "LMPO2-L3-d8-jit0.1-rf0.3-seed7",
  "seed": 7,
  "model": "LMPO2",
  "grid_params": {
    "model": "LMPO2",
    "L": 3,
    "bond_dim": 8,
    "jitter_start": 0.1,
    "reduction_factor": 0.3
  },
  "n_parameters": 7200,
  "train_loss": 0.6748254558299012,
  "train_quality": 0.9048936174325495,
  "val_loss": 7.663812411586722,
  "val_quality": -0.2024548255839731,
  "test_loss": 10.931626199389427,
  "test_quality": -0.08011664628534843,
  "success": false,
  "singular": false
}