{
  "run_id": "LMPO2-L3-d12-jit5-rf0.1-seed123",
  "seed": 123,
  "model": "LMPO2",
  "grid_params": {
    "model": "LMPO2",
    "L": 3,
    "bond_dim": 12,
    "jitter_start": 5.0,
    "reduction_factor": 0.1
  },
  "n_parameters": 1590,
  "train_loss": 4.573966486720004,
  "train_quality": 0.3553690027864902,
  "val_loss": 5.478314689083854,
  "val_quality": 0.14045052512022826,
  "success": true,
  "singular": false
}