{
  "run_id": "LMPO2-L3-d8-jit5-rf0.1-seed123",
  "seed": 123,
  "model": "LMPO2",
  "grid_params": {
    "model": "LMPO2",
    "L": 3,
    "bond_dim": 8,
    "jitter_start": 5.0,
    "reduction_factor": 0.1
  },
  "n_parameters": 2400,
  "train_loss": 4.452294010820627,
  "train_quality": 0.37251688738515876,
  "val_loss": 5.58239906246668,
  "val_quality": 0.12411965083462573,
  "test_loss": 8.331030001717727,
  "test_quality": 0.17683938131176025,
  "success": true,
  "singular": false
}