{
  "run_id": "LMPO2-L3-d8-jit0.1-rf0.1-seed999",
  "seed": 999,
  "model": "LMPO2",
  "grid_params": {
    "model": "LMPO2",
    "L": 3,
    "bond_dim": 8,
    "jitter_start": 0.1,
    "reduction_factor": 0.1
  },
  "n_parameters": 2400,
  "train_loss": 2.4585748963354597,
  "train_quality": 0.6535012681552586,
  "val_loss": 7.066553323391072,
  "val_quality": -0.1087446674857726,
  "test_loss": 10.611125866891337,
  "test_quality": -0.04844910314428219,
  "success": false,
  "singular": false
}