{
  "run_id": "LMPO2-L3-d12-jit5-rf0.3-seed42",
  "seed": 42,
  "model": "LMPO2",
  "grid_params": {
    "model": "LMPO2",
    "L": 3,
    "bond_dim": 12,
    "jitter_start": 5.0,
    "reduction_factor": 0.3
  },
  "n_parameters": 4770,
  "train_loss": 4.528872380032322,
  "train_quality": 0.3617243311534408,
  "val_loss": 5.460656578695744,
  "val_quality": 0.1432210887648676,
  "success": true,
  "singular": false
}