{
  "run_id": "LMPO2-L3-d8-jit5-rf0.3-seed123",
  "seed": 123,
  "model": "LMPO2",
  "grid_params": {
    "model": "LMPO2",
    "L": 3,
    "bond_dim": 8,
    "jitter_start": 5.0,
    "reduction_factor": 0.3
  },
  "n_parameters": 7200,
  "train_loss": 4.079508726648766,
  "train_quality": 0.42505530238665445,
  "val_loss": 5.8883972404045,
  "val_quality": 0.07610843058020744,
  "test_loss": 8.0269595204656,
  "test_quality": 0.20688354696963496,
  "success": true,
  "singular": false
}