{
  "run_id": "LMPO2-L3-d8-jit5-rf0.3-seed256",
  "seed": 256,
  "model": "LMPO2",
  "grid_params": {
    "model": "LMPO2",
    "L": 3,
    "bond_dim": 8,
    "jitter_start": 5.0,
    "reduction_factor": 0.3
  },
  "n_parameters": 7200,
  "train_loss": 4.2049836019763775,
  "train_quality": 0.4073715274306027,
  "val_loss": 5.53444810398846,
  "val_quality": 0.13164317285172789,
  "test_loss": 7.894534489514973,
  "test_quality": 0.21996801196191706,
  "success": true,
  "singular": false
}