{
  "run_id": "LMPO2-L3-d8-jit0.1-rf0.3-seed999",
  "seed": 999,
  "model": "LMPO2",
  "grid_params": {
    "model": "LMPO2",
    "L": 3,
    "bond_dim": 8,
    "jitter_start": 0.1,
    "reduction_factor": 0.3
  },
  "n_parameters": 7200,
  "train_loss": 0.6049555027411445,
  "train_quality": 0.9147407244600355,
  "val_loss": 8.72264846473279,
  "val_quality": -0.3685865695816284,
  "test_loss": 11.528012503238033,
  "test_quality": -0.13904353992899043,
  "success": false,
  "singular": false
}