{
  "run_id": "LMPO2-L3-d12-jit5-rf0.3-seed123",
  "seed": 123,
  "model": "LMPO2",
  "grid_params": {
    "model": "LMPO2",
    "L": 3,
    "bond_dim": 12,
    "jitter_start": 5.0,
    "reduction_factor": 0.3
  },
  "n_parameters": 4770,
  "train_loss": 4.106022736661407,
  "train_quality": 0.4213185560059799,
  "val_loss": 5.247168554585225,
  "val_quality": 0.17671743379648241,
  "success": true,
  "singular": false
}