{
  "run_id": "LMPO2-L3-d12-jit5-rf0.1-seed256",
  "seed": 256,
  "model": "LMPO2",
  "grid_params": {
    "model": "LMPO2",
    "L": 3,
    "bond_dim": 12,
    "jitter_start": 5.0,
    "reduction_factor": 0.1
  },
  "n_parameters": 1590,
  "train_loss": 4.600425639428677,
  "train_quality": 0.3516399877083217,
  "val_loss": 5.39894742875821,
  "val_quality": 0.15290327579398744,
  "success": true,
  "singular": false
}