{
  "run_id": "LMPO2-L3-d8-jit0.1-rf0.1-seed7",
  "seed": 7,
  "model": "LMPO2",
  "grid_params": {
    "model": "LMPO2",
    "L": 3,
    "bond_dim": 8,
    "jitter_start": 0.1,
    "reduction_factor": 0.1
  },
  "n_parameters": 2400,
  "train_loss": 2.3959505589897545,
  "train_quality": 0.662327215863928,
  "val_loss": 5.8402520715382,
  "val_quality": 0.08366242427456139,
  "test_loss": 11.049653291597515,
  "test_quality": -0.09177850012862487,
  "success": false,
  "singular": false
}