{
  "run_id": "LMPO2-L3-d8-jit0.1-rf0.5-seed7",
  "seed": 7,
  "model": "LMPO2",
  "grid_params": {
    "model": "LMPO2",
    "L": 3,
    "bond_dim": 8,
    "jitter_start": 0.1,
    "reduction_factor": 0.5
  },
  "n_parameters": 12000,
  "train_loss": 0.14818892923552743,
  "train_quality": 0.979115024671376,
  "val_loss": 9.840099714123662,
  "val_quality": -0.5439150582008709,
  "test_loss": 18.370999948587496,
  "test_quality": -0.815175756236975,
  "success": false,
  "singular": false
}