{
  "run_id": "LMPO2-L3-d8-jit0.1-rf0.3-seed123",
  "seed": 123,
  "model": "LMPO2",
  "grid_params": {
    "model": "LMPO2",
    "L": 3,
    "bond_dim": 8,
    "jitter_start": 0.1,
    "reduction_factor": 0.3
  },
  "n_parameters": 7200,
  "train_loss": 0.8784386008022563,
  "train_quality": 0.8761974420079167,
  "val_loss": 7.558142866860779,
  "val_quality": -0.18587523736481626,
  "test_loss": 11.592788083304324,
  "test_quality": -0.14544379374541694,
  "success": false,
  "singular": false
}