{
  "run_id": "LMPO2-L3-d8-jit5-rf0.1-seed7",
  "seed": 7,
  "model": "LMPO2",
  "grid_params": {
    "model": "LMPO2",
    "L": 3,
    "bond_dim": 8,
    "jitter_start": 5.0,
    "reduction_factor": 0.1
  },
  "n_parameters": 2400,
  "train_loss": 4.578970326483513,
  "train_quality": 0.3546637876901373,
  "val_loss": 5.530042045148712,
  "val_quality": 0.13233448501193312,
  "test_loss": 8.343825238343182,
  "test_quality": 0.17557512768469352,
  "success": true,
  "singular": false
}