{
  "run_id": "LMPO2-L3-d12-jit5-rf0.1-seed999",
  "seed": 999,
  "model": "LMPO2",
  "grid_params": {
    "model": "LMPO2",
    "L": 3,
    "bond_dim": 12,
    "jitter_start": 5.0,
    "reduction_factor": 0.1
  },
  "n_parameters": 1590,
  "train_loss": 4.567635709556636,
  "train_quality": 0.3562612295240073,
  "val_loss": 5.490859498063471,
  "val_quality": 0.13848224024013867,
  "success": true,
  "singular": false
}