{
  "run_id": "LMPO2-L3-d8-jit0.1-rf0.3-seed42",
  "seed": 42,
  "model": "LMPO2",
  "grid_params": {
    "model": "LMPO2",
    "L": 3,
    "bond_dim": 8,
    "jitter_start": 0.1,
    "reduction_factor": 0.3
  },
  "n_parameters": 7200,
  "train_loss": 0.4395224697659076,
  "train_quality": 0.9380559938937992,
  "val_loss": 9.087611396397351,
  "val_quality": -0.4258493801477947,
  "test_loss": 16.41902558711278,
  "test_quality": -0.6223078368171899,
  "success": false,
  "singular": false
}