{
  "run_id": "LMPO2-L3-d16-rf0.3-seed42",
  "seed": 42,
  "model": "LMPO2",
  "dataset": "abalone",
  "task": "regression",
  "params": {
    "init_strength": 0.01,
    "bond_dim_mpo": 2,
    "batch_size": 64,
    "n_epochs": 1000,
    "patience": 40,
    "min_delta": 1e-08,
    "optimizer": "adamw",
    "seeds": [
      42,
      7,
      123,
      256,
      999
    ],
    "model": "LMPO2",
    "L": 3,
    "bond_dim": 16,
    "lr": 0.001,
    "reduction_factor": 0.3
  },
  "n_parameters": 1128,
  "train_loss": 5.071509302209137,
  "train_quality": 0.5163805442766194,
  "val_loss": 6.007260150090239,
  "val_quality": 0.468440352656491,
  "test_loss": 5.363668178854891,
  "test_quality": 0.47745442996530474,
  "best_epoch": 346,
  "stopped_early": true,
  "patience_counter": 40,
  "success": true
}