{
  "run_id": "LMPO2-L3-d12-rf0.1-seed123",
  "seed": 123,
  "model": "LMPO2",
  "dataset": "abalone",
  "task": "regression",
  "params": {
    "init_strength": 0.01,
    "bond_dim_mpo": 2,
    "batch_size": 64,
    "n_epochs": 1000,
    "patience": 40,
    "min_delta": 1e-08,
    "optimizer": "adamw",
    "seeds": [
      42,
      7,
      123,
      256,
      999
    ],
    "model": "LMPO2",
    "L": 3,
    "bond_dim": 12,
    "lr": 0.001,
    "reduction_factor": 0.1
  },
  "n_parameters": 512,
  "train_loss": 4.229879007919335,
  "train_quality": 0.5966384636828685,
  "val_loss": 4.968761085855706,
  "val_quality": 0.5190227973779464,
  "test_loss": 4.2569060674966375,
  "test_quality": 0.5852787060181108,
  "best_epoch": 754,
  "stopped_early": true,
  "patience_counter": 40,
  "success": true
}