{
  "run_id": "LMPO2-L3-d16-rf0.5-seed123",
  "seed": 123,
  "model": "LMPO2",
  "dataset": "abalone",
  "task": "regression",
  "params": {
    "output_site": 1,
    "init_strength": 0.01,
    "reduction_factor": 0.5,
    "rank": 5,
    "batch_size": 64,
    "n_epochs": 1000,
    "patience": 40,
    "min_delta": 1e-08,
    "optimizer": "adamw",
    "seeds": [
      42,
      7,
      123,
      256,
      999
    ],
    "model": "LMPO2",
    "L": 3,
    "bond_dim": 16,
    "lr": 0.01
  },
  "n_parameters": 17280,
  "train_loss": 4.3599221017983085,
  "train_quality": 0.5842375458229843,
  "val_loss": 4.832392309533761,
  "val_quality": 0.5216533592424035,
  "test_loss": 4.253640070339544,
  "test_quality": 0.5855968898224172,
  "best_epoch": 149,
  "stopped_early": true,
  "patience_counter": 40,
  "success": true
}