{
  "run_id": "LMPO2-L3-d16-rf0.3-seed999",
  "seed": 999,
  "model": "LMPO2",
  "dataset": "abalone",
  "task": "regression",
  "params": {
    "output_site": 1,
    "init_strength": 0.01,
    "reduction_factor": 0.3,
    "rank": 5,
    "batch_size": 64,
    "n_epochs": 1000,
    "patience": 40,
    "min_delta": 1e-08,
    "optimizer": "adamw",
    "seeds": [
      42,
      7,
      123,
      256,
      999
    ],
    "model": "LMPO2",
    "L": 3,
    "bond_dim": 16,
    "lr": 0.01
  },
  "n_parameters": 17280,
  "train_loss": 4.41850819050915,
  "train_quality": 0.5786507726067829,
  "val_loss": 4.917840467366592,
  "val_quality": 0.5251420037224601,
  "test_loss": 4.333504120569202,
  "test_quality": 0.5778162806831237,
  "best_epoch": 286,
  "stopped_early": true,
  "patience_counter": 40,
  "success": true
}