{
  "run_id": "LMPO2-L4-d8-rf0.5-seed999",
  "seed": 999,
  "model": "LMPO2",
  "dataset": "abalone",
  "task": "regression",
  "params": {
    "init_strength": 0.01,
    "bond_dim_mpo": 2,
    "batch_size": 64,
    "n_epochs": 1000,
    "patience": 40,
    "min_delta": 1e-08,
    "optimizer": "adamw",
    "seeds": [
      42,
      7,
      123,
      256,
      999
    ],
    "model": "LMPO2",
    "L": 4,
    "bond_dim": 8,
    "lr": 0.001,
    "reduction_factor": 0.5
  },
  "n_parameters": 1380,
  "train_loss": 41.31452447179758,
  "train_quality": -2.9397557310636437,
  "val_loss": 37.12701488389892,
  "val_quality": -2.206628073120878,
  "test_loss": 114.46286813510446,
  "test_quality": -10.151335743187941,
  "best_epoch": 401,
  "stopped_early": true,
  "patience_counter": 40,
  "success": true
}