{
  "run_id": "LMPO2-L3-d16-rf0.5-seed42",
  "seed": 42,
  "model": "LMPO2",
  "dataset": "abalone",
  "task": "regression",
  "params": {
    "init_strength": 0.01,
    "bond_dim_mpo": 2,
    "batch_size": 64,
    "n_epochs": 1000,
    "patience": 40,
    "min_delta": 1e-08,
    "optimizer": "adamw",
    "seeds": [
      42,
      7,
      123,
      256,
      999
    ],
    "model": "LMPO2",
    "L": 3,
    "bond_dim": 16,
    "lr": 0.001,
    "reduction_factor": 0.5
  },
  "n_parameters": 1880,
  "train_loss": 4.3379000649970845,
  "train_quality": 0.5863375686795114,
  "val_loss": 5.114609968332165,
  "val_quality": 0.511210902340743,
  "test_loss": 4.366100828406185,
  "test_quality": 0.5746406059937235,
  "best_epoch": 530,
  "stopped_early": true,
  "patience_counter": 40,
  "success": true
}