{
  "run_id": "LMPO2-L3-d12-rf0.5-seed42",
  "seed": 42,
  "model": "LMPO2",
  "dataset": "abalone",
  "task": "regression",
  "params": {
    "init_strength": 0.01,
    "bond_dim_mpo": 2,
    "batch_size": 64,
    "n_epochs": 1000,
    "patience": 40,
    "min_delta": 1e-08,
    "optimizer": "adamw",
    "seeds": [
      42,
      7,
      123,
      256,
      999
    ],
    "model": "LMPO2",
    "L": 3,
    "bond_dim": 12,
    "lr": 0.001,
    "reduction_factor": 0.5
  },
  "n_parameters": 1280,
  "train_loss": 4.356905910205771,
  "train_quality": 0.5845251700487164,
  "val_loss": 4.794971115237726,
  "val_quality": 0.5236634692064205,
  "test_loss": 4.346315282599038,
  "test_quality": 0.5765681766352114,
  "best_epoch": 383,
  "stopped_early": true,
  "patience_counter": 40,
  "success": true
}