{
  "run_id": "LMPO2-L3-d12-rf0.5-seed999",
  "seed": 999,
  "model": "LMPO2",
  "dataset": "abalone",
  "task": "regression",
  "params": {
    "init_strength": 0.01,
    "bond_dim_mpo": 2,
    "batch_size": 64,
    "n_epochs": 1000,
    "patience": 40,
    "min_delta": 1e-08,
    "optimizer": "adamw",
    "seeds": [
      42,
      7,
      123,
      256,
      999
    ],
    "model": "LMPO2",
    "L": 3,
    "bond_dim": 12,
    "lr": 0.001,
    "reduction_factor": 0.5
  },
  "n_parameters": 1280,
  "train_loss": 5.084970849064495,
  "train_quality": 0.5150968502961022,
  "val_loss": 5.455740964811125,
  "val_quality": 0.48342720886630586,
  "test_loss": 11.777978931566667,
  "test_quality": -0.14744807274153282,
  "best_epoch": 363,
  "stopped_early": true,
  "patience_counter": 40,
  "success": true
}