{
  "run_id": "LMPO2-L3-d16-rf0.3-seed123",
  "seed": 123,
  "model": "LMPO2",
  "dataset": "abalone",
  "task": "regression",
  "params": {
    "init_strength": 0.01,
    "bond_dim_mpo": 2,
    "batch_size": 64,
    "n_epochs": 1000,
    "patience": 40,
    "min_delta": 1e-08,
    "optimizer": "adamw",
    "seeds": [
      42,
      7,
      123,
      256,
      999
    ],
    "model": "LMPO2",
    "L": 3,
    "bond_dim": 16,
    "lr": 0.001,
    "reduction_factor": 0.3
  },
  "n_parameters": 1128,
  "train_loss": 4.251771065105902,
  "train_quality": 0.5945508356908187,
  "val_loss": 4.981188072032638,
  "val_quality": 0.5096364002701215,
  "test_loss": 4.522226106819351,
  "test_quality": 0.5594303860687,
  "best_epoch": 749,
  "stopped_early": true,
  "patience_counter": 40,
  "success": true
}