{
  "run_id": "LMPO2-L3-d16-rf0.5-seed256",
  "seed": 256,
  "model": "LMPO2",
  "dataset": "abalone",
  "task": "regression",
  "params": {
    "init_strength": 0.01,
    "bond_dim_mpo": 2,
    "batch_size": 64,
    "n_epochs": 1000,
    "patience": 40,
    "min_delta": 1e-08,
    "optimizer": "adamw",
    "seeds": [
      42,
      7,
      123,
      256,
      999
    ],
    "model": "LMPO2",
    "L": 3,
    "bond_dim": 16,
    "lr": 0.001,
    "reduction_factor": 0.5
  },
  "n_parameters": 1880,
  "train_loss": 4.921785843414958,
  "train_quality": 0.5306581830102255,
  "val_loss": 5.789557807708052,
  "val_quality": 0.47234811794626297,
  "test_loss": 5.675569275480249,
  "test_quality": 0.44706803563668696,
  "best_epoch": 346,
  "stopped_early": true,
  "patience_counter": 40,
  "success": true
}