{
  "run_id": "LMPO2-L3-d8-rf0.3-seed123",
  "seed": 123,
  "model": "LMPO2",
  "dataset": "abalone",
  "task": "regression",
  "params": {
    "init_strength": 0.01,
    "bond_dim_mpo": 2,
    "batch_size": 64,
    "n_epochs": 1000,
    "patience": 40,
    "min_delta": 1e-08,
    "optimizer": "adamw",
    "seeds": [
      42,
      7,
      123,
      256,
      999
    ],
    "model": "LMPO2",
    "L": 3,
    "bond_dim": 8,
    "lr": 0.001,
    "reduction_factor": 0.3
  },
  "n_parameters": 504,
  "train_loss": 4.258396560189829,
  "train_quality": 0.5939190280502429,
  "val_loss": 4.786198735422138,
  "val_quality": 0.5255720495372666,
  "test_loss": 4.242453535887674,
  "test_quality": 0.5866867174976096,
  "best_epoch": 673,
  "stopped_early": true,
  "patience_counter": 40,
  "success": true
}