{
  "run_id": "LMPO2-L3-d12-rf0.3-seed999",
  "seed": 999,
  "model": "LMPO2",
  "dataset": "abalone",
  "task": "regression",
  "params": {
    "init_strength": 0.01,
    "bond_dim_mpo": 2,
    "batch_size": 64,
    "n_epochs": 1000,
    "patience": 40,
    "min_delta": 1e-08,
    "optimizer": "adamw",
    "seeds": [
      42,
      7,
      123,
      256,
      999
    ],
    "model": "LMPO2",
    "L": 3,
    "bond_dim": 12,
    "lr": 0.001,
    "reduction_factor": 0.3
  },
  "n_parameters": 768,
  "train_loss": 4.223405166087814,
  "train_quality": 0.5972558096594668,
  "val_loss": 4.883841115101343,
  "val_quality": 0.5178332467771417,
  "test_loss": 4.241132178636746,
  "test_quality": 0.5868154483129552,
  "best_epoch": 566,
  "stopped_early": true,
  "patience_counter": 40,
  "success": true
}