{
  "run_id": "LMPO2-L4-d12-rf0.3-seed42",
  "seed": 42,
  "model": "LMPO2",
  "dataset": "abalone",
  "task": "regression",
  "params": {
    "init_strength": 0.01,
    "bond_dim_mpo": 2,
    "batch_size": 64,
    "n_epochs": 1000,
    "patience": 40,
    "min_delta": 1e-08,
    "optimizer": "adamw",
    "seeds": [
      42,
      7,
      123,
      256,
      999
    ],
    "model": "LMPO2",
    "L": 4,
    "bond_dim": 12,
    "lr": 0.001,
    "reduction_factor": 0.3
  },
  "n_parameters": 1332,
  "train_loss": 273.53629864391957,
  "train_quality": -25.084439165503706,
  "val_loss": 172.94690698650192,
  "val_quality": -5.711019140287755,
  "test_loss": 7985.669358730313,
  "test_quality": -776.9892431856612,
  "best_epoch": 358,
  "stopped_early": true,
  "patience_counter": 40,
  "success": true
}