{
  "run_id": "LMPO2-L4-d12-rf0.3-seed123",
  "seed": 123,
  "model": "LMPO2",
  "dataset": "abalone",
  "task": "regression",
  "params": {
    "init_strength": 0.01,
    "bond_dim_mpo": 2,
    "batch_size": 64,
    "n_epochs": 1000,
    "patience": 40,
    "min_delta": 1e-08,
    "optimizer": "adamw",
    "seeds": [
      42,
      7,
      123,
      256,
      999
    ],
    "model": "LMPO2",
    "L": 4,
    "bond_dim": 12,
    "lr": 0.001,
    "reduction_factor": 0.3
  },
  "n_parameters": 1332,
  "train_loss": 125.27534320594745,
  "train_quality": -10.94626484672502,
  "val_loss": 125.54458086758619,
  "val_quality": -7.860462846580798,
  "test_loss": 651.4854872912936,
  "test_quality": -62.46978298695577,
  "best_epoch": 351,
  "stopped_early": true,
  "patience_counter": 40,
  "success": true
}