{
  "run_id": "LMPO2-L4-d16-rf0.1-seed42",
  "seed": 42,
  "model": "LMPO2",
  "dataset": "abalone",
  "task": "regression",
  "params": {
    "init_strength": 0.01,
    "bond_dim_mpo": 2,
    "batch_size": 64,
    "n_epochs": 1000,
    "patience": 40,
    "min_delta": 1e-08,
    "optimizer": "adamw",
    "seeds": [
      42,
      7,
      123,
      256,
      999
    ],
    "model": "LMPO2",
    "L": 4,
    "bond_dim": 16,
    "lr": 0.001,
    "reduction_factor": 0.1
  },
  "n_parameters": 1352,
  "train_loss": 4.294214806820317,
  "train_quality": 0.5905033977303189,
  "val_loss": 4.920815364334549,
  "val_quality": 0.5143222331764239,
  "test_loss": 4.400713481455577,
  "test_quality": 0.5712685315262144,
  "best_epoch": 765,
  "stopped_early": true,
  "patience_counter": 40,
  "success": true
}