{
  "run_id": "LMPO2-L3-d16-rf0.3-seed256",
  "seed": 256,
  "model": "LMPO2",
  "dataset": "abalone",
  "task": "regression",
  "params": {
    "init_strength": 0.01,
    "bond_dim_mpo": 2,
    "batch_size": 64,
    "n_epochs": 1000,
    "patience": 40,
    "min_delta": 1e-08,
    "optimizer": "adamw",
    "seeds": [
      42,
      7,
      123,
      256,
      999
    ],
    "model": "LMPO2",
    "L": 3,
    "bond_dim": 16,
    "lr": 0.001,
    "reduction_factor": 0.3
  },
  "n_parameters": 1128,
  "train_loss": 4.1808261687619455,
  "train_quality": 0.6013161456038402,
  "val_loss": 4.960403511372773,
  "val_quality": 0.5208759146035022,
  "test_loss": 4.259890648135759,
  "test_quality": 0.5849879387037695,
  "best_epoch": 714,
  "stopped_early": true,
  "patience_counter": 40,
  "success": true
}