{
  "run_id": "MPO2-L3-d8-jit0.1-seed123",
  "seed": 123,
  "model": "MPO2",
  "grid_params": {
    "model": "MPO2",
    "L": 3,
    "bond_dim": 8,
    "jitter_start": 0.1
  },
  "n_parameters": 4752,
  "train_loss": 1.5690319204310292e+22,
  "train_quality": 0.6074509432173666,
  "val_loss": 1.2106802918916127e+21,
  "val_quality": 0.602182247124742,
  "test_loss": 9.860360636689732e+20,
  "test_quality": 0.6038041875552934,
  "success": true,
  "singular": true
}