{
  "run_id": "MPO2-L3-d8-jit0.1-seed256",
  "seed": 256,
  "model": "MPO2",
  "grid_params": {
    "model": "MPO2",
    "L": 3,
    "bond_dim": 8,
    "jitter_start": 0.1
  },
  "n_parameters": 4752,
  "train_loss": 4.344140638653236e+19,
  "train_quality": 0.7425348374253484,
  "val_loss": 3.269981527948305e+18,
  "val_quality": 0.748894131524624,
  "test_loss": 2.6255912418824535e+18,
  "test_quality": 0.7404895311117664,
  "success": true,
  "singular": true
}