{
  "run_id": "MPO2-L3-d8-jit5-seed42",
  "seed": 42,
  "model": "MPO2",
  "grid_params": {
    "model": "MPO2",
    "L": 3,
    "bond_dim": 8,
    "jitter_start": 5.0
  },
  "n_parameters": 4752,
  "train_loss": 9.833241958947552e+63,
  "train_quality": 0.5337630739090593,
  "val_loss": 2.5701876266047832e+63,
  "val_quality": 0.5349454438218815,
  "test_loss": 1.3401796432869917e+63,
  "test_quality": 0.5415806546741374,
  "success": true,
  "singular": true
}