{
  "run_id": "LMPO2-L3-d12-jit5-rf0.3-seed42",
  "seed": 42,
  "model": "LMPO2",
  "grid_params": {
    "model": "LMPO2",
    "L": 3,
    "bond_dim": 12,
    "jitter_start": 5.0,
    "reduction_factor": 0.3
  },
  "n_parameters": 5640,
  "train_loss": 0.20123032712330902,
  "train_quality": 0.9238095238095239,
  "val_loss": 0.13850337627110218,
  "val_quality": 0.9545454545454546,
  "test_loss": 0.37828566599578567,
  "test_quality": 0.8695652173913043,
  "success": true,
  "singular": false
}