{
  "run_id": "LMPO2-L3-d8-jit0.1-rf0.3-seed123",
  "seed": 123,
  "model": "LMPO2",
  "grid_params": {
    "model": "LMPO2",
    "L": 3,
    "bond_dim": 8,
    "jitter_start": 0.1,
    "reduction_factor": 0.3
  },
  "n_parameters": 2640,
  "train_loss": 0.23689457206586464,
  "train_quality": 0.9142857142857144,
  "val_loss": 0.15252787641722124,
  "val_quality": 0.9090909090909092,
  "test_loss": 0.3491683221114743,
  "test_quality": 0.8260869565217391,
  "success": true,
  "singular": true
}