{
  "run_id": "LMPO2-L3-d8-jit0.1-rf0.1-seed42",
  "seed": 42,
  "model": "LMPO2",
  "grid_params": {
    "model": "LMPO2",
    "L": 3,
    "bond_dim": 8,
    "jitter_start": 0.1,
    "reduction_factor": 0.1
  },
  "n_parameters": 2640,
  "train_loss": 0.20179785634495198,
  "train_quality": 0.9333333333333335,
  "val_loss": 0.1456289679853316,
  "val_quality": 0.9545454545454546,
  "test_loss": 0.4019712024810799,
  "test_quality": 0.8695652173913043,
  "success": true,
  "singular": false
}