{
  "run_id": "LMPO2-L3-d8-jit5-rf0.3-seed7",
  "seed": 7,
  "model": "LMPO2",
  "grid_params": {
    "model": "LMPO2",
    "L": 3,
    "bond_dim": 8,
    "jitter_start": 5.0,
    "reduction_factor": 0.3
  },
  "n_parameters": 2640,
  "train_loss": 0.16536612113785543,
  "train_quality": 0.9333333333333335,
  "val_loss": 0.16051049469188478,
  "val_quality": 0.9090909090909092,
  "test_loss": 0.42981754969756714,
  "test_quality": 0.8695652173913043,
  "success": true,
  "singular": true
}