{
  "run_id": "LMPO2-L3-d8-jit0.1-rf0.3-seed256",
  "seed": 256,
  "model": "LMPO2",
  "grid_params": {
    "model": "LMPO2",
    "L": 3,
    "bond_dim": 8,
    "jitter_start": 0.1,
    "reduction_factor": 0.3
  },
  "n_parameters": 2640,
  "train_loss": 0.2037658427080196,
  "train_quality": 0.9142857142857144,
  "val_loss": 0.13689406854377634,
  "val_quality": 0.9545454545454546,
  "test_loss": 0.3798271249561786,
  "test_quality": 0.8695652173913043,
  "success": true,
  "singular": false
}