{
  "run_id": "LMPO2TypeI-L3-d8-jit0.1-rf0.3-seed256",
  "seed": 256,
  "model": "LMPO2TypeI",
  "grid_params": {
    "model": "LMPO2TypeI",
    "L": 3,
    "bond_dim": 8,
    "jitter_start": 0.1,
    "reduction_factor": 0.3
  },
  "n_parameters": 1038,
  "train_loss": 0.050157986336121514,
  "train_quality": 0.980952380952381,
  "val_loss": 0.43478612356298885,
  "val_quality": 0.9090909090909092,
  "test_loss": 0.07974560970433325,
  "test_quality": 0.9565217391304348,
  "success": true,
  "singular": false
}