{
  "run_id": "LMPO2-L3-d12-jit0.1-rf0.5-seed999",
  "seed": 999,
  "model": "LMPO2",
  "grid_params": {
    "model": "LMPO2",
    "L": 3,
    "bond_dim": 12,
    "jitter_start": 0.1,
    "reduction_factor": 0.5
  },
  "n_parameters": 448,
  "train_loss": 0.232945016997362,
  "train_quality": 0.8952380952380953,
  "val_loss": 0.13739227211260685,
  "val_quality": 0.9545454545454546,
  "test_loss": 0.3318464273290546,
  "test_quality": 0.8695652173913043,
  "success": true,
  "singular": false
}