{
  "run_id": "LMPO2TypeI-L3-d16-jit5-rf0.3-seed256",
  "seed": 256,
  "model": "LMPO2TypeI",
  "grid_params": {
    "model": "LMPO2TypeI",
    "L": 3,
    "bond_dim": 16,
    "jitter_start": 5.0,
    "reduction_factor": 0.3
  },
  "n_parameters": 3342,
  "train_loss": 0.10165543824640624,
  "train_quality": 0.961904761904762,
  "val_loss": 0.11321859083903572,
  "val_quality": 0.9545454545454546,
  "success": true,
  "singular": false
}