{
  "run_id": "LMPO2-L3-d16-jit0.1-rf0.5-seed256",
  "seed": 256,
  "model": "LMPO2",
  "grid_params": {
    "model": "LMPO2",
    "L": 3,
    "bond_dim": 16,
    "jitter_start": 0.1,
    "reduction_factor": 0.5
  },
  "n_parameters": 704,
  "train_loss": 0.9396377890173405,
  "train_quality": 0.6095238095238096,
  "val_loss": 0.7717973393025072,
  "val_quality": 0.9545454545454546,
  "test_loss": 0.9012833193572954,
  "test_quality": 0.6956521739130435,
  "success": true,
  "singular": false
}