{
  "run_id": "LMPO2TypeI-L3-d8-jit5-rf0.1-seed123",
  "seed": 123,
  "model": "LMPO2TypeI",
  "grid_params": {
    "model": "LMPO2TypeI",
    "L": 3,
    "bond_dim": 8,
    "jitter_start": 5.0,
    "reduction_factor": 0.1
  },
  "n_parameters": 1038,
  "train_loss": 0.21497252799416505,
  "train_quality": 0.9333333333333335,
  "val_loss": 0.10885282724425283,
  "val_quality": 1.0,
  "test_loss": 0.2808225240200732,
  "test_quality": 0.9130434782608695,
  "success": true,
  "singular": false
}