{
  "run_id": "LMPO2-L3-d8-jit5-rf0.1-seed42",
  "seed": 42,
  "model": "LMPO2",
  "grid_params": {
    "model": "LMPO2",
    "L": 3,
    "bond_dim": 8,
    "jitter_start": 5.0,
    "reduction_factor": 0.1
  },
  "n_parameters": 2640,
  "train_loss": 0.1886840748340192,
  "train_quality": 0.9238095238095239,
  "val_loss": 0.14532845420603901,
  "val_quality": 0.9090909090909092,
  "test_loss": 0.39528255593472056,
  "test_quality": 0.8695652173913043,
  "success": true,
  "singular": true
}