{
  "run_id": "LMPO2-L3-d16-rf0.5-seed256",
  "seed": 256,
  "model": "LMPO2",
  "dataset": "concrete",
  "task": "regression",
  "params": {
    "init_strength": 0.01,
    "bond_dim_mpo": 2,
    "batch_size": 64,
    "n_epochs": 1000,
    "patience": 40,
    "min_delta": 1e-08,
    "optimizer": "adamw",
    "seeds": [
      42,
      7,
      123,
      256,
      999
    ],
    "model": "LMPO2",
    "L": 3,
    "bond_dim": 16,
    "lr": 0.001,
    "reduction_factor": 0.5
  },
  "n_parameters": 1408,
  "train_loss": 542.1553835412493,
  "train_quality": -0.922760064845322,
  "val_loss": 715.0866247203215,
  "val_quality": -1.4392314336118757,
  "test_loss": 701.4303814311966,
  "test_quality": -1.8025844498054213,
  "best_epoch": 498,
  "stopped_early": true,
  "patience_counter": 40,
  "success": true
}