{
  "run_id": "LMPO2-L4-d12-rf0.1-seed123",
  "seed": 123,
  "model": "LMPO2",
  "dataset": "concrete",
  "task": "regression",
  "params": {
    "init_strength": 0.01,
    "bond_dim_mpo": 2,
    "batch_size": 64,
    "n_epochs": 1000,
    "patience": 40,
    "min_delta": 1e-08,
    "optimizer": "adamw",
    "seeds": [
      42,
      7,
      123,
      256,
      999
    ],
    "model": "LMPO2",
    "L": 4,
    "bond_dim": 12,
    "lr": 0.001,
    "reduction_factor": 0.1
  },
  "n_parameters": 816,
  "train_loss": 294.820910307329,
  "train_quality": -0.045585619601519856,
  "val_loss": 524.3076627821277,
  "val_quality": -0.6833629459000519,
  "test_loss": 409.8284784932795,
  "test_quality": -0.6374809978562987,
  "best_epoch": 957,
  "stopped_early": false,
  "patience_counter": 2,
  "success": true
}