{
  "run_id": "LMPO2-L4-d16-rf0.1-seed999",
  "seed": 999,
  "model": "LMPO2",
  "dataset": "concrete",
  "task": "regression",
  "params": {
    "init_strength": 0.01,
    "bond_dim_mpo": 2,
    "batch_size": 64,
    "n_epochs": 1000,
    "patience": 40,
    "min_delta": 1e-08,
    "optimizer": "adamw",
    "seeds": [
      42,
      7,
      123,
      256,
      999
    ],
    "model": "LMPO2",
    "L": 4,
    "bond_dim": 16,
    "lr": 0.001,
    "reduction_factor": 0.1
  },
  "n_parameters": 1280,
  "train_loss": 339.9810732295468,
  "train_quality": -0.20574663694968076,
  "val_loss": 489.95845000082517,
  "val_quality": -0.6633893158092332,
  "test_loss": 440.07105004109366,
  "test_quality": -0.758316027227415,
  "best_epoch": 966,
  "stopped_early": false,
  "patience_counter": 3,
  "success": true
}