{
  "run_id": "LMPO2-L4-d12-rf0.3-seed999",
  "seed": 999,
  "model": "LMPO2",
  "dataset": "concrete",
  "task": "regression",
  "params": {
    "output_site": 1,
    "init_strength": 0.01,
    "reduction_factor": 0.3,
    "rank": 5,
    "batch_size": 64,
    "n_epochs": 1000,
    "patience": 40,
    "min_delta": 1e-08,
    "optimizer": "adamw",
    "seeds": [
      42,
      7,
      123,
      256,
      999
    ],
    "model": "LMPO2",
    "L": 4,
    "bond_dim": 12,
    "lr": 0.01
  },
  "n_parameters": 14040,
  "train_loss": 8702.974265610777,
  "train_quality": -29.86519450197395,
  "val_loss": 20859.358532064285,
  "val_quality": -0.03263257302675937,
  "test_loss": 13166.961422743849,
  "test_quality": -51.60895779745955,
  "best_epoch": 162,
  "stopped_early": true,
  "patience_counter": 40,
  "success": true
}