{
  "run_id": "LMPO2-L4-d16-rf0.3-seed256",
  "seed": 256,
  "model": "LMPO2",
  "dataset": "concrete",
  "task": "regression",
  "params": {
    "init_strength": 0.01,
    "bond_dim_mpo": 2,
    "batch_size": 64,
    "n_epochs": 1000,
    "patience": 40,
    "min_delta": 1e-08,
    "optimizer": "adamw",
    "seeds": [
      42,
      7,
      123,
      256,
      999
    ],
    "model": "LMPO2",
    "L": 4,
    "bond_dim": 16,
    "lr": 0.001,
    "reduction_factor": 0.3
  },
  "n_parameters": 1280,
  "train_loss": 366.409430927139,
  "train_quality": -0.29947509986461496,
  "val_loss": 599.1758628266573,
  "val_quality": -1.055004893654241,
  "test_loss": 508.03922090639946,
  "test_quality": -1.0298847299690266,
  "best_epoch": 994,
  "stopped_early": false,
  "patience_counter": 0,
  "success": true
}