{
  "run_id": "LMPO2-L4-d12-rf0.1-seed256",
  "seed": 256,
  "model": "LMPO2",
  "dataset": "concrete",
  "task": "regression",
  "params": {
    "init_strength": 0.01,
    "bond_dim_mpo": 2,
    "batch_size": 64,
    "n_epochs": 1000,
    "patience": 40,
    "min_delta": 1e-08,
    "optimizer": "adamw",
    "seeds": [
      42,
      7,
      123,
      256,
      999
    ],
    "model": "LMPO2",
    "L": 4,
    "bond_dim": 12,
    "lr": 0.001,
    "reduction_factor": 0.1
  },
  "n_parameters": 816,
  "train_loss": 323.4925719852102,
  "train_quality": -0.14726998489712262,
  "val_loss": 578.4911047787048,
  "val_quality": -0.8942123628685925,
  "test_loss": 436.90675097494403,
  "test_quality": -0.7456729829680122,
  "best_epoch": 880,
  "stopped_early": false,
  "patience_counter": 2,
  "success": true
}