{
  "run_id": "LMPO2-L4-d12-rf0.5-seed42",
  "seed": 42,
  "model": "LMPO2",
  "dataset": "concrete",
  "task": "regression",
  "params": {
    "init_strength": 0.01,
    "bond_dim_mpo": 2,
    "batch_size": 64,
    "n_epochs": 1000,
    "patience": 40,
    "min_delta": 1e-08,
    "optimizer": "adamw",
    "seeds": [
      42,
      7,
      123,
      256,
      999
    ],
    "model": "LMPO2",
    "L": 4,
    "bond_dim": 12,
    "lr": 0.001,
    "reduction_factor": 0.5
  },
  "n_parameters": 1632,
  "train_loss": 192.21167865075873,
  "train_quality": 0.31831915549273115,
  "val_loss": 361.17870998414753,
  "val_quality": -0.15454442555161396,
  "test_loss": 324.81363871184897,
  "test_quality": -0.29780185894020494,
  "best_epoch": 748,
  "stopped_early": true,
  "patience_counter": 40,
  "success": true
}