{
  "run_id": "LMPO2-L4-d12-rf0.5-seed256",
  "seed": 256,
  "model": "LMPO2",
  "dataset": "concrete",
  "task": "regression",
  "params": {
    "init_strength": 0.01,
    "bond_dim_mpo": 2,
    "batch_size": 64,
    "n_epochs": 1000,
    "patience": 40,
    "min_delta": 1e-08,
    "optimizer": "adamw",
    "seeds": [
      42,
      7,
      123,
      256,
      999
    ],
    "model": "LMPO2",
    "L": 4,
    "bond_dim": 12,
    "lr": 0.001,
    "reduction_factor": 0.5
  },
  "n_parameters": 1632,
  "train_loss": 173.01822373522484,
  "train_quality": 0.3863889556613571,
  "val_loss": 376.30093643523304,
  "val_quality": -0.26184919738496215,
  "test_loss": 270.9244062360496,
  "test_quality": -0.08248594313903146,
  "best_epoch": 959,
  "stopped_early": false,
  "patience_counter": 2,
  "success": true
}