{
  "run_id": "LMPO2-L3-d16-rf0.5-seed123",
  "seed": 123,
  "model": "LMPO2",
  "dataset": "concrete",
  "task": "regression",
  "params": {
    "init_strength": 0.01,
    "bond_dim_mpo": 2,
    "batch_size": 64,
    "n_epochs": 1000,
    "patience": 40,
    "min_delta": 1e-08,
    "optimizer": "adamw",
    "seeds": [
      42,
      7,
      123,
      256,
      999
    ],
    "model": "LMPO2",
    "L": 3,
    "bond_dim": 16,
    "lr": 0.001,
    "reduction_factor": 0.5
  },
  "n_parameters": 1408,
  "train_loss": 541.7844765899799,
  "train_quality": -0.9214446392398141,
  "val_loss": 773.6521115652673,
  "val_quality": -1.5488429681775653,
  "test_loss": 687.7728688159765,
  "test_quality": -1.7480154811782875,
  "best_epoch": 423,
  "stopped_early": true,
  "patience_counter": 40,
  "success": true
}