{
  "run_id": "LMPO2-L4-d16-rf0.5-seed42",
  "seed": 42,
  "model": "LMPO2",
  "dataset": "concrete",
  "task": "regression",
  "params": {
    "output_site": 1,
    "init_strength": 0.01,
    "reduction_factor": 0.5,
    "rank": 5,
    "batch_size": 64,
    "n_epochs": 1000,
    "patience": 40,
    "min_delta": 1e-08,
    "optimizer": "adamw",
    "seeds": [
      42,
      7,
      123,
      256,
      999
    ],
    "model": "LMPO2",
    "L": 4,
    "bond_dim": 16,
    "lr": 0.01
  },
  "n_parameters": 24480,
  "train_loss": 168.2221461386171,
  "train_quality": 0.4033982979101096,
  "val_loss": 300.7783955073098,
  "val_quality": -0.042931040825828326,
  "test_loss": 222.27014547896974,
  "test_quality": 0.11191349866493827,
  "best_epoch": 252,
  "stopped_early": true,
  "patience_counter": 40,
  "success": true
}