{
  "run_id": "LMPO2-L4-d8-rf0.5-seed999",
  "seed": 999,
  "model": "LMPO2",
  "dataset": "concrete",
  "task": "regression",
  "params": {
    "init_strength": 0.01,
    "bond_dim_mpo": 2,
    "batch_size": 64,
    "n_epochs": 1000,
    "patience": 40,
    "min_delta": 1e-08,
    "optimizer": "adamw",
    "seeds": [
      42,
      7,
      123,
      256,
      999
    ],
    "model": "LMPO2",
    "L": 4,
    "bond_dim": 8,
    "lr": 0.001,
    "reduction_factor": 0.5
  },
  "n_parameters": 960,
  "train_loss": 201.63850114213062,
  "train_quality": 0.28488682525116193,
  "val_loss": 483.8282040612284,
  "val_quality": -0.5018584919083506,
  "test_loss": 339.56937371599975,
  "test_quality": -0.35675880543531324,
  "best_epoch": 978,
  "stopped_early": false,
  "patience_counter": 6,
  "success": true
}