{
  "run_id": "LMPO2-L4-d16-rf0.3-seed999",
  "seed": 999,
  "model": "LMPO2",
  "dataset": "concrete",
  "task": "regression",
  "params": {
    "output_site": 1,
    "init_strength": 0.01,
    "reduction_factor": 0.3,
    "rank": 5,
    "batch_size": 64,
    "n_epochs": 1000,
    "patience": 40,
    "min_delta": 1e-08,
    "optimizer": "adamw",
    "seeds": [
      42,
      7,
      123,
      256,
      999
    ],
    "model": "LMPO2",
    "L": 4,
    "bond_dim": 16,
    "lr": 0.01
  },
  "n_parameters": 24480,
  "train_loss": 154.31950919509552,
  "train_quality": 0.4527041536159817,
  "val_loss": 341.0860495818335,
  "val_quality": -0.0014990171176447742,
  "test_loss": 224.3396060482398,
  "test_quality": 0.10364491183941793,
  "best_epoch": 229,
  "stopped_early": true,
  "patience_counter": 40,
  "success": true
}