{
  "run_id": "LMPO2-L3-d16-rf0.3-seed256",
  "seed": 256,
  "model": "LMPO2",
  "dataset": "concrete",
  "task": "regression",
  "params": {
    "init_strength": 0.01,
    "bond_dim_mpo": 2,
    "batch_size": 64,
    "n_epochs": 1000,
    "patience": 40,
    "min_delta": 1e-08,
    "optimizer": "adamw",
    "seeds": [
      42,
      7,
      123,
      256,
      999
    ],
    "model": "LMPO2",
    "L": 3,
    "bond_dim": 16,
    "lr": 0.001,
    "reduction_factor": 0.3
  },
  "n_parameters": 704,
  "train_loss": 587.1252667175437,
  "train_quality": -1.0822462529697643,
  "val_loss": 719.3059449726179,
  "val_quality": -1.4138748517710802,
  "test_loss": 660.2624654248327,
  "test_quality": -1.6380969050901246,
  "best_epoch": 954,
  "stopped_early": true,
  "patience_counter": 40,
  "success": true
}