{
  "run_id": "LMPO2-L4-d12-rf0.1-seed7",
  "seed": 7,
  "model": "LMPO2",
  "dataset": "concrete",
  "task": "regression",
  "params": {
    "output_site": 1,
    "init_strength": 0.01,
    "reduction_factor": 0.1,
    "rank": 5,
    "batch_size": 64,
    "n_epochs": 1000,
    "patience": 40,
    "min_delta": 1e-08,
    "optimizer": "adamw",
    "seeds": [
      42,
      7,
      123,
      256,
      999
    ],
    "model": "LMPO2",
    "L": 4,
    "bond_dim": 12,
    "lr": 0.01
  },
  "n_parameters": 14040,
  "train_loss": 175.37452524159508,
  "train_quality": 0.3780323063045058,
  "val_loss": 342.36492300276626,
  "val_quality": -0.01738479239492574,
  "test_loss": 229.71250602599883,
  "test_quality": 0.08217734167614232,
  "best_epoch": 175,
  "stopped_early": true,
  "patience_counter": 40,
  "success": true
}