{
  "run_id": "LMPO2-L4-d8-rf0.5-seed256",
  "seed": 256,
  "model": "LMPO2",
  "dataset": "concrete",
  "task": "regression",
  "params": {
    "output_site": 1,
    "init_strength": 0.01,
    "reduction_factor": 0.5,
    "rank": 5,
    "batch_size": 64,
    "n_epochs": 1000,
    "patience": 40,
    "min_delta": 1e-08,
    "optimizer": "adamw",
    "seeds": [
      42,
      7,
      123,
      256,
      999
    ],
    "model": "LMPO2",
    "L": 4,
    "bond_dim": 8,
    "lr": 0.01
  },
  "n_parameters": 6480,
  "train_loss": 215.35074178420408,
  "train_quality": 0.23625621213446701,
  "val_loss": 319.2287589790752,
  "val_quality": -0.04030025955035588,
  "test_loss": 266.09581302956155,
  "test_quality": -0.06319316570425904,
  "best_epoch": 137,
  "stopped_early": true,
  "patience_counter": 40,
  "success": true
}