{
  "run_id": "MMPO2-L3-d12-jit5-seed999",
  "seed": 999,
  "model": "MMPO2",
  "grid_params": {
    "model": "MMPO2",
    "L": 3,
    "bond_dim": 12,
    "jitter_start": 5.0
  },
  "n_parameters": 1152,
  "train_loss": 0.4656564943083716,
  "train_quality": 0.8,
  "val_loss": 0.2599027233921642,
  "val_quality": 0.9545454545454546,
  "test_loss": 0.5053809956195635,
  "test_quality": 0.7391304347826086,
  "success": true,
  "singular": false
}