{
  "run_id": "MMPO2-L3-d8-jit0.1-seed256",
  "seed": 256,
  "model": "MMPO2",
  "grid_params": {
    "model": "MMPO2",
    "L": 3,
    "bond_dim": 8,
    "jitter_start": 0.1
  },
  "n_parameters": 768,
  "train_loss": 0.15870446421086734,
  "train_quality": 0.9333333333333335,
  "val_loss": 0.1978751944361555,
  "val_quality": 0.9090909090909092,
  "test_loss": 0.400507288379855,
  "test_quality": 0.8695652173913043,
  "success": true,
  "singular": false
}