{
  "run_id": "MMPO2-L3-d12-jit0.1-seed123",
  "seed": 123,
  "model": "MMPO2",
  "grid_params": {
    "model": "MMPO2",
    "L": 3,
    "bond_dim": 12,
    "jitter_start": 0.1
  },
  "n_parameters": 1152,
  "train_loss": 0.14754093388997064,
  "train_quality": 0.942857142857143,
  "val_loss": 0.2381489522618617,
  "val_quality": 0.9090909090909092,
  "test_loss": 0.3293946373803616,
  "test_quality": 0.8695652173913043,
  "success": true,
  "singular": false
}