{
  "run_id": "MMPO2-L3-d8-jit5-seed7",
  "seed": 7,
  "model": "MMPO2",
  "grid_params": {
    "model": "MMPO2",
    "L": 3,
    "bond_dim": 8,
    "jitter_start": 5.0
  },
  "n_parameters": 768,
  "train_loss": 0.20343238299400587,
  "train_quality": 0.9238095238095239,
  "val_loss": 0.1631628153237378,
  "val_quality": 0.9545454545454546,
  "test_loss": 0.4857446259624484,
  "test_quality": 0.8695652173913043,
  "success": true,
  "singular": false
}