{
  "run_id": "MMPO2-L3-d8-jit0.1-seed999",
  "seed": 999,
  "model": "MMPO2",
  "grid_params": {
    "model": "MMPO2",
    "L": 3,
    "bond_dim": 8,
    "jitter_start": 0.1
  },
  "n_parameters": 768,
  "train_loss": 0.15357415506514432,
  "train_quality": 0.942857142857143,
  "val_loss": 0.2045538241050349,
  "val_quality": 0.9090909090909092,
  "test_loss": 0.33678305901485,
  "test_quality": 0.8695652173913043,
  "success": true,
  "singular": false
}