{
  "run_id": "MMPO2-L3-d16-jit5-seed42",
  "seed": 42,
  "model": "MMPO2",
  "grid_params": {
    "model": "MMPO2",
    "L": 3,
    "bond_dim": 16,
    "jitter_start": 5.0
  },
  "n_parameters": 1664,
  "train_loss": 0.4288526029333983,
  "train_quality": 0.8095238095238096,
  "val_loss": 0.24212361223063011,
  "val_quality": 0.9545454545454546,
  "test_loss": 0.482188572089548,
  "test_quality": 0.7391304347826086,
  "success": true,
  "singular": false
}