{
  "run_id": "MPO2-L3-d8-jit5-seed7",
  "seed": 7,
  "model": "MPO2",
  "grid_params": {
    "model": "MPO2",
    "L": 3,
    "bond_dim": 8,
    "jitter_start": 5.0
  },
  "n_parameters": 384,
  "train_loss": 0.17534324070044607,
  "train_quality": 0.9333333333333335,
  "val_loss": 0.15553550974638805,
  "val_quality": 0.9090909090909092,
  "test_loss": 0.37986507835088507,
  "test_quality": 0.8260869565217391,
  "success": true,
  "singular": false
}