{
  "run_id": "MPO2-L3-d16-jit5-seed999",
  "seed": 999,
  "model": "MPO2",
  "grid_params": {
    "model": "MPO2",
    "L": 3,
    "bond_dim": 16,
    "jitter_start": 5.0
  },
  "n_parameters": 3200,
  "train_loss": 3.7009024122670354e+169,
  "train_quality": 0.5333333333333334,
  "val_loss": 4.7639139771287646e+169,
  "val_quality": 0.6818181818181819,
  "test_loss": 3.3025001243742544e+169,
  "test_quality": 0.4782608695652174,
  "success": true,
  "singular": true
}