{
  "run_id": "MPO2TypeI-L3-d12-jit5-seed999",
  "seed": 999,
  "model": "MPO2TypeI",
  "grid_params": {
    "model": "MPO2TypeI",
    "L": 3,
    "bond_dim": 12,
    "jitter_start": 5.0
  },
  "n_parameters": 972,
  "train_loss": 0.21742233810641612,
  "train_quality": 0.9238095238095239,
  "val_loss": 0.11298589312518383,
  "val_quality": 1.0,
  "test_loss": 0.2647071675423371,
  "test_quality": 0.9130434782608695,
  "success": true,
  "singular": false
}