{
  "run_id": "MPO2TypeI-L3-d12-jit0.1-seed999",
  "seed": 999,
  "model": "MPO2TypeI",
  "grid_params": {
    "model": "MPO2TypeI",
    "L": 3,
    "bond_dim": 12,
    "jitter_start": 0.1
  },
  "n_parameters": 972,
  "train_loss": 0.031065387764079057,
  "train_quality": 0.9904761904761905,
  "val_loss": 0.2824127024202292,
  "val_quality": 0.9545454545454546,
  "test_loss": 0.3261040326375881,
  "test_quality": 0.9565217391304348,
  "success": true,
  "singular": false
}