{
  "run_id": "MPO2-L4-d12-jit0.1-seed7",
  "seed": 7,
  "model": "MPO2",
  "grid_params": {
    "model": "MPO2",
    "L": 4,
    "bond_dim": 12,
    "jitter_start": 0.1
  },
  "n_parameters": 2400,
  "train_loss": 2.673719353018993e+88,
  "train_quality": 0.43809523809523815,
  "val_loss": 2.5622990269875502e+88,
  "val_quality": 0.6818181818181819,
  "test_loss": 2.4268413760511215e+88,
  "test_quality": 0.34782608695652173,
  "success": true,
  "singular": true
}