{
  "run_id": "MPO2-L3-d8-jit0.1-seed999",
  "seed": 999,
  "model": "MPO2",
  "grid_params": {
    "model": "MPO2",
    "L": 3,
    "bond_dim": 8,
    "jitter_start": 0.1
  },
  "n_parameters": 832,
  "train_loss": 5.123237797942887e+45,
  "train_quality": 0.7238095238095239,
  "val_loss": 1.0185636605727297e+45,
  "val_quality": 0.9090909090909092,
  "test_loss": 7.922148464618642e+45,
  "test_quality": 0.6086956521739131,
  "success": true,
  "singular": true
}