{
  "run_id": "MPO2-L3-d16-jit5-seed256",
  "seed": 256,
  "model": "MPO2",
  "grid_params": {
    "model": "MPO2",
    "L": 3,
    "bond_dim": 16,
    "jitter_start": 5.0
  },
  "n_parameters": 3200,
  "train_loss": 69776.40431041052,
  "train_quality": 0.7428571428571429,
  "val_loss": 11297.749985994189,
  "val_quality": 0.8636363636363636,
  "test_loss": 70351.42523623681,
  "test_quality": 0.6521739130434783,
  "success": true,
  "singular": true
}