{
  "run_id": "MPO2-L4-d8-jit5-seed123",
  "seed": 123,
  "model": "MPO2",
  "grid_params": {
    "model": "MPO2",
    "L": 4,
    "bond_dim": 8,
    "jitter_start": 5.0
  },
  "n_parameters": 1088,
  "train_loss": 118551151769876.53,
  "train_quality": 0.3523809523809524,
  "val_loss": 82684782895761.97,
  "val_quality": 0.5909090909090909,
  "test_loss": 135328947873142.0,
  "test_quality": 0.21739130434782608,
  "success": true,
  "singular": true
}