{
  "run_id": "MPO2-L2-d4-init1-jit1-rf0.5-seed256",
  "seed": 256,
  "model": "MPO2",
  "grid_params": {
    "model": "MPO2",
    "L": 2,
    "bond_dim": 4,
    "jitter_start": 1.0,
    "reduction_factor": 0.5,
    "init_strength": 1.0
  },
  "train_loss": 72.789117822649,
  "train_quality": 0.4761904761904762,
  "val_loss": 143.1463749872838,
  "val_quality": 0.3181818181818182,
  "test_loss": 121.44724425695131,
  "test_quality": 0.5217391304347826,
  "success": true,
  "singular": false
}