{
  "run_id": "MPO2-L3-d12-jit0.1-seed999",
  "seed": 999,
  "model": "MPO2",
  "grid_params": {
    "model": "MPO2",
    "L": 3,
    "bond_dim": 12,
    "jitter_start": 0.1
  },
  "n_parameters": 1824,
  "train_loss": 12926.466073039013,
  "train_quality": 0.6666666666666667,
  "val_loss": 12150.99150109464,
  "val_quality": 0.6363636363636364,
  "test_loss": 45395.54871646623,
  "test_quality": 0.7391304347826086,
  "success": true,
  "singular": true
}