{
  "run_id": "MPO2-L3-d16-jit0.1-seed42",
  "seed": 42,
  "model": "MPO2",
  "grid_params": {
    "model": "MPO2",
    "L": 3,
    "bond_dim": 16,
    "jitter_start": 0.1
  },
  "n_parameters": 3200,
  "train_loss": 4.27255132991326e+94,
  "train_quality": 0.6666666666666667,
  "val_loss": 6.843794630171082e+93,
  "val_quality": 0.8636363636363636,
  "test_loss": 8.915401619609553e+94,
  "test_quality": 0.5652173913043478,
  "success": true,
  "singular": true
}