{
  "run_id": "MPO2-L3-d16-jit0.1-seed123",
  "seed": 123,
  "model": "MPO2",
  "grid_params": {
    "model": "MPO2",
    "L": 3,
    "bond_dim": 16,
    "jitter_start": 0.1
  },
  "n_parameters": 3200,
  "train_loss": 6.291189641245634e+39,
  "train_quality": 0.5619047619047619,
  "val_loss": 7.205875532634107e+38,
  "val_quality": 0.8181818181818182,
  "test_loss": 1.0350839534526771e+40,
  "test_quality": 0.6086956521739131,
  "success": true,
  "singular": true
}