{
  "run_id": "MPO2TypeI-L3-d12-jit0.1-seed256",
  "seed": 256,
  "model": "MPO2TypeI",
  "grid_params": {
    "model": "MPO2TypeI",
    "L": 3,
    "bond_dim": 12,
    "jitter_start": 0.1
  },
  "n_parameters": 972,
  "train_loss": 0.04425579986554689,
  "train_quality": 0.9904761904761905,
  "val_loss": 0.2519626817059001,
  "val_quality": 0.9545454545454546,
  "test_loss": 0.08268643594162123,
  "test_quality": 0.9565217391304348,
  "success": true,
  "singular": false
}