{
  "run_id": "MPO2-L2-d4-init1-jit0.1-rf0.1-seed123",
  "seed": 123,
  "model": "MPO2",
  "grid_params": {
    "model": "MPO2",
    "L": 2,
    "bond_dim": 4,
    "jitter_start": 0.1,
    "reduction_factor": 0.1,
    "init_strength": 1.0
  },
  "train_loss": 1.9159104509288756,
  "train_quality": 0.5238095238095238,
  "val_loss": 1.7051404487489505,
  "val_quality": 0.6818181818181819,
  "test_loss": 2.427486279516024,
  "test_quality": 0.5217391304347826,
  "success": true,
  "singular": false
}