{
  "run_id": "MPO2TypeI-L3-d8-jit5-seed123",
  "seed": 123,
  "model": "MPO2TypeI",
  "grid_params": {
    "model": "MPO2TypeI",
    "L": 3,
    "bond_dim": 8,
    "jitter_start": 5.0
  },
  "n_parameters": 524,
  "train_loss": 0.19376669529596383,
  "train_quality": 0.961904761904762,
  "val_loss": 0.12358373856820805,
  "val_quality": 1.0,
  "test_loss": 0.23717941568923734,
  "test_quality": 0.8695652173913043,
  "success": true,
  "singular": false
}