{
  "run_id": "MPO2TypeI-L4-d12-jit5-seed7",
  "seed": 7,
  "model": "MPO2TypeI",
  "grid_params": {
    "model": "MPO2TypeI",
    "L": 4,
    "bond_dim": 12,
    "jitter_start": 5.0
  },
  "n_parameters": 2316,
  "train_loss": 0.1028285239455378,
  "train_quality": 0.9904761904761905,
  "val_loss": 0.055042804353314344,
  "val_quality": 1.0,
  "test_loss": 3.8159249929386654,
  "test_quality": 0.8260869565217391,
  "success": true,
  "singular": false
}