{
  "run_id": "MPO2-L3-d8-jit5-seed42",
  "seed": 42,
  "model": "MPO2",
  "grid_params": {
    "model": "MPO2",
    "L": 3,
    "bond_dim": 8,
    "jitter_start": 5.0
  },
  "n_parameters": 832,
  "train_loss": 0.1474770256349156,
  "train_quality": 0.942857142857143,
  "val_loss": 0.26445829682120936,
  "val_quality": 0.9090909090909092,
  "test_loss": 0.2954046479965757,
  "test_quality": 0.8695652173913043,
  "success": true,
  "singular": false
}