{
  "run_id": "MPO2-L2-d4-init0.01-jit5-rf0.3-seed42",
  "seed": 42,
  "model": "MPO2",
  "grid_params": {
    "model": "MPO2",
    "L": 2,
    "bond_dim": 4,
    "jitter_start": 5.0,
    "reduction_factor": 0.3,
    "init_strength": 0.01
  },
  "train_loss": 0.3542753336920136,
  "train_quality": 0.8571428571428572,
  "val_loss": 0.2622585471270191,
  "val_quality": 0.8636363636363636,
  "test_loss": 0.42800582359423783,
  "test_quality": 0.7826086956521738,
  "success": true,
  "singular": false
}