{
  "run_id": "MPO2-L4-d12-jit5-seed7",
  "seed": 7,
  "model": "MPO2",
  "grid_params": {
    "model": "MPO2",
    "L": 4,
    "bond_dim": 12,
    "jitter_start": 5.0
  },
  "n_parameters": 2400,
  "train_loss": 1.1152612296243637e+20,
  "train_quality": 0.4,
  "val_loss": 2.309504127406563e+20,
  "val_quality": 0.6363636363636364,
  "test_loss": 1.1991086052628264e+20,
  "test_quality": 0.30434782608695654,
  "success": true,
  "singular": true
}