{
  "run_id": "MPO2TypeI-L4-d12-jit5-seed999",
  "seed": 999,
  "model": "MPO2TypeI",
  "grid_params": {
    "model": "MPO2TypeI",
    "L": 4,
    "bond_dim": 12,
    "jitter_start": 5.0
  },
  "n_parameters": 2316,
  "train_loss": 0.09852545983264868,
  "train_quality": 0.980952380952381,
  "val_loss": 0.05727375549204287,
  "val_quality": 1.0,
  "test_loss": 3.5940269600102175,
  "test_quality": 0.8260869565217391,
  "success": true,
  "singular": false
}