{
  "run_id": "MPO2-L4-d12-jit0.1-seed123",
  "seed": 123,
  "model": "MPO2",
  "grid_params": {
    "model": "MPO2",
    "L": 4,
    "bond_dim": 12,
    "jitter_start": 0.1
  },
  "n_parameters": 2400,
  "train_loss": 1.1444220611040476e+75,
  "train_quality": 0.3523809523809524,
  "val_loss": 2.456840406784349e+75,
  "val_quality": 0.2727272727272727,
  "test_loss": 1.0566345158328858e+75,
  "test_quality": 0.30434782608695654,
  "success": true,
  "singular": true
}