{
  "run_id": "MPO2-L2-d4-init1-jit1-rf0.5-seed42",
  "seed": 42,
  "model": "MPO2",
  "grid_params": {
    "model": "MPO2",
    "L": 2,
    "bond_dim": 4,
    "jitter_start": 1.0,
    "reduction_factor": 0.5,
    "init_strength": 1.0
  },
  "train_loss": 6.242523215050156e+22,
  "train_quality": 0.3047619047619048,
  "val_loss": 4.1502348965192925e+22,
  "val_quality": 0.5909090909090909,
  "test_loss": 9.146684774237049e+22,
  "test_quality": 0.30434782608695654,
  "success": true,
  "singular": false
}