{
  "run_id": "MPO2-L4-d8-jit0.1-seed999",
  "seed": 999,
  "model": "MPO2",
  "grid_params": {
    "model": "MPO2",
    "L": 4,
    "bond_dim": 8,
    "jitter_start": 0.1
  },
  "n_parameters": 1088,
  "train_loss": 1.6599105900723521e+65,
  "train_quality": 0.31428571428571433,
  "val_loss": 1.7071403907944404e+65,
  "val_quality": 0.5909090909090909,
  "test_loss": 1.6293390438916465e+65,
  "test_quality": 0.2608695652173913,
  "success": true,
  "singular": true
}