{
  "run_id": "MPO2-L4-d12-jit5-seed999",
  "seed": 999,
  "model": "MPO2",
  "grid_params": {
    "model": "MPO2",
    "L": 4,
    "bond_dim": 12,
    "jitter_start": 5.0
  },
  "n_parameters": 2400,
  "train_loss": 7.137671767140703e+25,
  "train_quality": 0.3047619047619048,
  "val_loss": 6.384354909388941e+25,
  "val_quality": 0.5909090909090909,
  "test_loss": 7.160541163812524e+25,
  "test_quality": 0.2608695652173913,
  "success": true,
  "singular": true
}