{
  "run_id": "MPO2TypeI-L3-d8-jit0.1-seed123",
  "seed": 123,
  "model": "MPO2TypeI",
  "grid_params": {
    "model": "MPO2TypeI",
    "L": 3,
    "bond_dim": 8,
    "jitter_start": 0.1
  },
  "n_parameters": 524,
  "train_loss": 0.029001479097572,
  "train_quality": 1.0,
  "val_loss": 0.1347879377767067,
  "val_quality": 0.9545454545454546,
  "test_loss": 0.052412698992350036,
  "test_quality": 1.0,
  "success": true,
  "singular": false
}