{
  "run_id": "MPO2TypeI-L3-d8-jit5-seed256",
  "seed": 256,
  "model": "MPO2TypeI",
  "grid_params": {
    "model": "MPO2TypeI",
    "L": 3,
    "bond_dim": 8,
    "jitter_start": 5.0
  },
  "n_parameters": 524,
  "train_loss": 0.02818415094962243,
  "train_quality": 1.0,
  "val_loss": 0.2040572932064042,
  "val_quality": 0.9545454545454546,
  "test_loss": 0.037046788401923644,
  "test_quality": 1.0,
  "success": true,
  "singular": false
}