{
  "run_id": "MPO2-L2-d4-init1-jit1-rf0.3-seed7",
  "seed": 7,
  "model": "MPO2",
  "grid_params": {
    "model": "MPO2",
    "L": 2,
    "bond_dim": 4,
    "jitter_start": 1.0,
    "reduction_factor": 0.3,
    "init_strength": 1.0
  },
  "train_loss": 1.8951043335195608e+40,
  "train_quality": 0.36190476190476195,
  "val_loss": 3.8224499726346683e+40,
  "val_quality": 0.2727272727272727,
  "test_loss": 1.9422282617114488e+40,
  "test_quality": 0.30434782608695654,
  "success": true,
  "singular": false
}