{
  "run_id": "MPO2TypeI-L3-d16-jit0.1-seed42",
  "seed": 42,
  "model": "MPO2TypeI",
  "grid_params": {
    "model": "MPO2TypeI",
    "L": 3,
    "bond_dim": 16,
    "jitter_start": 0.1
  },
  "n_parameters": 1548,
  "train_loss": 0.04483909992542041,
  "train_quality": 0.9904761904761905,
  "val_loss": 0.2996929345642295,
  "val_quality": 0.9090909090909092,
  "test_loss": 0.34316629394028586,
  "test_quality": 0.9565217391304348,
  "success": true,
  "singular": false
}