{
  "run_id": "MPO2TypeI-L3-d12-jit5-seed123",
  "seed": 123,
  "model": "MPO2TypeI",
  "grid_params": {
    "model": "MPO2TypeI",
    "L": 3,
    "bond_dim": 12,
    "jitter_start": 5.0
  },
  "n_parameters": 972,
  "train_loss": 0.22439774746010477,
  "train_quality": 0.9047619047619049,
  "val_loss": 0.11346839374892452,
  "val_quality": 1.0,
  "test_loss": 0.2560058055752872,
  "test_quality": 0.9130434782608695,
  "success": true,
  "singular": false
}