{
  "run_id": "MPO2-L3-d12-jit0.1-seed256",
  "seed": 256,
  "model": "MPO2",
  "grid_params": {
    "model": "MPO2",
    "L": 3,
    "bond_dim": 12,
    "jitter_start": 0.1
  },
  "n_parameters": 1824,
  "train_loss": 7.366509829225238e+176,
  "train_quality": 0.6476190476190476,
  "val_loss": 1.128118927297488e+177,
  "val_quality": 0.7727272727272727,
  "test_loss": 8.373108833504458e+176,
  "test_quality": 0.5217391304347826,
  "success": true,
  "singular": true
}