{
  "run_id": "MPO2-L4-d8-jit5-seed256",
  "seed": 256,
  "model": "MPO2",
  "grid_params": {
    "model": "MPO2",
    "L": 4,
    "bond_dim": 8,
    "jitter_start": 5.0
  },
  "n_parameters": 1088,
  "train_loss": 0.24294840820691446,
  "train_quality": 0.9333333333333335,
  "val_loss": 0.2659635852477526,
  "val_quality": 0.9090909090909092,
  "test_loss": 8.388697201552738,
  "test_quality": 0.7826086956521738,
  "success": true,
  "singular": true
}