{
  "run_id": "MPO2TypeI-L3-d8-jit5-seed999",
  "seed": 999,
  "model": "MPO2TypeI",
  "grid_params": {
    "model": "MPO2TypeI",
    "L": 3,
    "bond_dim": 8,
    "jitter_start": 5.0
  },
  "n_parameters": 524,
  "train_loss": 0.18286657940220005,
  "train_quality": 0.961904761904762,
  "val_loss": 0.10384922341640705,
  "val_quality": 1.0,
  "test_loss": 0.20599857931064475,
  "test_quality": 0.9130434782608695,
  "success": true,
  "singular": false
}