{
  "run_id": "MPO2-L2-d4-init0.1-jit5-rf0.5-seed999",
  "seed": 999,
  "model": "MPO2",
  "grid_params": {
    "model": "MPO2",
    "L": 2,
    "bond_dim": 4,
    "jitter_start": 5.0,
    "reduction_factor": 0.5,
    "init_strength": 0.1
  },
  "train_loss": 2763717.694861853,
  "train_quality": 0.43809523809523815,
  "val_loss": 5509764.893399125,
  "val_quality": 0.2727272727272727,
  "test_loss": 2537402.36095545,
  "test_quality": 0.3913043478260869,
  "success": true,
  "singular": true
}