{
  "run_id": "MPO2TypeI-L3-d16-jit5-seed256",
  "seed": 256,
  "model": "MPO2TypeI",
  "grid_params": {
    "model": "MPO2TypeI",
    "L": 3,
    "bond_dim": 16,
    "jitter_start": 5.0
  },
  "n_parameters": 1548,
  "train_loss": 0.2187906328110697,
  "train_quality": 0.9333333333333335,
  "val_loss": 0.11996534093959052,
  "val_quality": 1.0,
  "test_loss": 0.24371210771982887,
  "test_quality": 0.9130434782608695,
  "success": true,
  "singular": false
}