{
  "run_id": "MPO2-L2-d4-init0.01-jit5-rf0.1-seed123",
  "seed": 123,
  "model": "MPO2",
  "grid_params": {
    "model": "MPO2",
    "L": 2,
    "bond_dim": 4,
    "jitter_start": 5.0,
    "reduction_factor": 0.1,
    "init_strength": 0.01
  },
  "train_loss": 0.34841904618492503,
  "train_quality": 0.8571428571428572,
  "val_loss": 0.2633727600779115,
  "val_quality": 0.9090909090909092,
  "test_loss": 0.4181004361439206,
  "test_quality": 0.8260869565217391,
  "success": true,
  "singular": false
}