{
  "run_id": "MPO2-L3-d12-jit5-seed7",
  "seed": 7,
  "model": "MPO2",
  "grid_params": {
    "model": "MPO2",
    "L": 3,
    "bond_dim": 12,
    "jitter_start": 5.0
  },
  "n_parameters": 1824,
  "train_loss": 1119.5634435377503,
  "train_quality": 0.6857142857142857,
  "val_loss": 351.0489339255572,
  "val_quality": 0.8636363636363636,
  "test_loss": 3205.284903300296,
  "test_quality": 0.6086956521739131,
  "success": true,
  "singular": true
}