{
  "run_id": "MPO2-L3-d12-jit5-seed123",
  "seed": 123,
  "model": "MPO2",
  "grid_params": {
    "model": "MPO2",
    "L": 3,
    "bond_dim": 12,
    "jitter_start": 5.0
  },
  "n_parameters": 1824,
  "train_loss": 2.1227974814564255e+185,
  "train_quality": 0.761904761904762,
  "val_loss": 5.1416910661910835e+184,
  "val_quality": 0.8636363636363636,
  "test_loss": 4.080375961507368e+185,
  "test_quality": 0.6521739130434783,
  "success": true,
  "singular": true
}