{
  "run_id": "MPO2TypeI-L3-d8-jit0.1-seed256",
  "seed": 256,
  "model": "MPO2TypeI",
  "grid_params": {
    "model": "MPO2TypeI",
    "L": 3,
    "bond_dim": 8,
    "jitter_start": 0.1
  },
  "n_parameters": 524,
  "train_loss": 0.14026985666857475,
  "train_quality": 0.9523809523809524,
  "val_loss": 0.12333183620844332,
  "val_quality": 0.9545454545454546,
  "test_loss": 0.25871161789647334,
  "test_quality": 0.8695652173913043,
  "success": true,
  "singular": false
}