{
  "run_id": "MPO2TypeI-L4-d8-jit5-seed42",
  "seed": 42,
  "model": "MPO2TypeI",
  "grid_params": {
    "model": "MPO2TypeI",
    "L": 4,
    "bond_dim": 8,
    "jitter_start": 5.0
  },
  "n_parameters": 1164,
  "train_loss": 0.08127297767318932,
  "train_quality": 0.980952380952381,
  "val_loss": 0.05004360521808652,
  "val_quality": 1.0,
  "test_loss": 1.4050023913979028,
  "test_quality": 0.8695652173913043,
  "success": true,
  "singular": false
}