{
  "run_id": "MPO2-L4-d8-jit5-seed42",
  "seed": 42,
  "model": "MPO2",
  "grid_params": {
    "model": "MPO2",
    "L": 4,
    "bond_dim": 8,
    "jitter_start": 5.0
  },
  "n_parameters": 1088,
  "train_loss": 4.869173495309296,
  "train_quality": 0.43809523809523815,
  "val_loss": 6.704014627330368,
  "val_quality": 0.6818181818181819,
  "test_loss": 2.45162187989047,
  "test_quality": 0.3913043478260869,
  "success": true,
  "singular": true
}