{
  "run_id": "MPO2TypeI-L3-d12-jit5-seed42",
  "seed": 42,
  "model": "MPO2TypeI",
  "grid_params": {
    "model": "MPO2TypeI",
    "L": 3,
    "bond_dim": 12,
    "jitter_start": 5.0
  },
  "n_parameters": 972,
  "train_loss": 0.10596301128989409,
  "train_quality": 0.9714285714285715,
  "val_loss": 0.08139602174997565,
  "val_quality": 0.9545454545454546,
  "test_loss": 0.15295336077923907,
  "test_quality": 0.8695652173913043,
  "success": true,
  "singular": false
}