{
  "run_id": "MPO2-L3-d8-jit0.1-seed256",
  "seed": 256,
  "model": "MPO2",
  "grid_params": {
    "model": "MPO2",
    "L": 3,
    "bond_dim": 8,
    "jitter_start": 0.1
  },
  "n_parameters": 832,
  "train_loss": 9.872011873751461e+277,
  "train_quality": 0.6380952380952382,
  "val_loss": 1.7439832007877822e+277,
  "val_quality": 0.8636363636363636,
  "test_loss": 1.9146462223034178e+278,
  "test_quality": 0.5652173913043478,
  "success": true,
  "singular": true
}