{
  "run_id": "MPO2-L3-d12-jit0.1-seed123",
  "seed": 123,
  "model": "MPO2",
  "grid_params": {
    "model": "MPO2",
    "L": 3,
    "bond_dim": 12,
    "jitter_start": 0.1
  },
  "n_parameters": 1824,
  "train_loss": 7.4563652930162095e+22,
  "train_quality": 0.6571428571428573,
  "val_loss": 6.698748571125797e+22,
  "val_quality": 0.6818181818181819,
  "test_loss": 8.448771260799156e+22,
  "test_quality": 0.6521739130434783,
  "success": true,
  "singular": true
}