{
  "run_id": "MPO2-L4-d12-jit0.1-seed999",
  "seed": 999,
  "model": "MPO2",
  "grid_params": {
    "model": "MPO2",
    "L": 4,
    "bond_dim": 12,
    "jitter_start": 0.1
  },
  "n_parameters": 2400,
  "train_loss": 6.15883302758049e+182,
  "train_quality": 0.3047619047619048,
  "val_loss": 4.712987029613013e+182,
  "val_quality": 0.5909090909090909,
  "test_loss": 6.48089339884701e+182,
  "test_quality": 0.2608695652173913,
  "success": true,
  "singular": true
}