{
  "run_id": "MPO2-L3-d12-jit5-seed42",
  "seed": 42,
  "model": "MPO2",
  "grid_params": {
    "model": "MPO2",
    "L": 3,
    "bond_dim": 12,
    "jitter_start": 5.0
  },
  "n_parameters": 768,
  "train_loss": 0.13700924431896902,
  "train_quality": 0.942857142857143,
  "val_loss": 0.3326593177018289,
  "val_quality": 0.9090909090909092,
  "test_loss": 0.3111782989069509,
  "test_quality": 0.8695652173913043,
  "success": true,
  "singular": false
}