{
  "run_id": "MPO2-L3-d12-jit0.1-seed42",
  "seed": 42,
  "model": "MPO2",
  "grid_params": {
    "model": "MPO2",
    "L": 3,
    "bond_dim": 12,
    "jitter_start": 0.1
  },
  "n_parameters": 1824,
  "train_loss": 0.13451615162196076,
  "train_quality": 0.942857142857143,
  "val_loss": 0.3673094482976678,
  "val_quality": 0.9090909090909092,
  "test_loss": 0.2694372290676735,
  "test_quality": 0.8695652173913043,
  "success": true,
  "singular": false
}