{
  "run_id": "MPO2TypeI-L3-d8-jit5-seed42",
  "seed": 42,
  "model": "MPO2TypeI",
  "grid_params": {
    "model": "MPO2TypeI",
    "L": 3,
    "bond_dim": 8,
    "jitter_start": 5.0
  },
  "n_parameters": 524,
  "train_loss": 0.12303779387758539,
  "train_quality": 0.961904761904762,
  "val_loss": 0.08731268847582888,
  "val_quality": 0.9545454545454546,
  "test_loss": 0.17930556520159346,
  "test_quality": 0.8695652173913043,
  "success": true,
  "singular": false
}