{
  "run_id": "MPO2-L4-d16-jit0.1-seed123",
  "seed": 123,
  "model": "MPO2",
  "grid_params": {
    "model": "MPO2",
    "L": 4,
    "bond_dim": 16,
    "jitter_start": 0.1
  },
  "n_parameters": 4224,
  "train_loss": 1.0012879199478418e+100,
  "train_quality": 0.3047619047619048,
  "val_loss": 9.83985913440348e+99,
  "val_quality": 0.5909090909090909,
  "test_loss": 9.808295130347492e+99,
  "test_quality": 0.30434782608695654,
  "success": true,
  "singular": true
}