{
  "run_id": "MPO2TypeI_GTN-L3-d16-seed42",
  "seed": 42,
  "model": "MPO2TypeI_GTN",
  "dataset": "ai4i",
  "task": "regression",
  "params": {
    "output_site": 1,
    "init_strength": 0.01,
    "batch_size": 64,
    "n_epochs": 1000,
    "patience": 40,
    "min_delta": 1e-08,
    "optimizer": "adamw",
    "rank": 5,
    "seeds": [
      42,
      7,
      123,
      256,
      999
    ],
    "model": "MPO2TypeI_GTN",
    "L": 3,
    "bond_dim": 16,
    "lr": 0.01
  },
  "n_parameters": 2889,
  "train_loss": 0.026083463995172022,
  "train_quality": 0.2307541115271472,
  "val_loss": 0.02470793818131899,
  "val_quality": 0.36447849342523697,
  "test_loss": 0.020853401606026525,
  "test_quality": 0.2510869161935222,
  "best_epoch": 52,
  "stopped_early": true,
  "patience_counter": 40,
  "success": true
}