{
  "run_id": "MPO2-L4-d8-seed999",
  "seed": 999,
  "model": "MPO2",
  "dataset": "ai4i",
  "task": "regression",
  "params": {
    "output_site": 1,
    "init_strength": 0.01,
    "batch_size": 64,
    "n_epochs": 1000,
    "patience": 40,
    "min_delta": 1e-08,
    "optimizer": "adamw",
    "rank": 5,
    "seeds": [
      42,
      7,
      123,
      256,
      999
    ],
    "model": "MPO2",
    "L": 4,
    "bond_dim": 8,
    "lr": 0.01
  },
  "n_parameters": 1296,
  "train_loss": 0.043908002204036414,
  "train_quality": -0.2949219541071624,
  "val_loss": 0.04665471973940943,
  "val_quality": 0.3915335261403764,
  "test_loss": 0.03992612053523665,
  "test_quality": -0.4338760946239075,
  "best_epoch": 180,
  "stopped_early": true,
  "patience_counter": 40,
  "success": true
}