{
  "run_id": "MPO2TypeI_GTN-L4-d12-seed42",
  "seed": 42,
  "model": "MPO2TypeI_GTN",
  "dataset": "ai4i",
  "task": "regression",
  "params": {
    "output_site": 1,
    "init_strength": 0.01,
    "batch_size": 64,
    "n_epochs": 1000,
    "patience": 40,
    "min_delta": 1e-08,
    "optimizer": "adamw",
    "rank": 5,
    "seeds": [
      42,
      7,
      123,
      256,
      999
    ],
    "model": "MPO2TypeI_GTN",
    "L": 4,
    "bond_dim": 12,
    "lr": 0.01
  },
  "n_parameters": 4545,
  "train_loss": 0.04269396347723795,
  "train_quality": -0.25911787918791873,
  "val_loss": 0.04377836803082948,
  "val_quality": 0.36097142451746067,
  "test_loss": 0.0368328960514385,
  "test_quality": -0.3227884010747888,
  "best_epoch": 3,
  "stopped_early": true,
  "patience_counter": 40,
  "success": true
}