{
  "run_id": "MPO2-L4-d12-seed256",
  "seed": 256,
  "model": "MPO2",
  "dataset": "ai4i",
  "task": "regression",
  "params": {
    "init_strength": 0.01,
    "batch_size": 64,
    "n_epochs": 1000,
    "patience": 40,
    "min_delta": 1e-08,
    "optimizer": "adamw",
    "seeds": [
      42,
      7,
      123,
      256,
      999
    ],
    "model": "MPO2",
    "L": 4,
    "bond_dim": 12,
    "lr": 0.001
  },
  "n_parameters": 2808,
  "train_loss": 0.016350514903824834,
  "train_quality": 0.5177953983984096,
  "val_loss": 0.021714221064663315,
  "val_quality": 0.3713163265831393,
  "test_loss": 0.016739268887639713,
  "test_quality": 0.3988387256837189,
  "best_epoch": 427,
  "stopped_early": true,
  "patience_counter": 40,
  "success": true
}