{
  "run_id": "MPO2-L3-d12-seed42",
  "seed": 42,
  "model": "MPO2",
  "dataset": "ai4i",
  "task": "regression",
  "params": {
    "init_strength": 0.01,
    "batch_size": 64,
    "n_epochs": 1000,
    "patience": 40,
    "min_delta": 1e-08,
    "optimizer": "adamw",
    "seeds": [
      42,
      7,
      123,
      256,
      999
    ],
    "model": "MPO2",
    "L": 3,
    "bond_dim": 12,
    "lr": 0.001
  },
  "n_parameters": 1512,
  "train_loss": 0.023049015303628188,
  "train_quality": 0.32024518449904915,
  "val_loss": 0.023791044069868334,
  "val_quality": 0.30835762272988443,
  "test_loss": 0.020328953212302017,
  "test_quality": 0.2699215538829465,
  "best_epoch": 184,
  "stopped_early": true,
  "patience_counter": 40,
  "success": true
}