{
  "run_id": "MPO2TypeI_GTN-L3-d16-seed123",
  "seed": 123,
  "model": "MPO2TypeI_GTN",
  "dataset": "ai4i",
  "task": "regression",
  "params": {
    "init_strength": 0.01,
    "batch_size": 64,
    "n_epochs": 1000,
    "patience": 40,
    "min_delta": 1e-08,
    "optimizer": "adamw",
    "seeds": [
      42,
      7,
      123,
      256,
      999
    ],
    "model": "MPO2TypeI_GTN",
    "L": 3,
    "bond_dim": 16,
    "lr": 0.001
  },
  "n_parameters": 2889,
  "train_loss": 0.019338404245093508,
  "train_quality": 0.42967744016217924,
  "val_loss": 0.020579710605201727,
  "val_quality": 0.385588543949445,
  "test_loss": 0.01667995577523647,
  "test_quality": 0.40096885134663407,
  "best_epoch": 44,
  "stopped_early": true,
  "patience_counter": 40,
  "success": true
}