{
  "run_id": "MPO2TypeI_GTN-L4-d12-seed7",
  "seed": 7,
  "model": "MPO2TypeI_GTN",
  "dataset": "ai4i",
  "task": "regression",
  "params": {
    "init_strength": 0.01,
    "batch_size": 64,
    "n_epochs": 1000,
    "patience": 40,
    "min_delta": 1e-08,
    "optimizer": "adamw",
    "seeds": [
      42,
      7,
      123,
      256,
      999
    ],
    "model": "MPO2TypeI_GTN",
    "L": 4,
    "bond_dim": 12,
    "lr": 0.001
  },
  "n_parameters": 4545,
  "train_loss": 0.015899354169953767,
  "train_quality": 0.5311008987581373,
  "val_loss": 0.02454472327265242,
  "val_quality": 0.3886237768348917,
  "test_loss": 0.01926002570194573,
  "test_quality": 0.30831019729329345,
  "best_epoch": 101,
  "stopped_early": true,
  "patience_counter": 40,
  "success": true
}