{
  "run_id": "MPO2TypeI_GTN-L4-d8-seed42",
  "seed": 42,
  "model": "MPO2TypeI_GTN",
  "dataset": "ai4i",
  "task": "regression",
  "params": {
    "output_site": 1,
    "init_strength": 0.01,
    "batch_size": 64,
    "n_epochs": 1000,
    "patience": 40,
    "min_delta": 1e-08,
    "optimizer": "adamw",
    "rank": 5,
    "seeds": [
      42,
      7,
      123,
      256,
      999
    ],
    "model": "MPO2TypeI_GTN",
    "L": 4,
    "bond_dim": 8,
    "lr": 0.01
  },
  "n_parameters": 2169,
  "train_loss": 0.045221355871641965,
  "train_quality": -0.3336549962024651,
  "val_loss": 0.03377804266526127,
  "val_quality": 0.38900159637049336,
  "test_loss": 0.031105780158392028,
  "test_quality": -0.11710914999572264,
  "best_epoch": 100,
  "stopped_early": true,
  "patience_counter": 40,
  "success": true
}