{
  "run_id": "MPO2-L3-d12-seed999",
  "seed": 999,
  "model": "MPO2",
  "dataset": "ai4i",
  "task": "regression",
  "params": {
    "output_site": 1,
    "init_strength": 0.01,
    "batch_size": 64,
    "n_epochs": 1000,
    "patience": 40,
    "min_delta": 1e-08,
    "optimizer": "adamw",
    "rank": 5,
    "seeds": [
      42,
      7,
      123,
      256,
      999
    ],
    "model": "MPO2",
    "L": 3,
    "bond_dim": 12,
    "lr": 0.01
  },
  "n_parameters": 1512,
  "train_loss": 0.03112002329166296,
  "train_quality": 0.08221737838493459,
  "val_loss": 0.02875851108380993,
  "val_quality": 0.37733248738503156,
  "test_loss": 0.024337209087506834,
  "test_quality": 0.12597212419769255,
  "best_epoch": 111,
  "stopped_early": true,
  "patience_counter": 40,
  "success": true
}