{
  "run_id": "MPO2-L3-d16-seed256",
  "seed": 256,
  "model": "MPO2",
  "dataset": "ai4i",
  "task": "regression",
  "params": {
    "init_strength": 0.01,
    "batch_size": 64,
    "n_epochs": 1000,
    "patience": 40,
    "min_delta": 1e-08,
    "optimizer": "adamw",
    "seeds": [
      42,
      7,
      123,
      256,
      999
    ],
    "model": "MPO2",
    "L": 3,
    "bond_dim": 16,
    "lr": 0.001
  },
  "n_parameters": 2592,
  "train_loss": 0.0994838180016811,
  "train_quality": -1.9339476528707906,
  "val_loss": 0.10745200507560415,
  "val_quality": 0.17662405817428173,
  "test_loss": 0.0712389022631426,
  "test_quality": -1.558419340346854,
  "best_epoch": 112,
  "stopped_early": true,
  "patience_counter": 40,
  "success": true
}