{
  "run_id": "MPO2-L3-d12-seed256",
  "seed": 256,
  "model": "MPO2",
  "dataset": "ai4i",
  "task": "regression",
  "params": {
    "init_strength": 0.01,
    "batch_size": 64,
    "n_epochs": 1000,
    "patience": 40,
    "min_delta": 1e-08,
    "optimizer": "adamw",
    "seeds": [
      42,
      7,
      123,
      256,
      999
    ],
    "model": "MPO2",
    "L": 3,
    "bond_dim": 12,
    "lr": 0.001
  },
  "n_parameters": 1512,
  "train_loss": 0.03353087533073014,
  "train_quality": 0.011117235431832517,
  "val_loss": 0.03334796960848302,
  "val_quality": 0.2760653749091786,
  "test_loss": 0.026476545479051088,
  "test_quality": 0.049141636560231516,
  "best_epoch": 224,
  "stopped_early": true,
  "patience_counter": 40,
  "success": true
}