{
  "run_id": "MPO2-L4-d16-seed42",
  "seed": 42,
  "model": "MPO2",
  "dataset": "ai4i",
  "task": "regression",
  "params": {
    "init_strength": 0.01,
    "batch_size": 64,
    "n_epochs": 1000,
    "patience": 40,
    "min_delta": 1e-08,
    "optimizer": "adamw",
    "seeds": [
      42,
      7,
      123,
      256,
      999
    ],
    "model": "MPO2",
    "L": 4,
    "bond_dim": 16,
    "lr": 0.001
  },
  "n_parameters": 4896,
  "train_loss": 0.028419476311771177,
  "train_quality": 0.16186111977197049,
  "val_loss": 0.04466956813667751,
  "val_quality": 0.2370348422203532,
  "test_loss": 0.03183166268582234,
  "test_quality": -0.14317793878948826,
  "best_epoch": 250,
  "stopped_early": true,
  "patience_counter": 40,
  "success": true
}