{
  "run_id": "MPO2-L4-d16-seed256",
  "seed": 256,
  "model": "MPO2",
  "dataset": "ai4i",
  "task": "regression",
  "params": {
    "output_site": 1,
    "init_strength": 0.01,
    "batch_size": 64,
    "n_epochs": 1000,
    "patience": 40,
    "min_delta": 1e-08,
    "optimizer": "adamw",
    "rank": 5,
    "seeds": [
      42,
      7,
      123,
      256,
      999
    ],
    "model": "MPO2",
    "L": 4,
    "bond_dim": 16,
    "lr": 0.01
  },
  "n_parameters": 4896,
  "train_loss": 0.5964435175428052,
  "train_quality": -16.59013770797519,
  "val_loss": 0.6172139250590233,
  "val_quality": 0.3941042406063935,
  "test_loss": 0.6396361043319737,
  "test_quality": -21.971400851493833,
  "best_epoch": 144,
  "stopped_early": true,
  "patience_counter": 40,
  "success": true
}