{
  "run_id": "MPO2TypeI_GTN-L3-d16-seed256",
  "seed": 256,
  "model": "MPO2TypeI_GTN",
  "dataset": "ai4i",
  "task": "regression",
  "params": {
    "init_strength": 0.01,
    "batch_size": 64,
    "n_epochs": 1000,
    "patience": 40,
    "min_delta": 1e-08,
    "optimizer": "adamw",
    "seeds": [
      42,
      7,
      123,
      256,
      999
    ],
    "model": "MPO2TypeI_GTN",
    "L": 3,
    "bond_dim": 16,
    "lr": 0.001
  },
  "n_parameters": 2889,
  "train_loss": 0.019601528186352964,
  "train_quality": 0.42191746587310175,
  "val_loss": 0.022836440368997027,
  "val_quality": 0.3881842498438114,
  "test_loss": 0.017035351666625995,
  "test_quality": 0.3882054356688883,
  "best_epoch": 26,
  "stopped_early": true,
  "patience_counter": 40,
  "success": true
}