{
  "run_id": "MPO2-L2-d10-init1-rf0.3-seed999",
  "seed": 999,
  "model": "MPO2",
  "dataset": "ai4i",
  "task": "regression",
  "params": {
    "output_site": 1,
    "init_strength": 1.0,
    "batch_size": 32,
    "n_epochs": 1000,
    "patience": 40,
    "min_delta": 1e-08,
    "optimizer": "adamw",
    "rank": 5,
    "seeds": [
      42,
      7,
      123,
      256,
      999
    ],
    "model": "MPO2",
    "L": 2,
    "bond_dim": 10,
    "weight_decay": 0.1,
    "lr": 0.01,
    "reduction_factor": 0.3
  },
  "train_loss": 0.02593748265445951,
  "train_quality": 0.2350593505152525,
  "val_loss": 0.024785920065521248,
  "val_quality": 0.28800053746948195,
  "test_loss": 0.021424325358245146,
  "test_quality": 0.23058319809657402,
  "best_epoch": 6,
  "stopped_early": true,
  "patience_counter": 40,
  "success": true
}