{
  "run_id": "MPO2-L4-d12-seed42",
  "seed": 42,
  "model": "MPO2",
  "dataset": "ai4i",
  "task": "regression",
  "params": {
    "init_strength": 0.01,
    "batch_size": 64,
    "n_epochs": 1000,
    "patience": 40,
    "min_delta": 1e-08,
    "optimizer": "adamw",
    "seeds": [
      42,
      7,
      123,
      256,
      999
    ],
    "model": "MPO2",
    "L": 4,
    "bond_dim": 12,
    "lr": 0.001
  },
  "n_parameters": 2808,
  "train_loss": 0.05467121499258881,
  "train_quality": -0.6123474764950201,
  "val_loss": 0.05416492397579275,
  "val_quality": 0.15605849987783893,
  "test_loss": 0.041188665183296766,
  "test_quality": -0.47921815553491065,
  "best_epoch": 264,
  "stopped_early": true,
  "patience_counter": 40,
  "success": true
}