{
  "run_id": "MPO2TypeI_GTN-L4-d12-seed123",
  "seed": 123,
  "model": "MPO2TypeI_GTN",
  "dataset": "ai4i",
  "task": "regression",
  "params": {
    "init_strength": 0.01,
    "batch_size": 64,
    "n_epochs": 1000,
    "patience": 40,
    "min_delta": 1e-08,
    "optimizer": "adamw",
    "seeds": [
      42,
      7,
      123,
      256,
      999
    ],
    "model": "MPO2TypeI_GTN",
    "L": 4,
    "bond_dim": 12,
    "lr": 0.001
  },
  "n_parameters": 4545,
  "train_loss": 0.01620775327292338,
  "train_quality": 0.5220056826468114,
  "val_loss": 0.02439419215090475,
  "val_quality": 0.3920781430679583,
  "test_loss": 0.01849561901337273,
  "test_quality": 0.33576251328648166,
  "best_epoch": 17,
  "stopped_early": true,
  "patience_counter": 40,
  "success": true
}