{
  "run_id": "MPO2TypeI_GTN-L4-d8-seed256",
  "seed": 256,
  "model": "MPO2TypeI_GTN",
  "dataset": "ai4i",
  "task": "regression",
  "params": {
    "init_strength": 0.01,
    "batch_size": 64,
    "n_epochs": 1000,
    "patience": 40,
    "min_delta": 1e-08,
    "optimizer": "adamw",
    "seeds": [
      42,
      7,
      123,
      256,
      999
    ],
    "model": "MPO2TypeI_GTN",
    "L": 4,
    "bond_dim": 8,
    "lr": 0.001
  },
  "n_parameters": 2169,
  "train_loss": 0.015726694789221948,
  "train_quality": 0.5361929186968546,
  "val_loss": 0.021400249015484988,
  "val_quality": 0.40033181408132434,
  "test_loss": 0.01707322201040036,
  "test_quality": 0.38684538916536393,
  "best_epoch": 40,
  "stopped_early": true,
  "patience_counter": 40,
  "success": true
}