{
  "run_id": "MPO2-L4-d16-seed123",
  "seed": 123,
  "model": "MPO2",
  "dataset": "ai4i",
  "task": "regression",
  "params": {
    "init_strength": 0.01,
    "batch_size": 64,
    "n_epochs": 1000,
    "patience": 40,
    "min_delta": 1e-08,
    "optimizer": "adamw",
    "seeds": [
      42,
      7,
      123,
      256,
      999
    ],
    "model": "MPO2",
    "L": 4,
    "bond_dim": 16,
    "lr": 0.001
  },
  "n_parameters": 4896,
  "train_loss": 0.17694768752895676,
  "train_quality": -4.218489428076875,
  "val_loss": 0.1291364907340608,
  "val_quality": -0.06883828815287996,
  "test_loss": 0.1148998457723217,
  "test_quality": -3.1264250049915177,
  "best_epoch": 190,
  "stopped_early": true,
  "patience_counter": 40,
  "success": true
}