{
  "run_id": "MPO2TypeI_GTN-L4-d16-seed7",
  "seed": 7,
  "model": "MPO2TypeI_GTN",
  "dataset": "ai4i",
  "task": "regression",
  "params": {
    "init_strength": 0.01,
    "batch_size": 64,
    "n_epochs": 1000,
    "patience": 40,
    "min_delta": 1e-08,
    "optimizer": "adamw",
    "seeds": [
      42,
      7,
      123,
      256,
      999
    ],
    "model": "MPO2TypeI_GTN",
    "L": 4,
    "bond_dim": 16,
    "lr": 0.001
  },
  "n_parameters": 7785,
  "train_loss": 0.01601211675773912,
  "train_quality": 0.5277753375119971,
  "val_loss": 0.022563266473311052,
  "val_quality": 0.40179916930786364,
  "test_loss": 0.017662839662054546,
  "test_quality": 0.36567031269057604,
  "best_epoch": 11,
  "stopped_early": true,
  "patience_counter": 40,
  "success": true
}