{
  "run_id": "MPO2-L4-d16-seed256",
  "seed": 256,
  "model": "MPO2",
  "dataset": "ai4i",
  "task": "regression",
  "params": {
    "init_strength": 0.01,
    "batch_size": 64,
    "n_epochs": 1000,
    "patience": 40,
    "min_delta": 1e-08,
    "optimizer": "adamw",
    "seeds": [
      42,
      7,
      123,
      256,
      999
    ],
    "model": "MPO2",
    "L": 4,
    "bond_dim": 16,
    "lr": 0.001
  },
  "n_parameters": 4896,
  "train_loss": 0.019990712167222046,
  "train_quality": 0.4104397657793396,
  "val_loss": 0.02443548697882313,
  "val_quality": 0.29891466003491174,
  "test_loss": 0.019308190215248013,
  "test_quality": 0.30658045387451127,
  "best_epoch": 352,
  "stopped_early": true,
  "patience_counter": 40,
  "success": true
}