{
  "run_id": "MPO2-L3-d16-seed7",
  "seed": 7,
  "model": "MPO2",
  "dataset": "ai4i",
  "task": "regression",
  "params": {
    "init_strength": 0.01,
    "batch_size": 64,
    "n_epochs": 1000,
    "patience": 40,
    "min_delta": 1e-08,
    "optimizer": "adamw",
    "seeds": [
      42,
      7,
      123,
      256,
      999
    ],
    "model": "MPO2",
    "L": 3,
    "bond_dim": 16,
    "lr": 0.001
  },
  "n_parameters": 2592,
  "train_loss": 0.6047454831636201,
  "train_quality": -16.83497684902014,
  "val_loss": 0.495653814042324,
  "val_quality": 0.23357633619393703,
  "test_loss": 0.3319559860036513,
  "test_quality": -10.921612879414775,
  "best_epoch": 155,
  "stopped_early": true,
  "patience_counter": 40,
  "success": true
}