{
  "run_id": "MPO2TypeI_GTN-L4-d8-seed7",
  "seed": 7,
  "model": "MPO2TypeI_GTN",
  "dataset": "ai4i",
  "task": "regression",
  "params": {
    "init_strength": 0.01,
    "batch_size": 64,
    "n_epochs": 1000,
    "patience": 40,
    "min_delta": 1e-08,
    "optimizer": "adamw",
    "seeds": [
      42,
      7,
      123,
      256,
      999
    ],
    "model": "MPO2TypeI_GTN",
    "L": 4,
    "bond_dim": 8,
    "lr": 0.001
  },
  "n_parameters": 2169,
  "train_loss": 0.016171776529719867,
  "train_quality": 0.5230666982310552,
  "val_loss": 0.022536149718568134,
  "val_quality": 0.3822291734972656,
  "test_loss": 0.016770272751974007,
  "test_quality": 0.39772527666052415,
  "best_epoch": 12,
  "stopped_early": true,
  "patience_counter": 40,
  "success": true
}