{
  "run_id": "MPO2-L2-d6-init0.1-rf0.1-seed256",
  "seed": 256,
  "model": "MPO2",
  "dataset": "ai4i",
  "task": "regression",
  "params": {
    "output_site": 1,
    "init_strength": 0.1,
    "batch_size": 32,
    "n_epochs": 1000,
    "patience": 40,
    "min_delta": 1e-08,
    "optimizer": "adamw",
    "rank": 5,
    "seeds": [
      42,
      7,
      123,
      256,
      999
    ],
    "model": "MPO2",
    "L": 2,
    "bond_dim": 6,
    "weight_decay": 0.1,
    "lr": 0.01,
    "reduction_factor": 0.1
  },
  "train_loss": 0.027447320447768233,
  "train_quality": 0.19053165607333933,
  "val_loss": 0.02599505085614437,
  "val_quality": 0.31160300268174657,
  "test_loss": 0.021883516828630222,
  "test_quality": 0.2140921475408537,
  "best_epoch": 46,
  "stopped_early": true,
  "patience_counter": 40,
  "success": true
}