{
  "run_id": "MPO2-L2-d6-init0.1-rf0.5-seed42",
  "seed": 42,
  "model": "MPO2",
  "dataset": "ai4i",
  "task": "regression",
  "params": {
    "output_site": 1,
    "init_strength": 0.1,
    "batch_size": 32,
    "n_epochs": 1000,
    "patience": 40,
    "min_delta": 1e-08,
    "optimizer": "adamw",
    "rank": 5,
    "seeds": [
      42,
      7,
      123,
      256,
      999
    ],
    "model": "MPO2",
    "L": 2,
    "bond_dim": 6,
    "weight_decay": 0.1,
    "lr": 0.01,
    "reduction_factor": 0.5
  },
  "train_loss": 0.025363279851214903,
  "train_quality": 0.2519935715844809,
  "val_loss": 0.02317892543742801,
  "val_quality": 0.2806540381487854,
  "test_loss": 0.02095181077569138,
  "test_quality": 0.2475527246922542,
  "best_epoch": 46,
  "stopped_early": true,
  "patience_counter": 40,
  "success": true
}