{
  "run_id": "MPO2-L2-d8-init0.1-rf0.3-seed7",
  "seed": 7,
  "model": "MPO2",
  "dataset": "ai4i",
  "task": "regression",
  "params": {
    "output_site": 1,
    "init_strength": 0.1,
    "batch_size": 32,
    "n_epochs": 1000,
    "patience": 40,
    "min_delta": 1e-08,
    "optimizer": "adamw",
    "rank": 5,
    "seeds": [
      42,
      7,
      123,
      256,
      999
    ],
    "model": "MPO2",
    "L": 2,
    "bond_dim": 8,
    "weight_decay": 0.1,
    "lr": 0.01,
    "reduction_factor": 0.3
  },
  "train_loss": 0.026713477146702354,
  "train_quality": 0.21217394799563738,
  "val_loss": 0.024805554062286784,
  "val_quality": 0.3006682541162238,
  "test_loss": 0.021583934661603407,
  "test_quality": 0.2248511118959371,
  "best_epoch": 75,
  "stopped_early": true,
  "patience_counter": 40,
  "success": true
}