{
  "run_id": "MPO2-L3-d8-seed256",
  "seed": 256,
  "model": "MPO2",
  "dataset": "ai4i",
  "task": "regression",
  "params": {
    "init_strength": 0.01,
    "batch_size": 64,
    "n_epochs": 1000,
    "patience": 40,
    "min_delta": 1e-08,
    "optimizer": "adamw",
    "seeds": [
      42,
      7,
      123,
      256,
      999
    ],
    "model": "MPO2",
    "L": 3,
    "bond_dim": 8,
    "lr": 0.001
  },
  "n_parameters": 720,
  "train_loss": 0.023810602545556066,
  "train_quality": 0.297784676390355,
  "val_loss": 0.02867701277865695,
  "val_quality": 0.30334758920262284,
  "test_loss": 0.020306911966073857,
  "test_quality": 0.270713126308181,
  "best_epoch": 203,
  "stopped_early": true,
  "patience_counter": 40,
  "success": true
}