{
  "run_id": "MPO2-L3-d12-seed123",
  "seed": 123,
  "model": "MPO2",
  "dataset": "ai4i",
  "task": "regression",
  "params": {
    "output_site": 1,
    "init_strength": 0.01,
    "batch_size": 64,
    "n_epochs": 1000,
    "patience": 40,
    "min_delta": 1e-08,
    "optimizer": "adamw",
    "rank": 5,
    "seeds": [
      42,
      7,
      123,
      256,
      999
    ],
    "model": "MPO2",
    "L": 3,
    "bond_dim": 12,
    "lr": 0.01
  },
  "n_parameters": 1512,
  "train_loss": 0.020434942448313623,
  "train_quality": 0.397338656305226,
  "val_loss": 0.020791705021694324,
  "val_quality": 0.38383273230245873,
  "test_loss": 0.01739286526632795,
  "test_quality": 0.37536596623776364,
  "best_epoch": 105,
  "stopped_early": true,
  "patience_counter": 40,
  "success": true
}