{
  "run_id": "MPO2TypeI_GTN-L3-d8-seed123",
  "seed": 123,
  "model": "MPO2TypeI_GTN",
  "dataset": "ai4i",
  "task": "regression",
  "params": {
    "init_strength": 0.01,
    "batch_size": 64,
    "n_epochs": 1000,
    "patience": 40,
    "min_delta": 1e-08,
    "optimizer": "adamw",
    "seeds": [
      42,
      7,
      123,
      256,
      999
    ],
    "model": "MPO2TypeI_GTN",
    "L": 3,
    "bond_dim": 8,
    "lr": 0.001
  },
  "n_parameters": 873,
  "train_loss": 0.019235767448259982,
  "train_quality": 0.43270437454423905,
  "val_loss": 0.021564268374285912,
  "val_quality": 0.3766342550334779,
  "test_loss": 0.016820683808132793,
  "test_quality": 0.39591485262328197,
  "best_epoch": 57,
  "stopped_early": true,
  "patience_counter": 40,
  "success": true
}