{
  "run_id": "MPO2TypeI_GTN-L4-d8-seed7",
  "seed": 7,
  "model": "MPO2TypeI_GTN",
  "dataset": "ai4i",
  "task": "regression",
  "params": {
    "output_site": 1,
    "init_strength": 0.01,
    "batch_size": 64,
    "n_epochs": 1000,
    "patience": 40,
    "min_delta": 1e-08,
    "optimizer": "adamw",
    "rank": 5,
    "seeds": [
      42,
      7,
      123,
      256,
      999
    ],
    "model": "MPO2TypeI_GTN",
    "L": 4,
    "bond_dim": 8,
    "lr": 0.01
  },
  "n_parameters": 2169,
  "train_loss": 0.021325822217630713,
  "train_quality": 0.37106509080803396,
  "val_loss": 0.02092527930514138,
  "val_quality": 0.39214296507265556,
  "test_loss": 0.01851768478943492,
  "test_quality": 0.33497005991558715,
  "best_epoch": 122,
  "stopped_early": true,
  "patience_counter": 40,
  "success": true
}