{
  "run_id": "MPO2TypeI_GTN-L3-d16-seed7",
  "seed": 7,
  "model": "MPO2TypeI_GTN",
  "dataset": "ai4i",
  "task": "regression",
  "params": {
    "output_site": 1,
    "init_strength": 0.01,
    "batch_size": 64,
    "n_epochs": 1000,
    "patience": 40,
    "min_delta": 1e-08,
    "optimizer": "adamw",
    "rank": 5,
    "seeds": [
      42,
      7,
      123,
      256,
      999
    ],
    "model": "MPO2TypeI_GTN",
    "L": 3,
    "bond_dim": 16,
    "lr": 0.01
  },
  "n_parameters": 2889,
  "train_loss": 0.02068771478498769,
  "train_quality": 0.3898839685098401,
  "val_loss": 0.020685919750243198,
  "val_quality": 0.37047048985389286,
  "test_loss": 0.017891621425847045,
  "test_quality": 0.3574540197577719,
  "best_epoch": 46,
  "stopped_early": true,
  "patience_counter": 40,
  "success": true
}