{
  "run_id": "MPO2-L3-d4-init1-rf0.3-seed999",
  "seed": 999,
  "model": "MPO2",
  "dataset": "ai4i",
  "task": "regression",
  "params": {
    "output_site": 1,
    "init_strength": 1.0,
    "batch_size": 32,
    "n_epochs": 1000,
    "patience": 40,
    "min_delta": 1e-08,
    "optimizer": "adamw",
    "rank": 5,
    "seeds": [
      42,
      7,
      123,
      256,
      999
    ],
    "model": "MPO2",
    "L": 3,
    "bond_dim": 4,
    "weight_decay": 0.1,
    "lr": 0.01,
    "reduction_factor": 0.3
  },
  "n_parameters": 216,
  "train_loss": 0.03514285714263235,
  "train_quality": -0.03642286052046506,
  "val_loss": 0.03333333333310591,
  "val_quality": 0.08290859316613997,
  "test_loss": 0.028666666666508165,
  "test_quality": -0.029512697317574332,
  "best_epoch": 5,
  "stopped_early": true,
  "patience_counter": 40,
  "success": true
}