{
  "run_id": "MPO2-L2-d8-init0.1-rf0.3-seed42",
  "seed": 42,
  "model": "MPO2",
  "dataset": "ai4i",
  "task": "regression",
  "params": {
    "output_site": 1,
    "init_strength": 0.1,
    "batch_size": 32,
    "n_epochs": 1000,
    "patience": 40,
    "min_delta": 1e-08,
    "optimizer": "adamw",
    "rank": 5,
    "seeds": [
      42,
      7,
      123,
      256,
      999
    ],
    "model": "MPO2",
    "L": 2,
    "bond_dim": 8,
    "weight_decay": 0.1,
    "lr": 0.01,
    "reduction_factor": 0.3
  },
  "train_loss": 0.025878417282046096,
  "train_quality": 0.2368012891967307,
  "val_loss": 0.024201782129917845,
  "val_quality": 0.2800389672170316,
  "test_loss": 0.020489323366010923,
  "test_quality": 0.26416214308591146,
  "best_epoch": 80,
  "stopped_early": true,
  "patience_counter": 40,
  "success": true
}