{
  "run_id": "MPO2-L4-d16-seed7",
  "seed": 7,
  "model": "MPO2",
  "dataset": "ai4i",
  "task": "regression",
  "params": {
    "output_site": 1,
    "init_strength": 0.01,
    "batch_size": 64,
    "n_epochs": 1000,
    "patience": 40,
    "min_delta": 1e-08,
    "optimizer": "adamw",
    "rank": 5,
    "seeds": [
      42,
      7,
      123,
      256,
      999
    ],
    "model": "MPO2",
    "L": 4,
    "bond_dim": 16,
    "lr": 0.01
  },
  "n_parameters": 4896,
  "train_loss": 2.401529718943976,
  "train_quality": -69.82521181561475,
  "val_loss": 2.9662696942242084,
  "val_quality": 0.4014830040732401,
  "test_loss": 2.1768496795988437,
  "test_quality": -77.17771111550327,
  "best_epoch": 179,
  "stopped_early": true,
  "patience_counter": 40,
  "success": true
}