{
  "run_id": "MPO2-L2-d8-init0.01-rf0.1-seed999",
  "seed": 999,
  "model": "MPO2",
  "dataset": "ai4i",
  "task": "regression",
  "params": {
    "output_site": 1,
    "init_strength": 0.01,
    "batch_size": 32,
    "n_epochs": 1000,
    "patience": 40,
    "min_delta": 1e-08,
    "optimizer": "adamw",
    "rank": 5,
    "seeds": [
      42,
      7,
      123,
      256,
      999
    ],
    "model": "MPO2",
    "L": 2,
    "bond_dim": 8,
    "weight_decay": 0.1,
    "lr": 0.01,
    "reduction_factor": 0.1
  },
  "train_loss": 0.0252288833263628,
  "train_quality": 0.2559571545727931,
  "val_loss": 0.02330506238345363,
  "val_quality": 0.29147625987304415,
  "test_loss": 0.020389666942505182,
  "test_quality": 0.26774112750576007,
  "best_epoch": 66,
  "stopped_early": true,
  "patience_counter": 40,
  "success": true
}