{
  "run_id": "MPO2TypeI_GTN-L4-d16-seed256",
  "seed": 256,
  "model": "MPO2TypeI_GTN",
  "dataset": "ai4i",
  "task": "regression",
  "params": {
    "init_strength": 0.01,
    "batch_size": 64,
    "n_epochs": 1000,
    "patience": 40,
    "min_delta": 1e-08,
    "optimizer": "adamw",
    "seeds": [
      42,
      7,
      123,
      256,
      999
    ],
    "model": "MPO2TypeI_GTN",
    "L": 4,
    "bond_dim": 16,
    "lr": 0.001
  },
  "n_parameters": 7785,
  "train_loss": 0.01612147577865354,
  "train_quality": 0.5245501532641763,
  "val_loss": 0.02279631382833397,
  "val_quality": 0.3901772306049095,
  "test_loss": 0.018361182932040167,
  "test_quality": 0.3405905476833513,
  "best_epoch": 13,
  "stopped_early": true,
  "patience_counter": 40,
  "success": true
}