{
  "run_id": "MPO2TypeI_GTN-L3-d12-seed256",
  "seed": 256,
  "model": "MPO2TypeI_GTN",
  "dataset": "ai4i",
  "task": "regression",
  "params": {
    "init_strength": 0.01,
    "batch_size": 64,
    "n_epochs": 1000,
    "patience": 40,
    "min_delta": 1e-08,
    "optimizer": "adamw",
    "seeds": [
      42,
      7,
      123,
      256,
      999
    ],
    "model": "MPO2TypeI_GTN",
    "L": 3,
    "bond_dim": 12,
    "lr": 0.001
  },
  "n_parameters": 1737,
  "train_loss": 0.01942879707356437,
  "train_quality": 0.42701160131264904,
  "val_loss": 0.02189003762283711,
  "val_quality": 0.38652329473020963,
  "test_loss": 0.016884487971503426,
  "test_quality": 0.39362343879774164,
  "best_epoch": 51,
  "stopped_early": true,
  "patience_counter": 40,
  "success": true
}