{
  "run_id": "MPO2-L3-d8-seed256",
  "seed": 256,
  "model": "MPO2",
  "dataset": "ai4i",
  "task": "regression",
  "params": {
    "output_site": 1,
    "init_strength": 0.01,
    "batch_size": 64,
    "n_epochs": 1000,
    "patience": 40,
    "min_delta": 1e-08,
    "optimizer": "adamw",
    "rank": 5,
    "seeds": [
      42,
      7,
      123,
      256,
      999
    ],
    "model": "MPO2",
    "L": 3,
    "bond_dim": 8,
    "lr": 0.01
  },
  "n_parameters": 720,
  "train_loss": 0.023957368302477883,
  "train_quality": 0.29345630362891495,
  "val_loss": 0.023193891959432052,
  "val_quality": 0.3762222513812963,
  "test_loss": 0.0208977435351793,
  "test_quality": 0.24949445413236193,
  "best_epoch": 122,
  "stopped_early": true,
  "patience_counter": 40,
  "success": true
}