{
  "run_id": "MPO2-L4-d12-seed999",
  "seed": 999,
  "model": "MPO2",
  "dataset": "ai4i",
  "task": "regression",
  "params": {
    "init_strength": 0.01,
    "batch_size": 64,
    "n_epochs": 1000,
    "patience": 40,
    "min_delta": 1e-08,
    "optimizer": "adamw",
    "seeds": [
      42,
      7,
      123,
      256,
      999
    ],
    "model": "MPO2",
    "L": 4,
    "bond_dim": 12,
    "lr": 0.001
  },
  "n_parameters": 2808,
  "train_loss": 0.019131781697453276,
  "train_quality": 0.4357710918821902,
  "val_loss": 0.023662373840788738,
  "val_quality": 0.29393388132265563,
  "test_loss": 0.01849456831974229,
  "test_quality": 0.3358002470923027,
  "best_epoch": 259,
  "stopped_early": true,
  "patience_counter": 40,
  "success": true
}