{
  "run_id": "MPO2TypeI_GTN-L3-d16-seed256",
  "seed": 256,
  "model": "MPO2TypeI_GTN",
  "dataset": "ai4i",
  "task": "regression",
  "params": {
    "output_site": 1,
    "init_strength": 0.01,
    "batch_size": 64,
    "n_epochs": 1000,
    "patience": 40,
    "min_delta": 1e-08,
    "optimizer": "adamw",
    "rank": 5,
    "seeds": [
      42,
      7,
      123,
      256,
      999
    ],
    "model": "MPO2TypeI_GTN",
    "L": 3,
    "bond_dim": 16,
    "lr": 0.01
  },
  "n_parameters": 2889,
  "train_loss": 0.022614789449280293,
  "train_quality": 0.33305124634679917,
  "val_loss": 0.021449697846800318,
  "val_quality": 0.3751905806876247,
  "test_loss": 0.019160276544571718,
  "test_quality": 0.31189251208621815,
  "best_epoch": 110,
  "stopped_early": true,
  "patience_counter": 40,
  "success": true
}