{
  "run_id": "MPO2-L3-d12-seed256",
  "seed": 256,
  "model": "MPO2",
  "dataset": "ai4i",
  "task": "regression",
  "params": {
    "output_site": 1,
    "init_strength": 0.01,
    "batch_size": 64,
    "n_epochs": 1000,
    "patience": 40,
    "min_delta": 1e-08,
    "optimizer": "adamw",
    "rank": 5,
    "seeds": [
      42,
      7,
      123,
      256,
      999
    ],
    "model": "MPO2",
    "L": 3,
    "bond_dim": 12,
    "lr": 0.01
  },
  "n_parameters": 1512,
  "train_loss": 0.022593870222473684,
  "train_quality": 0.3336681900630937,
  "val_loss": 0.02401171213827008,
  "val_quality": 0.37509265554081395,
  "test_loss": 0.02001505907660569,
  "test_quality": 0.2811945073125285,
  "best_epoch": 139,
  "stopped_early": true,
  "patience_counter": 40,
  "success": true
}