{
  "run_id": "MPO2TypeI_GTN-L3-d8-seed42",
  "seed": 42,
  "model": "MPO2TypeI_GTN",
  "dataset": "ai4i",
  "task": "regression",
  "params": {
    "output_site": 1,
    "init_strength": 0.01,
    "batch_size": 64,
    "n_epochs": 1000,
    "patience": 40,
    "min_delta": 1e-08,
    "optimizer": "adamw",
    "rank": 5,
    "seeds": [
      42,
      7,
      123,
      256,
      999
    ],
    "model": "MPO2TypeI_GTN",
    "L": 3,
    "bond_dim": 8,
    "lr": 0.01
  },
  "n_parameters": 873,
  "train_loss": 0.021926133673679807,
  "train_quality": 0.3533608809893384,
  "val_loss": 0.022157045984424622,
  "val_quality": 0.36845997185842494,
  "test_loss": 0.018248806444217235,
  "test_quality": 0.34462635074478054,
  "best_epoch": 36,
  "stopped_early": true,
  "patience_counter": 40,
  "success": true
}