{
  "run_id": "MPO2-L4-d16-seed123",
  "seed": 123,
  "model": "MPO2",
  "dataset": "ai4i",
  "task": "regression",
  "params": {
    "output_site": 1,
    "init_strength": 0.01,
    "batch_size": 64,
    "n_epochs": 1000,
    "patience": 40,
    "min_delta": 1e-08,
    "optimizer": "adamw",
    "rank": 5,
    "seeds": [
      42,
      7,
      123,
      256,
      999
    ],
    "model": "MPO2",
    "L": 4,
    "bond_dim": 16,
    "lr": 0.01
  },
  "n_parameters": 4896,
  "train_loss": 0.01981308583428163,
  "train_quality": 0.4156782696193283,
  "val_loss": 0.023022023302143018,
  "val_quality": 0.38414436141914055,
  "test_loss": 0.016754274200909,
  "test_quality": 0.39829983636262434,
  "best_epoch": 137,
  "stopped_early": true,
  "patience_counter": 40,
  "success": true
}