{
  "run_id": "MPO2TypeI_GTN-L3-d12-seed7",
  "seed": 7,
  "model": "MPO2TypeI_GTN",
  "dataset": "ai4i",
  "task": "regression",
  "params": {
    "output_site": 1,
    "init_strength": 0.01,
    "batch_size": 64,
    "n_epochs": 1000,
    "patience": 40,
    "min_delta": 1e-08,
    "optimizer": "adamw",
    "rank": 5,
    "seeds": [
      42,
      7,
      123,
      256,
      999
    ],
    "model": "MPO2TypeI_GTN",
    "L": 3,
    "bond_dim": 12,
    "lr": 0.01
  },
  "n_parameters": 1737,
  "train_loss": 0.024609953949905502,
  "train_quality": 0.2742104386528127,
  "val_loss": 0.023521040978347812,
  "val_quality": 0.37091112509282476,
  "test_loss": 0.019738264127754167,
  "test_quality": 0.29113510897756034,
  "best_epoch": 74,
  "stopped_early": true,
  "patience_counter": 40,
  "success": true
}