{
  "run_id": "MPO2-L2-d10-init0.1-rf0.1-seed123",
  "seed": 123,
  "model": "MPO2",
  "dataset": "ai4i",
  "task": "regression",
  "params": {
    "output_site": 1,
    "init_strength": 0.1,
    "batch_size": 32,
    "n_epochs": 1000,
    "patience": 40,
    "min_delta": 1e-08,
    "optimizer": "adamw",
    "rank": 5,
    "seeds": [
      42,
      7,
      123,
      256,
      999
    ],
    "model": "MPO2",
    "L": 2,
    "bond_dim": 10,
    "weight_decay": 0.1,
    "lr": 0.01,
    "reduction_factor": 0.1
  },
  "train_loss": 0.027533379142320093,
  "train_quality": 0.1879936382332389,
  "val_loss": 0.025717730621956564,
  "val_quality": 0.2978347399805412,
  "test_loss": 0.02244354493635835,
  "test_quality": 0.19397972727001545,
  "best_epoch": 53,
  "stopped_early": true,
  "patience_counter": 40,
  "success": true
}