{
  "run_id": "MPO2-L4-d16-seed7",
  "seed": 7,
  "model": "MPO2",
  "dataset": "ai4i",
  "task": "regression",
  "params": {
    "init_strength": 0.01,
    "batch_size": 64,
    "n_epochs": 1000,
    "patience": 40,
    "min_delta": 1e-08,
    "optimizer": "adamw",
    "seeds": [
      42,
      7,
      123,
      256,
      999
    ],
    "model": "MPO2",
    "L": 4,
    "bond_dim": 16,
    "lr": 0.001
  },
  "n_parameters": 4896,
  "train_loss": 0.0257657335359439,
  "train_quality": 0.24012452526701944,
  "val_loss": 0.036091765657637484,
  "val_quality": 0.22893359551068282,
  "test_loss": 0.03227659555339972,
  "test_quality": -0.15915691681137312,
  "best_epoch": 228,
  "stopped_early": true,
  "patience_counter": 40,
  "success": true
}