{
  "run_id": "MPO2-L4-d8-seed42",
  "seed": 42,
  "model": "MPO2",
  "dataset": "ai4i",
  "task": "regression",
  "params": {
    "output_site": 1,
    "init_strength": 0.01,
    "batch_size": 64,
    "n_epochs": 1000,
    "patience": 40,
    "min_delta": 1e-08,
    "optimizer": "adamw",
    "rank": 5,
    "seeds": [
      42,
      7,
      123,
      256,
      999
    ],
    "model": "MPO2",
    "L": 4,
    "bond_dim": 8,
    "lr": 0.01
  },
  "n_parameters": 1296,
  "train_loss": 0.46667044524308215,
  "train_quality": -12.762908229577308,
  "val_loss": 0.43634797956104965,
  "val_quality": 0.3773132152890184,
  "test_loss": 0.4181226643662349,
  "test_quality": -14.016136930360696,
  "best_epoch": 180,
  "stopped_early": true,
  "patience_counter": 40,
  "success": true
}