{
  "run_id": "MPO2TypeI_GTN-L3-d8-seed999",
  "seed": 999,
  "model": "MPO2TypeI_GTN",
  "dataset": "ai4i",
  "task": "regression",
  "params": {
    "output_site": 1,
    "init_strength": 0.01,
    "batch_size": 64,
    "n_epochs": 1000,
    "patience": 40,
    "min_delta": 1e-08,
    "optimizer": "adamw",
    "rank": 5,
    "seeds": [
      42,
      7,
      123,
      256,
      999
    ],
    "model": "MPO2TypeI_GTN",
    "L": 3,
    "bond_dim": 8,
    "lr": 0.01
  },
  "n_parameters": 873,
  "train_loss": 0.02202816083103154,
  "train_quality": 0.35035192591650255,
  "val_loss": 0.022045967166605028,
  "val_quality": 0.36775168461465113,
  "test_loss": 0.018401563003613775,
  "test_quality": 0.339140368739031,
  "best_epoch": 33,
  "stopped_early": true,
  "patience_counter": 40,
  "success": true
}