{
  "run_id": "MPO2-L3-d12-seed999",
  "seed": 999,
  "model": "MPO2",
  "dataset": "ai4i",
  "task": "regression",
  "params": {
    "init_strength": 0.01,
    "batch_size": 64,
    "n_epochs": 1000,
    "patience": 40,
    "min_delta": 1e-08,
    "optimizer": "adamw",
    "seeds": [
      42,
      7,
      123,
      256,
      999
    ],
    "model": "MPO2",
    "L": 3,
    "bond_dim": 12,
    "lr": 0.001
  },
  "n_parameters": 1512,
  "train_loss": 0.024042067089358594,
  "train_quality": 0.29095839178796146,
  "val_loss": 0.02407773620068497,
  "val_quality": 0.3097494157902059,
  "test_loss": 0.02100674388808288,
  "test_quality": 0.24557989899304944,
  "best_epoch": 223,
  "stopped_early": true,
  "patience_counter": 40,
  "success": true
}