{
  "run_id": "MPO2TypeI_GTN-L3-d16-seed999",
  "seed": 999,
  "model": "MPO2TypeI_GTN",
  "dataset": "ai4i",
  "task": "regression",
  "params": {
    "output_site": 1,
    "init_strength": 0.01,
    "batch_size": 64,
    "n_epochs": 1000,
    "patience": 40,
    "min_delta": 1e-08,
    "optimizer": "adamw",
    "rank": 5,
    "seeds": [
      42,
      7,
      123,
      256,
      999
    ],
    "model": "MPO2TypeI_GTN",
    "L": 3,
    "bond_dim": 16,
    "lr": 0.01
  },
  "n_parameters": 2889,
  "train_loss": 0.023272417294716137,
  "train_quality": 0.31365667834231914,
  "val_loss": 0.02313601971217561,
  "val_quality": 0.3607009351295185,
  "test_loss": 0.020174438184561175,
  "test_quality": 0.2754706881731719,
  "best_epoch": 5,
  "stopped_early": true,
  "patience_counter": 40,
  "success": true
}