{
  "run_id": "MPO2-L4-d8-seed256",
  "seed": 256,
  "model": "MPO2",
  "dataset": "ai4i",
  "task": "regression",
  "params": {
    "output_site": 1,
    "init_strength": 0.01,
    "batch_size": 64,
    "n_epochs": 1000,
    "patience": 40,
    "min_delta": 1e-08,
    "optimizer": "adamw",
    "rank": 5,
    "seeds": [
      42,
      7,
      123,
      256,
      999
    ],
    "model": "MPO2",
    "L": 4,
    "bond_dim": 8,
    "lr": 0.01
  },
  "n_parameters": 1296,
  "train_loss": 0.024924748355351883,
  "train_quality": 0.26492661415202146,
  "val_loss": 0.02461538369703653,
  "val_quality": 0.3924384606090854,
  "test_loss": 0.020908094152081638,
  "test_quality": 0.2491227300093587,
  "best_epoch": 158,
  "stopped_early": true,
  "patience_counter": 40,
  "success": true
}