{
  "run_id": "MPO2TypeI_GTN-L3-d12-seed999",
  "seed": 999,
  "model": "MPO2TypeI_GTN",
  "dataset": "ai4i",
  "task": "regression",
  "params": {
    "init_strength": 0.01,
    "batch_size": 64,
    "n_epochs": 1000,
    "patience": 40,
    "min_delta": 1e-08,
    "optimizer": "adamw",
    "seeds": [
      42,
      7,
      123,
      256,
      999
    ],
    "model": "MPO2TypeI_GTN",
    "L": 3,
    "bond_dim": 12,
    "lr": 0.001
  },
  "n_parameters": 1737,
  "train_loss": 0.019154223198188294,
  "train_quality": 0.43510925370859643,
  "val_loss": 0.020979360472648496,
  "val_quality": 0.3867980526694066,
  "test_loss": 0.0164649796414255,
  "test_quality": 0.408689339464536,
  "best_epoch": 35,
  "stopped_early": true,
  "patience_counter": 40,
  "success": true
}