{
  "run_id": "MPO2-L4-d8-seed7",
  "seed": 7,
  "model": "MPO2",
  "dataset": "ai4i",
  "task": "regression",
  "params": {
    "output_site": 1,
    "init_strength": 0.01,
    "batch_size": 64,
    "n_epochs": 1000,
    "patience": 40,
    "min_delta": 1e-08,
    "optimizer": "adamw",
    "rank": 5,
    "seeds": [
      42,
      7,
      123,
      256,
      999
    ],
    "model": "MPO2",
    "L": 4,
    "bond_dim": 8,
    "lr": 0.01
  },
  "n_parameters": 1296,
  "train_loss": 0.028132992556928443,
  "train_quality": 0.17031001484847674,
  "val_loss": 0.029323581373017993,
  "val_quality": 0.3832614768572772,
  "test_loss": 0.027134986478083482,
  "test_quality": 0.025494891132020414,
  "best_epoch": 147,
  "stopped_early": true,
  "patience_counter": 40,
  "success": true
}