{
  "run_id": "MPO2TypeI_GTN-L4-d12-seed42",
  "seed": 42,
  "model": "MPO2TypeI_GTN",
  "dataset": "ai4i",
  "task": "regression",
  "params": {
    "init_strength": 0.01,
    "batch_size": 64,
    "n_epochs": 1000,
    "patience": 40,
    "min_delta": 1e-08,
    "optimizer": "adamw",
    "seeds": [
      42,
      7,
      123,
      256,
      999
    ],
    "model": "MPO2TypeI_GTN",
    "L": 4,
    "bond_dim": 12,
    "lr": 0.001
  },
  "n_parameters": 4545,
  "train_loss": 0.01684649581978967,
  "train_quality": 0.5031680743421578,
  "val_loss": 0.024392150393108884,
  "val_quality": 0.3919600126286006,
  "test_loss": 0.01955246093348654,
  "test_quality": 0.29780790250204014,
  "best_epoch": 88,
  "stopped_early": true,
  "patience_counter": 40,
  "success": true
}