{
  "run_id": "MPO2-L2-d6-init0.01-rf0.1-seed123",
  "seed": 123,
  "model": "MPO2",
  "dataset": "ai4i",
  "task": "regression",
  "params": {
    "output_site": 1,
    "init_strength": 0.01,
    "batch_size": 32,
    "n_epochs": 1000,
    "patience": 40,
    "min_delta": 1e-08,
    "optimizer": "adamw",
    "rank": 5,
    "seeds": [
      42,
      7,
      123,
      256,
      999
    ],
    "model": "MPO2",
    "L": 2,
    "bond_dim": 6,
    "weight_decay": 0.1,
    "lr": 0.01,
    "reduction_factor": 0.1
  },
  "train_loss": 0.02799838137624592,
  "train_quality": 0.17427992840373419,
  "val_loss": 0.026473669943045054,
  "val_quality": 0.30273411813030904,
  "test_loss": 0.022577539708039666,
  "test_quality": 0.18916754172975336,
  "best_epoch": 46,
  "stopped_early": true,
  "patience_counter": 40,
  "success": true
}