{
  "run_id": "MPO2-L2-d4-init0.01-rf0.1-seed7",
  "seed": 7,
  "model": "MPO2",
  "dataset": "ai4i",
  "task": "regression",
  "params": {
    "output_site": 1,
    "init_strength": 0.01,
    "batch_size": 32,
    "n_epochs": 1000,
    "patience": 40,
    "min_delta": 1e-08,
    "optimizer": "adamw",
    "rank": 5,
    "seeds": [
      42,
      7,
      123,
      256,
      999
    ],
    "model": "MPO2",
    "L": 2,
    "bond_dim": 4,
    "weight_decay": 0.1,
    "lr": 0.01,
    "reduction_factor": 0.1
  },
  "train_loss": 0.025316253846365915,
  "train_quality": 0.25338044876030696,
  "val_loss": 0.02364490057296841,
  "val_quality": 0.3017648307918662,
  "test_loss": 0.0208646180034894,
  "test_quality": 0.2506840990909782,
  "best_epoch": 136,
  "stopped_early": true,
  "patience_counter": 40,
  "success": true
}