{
  "run_id": "MPO2TypeI_GTN-L4-d12-seed123",
  "seed": 123,
  "model": "MPO2TypeI_GTN",
  "dataset": "ai4i",
  "task": "regression",
  "params": {
    "output_site": 1,
    "init_strength": 0.01,
    "batch_size": 64,
    "n_epochs": 1000,
    "patience": 40,
    "min_delta": 1e-08,
    "optimizer": "adamw",
    "rank": 5,
    "seeds": [
      42,
      7,
      123,
      256,
      999
    ],
    "model": "MPO2TypeI_GTN",
    "L": 4,
    "bond_dim": 12,
    "lr": 0.01
  },
  "n_parameters": 4545,
  "train_loss": 0.01966230262451076,
  "train_quality": 0.42012512392474,
  "val_loss": 0.020634213965165876,
  "val_quality": 0.38142788303902386,
  "test_loss": 0.01800097939581781,
  "test_quality": 0.3535266214331768,
  "best_epoch": 89,
  "stopped_early": true,
  "patience_counter": 40,
  "success": true
}