{
  "run_id": "MPO2-L3-d8-jit0.1-seed7",
  "seed": 7,
  "model": "MPO2",
  "grid_params": {
    "model": "MPO2",
    "L": 3,
    "bond_dim": 8,
    "jitter_start": 0.1
  },
  "n_parameters": 2160,
  "train_loss": 6218.663308136552,
  "train_quality": 0.4133367411210508,
  "val_loss": 6908.452946472621,
  "val_quality": 0.19194768767325598,
  "test_loss": 8942.34787941913,
  "test_quality": 0.25594469928078445,
  "success": true,
  "singular": false
}