{
  "run_id": "MPO2-L3-d8-jit0.1-seed42",
  "seed": 42,
  "model": "MPO2",
  "grid_params": {
    "model": "MPO2",
    "L": 3,
    "bond_dim": 8,
    "jitter_start": 0.1
  },
  "n_parameters": 2160,
  "train_loss": 6230.891415282293,
  "train_quality": 0.4121831521852011,
  "val_loss": 6806.63793877659,
  "val_quality": 0.20385655540902747,
  "test_loss": 8633.545081464681,
  "test_quality": 0.28163888628772704,
  "success": true,
  "singular": false
}