{
  "run_id": "MPO2-L3-d8-jit5-seed123",
  "seed": 123,
  "model": "MPO2",
  "grid_params": {
    "model": "MPO2",
    "L": 3,
    "bond_dim": 8,
    "jitter_start": 5.0
  },
  "n_parameters": 2160,
  "train_loss": 6306.408231394159,
  "train_quality": 0.4050589617852507,
  "val_loss": 6837.910358132104,
  "val_quality": 0.20019875373214446,
  "test_loss": 8657.383311008894,
  "test_quality": 0.27965540708390924,
  "success": true,
  "singular": false
}