{
  "run_id": "MPO2-L3-d8-jit5-seed999",
  "seed": 999,
  "model": "MPO2",
  "grid_params": {
    "model": "MPO2",
    "L": 3,
    "bond_dim": 8,
    "jitter_start": 5.0
  },
  "n_parameters": 2160,
  "train_loss": 6325.373393333153,
  "train_quality": 0.40326980499109855,
  "val_loss": 6835.630083259213,
  "val_quality": 0.2004654677704475,
  "test_loss": 8841.507506229083,
  "test_quality": 0.26433520423656254,
  "success": true,
  "singular": false
}