{
  "run_id": "MPO2-L3-d8-jit5-seed999",
  "seed": 999,
  "model": "MPO2",
  "grid_params": {
    "model": "MPO2",
    "L": 3,
    "bond_dim": 8,
    "jitter_start": 5.0
  },
  "n_parameters": 2160,
  "train_loss": 6325.37339333306,
  "train_quality": 0.4032698049911073,
  "val_loss": 6835.63008325951,
  "val_quality": 0.20046546777041274,
  "test_loss": 8841.507506228776,
  "test_quality": 0.2643352042365882,
  "success": true,
  "singular": false
}