{
  "run_id": "MPO2-L3-d8-jit5-seed256",
  "seed": 256,
  "model": "MPO2",
  "grid_params": {
    "model": "MPO2",
    "L": 3,
    "bond_dim": 8,
    "jitter_start": 5.0
  },
  "n_parameters": 2160,
  "train_loss": 6332.933804760382,
  "train_quality": 0.4025565623878914,
  "val_loss": 6765.671207382495,
  "val_quality": 0.20864825946896015,
  "test_loss": 8741.612621566417,
  "test_quality": 0.2726470390533511,
  "success": true,
  "singular": false
}