{
  "run_id": "MPO2-L3-d8-jit5-seed7",
  "seed": 7,
  "model": "MPO2",
  "grid_params": {
    "model": "MPO2",
    "L": 3,
    "bond_dim": 8,
    "jitter_start": 5.0
  },
  "n_parameters": 2160,
  "train_loss": 6559.639188311699,
  "train_quality": 0.38116937473526524,
  "val_loss": 6960.171794905788,
  "val_quality": 0.18589835428543355,
  "test_loss": 8981.861607648272,
  "test_quality": 0.2526569275080336,
  "success": true,
  "singular": false
}