{
  "run_id": "MPO2-L3-d8-jit5-seed256",
  "seed": 256,
  "model": "MPO2",
  "grid_params": {
    "model": "MPO2",
    "L": 3,
    "bond_dim": 8,
    "jitter_start": 5.0
  },
  "n_parameters": 2160,
  "train_loss": 6332.933804760196,
  "train_quality": 0.40255656238790904,
  "val_loss": 6765.671207382133,
  "val_quality": 0.20864825946900256,
  "test_loss": 8741.612621566272,
  "test_quality": 0.2726470390533632,
  "success": true,
  "singular": false
}