{
  "run_id": "MPO2-L3-d8-jit5-seed123",
  "seed": 123,
  "model": "MPO2",
  "grid_params": {
    "model": "MPO2",
    "L": 3,
    "bond_dim": 8,
    "jitter_start": 5.0
  },
  "n_parameters": 2160,
  "train_loss": 6306.40823139459,
  "train_quality": 0.40505896178521006,
  "val_loss": 6837.910358131771,
  "val_quality": 0.20019875373218332,
  "test_loss": 8657.38331100904,
  "test_quality": 0.27965540708389713,
  "success": true,
  "singular": false
}