{
  "run_id": "MPO2-L3-d8-jit5-seed42",
  "seed": 42,
  "model": "MPO2",
  "grid_params": {
    "model": "MPO2",
    "L": 3,
    "bond_dim": 8,
    "jitter_start": 5.0
  },
  "n_parameters": 2160,
  "train_loss": 6460.655795658115,
  "train_quality": 0.3905073814469435,
  "val_loss": 6830.682575728677,
  "val_quality": 0.20104415665076258,
  "test_loss": 8866.676278557989,
  "test_quality": 0.2622410161422907,
  "success": true,
  "singular": false
}