{
  "run_id": "LMPO2-L3-d8-jit5-rf0.1-seed42",
  "seed": 42,
  "model": "LMPO2",
  "grid_params": {
    "model": "LMPO2",
    "L": 3,
    "bond_dim": 8,
    "jitter_start": 5.0,
    "reduction_factor": 0.1
  },
  "n_parameters": 13920,
  "train_loss": 0.7250752362371834,
  "train_quality": 0.29291876007204476,
  "val_loss": 0.7062898925145512,
  "val_quality": 0.29268652314951343,
  "test_loss": 0.704072597924857,
  "test_quality": 0.28516661751695666,
  "success": true,
  "singular": true
}