{
  "run_id": "LMPO2-L3-d8-jit5-rf0.1-seed7",
  "seed": 7,
  "model": "LMPO2",
  "grid_params": {
    "model": "LMPO2",
    "L": 3,
    "bond_dim": 8,
    "jitter_start": 5.0,
    "reduction_factor": 0.1
  },
  "n_parameters": 13920,
  "train_loss": 2.4801813132602956e+282,
  "train_quality": 0.8414067684140677,
  "val_loss": 1.813241118289015e+281,
  "val_quality": 0.8348569743438514,
  "test_loss": 1.4649896741413357e+281,
  "test_quality": 0.8445886169271601,
  "success": true,
  "singular": true
}