{
  "run_id": "LMPO2-L3-d12-rf0.5-seed256",
  "seed": 256,
  "model": "LMPO2",
  "dataset": "ai4i",
  "task": "regression",
  "params": {
    "init_strength": 0.01,
    "bond_dim_mpo": 2,
    "batch_size": 64,
    "n_epochs": 1000,
    "patience": 40,
    "min_delta": 1e-08,
    "optimizer": "adamw",
    "seeds": [
      42,
      7,
      123,
      256,
      999
    ],
    "model": "LMPO2",
    "L": 3,
    "bond_dim": 12,
    "lr": 0.001,
    "reduction_factor": 0.5
  },
  "n_parameters": 960,
  "train_loss": 0.01936409258198632,
  "train_quality": 0.42891984724659993,
  "val_loss": 0.020690957780173356,
  "val_quality": 0.3796614582506488,
  "test_loss": 0.01679521288952904,
  "test_quality": 0.3968295956738068,
  "best_epoch": 221,
  "stopped_early": true,
  "patience_counter": 40,
  "success": true
}