{
  "run_id": "LMPO2TypeI_GTN-L4-d12-rf0.1-seed7",
  "seed": 7,
  "model": "LMPO2TypeI_GTN",
  "dataset": "ai4i",
  "task": "regression",
  "params": {
    "init_strength": 0.01,
    "batch_size": 64,
    "n_epochs": 1000,
    "patience": 40,
    "min_delta": 1e-08,
    "optimizer": "adamw",
    "bond_dim_mpo": 2,
    "seeds": [
      42,
      7,
      123,
      256,
      999
    ],
    "model": "LMPO2TypeI_GTN",
    "L": 4,
    "bond_dim": 12,
    "lr": 0.001,
    "reduction_factor": 0.1
  },
  "n_parameters": 10100,
  "train_loss": 0.015961307108148973,
  "train_quality": 0.5292738008314859,
  "val_loss": 0.020477712848867118,
  "val_quality": 0.4162130201885119,
  "test_loss": 0.017211906423178224,
  "test_quality": 0.38186478344877195,
  "best_epoch": 99,
  "stopped_early": true,
  "patience_counter": 40,
  "success": true
}