{
  "run_id": "LMPO2TypeI_GTN-L3-d8-rf0.5-seed7",
  "seed": 7,
  "model": "LMPO2TypeI_GTN",
  "dataset": "ai4i",
  "task": "regression",
  "params": {
    "init_strength": 0.01,
    "batch_size": 64,
    "n_epochs": 1000,
    "patience": 40,
    "min_delta": 1e-08,
    "optimizer": "adamw",
    "bond_dim_mpo": 2,
    "seeds": [
      42,
      7,
      123,
      256,
      999
    ],
    "model": "LMPO2TypeI_GTN",
    "L": 3,
    "bond_dim": 8,
    "lr": 0.001,
    "reduction_factor": 0.5
  },
  "n_parameters": 3880,
  "train_loss": 0.019364966152806567,
  "train_quality": 0.4288940841515646,
  "val_loss": 0.019986984775226684,
  "val_quality": 0.38674674226951056,
  "test_loss": 0.016601854410882487,
  "test_quality": 0.4037737238913094,
  "best_epoch": 191,
  "stopped_early": true,
  "patience_counter": 40,
  "success": true
}