{
  "run_id": "LMPO2-L4-d12-rf0.1-seed999",
  "seed": 999,
  "model": "LMPO2",
  "dataset": "ai4i",
  "task": "regression",
  "params": {
    "init_strength": 0.01,
    "bond_dim_mpo": 2,
    "batch_size": 64,
    "n_epochs": 1000,
    "patience": 40,
    "min_delta": 1e-08,
    "optimizer": "adamw",
    "seeds": [
      42,
      7,
      123,
      256,
      999
    ],
    "model": "LMPO2",
    "L": 4,
    "bond_dim": 12,
    "lr": 0.001,
    "reduction_factor": 0.1
  },
  "n_parameters": 840,
  "train_loss": 0.01632104767064066,
  "train_quality": 0.5186644374177587,
  "val_loss": 0.023882348426477424,
  "val_quality": 0.3760738422323512,
  "test_loss": 0.016827883832434807,
  "test_quality": 0.39565627646839974,
  "best_epoch": 299,
  "stopped_early": true,
  "patience_counter": 40,
  "success": true
}