{
  "run_id": "LMPO2-L4-d12-rf0.5-seed123",
  "seed": 123,
  "model": "LMPO2",
  "dataset": "ai4i",
  "task": "regression",
  "params": {
    "init_strength": 0.01,
    "bond_dim_mpo": 2,
    "batch_size": 64,
    "n_epochs": 1000,
    "patience": 40,
    "min_delta": 1e-08,
    "optimizer": "adamw",
    "seeds": [
      42,
      7,
      123,
      256,
      999
    ],
    "model": "LMPO2",
    "L": 4,
    "bond_dim": 12,
    "lr": 0.001,
    "reduction_factor": 0.5
  },
  "n_parameters": 1680,
  "train_loss": 0.015749049476693096,
  "train_quality": 0.5355336407946378,
  "val_loss": 0.022812035423384402,
  "val_quality": 0.4048630544733762,
  "test_loss": 0.0180076629622074,
  "test_quality": 0.35328659295196196,
  "best_epoch": 356,
  "stopped_early": true,
  "patience_counter": 40,
  "success": true
}