{
  "run_id": "LMPO2-L4-d16-rf0.1-seed256",
  "seed": 256,
  "model": "LMPO2",
  "dataset": "ai4i",
  "task": "regression",
  "params": {
    "init_strength": 0.01,
    "bond_dim_mpo": 2,
    "batch_size": 64,
    "n_epochs": 1000,
    "patience": 40,
    "min_delta": 1e-08,
    "optimizer": "adamw",
    "seeds": [
      42,
      7,
      123,
      256,
      999
    ],
    "model": "LMPO2",
    "L": 4,
    "bond_dim": 16,
    "lr": 0.001,
    "reduction_factor": 0.1
  },
  "n_parameters": 1304,
  "train_loss": 0.35463424941499183,
  "train_quality": -9.45876952250795,
  "val_loss": 0.2448145869329971,
  "val_quality": 0.1079472283049735,
  "test_loss": 0.13432726804721085,
  "test_quality": -3.8241265599307965,
  "best_epoch": 105,
  "stopped_early": true,
  "patience_counter": 40,
  "success": true
}