{
  "run_id": "LMPO2-L3-d12-rf0.1-seed999",
  "seed": 999,
  "model": "LMPO2",
  "dataset": "ai4i",
  "task": "regression",
  "params": {
    "init_strength": 0.01,
    "bond_dim_mpo": 2,
    "batch_size": 64,
    "n_epochs": 1000,
    "patience": 40,
    "min_delta": 1e-08,
    "optimizer": "adamw",
    "seeds": [
      42,
      7,
      123,
      256,
      999
    ],
    "model": "LMPO2",
    "L": 3,
    "bond_dim": 12,
    "lr": 0.001,
    "reduction_factor": 0.1
  },
  "n_parameters": 480,
  "train_loss": 0.04805984140872265,
  "train_quality": -0.41736678115913883,
  "val_loss": 0.044167168154263955,
  "val_quality": 0.17603816535175232,
  "test_loss": 0.03768701038805444,
  "test_quality": -0.353462408790322,
  "best_epoch": 7,
  "stopped_early": true,
  "patience_counter": 40,
  "success": true
}