{
  "run_id": "LMPO2TypeI_GTN-L4-d12-rf0.5-seed123",
  "seed": 123,
  "model": "LMPO2TypeI_GTN",
  "dataset": "ai4i",
  "task": "regression",
  "params": {
    "init_strength": 0.01,
    "batch_size": 64,
    "n_epochs": 1000,
    "patience": 40,
    "min_delta": 1e-08,
    "optimizer": "adamw",
    "bond_dim_mpo": 2,
    "seeds": [
      42,
      7,
      123,
      256,
      999
    ],
    "model": "LMPO2TypeI_GTN",
    "L": 4,
    "bond_dim": 12,
    "lr": 0.001,
    "reduction_factor": 0.5
  },
  "n_parameters": 20200,
  "train_loss": 0.01590807625617924,
  "train_quality": 0.5308436695431415,
  "val_loss": 0.02349344454952805,
  "val_quality": 0.42398826254738586,
  "test_loss": 0.016829932352475933,
  "test_quality": 0.395582707489572,
  "best_epoch": 82,
  "stopped_early": true,
  "patience_counter": 40,
  "success": true
}