{
  "run_id": "LMPO2-L4-d16-rf0.3-seed999",
  "seed": 999,
  "model": "LMPO2",
  "dataset": "ai4i",
  "task": "regression",
  "params": {
    "output_site": 1,
    "init_strength": 0.01,
    "reduction_factor": 0.3,
    "rank": 5,
    "batch_size": 64,
    "n_epochs": 1000,
    "patience": 40,
    "min_delta": 1e-08,
    "optimizer": "adamw",
    "seeds": [
      42,
      7,
      123,
      256,
      999
    ],
    "model": "LMPO2",
    "L": 4,
    "bond_dim": 16,
    "lr": 0.01
  },
  "n_parameters": 27200,
  "train_loss": 1947.7992212874078,
  "train_quality": -57442.92473420328,
  "val_loss": 1552.5741411088482,
  "val_quality": 0.4003730241137754,
  "test_loss": 1801.26807414916,
  "test_quality": -64688.36117277631,
  "best_epoch": 56,
  "stopped_early": true,
  "patience_counter": 40,
  "success": true
}