{
  "run_id": "LMPO2TypeI_GTN-L4-d16-rf0.3-seed7",
  "seed": 7,
  "model": "LMPO2TypeI_GTN",
  "dataset": "ai4i",
  "task": "regression",
  "params": {
    "init_strength": 0.01,
    "batch_size": 64,
    "n_epochs": 1000,
    "patience": 40,
    "min_delta": 1e-08,
    "optimizer": "adamw",
    "bond_dim_mpo": 2,
    "seeds": [
      42,
      7,
      123,
      256,
      999
    ],
    "model": "LMPO2TypeI_GTN",
    "L": 4,
    "bond_dim": 16,
    "lr": 0.001,
    "reduction_factor": 0.3
  },
  "n_parameters": 17300,
  "train_loss": 0.015787411500728616,
  "train_quality": 0.5344022792059976,
  "val_loss": 0.022292345429716212,
  "val_quality": 0.4292292784588092,
  "test_loss": 0.018964820888795867,
  "test_quality": 0.31891195671592343,
  "best_epoch": 122,
  "stopped_early": true,
  "patience_counter": 40,
  "success": true
}