{
  "run_id": "LMPO2TypeI_GTN-L4-d16-rf0.1-seed123",
  "seed": 123,
  "model": "LMPO2TypeI_GTN",
  "dataset": "ai4i",
  "task": "regression",
  "params": {
    "init_strength": 0.01,
    "batch_size": 64,
    "n_epochs": 1000,
    "patience": 40,
    "min_delta": 1e-08,
    "optimizer": "adamw",
    "bond_dim_mpo": 2,
    "seeds": [
      42,
      7,
      123,
      256,
      999
    ],
    "model": "LMPO2TypeI_GTN",
    "L": 4,
    "bond_dim": 16,
    "lr": 0.001,
    "reduction_factor": 0.1
  },
  "n_parameters": 17300,
  "train_loss": 0.01572036627552878,
  "train_quality": 0.5363795573710548,
  "val_loss": 0.02251849965601015,
  "val_quality": 0.4179680559072583,
  "test_loss": 0.017193922039145153,
  "test_quality": 0.3825106608341996,
  "best_epoch": 101,
  "stopped_early": true,
  "patience_counter": 40,
  "success": true
}