{
  "run_id": "LMPO2TypeI_GTN-L4-d8-rf0.1-seed123",
  "seed": 123,
  "model": "LMPO2TypeI_GTN",
  "dataset": "ai4i",
  "task": "regression",
  "params": {
    "init_strength": 0.01,
    "batch_size": 64,
    "n_epochs": 1000,
    "patience": 40,
    "min_delta": 1e-08,
    "optimizer": "adamw",
    "bond_dim_mpo": 2,
    "seeds": [
      42,
      7,
      123,
      256,
      999
    ],
    "model": "LMPO2TypeI_GTN",
    "L": 4,
    "bond_dim": 8,
    "lr": 0.001,
    "reduction_factor": 0.1
  },
  "n_parameters": 4820,
  "train_loss": 0.01578176850844123,
  "train_quality": 0.534568700683473,
  "val_loss": 0.02367527501497596,
  "val_quality": 0.4018054934528208,
  "test_loss": 0.017852045168777152,
  "test_quality": 0.35887533112402736,
  "best_epoch": 97,
  "stopped_early": true,
  "patience_counter": 40,
  "success": true
}