{
  "run_id": "LMPO2TypeI_GTN-L4-d12-rf0.3-seed42",
  "seed": 42,
  "model": "LMPO2TypeI_GTN",
  "dataset": "ai4i",
  "task": "regression",
  "params": {
    "init_strength": 0.01,
    "batch_size": 64,
    "n_epochs": 1000,
    "patience": 40,
    "min_delta": 1e-08,
    "optimizer": "adamw",
    "bond_dim_mpo": 2,
    "seeds": [
      42,
      7,
      123,
      256,
      999
    ],
    "model": "LMPO2TypeI_GTN",
    "L": 4,
    "bond_dim": 12,
    "lr": 0.001,
    "reduction_factor": 0.3
  },
  "n_parameters": 10100,
  "train_loss": 0.016423507897485784,
  "train_quality": 0.5156427103861347,
  "val_loss": 0.02580216323114946,
  "val_quality": 0.41884457017928567,
  "test_loss": 0.02005607804152857,
  "test_quality": 0.27972138364209276,
  "best_epoch": 162,
  "stopped_early": true,
  "patience_counter": 40,
  "success": true
}