{
  "run_id": "LMPO2-L4-d8-rf0.5-seed256",
  "seed": 256,
  "model": "LMPO2",
  "dataset": "ai4i",
  "task": "regression",
  "params": {
    "init_strength": 0.01,
    "bond_dim_mpo": 2,
    "batch_size": 64,
    "n_epochs": 1000,
    "patience": 40,
    "min_delta": 1e-08,
    "optimizer": "adamw",
    "seeds": [
      42,
      7,
      123,
      256,
      999
    ],
    "model": "LMPO2",
    "L": 4,
    "bond_dim": 8,
    "lr": 0.001,
    "reduction_factor": 0.5
  },
  "n_parameters": 1008,
  "train_loss": 0.015838646321224836,
  "train_quality": 0.5328912768705465,
  "val_loss": 0.02091529461760195,
  "val_quality": 0.4109288202393635,
  "test_loss": 0.01676860529980371,
  "test_quality": 0.397785160259879,
  "best_epoch": 227,
  "stopped_early": true,
  "patience_counter": 40,
  "success": true
}