{
  "run_id": "LMPO2TypeI_GTN-L4-d8-rf0.5-seed42",
  "seed": 42,
  "model": "LMPO2TypeI_GTN",
  "dataset": "ai4i",
  "task": "regression",
  "params": {
    "init_strength": 0.01,
    "batch_size": 64,
    "n_epochs": 1000,
    "patience": 40,
    "min_delta": 1e-08,
    "optimizer": "adamw",
    "bond_dim_mpo": 2,
    "seeds": [
      42,
      7,
      123,
      256,
      999
    ],
    "model": "LMPO2TypeI_GTN",
    "L": 4,
    "bond_dim": 8,
    "lr": 0.001,
    "reduction_factor": 0.5
  },
  "n_parameters": 9640,
  "train_loss": 0.01595323922955099,
  "train_quality": 0.529511736346544,
  "val_loss": 0.022227129026852314,
  "val_quality": 0.42884276071504235,
  "test_loss": 0.016982178094171897,
  "test_quality": 0.39011507059924433,
  "best_epoch": 152,
  "stopped_early": true,
  "patience_counter": 40,
  "success": true
}