{
  "run_id": "LMPO2-L3-d12-rf0.5-seed42",
  "seed": 42,
  "model": "LMPO2",
  "dataset": "ai4i",
  "task": "regression",
  "params": {
    "init_strength": 0.01,
    "bond_dim_mpo": 2,
    "batch_size": 64,
    "n_epochs": 1000,
    "patience": 40,
    "min_delta": 1e-08,
    "optimizer": "adamw",
    "seeds": [
      42,
      7,
      123,
      256,
      999
    ],
    "model": "LMPO2",
    "L": 3,
    "bond_dim": 12,
    "lr": 0.001,
    "reduction_factor": 0.5
  },
  "n_parameters": 960,
  "train_loss": 0.019257753677740335,
  "train_quality": 0.43205596309728156,
  "val_loss": 0.02196955941090963,
  "val_quality": 0.3799807850032849,
  "test_loss": 0.01685336201994207,
  "test_quality": 0.3947412723680447,
  "best_epoch": 279,
  "stopped_early": true,
  "patience_counter": 40,
  "success": true
}