{
  "run_id": "LMPO2-L3-d8-rf0.5-seed42",
  "seed": 42,
  "model": "LMPO2",
  "dataset": "ai4i",
  "task": "regression",
  "params": {
    "init_strength": 0.01,
    "bond_dim_mpo": 2,
    "batch_size": 64,
    "n_epochs": 1000,
    "patience": 40,
    "min_delta": 1e-08,
    "optimizer": "adamw",
    "seeds": [
      42,
      7,
      123,
      256,
      999
    ],
    "model": "LMPO2",
    "L": 3,
    "bond_dim": 8,
    "lr": 0.001,
    "reduction_factor": 0.5
  },
  "n_parameters": 608,
  "train_loss": 0.019178565700365233,
  "train_quality": 0.43439135175668464,
  "val_loss": 0.021747775595263828,
  "val_quality": 0.3868900881328192,
  "test_loss": 0.016742253027532857,
  "test_quality": 0.39873155557055906,
  "best_epoch": 292,
  "stopped_early": true,
  "patience_counter": 40,
  "success": true
}