{
  "run_id": "LMPO2-L3-d12-rf0.3-seed256",
  "seed": 256,
  "model": "LMPO2",
  "dataset": "ai4i",
  "task": "regression",
  "params": {
    "init_strength": 0.01,
    "bond_dim_mpo": 2,
    "batch_size": 64,
    "n_epochs": 1000,
    "patience": 40,
    "min_delta": 1e-08,
    "optimizer": "adamw",
    "seeds": [
      42,
      7,
      123,
      256,
      999
    ],
    "model": "LMPO2",
    "L": 3,
    "bond_dim": 12,
    "lr": 0.001,
    "reduction_factor": 0.3
  },
  "n_parameters": 480,
  "train_loss": 0.029627305480029755,
  "train_quality": 0.12624017533635123,
  "val_loss": 0.02646444777277121,
  "val_quality": 0.21083495164049104,
  "test_loss": 0.024377502329860003,
  "test_quality": 0.12452506357145154,
  "best_epoch": 63,
  "stopped_early": true,
  "patience_counter": 40,
  "success": true
}