{
  "run_id": "LMPO2-L4-d8-rf0.5-seed123",
  "seed": 123,
  "model": "LMPO2",
  "dataset": "ai4i",
  "task": "regression",
  "params": {
    "init_strength": 0.01,
    "bond_dim_mpo": 2,
    "batch_size": 64,
    "n_epochs": 1000,
    "patience": 40,
    "min_delta": 1e-08,
    "optimizer": "adamw",
    "seeds": [
      42,
      7,
      123,
      256,
      999
    ],
    "model": "LMPO2",
    "L": 4,
    "bond_dim": 8,
    "lr": 0.001,
    "reduction_factor": 0.5
  },
  "n_parameters": 1008,
  "train_loss": 0.01582411617315506,
  "train_quality": 0.5333197957460936,
  "val_loss": 0.021775059359957136,
  "val_quality": 0.40104009555753206,
  "test_loss": 0.017420479095907274,
  "test_quality": 0.3743742643247301,
  "best_epoch": 269,
  "stopped_early": true,
  "patience_counter": 40,
  "success": true
}