{
  "run_id": "LMPO2TypeI_GTN-L3-d16-rf0.3-seed256",
  "seed": 256,
  "model": "LMPO2TypeI_GTN",
  "dataset": "ai4i",
  "task": "regression",
  "params": {
    "output_site": 1,
    "init_strength": 0.01,
    "reduction_factor": 0.3,
    "rank": 5,
    "batch_size": 64,
    "n_epochs": 1000,
    "patience": 40,
    "min_delta": 1e-08,
    "optimizer": "adamw",
    "seeds": [
      42,
      7,
      123,
      256,
      999
    ],
    "model": "LMPO2TypeI_GTN",
    "L": 3,
    "bond_dim": 16,
    "lr": 0.01
  },
  "n_parameters": 16050,
  "train_loss": 0.024442946436080134,
  "train_quality": 0.2791357753863857,
  "val_loss": 0.02490404315944181,
  "val_quality": 0.33357850028864533,
  "test_loss": 0.021180073082402603,
  "test_quality": 0.2393550871429695,
  "best_epoch": 13,
  "stopped_early": true,
  "patience_counter": 40,
  "success": true
}