{
  "run_id": "LMPO2TypeI_GTN-L3-d12-rf0.5-seed999",
  "seed": 999,
  "model": "LMPO2TypeI_GTN",
  "dataset": "ai4i",
  "task": "regression",
  "params": {
    "output_site": 1,
    "init_strength": 0.01,
    "reduction_factor": 0.5,
    "rank": 5,
    "batch_size": 64,
    "n_epochs": 1000,
    "patience": 40,
    "min_delta": 1e-08,
    "optimizer": "adamw",
    "seeds": [
      42,
      7,
      123,
      256,
      999
    ],
    "model": "LMPO2TypeI_GTN",
    "L": 3,
    "bond_dim": 12,
    "lr": 0.01
  },
  "n_parameters": 9650,
  "train_loss": 0.031214342391903065,
  "train_quality": 0.07943574707716095,
  "val_loss": 0.04010444581273422,
  "val_quality": 0.375743613258411,
  "test_loss": 0.028058552208880542,
  "test_quality": -0.00767334072849879,
  "best_epoch": 148,
  "stopped_early": true,
  "patience_counter": 40,
  "success": true
}