{
  "run_id": "LMPO2TypeI_GTN-L4-d16-rf0.3-seed999",
  "seed": 999,
  "model": "LMPO2TypeI_GTN",
  "dataset": "ai4i",
  "task": "regression",
  "params": {
    "init_strength": 0.01,
    "batch_size": 64,
    "n_epochs": 1000,
    "patience": 40,
    "min_delta": 1e-08,
    "optimizer": "adamw",
    "bond_dim_mpo": 2,
    "seeds": [
      42,
      7,
      123,
      256,
      999
    ],
    "model": "LMPO2TypeI_GTN",
    "L": 4,
    "bond_dim": 16,
    "lr": 0.001,
    "reduction_factor": 0.3
  },
  "n_parameters": 17300,
  "train_loss": 0.015735672849190314,
  "train_quality": 0.5359281403791278,
  "val_loss": 0.025895512589804083,
  "val_quality": 0.41332408780015695,
  "test_loss": 0.019037593312801984,
  "test_quality": 0.31629846365094805,
  "best_epoch": 113,
  "stopped_early": true,
  "patience_counter": 40,
  "success": true
}