{
  "run_id": "LMPO2TypeI_GTN-L3-d16-rf0.5-seed7",
  "seed": 7,
  "model": "LMPO2TypeI_GTN",
  "dataset": "ai4i",
  "task": "regression",
  "params": {
    "init_strength": 0.01,
    "batch_size": 64,
    "n_epochs": 1000,
    "patience": 40,
    "min_delta": 1e-08,
    "optimizer": "adamw",
    "bond_dim_mpo": 2,
    "seeds": [
      42,
      7,
      123,
      256,
      999
    ],
    "model": "LMPO2TypeI_GTN",
    "L": 3,
    "bond_dim": 16,
    "lr": 0.001,
    "reduction_factor": 0.5
  },
  "n_parameters": 12840,
  "train_loss": 0.02003919376623656,
  "train_quality": 0.4090099606462706,
  "val_loss": 0.023435465754561496,
  "val_quality": 0.39248503597192197,
  "test_loss": 0.01755829976657306,
  "test_quality": 0.36942467838040316,
  "best_epoch": 142,
  "stopped_early": true,
  "patience_counter": 40,
  "success": true
}