{
  "run_id": "LMPO2-L3-d16-rf0.1-seed42",
  "seed": 42,
  "model": "LMPO2",
  "dataset": "ai4i",
  "task": "regression",
  "params": {
    "init_strength": 0.01,
    "bond_dim_mpo": 2,
    "batch_size": 64,
    "n_epochs": 1000,
    "patience": 40,
    "min_delta": 1e-08,
    "optimizer": "adamw",
    "seeds": [
      42,
      7,
      123,
      256,
      999
    ],
    "model": "LMPO2",
    "L": 3,
    "bond_dim": 16,
    "lr": 0.001,
    "reduction_factor": 0.1
  },
  "n_parameters": 720,
  "train_loss": 0.09875293770922786,
  "train_quality": -1.9123927451315614,
  "val_loss": 0.0791964696101798,
  "val_quality": 0.0879801017118268,
  "test_loss": 0.07150865636851063,
  "test_quality": -1.5681070825549286,
  "best_epoch": 36,
  "stopped_early": true,
  "patience_counter": 40,
  "success": true
}