{
  "run_id": "LMPO2-L4-d8-rf0.1-seed256",
  "seed": 256,
  "model": "LMPO2",
  "dataset": "ai4i",
  "task": "regression",
  "params": {
    "output_site": 1,
    "init_strength": 0.01,
    "reduction_factor": 0.1,
    "rank": 5,
    "batch_size": 64,
    "n_epochs": 1000,
    "patience": 40,
    "min_delta": 1e-08,
    "optimizer": "adamw",
    "seeds": [
      42,
      7,
      123,
      256,
      999
    ],
    "model": "LMPO2",
    "L": 4,
    "bond_dim": 8,
    "lr": 0.01
  },
  "n_parameters": 7200,
  "train_loss": 114.45209607715431,
  "train_quality": -3374.3877303546487,
  "val_loss": 132.31835616505342,
  "val_quality": 0.39837405533545966,
  "test_loss": 129.89061694073013,
  "test_quality": -4663.792072219798,
  "best_epoch": 98,
  "stopped_early": true,
  "patience_counter": 40,
  "success": true
}