{
  "run_id": "LMPO2-L3-d8-rf0.1-seed123",
  "seed": 123,
  "model": "LMPO2",
  "dataset": "ai4i",
  "task": "regression",
  "params": {
    "output_site": 1,
    "init_strength": 0.01,
    "reduction_factor": 0.1,
    "rank": 5,
    "batch_size": 64,
    "n_epochs": 1000,
    "patience": 40,
    "min_delta": 1e-08,
    "optimizer": "adamw",
    "seeds": [
      42,
      7,
      123,
      256,
      999
    ],
    "model": "LMPO2",
    "L": 3,
    "bond_dim": 8,
    "lr": 0.01
  },
  "n_parameters": 4000,
  "train_loss": 0.021495873114777138,
  "train_quality": 0.36604999950400974,
  "val_loss": 0.022411129650985007,
  "val_quality": 0.3837632835592445,
  "test_loss": 0.017528382336555286,
  "test_quality": 0.3704991100341676,
  "best_epoch": 54,
  "stopped_early": true,
  "patience_counter": 40,
  "success": true
}