{
  "run_id": "LMPO2-L3-d8-rf0.3-seed999",
  "seed": 999,
  "model": "LMPO2",
  "dataset": "ai4i",
  "task": "regression",
  "params": {
    "init_strength": 0.01,
    "bond_dim_mpo": 2,
    "batch_size": 64,
    "n_epochs": 1000,
    "patience": 40,
    "min_delta": 1e-08,
    "optimizer": "adamw",
    "seeds": [
      42,
      7,
      123,
      256,
      999
    ],
    "model": "LMPO2",
    "L": 3,
    "bond_dim": 8,
    "lr": 0.001,
    "reduction_factor": 0.3
  },
  "n_parameters": 304,
  "train_loss": 0.030440006585564824,
  "train_quality": 0.10227223211738679,
  "val_loss": 0.026864032857639008,
  "val_quality": 0.1662886354525822,
  "test_loss": 0.023536808807960323,
  "test_quality": 0.15471708643260762,
  "best_epoch": 68,
  "stopped_early": true,
  "patience_counter": 40,
  "success": true
}