{
  "run_id": "LMPO2-L3-d12-rf0.5-seed999",
  "seed": 999,
  "model": "LMPO2",
  "dataset": "ai4i",
  "task": "regression",
  "params": {
    "output_site": 1,
    "init_strength": 0.01,
    "reduction_factor": 0.5,
    "rank": 5,
    "batch_size": 64,
    "n_epochs": 1000,
    "patience": 40,
    "min_delta": 1e-08,
    "optimizer": "adamw",
    "seeds": [
      42,
      7,
      123,
      256,
      999
    ],
    "model": "LMPO2",
    "L": 3,
    "bond_dim": 12,
    "lr": 0.01
  },
  "n_parameters": 8400,
  "train_loss": 0.022910433165735107,
  "train_quality": 0.32433220836251153,
  "val_loss": 0.02150617594642087,
  "val_quality": 0.389739356665219,
  "test_loss": 0.019136852730488742,
  "test_quality": 0.31273373699382856,
  "best_epoch": 43,
  "stopped_early": true,
  "patience_counter": 40,
  "success": true
}