{
  "run_id": "LMPO2TypeI_GTN-L3-d12-rf0.3-seed999",
  "seed": 999,
  "model": "LMPO2TypeI_GTN",
  "dataset": "ai4i",
  "task": "regression",
  "params": {
    "init_strength": 0.01,
    "batch_size": 64,
    "n_epochs": 1000,
    "patience": 40,
    "min_delta": 1e-08,
    "optimizer": "adamw",
    "bond_dim_mpo": 2,
    "seeds": [
      42,
      7,
      123,
      256,
      999
    ],
    "model": "LMPO2TypeI_GTN",
    "L": 3,
    "bond_dim": 12,
    "lr": 0.001,
    "reduction_factor": 0.3
  },
  "n_parameters": 3860,
  "train_loss": 0.019151044531271852,
  "train_quality": 0.43520299802326057,
  "val_loss": 0.020760880884253485,
  "val_quality": 0.3942993633262263,
  "test_loss": 0.01637199563873503,
  "test_quality": 0.41202869567678413,
  "best_epoch": 146,
  "stopped_early": true,
  "patience_counter": 40,
  "success": true
}