{
  "run_id": "LMPO2-L3-d8-rf0.3-seed256",
  "seed": 256,
  "model": "LMPO2",
  "dataset": "ai4i",
  "task": "regression",
  "params": {
    "output_site": 1,
    "init_strength": 0.01,
    "reduction_factor": 0.3,
    "rank": 5,
    "batch_size": 64,
    "n_epochs": 1000,
    "patience": 40,
    "min_delta": 1e-08,
    "optimizer": "adamw",
    "seeds": [
      42,
      7,
      123,
      256,
      999
    ],
    "model": "LMPO2",
    "L": 3,
    "bond_dim": 8,
    "lr": 0.01
  },
  "n_parameters": 4000,
  "train_loss": 0.02927016804843574,
  "train_quality": 0.13677276797528515,
  "val_loss": 0.026313027062626042,
  "val_quality": 0.382077642261177,
  "test_loss": 0.023488519322471053,
  "test_quality": 0.15645131800673817,
  "best_epoch": 31,
  "stopped_early": true,
  "patience_counter": 40,
  "success": true
}