{
  "run_id": "LMPO2-L4-d12-rf0.3-seed256",
  "seed": 256,
  "model": "LMPO2",
  "dataset": "ai4i",
  "task": "regression",
  "params": {
    "output_site": 1,
    "init_strength": 0.01,
    "reduction_factor": 0.3,
    "rank": 5,
    "batch_size": 64,
    "n_epochs": 1000,
    "patience": 40,
    "min_delta": 1e-08,
    "optimizer": "adamw",
    "seeds": [
      42,
      7,
      123,
      256,
      999
    ],
    "model": "LMPO2",
    "L": 4,
    "bond_dim": 12,
    "lr": 0.01
  },
  "n_parameters": 15600,
  "train_loss": 315.50921400932407,
  "train_quality": -9303.905425786155,
  "val_loss": 469.5038967036061,
  "val_quality": 0.4059760025627803,
  "test_loss": 283.3417282281757,
  "test_quality": -10174.7176822939,
  "best_epoch": 57,
  "stopped_early": true,
  "patience_counter": 40,
  "success": true
}