{
  "run_id": "LMPO2TypeI_GTN-L3-d8-rf0.5-seed123",
  "seed": 123,
  "model": "LMPO2TypeI_GTN",
  "dataset": "ai4i",
  "task": "regression",
  "params": {
    "init_strength": 0.01,
    "batch_size": 64,
    "n_epochs": 1000,
    "patience": 40,
    "min_delta": 1e-08,
    "optimizer": "adamw",
    "bond_dim_mpo": 2,
    "seeds": [
      42,
      7,
      123,
      256,
      999
    ],
    "model": "LMPO2TypeI_GTN",
    "L": 3,
    "bond_dim": 8,
    "lr": 0.001,
    "reduction_factor": 0.5
  },
  "n_parameters": 3880,
  "train_loss": 0.0192053382417164,
  "train_quality": 0.4336017838004439,
  "val_loss": 0.02068995109852074,
  "val_quality": 0.3924405761301988,
  "test_loss": 0.016486595375381694,
  "test_quality": 0.40791304856093613,
  "best_epoch": 82,
  "stopped_early": true,
  "patience_counter": 40,
  "success": true
}