{
  "run_id": "LMPO2-L4-d8-rf0.5-seed7",
  "seed": 7,
  "model": "LMPO2",
  "dataset": "ai4i",
  "task": "regression",
  "params": {
    "init_strength": 0.01,
    "bond_dim_mpo": 2,
    "batch_size": 64,
    "n_epochs": 1000,
    "patience": 40,
    "min_delta": 1e-08,
    "optimizer": "adamw",
    "seeds": [
      42,
      7,
      123,
      256,
      999
    ],
    "model": "LMPO2",
    "L": 4,
    "bond_dim": 8,
    "lr": 0.001,
    "reduction_factor": 0.5
  },
  "n_parameters": 1008,
  "train_loss": 0.015790332353011707,
  "train_quality": 0.5343161382850672,
  "val_loss": 0.02302312659935607,
  "val_quality": 0.36802628930894876,
  "test_loss": 0.016896022297437627,
  "test_quality": 0.3932092038557303,
  "best_epoch": 487,
  "stopped_early": true,
  "patience_counter": 40,
  "success": true
}