{
  "run_id": "LMPO2-L4-d16-rf0.5-seed999",
  "seed": 999,
  "model": "LMPO2",
  "dataset": "ai4i",
  "task": "regression",
  "params": {
    "init_strength": 0.01,
    "bond_dim_mpo": 2,
    "batch_size": 64,
    "n_epochs": 1000,
    "patience": 40,
    "min_delta": 1e-08,
    "optimizer": "adamw",
    "seeds": [
      42,
      7,
      123,
      256,
      999
    ],
    "model": "LMPO2",
    "L": 4,
    "bond_dim": 16,
    "lr": 0.001,
    "reduction_factor": 0.5
  },
  "n_parameters": 2608,
  "train_loss": 0.015855204197106745,
  "train_quality": 0.5324029568396504,
  "val_loss": 0.02428145581569193,
  "val_quality": 0.3715840661305073,
  "test_loss": 0.018300192418365342,
  "test_quality": 0.34278091425002,
  "best_epoch": 219,
  "stopped_early": true,
  "patience_counter": 40,
  "success": true
}