{
  "run_id": "LMPO2TypeI_GTN-L3-d12-rf0.1-seed42",
  "seed": 42,
  "model": "LMPO2TypeI_GTN",
  "dataset": "ai4i",
  "task": "regression",
  "params": {
    "output_site": 1,
    "init_strength": 0.01,
    "reduction_factor": 0.1,
    "rank": 5,
    "batch_size": 64,
    "n_epochs": 1000,
    "patience": 40,
    "min_delta": 1e-08,
    "optimizer": "adamw",
    "seeds": [
      42,
      7,
      123,
      256,
      999
    ],
    "model": "LMPO2TypeI_GTN",
    "L": 3,
    "bond_dim": 12,
    "lr": 0.01
  },
  "n_parameters": 9650,
  "train_loss": 0.022825176227895146,
  "train_quality": 0.32684658102824826,
  "val_loss": 0.021576800761085584,
  "val_quality": 0.36835845221063124,
  "test_loss": 0.018153562765561432,
  "test_quality": 0.34804685922789413,
  "best_epoch": 19,
  "stopped_early": true,
  "patience_counter": 40,
  "success": true
}