{
  "run_id": "LMPO2TypeI_GTN-L4-d12-rf0.1-seed123",
  "seed": 123,
  "model": "LMPO2TypeI_GTN",
  "dataset": "ai4i",
  "task": "regression",
  "params": {
    "output_site": 1,
    "init_strength": 0.01,
    "reduction_factor": 0.1,
    "rank": 5,
    "batch_size": 64,
    "n_epochs": 1000,
    "patience": 40,
    "min_delta": 1e-08,
    "optimizer": "adamw",
    "seeds": [
      42,
      7,
      123,
      256,
      999
    ],
    "model": "LMPO2TypeI_GTN",
    "L": 4,
    "bond_dim": 12,
    "lr": 0.01
  },
  "n_parameters": 25250,
  "train_loss": 0.021818264974967364,
  "train_quality": 0.35654211309082695,
  "val_loss": 0.022308926203893333,
  "val_quality": 0.39606072240939094,
  "test_loss": 0.01942577065036076,
  "test_quality": 0.3023577602382773,
  "best_epoch": 66,
  "stopped_early": true,
  "patience_counter": 40,
  "success": true
}