{
  "run_id": "LMPO2-L3-d12-rf0.5-seed42",
  "seed": 42,
  "model": "LMPO2",
  "dataset": "ai4i",
  "task": "regression",
  "params": {
    "output_site": 1,
    "init_strength": 0.01,
    "reduction_factor": 0.5,
    "rank": 5,
    "batch_size": 64,
    "n_epochs": 1000,
    "patience": 40,
    "min_delta": 1e-08,
    "optimizer": "adamw",
    "seeds": [
      42,
      7,
      123,
      256,
      999
    ],
    "model": "LMPO2",
    "L": 3,
    "bond_dim": 12,
    "lr": 0.01
  },
  "n_parameters": 8400,
  "train_loss": 0.07955966204624554,
  "train_quality": -1.3463502749746805,
  "val_loss": 0.08017832515322264,
  "val_quality": 0.3828157128984605,
  "test_loss": 0.07031794481756315,
  "test_quality": -1.525344780442723,
  "best_epoch": 25,
  "stopped_early": true,
  "patience_counter": 40,
  "success": true
}