{
  "run_id": "LMPO2-L4-d8-rf0.5-seed42",
  "seed": 42,
  "model": "LMPO2",
  "dataset": "ai4i",
  "task": "regression",
  "params": {
    "init_strength": 0.01,
    "bond_dim_mpo": 2,
    "batch_size": 64,
    "n_epochs": 1000,
    "patience": 40,
    "min_delta": 1e-08,
    "optimizer": "adamw",
    "seeds": [
      42,
      7,
      123,
      256,
      999
    ],
    "model": "LMPO2",
    "L": 4,
    "bond_dim": 8,
    "lr": 0.001,
    "reduction_factor": 0.5
  },
  "n_parameters": 1008,
  "train_loss": 0.015798343004723395,
  "train_quality": 0.5340798904885955,
  "val_loss": 0.023838534441190096,
  "val_quality": 0.38062840432902223,
  "test_loss": 0.017628964340157757,
  "test_quality": 0.3668868850400643,
  "best_epoch": 279,
  "stopped_early": true,
  "patience_counter": 40,
  "success": true
}