{
  "run_id": "LMPO2-L3-d16-rf0.3-seed999",
  "seed": 999,
  "model": "LMPO2",
  "dataset": "ai4i",
  "task": "regression",
  "params": {
    "init_strength": 0.01,
    "bond_dim_mpo": 2,
    "batch_size": 64,
    "n_epochs": 1000,
    "patience": 40,
    "min_delta": 1e-08,
    "optimizer": "adamw",
    "seeds": [
      42,
      7,
      123,
      256,
      999
    ],
    "model": "LMPO2",
    "L": 3,
    "bond_dim": 16,
    "lr": 0.001,
    "reduction_factor": 0.3
  },
  "n_parameters": 720,
  "train_loss": 0.08921729794171053,
  "train_quality": -1.6311704471086195,
  "val_loss": 0.08322970151614284,
  "val_quality": 0.16498397280637844,
  "test_loss": 0.06324541407352555,
  "test_quality": -1.2713473314940287,
  "best_epoch": 18,
  "stopped_early": true,
  "patience_counter": 40,
  "success": true
}