{
  "run_id": "LMPO2-L3-d8-rf0.3-seed7",
  "seed": 7,
  "model": "LMPO2",
  "dataset": "ai4i",
  "task": "regression",
  "params": {
    "init_strength": 0.01,
    "bond_dim_mpo": 2,
    "batch_size": 64,
    "n_epochs": 1000,
    "patience": 40,
    "min_delta": 1e-08,
    "optimizer": "adamw",
    "seeds": [
      42,
      7,
      123,
      256,
      999
    ],
    "model": "LMPO2",
    "L": 3,
    "bond_dim": 8,
    "lr": 0.001,
    "reduction_factor": 0.3
  },
  "n_parameters": 304,
  "train_loss": 0.1892625961091104,
  "train_quality": -4.581677108745197,
  "val_loss": 0.16679943108639075,
  "val_quality": 0.1557083953363878,
  "test_loss": 0.12323951829393123,
  "test_quality": -3.4259296126373915,
  "best_epoch": 17,
  "stopped_early": true,
  "patience_counter": 40,
  "success": true
}