{
  "run_id": "LMPO2TypeI_GTN-L4-d8-rf0.5-seed999",
  "seed": 999,
  "model": "LMPO2TypeI_GTN",
  "dataset": "ai4i",
  "task": "regression",
  "params": {
    "init_strength": 0.01,
    "batch_size": 64,
    "n_epochs": 1000,
    "patience": 40,
    "min_delta": 1e-08,
    "optimizer": "adamw",
    "bond_dim_mpo": 2,
    "seeds": [
      42,
      7,
      123,
      256,
      999
    ],
    "model": "LMPO2TypeI_GTN",
    "L": 4,
    "bond_dim": 8,
    "lr": 0.001,
    "reduction_factor": 0.5
  },
  "n_parameters": 9640,
  "train_loss": 0.0159477907448845,
  "train_quality": 0.5296724214621744,
  "val_loss": 0.020897107845734234,
  "val_quality": 0.42368539759170487,
  "test_loss": 0.017589645966232238,
  "test_quality": 0.3682989349887069,
  "best_epoch": 51,
  "stopped_early": true,
  "patience_counter": 40,
  "success": true
}