{
  "run_id": "LMPO2-L3-d8-rf0.3-seed42",
  "seed": 42,
  "model": "LMPO2",
  "dataset": "ai4i",
  "task": "regression",
  "params": {
    "output_site": 1,
    "init_strength": 0.01,
    "reduction_factor": 0.3,
    "rank": 5,
    "batch_size": 64,
    "n_epochs": 1000,
    "patience": 40,
    "min_delta": 1e-08,
    "optimizer": "adamw",
    "seeds": [
      42,
      7,
      123,
      256,
      999
    ],
    "model": "LMPO2",
    "L": 3,
    "bond_dim": 8,
    "lr": 0.01
  },
  "n_parameters": 4000,
  "train_loss": 0.023719995272546836,
  "train_quality": 0.300456839575467,
  "val_loss": 0.02267871215806619,
  "val_quality": 0.3795699505775092,
  "test_loss": 0.020163264023808285,
  "test_quality": 0.27587198841888216,
  "best_epoch": 25,
  "stopped_early": true,
  "patience_counter": 40,
  "success": true
}