{
  "run_id": "LMPO2TypeI_GTN-L3-d16-rf0.3-seed7",
  "seed": 7,
  "model": "LMPO2TypeI_GTN",
  "dataset": "ai4i",
  "task": "regression",
  "params": {
    "output_site": 1,
    "init_strength": 0.01,
    "reduction_factor": 0.3,
    "rank": 5,
    "batch_size": 64,
    "n_epochs": 1000,
    "patience": 40,
    "min_delta": 1e-08,
    "optimizer": "adamw",
    "seeds": [
      42,
      7,
      123,
      256,
      999
    ],
    "model": "LMPO2TypeI_GTN",
    "L": 3,
    "bond_dim": 16,
    "lr": 0.01
  },
  "n_parameters": 16050,
  "train_loss": 0.037467143323649046,
  "train_quality": -0.10497002851595516,
  "val_loss": 0.03678682208661868,
  "val_quality": 0.37307516820344355,
  "test_loss": 0.03281509643864242,
  "test_quality": -0.17849622491173966,
  "best_epoch": 158,
  "stopped_early": true,
  "patience_counter": 40,
  "success": true
}