{
  "run_id": "LMPO2-L3-d16-rf0.5-seed256",
  "seed": 256,
  "model": "LMPO2",
  "dataset": "ai4i",
  "task": "regression",
  "params": {
    "init_strength": 0.01,
    "bond_dim_mpo": 2,
    "batch_size": 64,
    "n_epochs": 1000,
    "patience": 40,
    "min_delta": 1e-08,
    "optimizer": "adamw",
    "seeds": [
      42,
      7,
      123,
      256,
      999
    ],
    "model": "LMPO2",
    "L": 3,
    "bond_dim": 16,
    "lr": 0.001,
    "reduction_factor": 0.5
  },
  "n_parameters": 1440,
  "train_loss": 0.0191512736107744,
  "train_quality": 0.435196242077597,
  "val_loss": 0.02095965352976783,
  "val_quality": 0.3838737260426416,
  "test_loss": 0.016594991709957183,
  "test_quality": 0.40402018567295617,
  "best_epoch": 303,
  "stopped_early": true,
  "patience_counter": 40,
  "success": true
}