{
  "run_id": "LMPO2TypeI_GTN-L3-d12-rf0.5-seed256",
  "seed": 256,
  "model": "LMPO2TypeI_GTN",
  "dataset": "ai4i",
  "task": "regression",
  "params": {
    "init_strength": 0.01,
    "batch_size": 64,
    "n_epochs": 1000,
    "patience": 40,
    "min_delta": 1e-08,
    "optimizer": "adamw",
    "bond_dim_mpo": 2,
    "seeds": [
      42,
      7,
      123,
      256,
      999
    ],
    "model": "LMPO2TypeI_GTN",
    "L": 3,
    "bond_dim": 12,
    "lr": 0.001,
    "reduction_factor": 0.5
  },
  "n_parameters": 7720,
  "train_loss": 0.01930130946243325,
  "train_quality": 0.430771428638958,
  "val_loss": 0.020000396364556357,
  "val_quality": 0.40017705905234435,
  "test_loss": 0.01641645107070484,
  "test_quality": 0.41043215736243843,
  "best_epoch": 46,
  "stopped_early": true,
  "patience_counter": 40,
  "success": true
}