{
  "run_id": "LMPO2-L3-d8-rf0.1-seed42",
  "seed": 42,
  "model": "LMPO2",
  "dataset": "ai4i",
  "task": "regression",
  "params": {
    "init_strength": 0.01,
    "bond_dim_mpo": 2,
    "batch_size": 64,
    "n_epochs": 1000,
    "patience": 40,
    "min_delta": 1e-08,
    "optimizer": "adamw",
    "seeds": [
      42,
      7,
      123,
      256,
      999
    ],
    "model": "LMPO2",
    "L": 3,
    "bond_dim": 8,
    "lr": 0.001,
    "reduction_factor": 0.1
  },
  "n_parameters": 304,
  "train_loss": 0.06035771869465545,
  "train_quality": -0.7800521798814297,
  "val_loss": 0.0506412258485824,
  "val_quality": 0.11869104934965347,
  "test_loss": 0.03712138811623356,
  "test_quality": -0.33314908399747023,
  "best_epoch": 38,
  "stopped_early": true,
  "patience_counter": 40,
  "success": true
}