{
  "run_id": "LMPO2-L3-d16-rf0.5-seed42",
  "seed": 42,
  "model": "LMPO2",
  "dataset": "ai4i",
  "task": "regression",
  "params": {
    "init_strength": 0.01,
    "bond_dim_mpo": 2,
    "batch_size": 64,
    "n_epochs": 1000,
    "patience": 40,
    "min_delta": 1e-08,
    "optimizer": "adamw",
    "seeds": [
      42,
      7,
      123,
      256,
      999
    ],
    "model": "LMPO2",
    "L": 3,
    "bond_dim": 16,
    "lr": 0.001,
    "reduction_factor": 0.5
  },
  "n_parameters": 1440,
  "train_loss": 0.019126920812169015,
  "train_quality": 0.4359144476887641,
  "val_loss": 0.0214192972182451,
  "val_quality": 0.3841706626568241,
  "test_loss": 0.016496027158982376,
  "test_quality": 0.40757432271296035,
  "best_epoch": 283,
  "stopped_early": true,
  "patience_counter": 40,
  "success": true
}