{
  "run_id": "LMPO2TypeI_GTN-L3-d16-rf0.5-seed42",
  "seed": 42,
  "model": "LMPO2TypeI_GTN",
  "dataset": "ai4i",
  "task": "regression",
  "params": {
    "output_site": 1,
    "init_strength": 0.01,
    "reduction_factor": 0.5,
    "rank": 5,
    "batch_size": 64,
    "n_epochs": 1000,
    "patience": 40,
    "min_delta": 1e-08,
    "optimizer": "adamw",
    "seeds": [
      42,
      7,
      123,
      256,
      999
    ],
    "model": "LMPO2TypeI_GTN",
    "L": 3,
    "bond_dim": 16,
    "lr": 0.01
  },
  "n_parameters": 16050,
  "train_loss": 0.022892670195623868,
  "train_quality": 0.32485606867982497,
  "val_loss": 0.02174909356113949,
  "val_quality": 0.3730471141810141,
  "test_loss": 0.018361023665725167,
  "test_quality": 0.340596267451731,
  "best_epoch": 104,
  "stopped_early": true,
  "patience_counter": 40,
  "success": true
}