{
  "run_id": "LMPO2TypeI_GTN-L3-d16-rf0.5-seed123",
  "seed": 123,
  "model": "LMPO2TypeI_GTN",
  "dataset": "ai4i",
  "task": "regression",
  "params": {
    "output_site": 1,
    "init_strength": 0.01,
    "reduction_factor": 0.5,
    "rank": 5,
    "batch_size": 64,
    "n_epochs": 1000,
    "patience": 40,
    "min_delta": 1e-08,
    "optimizer": "adamw",
    "seeds": [
      42,
      7,
      123,
      256,
      999
    ],
    "model": "LMPO2TypeI_GTN",
    "L": 3,
    "bond_dim": 16,
    "lr": 0.01
  },
  "n_parameters": 16050,
  "train_loss": 0.02396458532133061,
  "train_quality": 0.2932434614205136,
  "val_loss": 0.022596619697074966,
  "val_quality": 0.3411839179335009,
  "test_loss": 0.019719446834177083,
  "test_quality": 0.2918108988380326,
  "best_epoch": 13,
  "stopped_early": true,
  "patience_counter": 40,
  "success": true
}