{
  "run_id": "LMPO2-L3-d8-rf0.3-seed256",
  "seed": 256,
  "model": "LMPO2",
  "dataset": "ai4i",
  "task": "regression",
  "params": {
    "init_strength": 0.01,
    "bond_dim_mpo": 2,
    "batch_size": 64,
    "n_epochs": 1000,
    "patience": 40,
    "min_delta": 1e-08,
    "optimizer": "adamw",
    "seeds": [
      42,
      7,
      123,
      256,
      999
    ],
    "model": "LMPO2",
    "L": 3,
    "bond_dim": 8,
    "lr": 0.001,
    "reduction_factor": 0.3
  },
  "n_parameters": 304,
  "train_loss": 0.03099434862903018,
  "train_quality": 0.08592373876457438,
  "val_loss": 0.026417303985077998,
  "val_quality": 0.20286364130406498,
  "test_loss": 0.024955865030090018,
  "test_quality": 0.10375418879662723,
  "best_epoch": 20,
  "stopped_early": true,
  "patience_counter": 40,
  "success": true
}