{
  "run_id": "LMPO2-L4-d16-rf0.1-seed999",
  "seed": 999,
  "model": "LMPO2",
  "dataset": "ai4i",
  "task": "regression",
  "params": {
    "init_strength": 0.01,
    "bond_dim_mpo": 2,
    "batch_size": 64,
    "n_epochs": 1000,
    "patience": 40,
    "min_delta": 1e-08,
    "optimizer": "adamw",
    "seeds": [
      42,
      7,
      123,
      256,
      999
    ],
    "model": "LMPO2",
    "L": 4,
    "bond_dim": 16,
    "lr": 0.001,
    "reduction_factor": 0.1
  },
  "n_parameters": 1304,
  "train_loss": 0.01640395350131321,
  "train_quality": 0.5162194029167015,
  "val_loss": 0.02419988766567054,
  "val_quality": 0.3270950180260149,
  "test_loss": 0.017109914785853993,
  "test_quality": 0.38552763294805403,
  "best_epoch": 414,
  "stopped_early": true,
  "patience_counter": 40,
  "success": true
}