{
  "run_id": "LMPO2TypeI_GTN-L3-d8-rf0.3-seed999",
  "seed": 999,
  "model": "LMPO2TypeI_GTN",
  "dataset": "ai4i",
  "task": "regression",
  "params": {
    "init_strength": 0.01,
    "batch_size": 64,
    "n_epochs": 1000,
    "patience": 40,
    "min_delta": 1e-08,
    "optimizer": "adamw",
    "bond_dim_mpo": 2,
    "seeds": [
      42,
      7,
      123,
      256,
      999
    ],
    "model": "LMPO2TypeI_GTN",
    "L": 3,
    "bond_dim": 8,
    "lr": 0.001,
    "reduction_factor": 0.3
  },
  "n_parameters": 1940,
  "train_loss": 0.01921226025316073,
  "train_quality": 0.43339764186421514,
  "val_loss": 0.020605735993812744,
  "val_quality": 0.3896535840457819,
  "test_loss": 0.016515834086993243,
  "test_quality": 0.40686299187986175,
  "best_epoch": 58,
  "stopped_early": true,
  "patience_counter": 40,
  "success": true
}