{
  "run_id": "LMPO2-L3-d16-rf0.5-seed123",
  "seed": 123,
  "model": "LMPO2",
  "dataset": "ai4i",
  "task": "regression",
  "params": {
    "init_strength": 0.01,
    "bond_dim_mpo": 2,
    "batch_size": 64,
    "n_epochs": 1000,
    "patience": 40,
    "min_delta": 1e-08,
    "optimizer": "adamw",
    "seeds": [
      42,
      7,
      123,
      256,
      999
    ],
    "model": "LMPO2",
    "L": 3,
    "bond_dim": 16,
    "lr": 0.001,
    "reduction_factor": 0.5
  },
  "n_parameters": 1440,
  "train_loss": 0.01925312853722309,
  "train_quality": 0.4321923663881616,
  "val_loss": 0.020993768420275505,
  "val_quality": 0.3761818152378462,
  "test_loss": 0.016415369815597762,
  "test_quality": 0.4104709887297099,
  "best_epoch": 298,
  "stopped_early": true,
  "patience_counter": 40,
  "success": true
}