{
  "run_id": "LMPO2-L4-d16-rf0.3-seed123",
  "seed": 123,
  "model": "LMPO2",
  "dataset": "ai4i",
  "task": "regression",
  "params": {
    "init_strength": 0.01,
    "bond_dim_mpo": 2,
    "batch_size": 64,
    "n_epochs": 1000,
    "patience": 40,
    "min_delta": 1e-08,
    "optimizer": "adamw",
    "seeds": [
      42,
      7,
      123,
      256,
      999
    ],
    "model": "LMPO2",
    "L": 4,
    "bond_dim": 16,
    "lr": 0.001,
    "reduction_factor": 0.3
  },
  "n_parameters": 1304,
  "train_loss": 0.2626053701761316,
  "train_quality": -6.744680742414883,
  "val_loss": 0.4007606604318953,
  "val_quality": 0.21124201088555206,
  "test_loss": 0.11708988512001214,
  "test_quality": -3.205076399738668,
  "best_epoch": 124,
  "stopped_early": true,
  "patience_counter": 40,
  "success": true
}