{
  "run_id": "LMPO2-L4-d12-rf0.1-seed999",
  "seed": 999,
  "model": "LMPO2",
  "dataset": "ai4i",
  "task": "regression",
  "params": {
    "output_site": 1,
    "init_strength": 0.01,
    "reduction_factor": 0.1,
    "rank": 5,
    "batch_size": 64,
    "n_epochs": 1000,
    "patience": 40,
    "min_delta": 1e-08,
    "optimizer": "adamw",
    "seeds": [
      42,
      7,
      123,
      256,
      999
    ],
    "model": "LMPO2",
    "L": 4,
    "bond_dim": 12,
    "lr": 0.01
  },
  "n_parameters": 15600,
  "train_loss": 0.02217871529874331,
  "train_quality": 0.3459118176049709,
  "val_loss": 0.02122231790545783,
  "val_quality": 0.4070263271412652,
  "test_loss": 0.01919526501062831,
  "test_quality": 0.3106359631304578,
  "best_epoch": 42,
  "stopped_early": true,
  "patience_counter": 40,
  "success": true
}