{
  "run_id": "MMPO2-L4-d8-seed42",
  "seed": 42,
  "model": "MMPO2",
  "dataset": "seoulBike",
  "task": "regression",
  "params": {
    "output_site": 1,
    "init_strength": 0.01,
    "rank": 5,
    "batch_size": 64,
    "n_epochs": 1000,
    "patience": 40,
    "min_delta": 1e-08,
    "optimizer": "adamw",
    "seeds": [
      42,
      7,
      123,
      256,
      999
    ],
    "model": "MMPO2",
    "L": 4,
    "bond_dim": 8,
    "lr": 0.01
  },
  "n_parameters": 2592,
  "train_loss": 0.008163767957851209,
  "train_quality": 0.7531647123552391,
  "val_loss": 0.013329896584789069,
  "val_quality": 0.6618043651308785,
  "test_loss": 0.007964581318825981,
  "test_quality": 0.7011038461406784,
  "best_epoch": 305,
  "stopped_early": true,
  "patience_counter": 40,
  "success": true
}