{
  "run_id": "MMPO2-L4-d16-seed123",
  "seed": 123,
  "model": "MMPO2",
  "dataset": "seoulBike",
  "task": "regression",
  "params": {
    "init_strength": 0.01,
    "batch_size": 64,
    "n_epochs": 1000,
    "patience": 40,
    "min_delta": 1e-08,
    "optimizer": "adamw",
    "seeds": [
      42,
      7,
      123,
      256,
      999
    ],
    "model": "MMPO2",
    "L": 4,
    "bond_dim": 16,
    "lr": 0.001
  },
  "n_parameters": 9248,
  "train_loss": 88974.53519568901,
  "train_quality": 0.787452848493194,
  "val_loss": 2062555.8893987,
  "val_quality": 0.7266360350816301,
  "test_loss": 146614.18639023197,
  "test_quality": 0.6376050902146153,
  "best_epoch": 165,
  "stopped_early": true,
  "patience_counter": 40,
  "success": true
}