{
  "run_id": "MMPO2-L3-d16-seed256",
  "seed": 256,
  "model": "MMPO2",
  "dataset": "seoulBike",
  "task": "regression",
  "params": {
    "init_strength": 0.01,
    "batch_size": 64,
    "n_epochs": 1000,
    "patience": 40,
    "min_delta": 1e-08,
    "optimizer": "adamw",
    "seeds": [
      42,
      7,
      123,
      256,
      999
    ],
    "model": "MMPO2",
    "L": 3,
    "bond_dim": 16,
    "lr": 0.001
  },
  "n_parameters": 4896,
  "train_loss": 113042.69449300208,
  "train_quality": 0.7299575360489678,
  "val_loss": 312403.4178033662,
  "val_quality": 0.6789833219135798,
  "test_loss": 128843.38258568235,
  "test_quality": 0.6815302314313222,
  "best_epoch": 144,
  "stopped_early": true,
  "patience_counter": 40,
  "success": true
}