{
  "run_id": "MMPO2-L4-d12-seed42",
  "seed": 42,
  "model": "MMPO2",
  "dataset": "seoulBike",
  "task": "regression",
  "params": {
    "init_strength": 0.01,
    "batch_size": 64,
    "n_epochs": 1000,
    "patience": 40,
    "min_delta": 1e-08,
    "optimizer": "adamw",
    "seeds": [
      42,
      7,
      123,
      256,
      999
    ],
    "model": "MMPO2",
    "L": 4,
    "bond_dim": 12,
    "lr": 0.001
  },
  "n_parameters": 5304,
  "train_loss": 89133.06445314724,
  "train_quality": 0.78707414528301,
  "val_loss": 2147888.1197846937,
  "val_quality": 0.7158702228584779,
  "test_loss": 186682.5641923839,
  "test_quality": 0.5385657235860053,
  "best_epoch": 330,
  "stopped_early": true,
  "patience_counter": 40,
  "success": true
}