{
  "run_id": "MMPO2-L4-d8-seed256",
  "seed": 256,
  "model": "MMPO2",
  "dataset": "seoulBike",
  "task": "regression",
  "params": {
    "init_strength": 0.01,
    "batch_size": 64,
    "n_epochs": 1000,
    "patience": 40,
    "min_delta": 1e-08,
    "optimizer": "adamw",
    "seeds": [
      42,
      7,
      123,
      256,
      999
    ],
    "model": "MMPO2",
    "L": 4,
    "bond_dim": 8,
    "lr": 0.001
  },
  "n_parameters": 2448,
  "train_loss": 91388.5868439382,
  "train_quality": 0.7816860321755006,
  "val_loss": 1547117.579845714,
  "val_quality": 0.7239468117281043,
  "test_loss": 140300.84769799025,
  "test_quality": 0.6532101408727414,
  "best_epoch": 238,
  "stopped_early": false,
  "patience_counter": 2,
  "success": true
}