{
  "run_id": "MMPO2-L4-d8-seed999",
  "seed": 999,
  "model": "MMPO2",
  "dataset": "seoulBike",
  "task": "regression",
  "params": {
    "output_site": 1,
    "init_strength": 0.01,
    "rank": 5,
    "batch_size": 64,
    "n_epochs": 1000,
    "patience": 40,
    "min_delta": 1e-08,
    "optimizer": "adamw",
    "seeds": [
      42,
      7,
      123,
      256,
      999
    ],
    "model": "MMPO2",
    "L": 4,
    "bond_dim": 8,
    "lr": 0.01
  },
  "n_parameters": 2592,
  "train_loss": 79.75885051169035,
  "train_quality": -2410.5456134853785,
  "val_loss": 330.13526730539934,
  "val_quality": 0.6509153224845786,
  "test_loss": 111.14094970853503,
  "test_quality": -4169.916345047769,
  "best_epoch": 331,
  "stopped_early": true,
  "patience_counter": 40,
  "success": true
}