{
  "run_id": "MMPO2-L3-d16-seed7",
  "seed": 7,
  "model": "MMPO2",
  "dataset": "seoulBike",
  "task": "regression",
  "params": {
    "output_site": 1,
    "init_strength": 0.01,
    "rank": 5,
    "batch_size": 64,
    "n_epochs": 1000,
    "patience": 40,
    "min_delta": 1e-08,
    "optimizer": "adamw",
    "seeds": [
      42,
      7,
      123,
      256,
      999
    ],
    "model": "MMPO2",
    "L": 3,
    "bond_dim": 16,
    "lr": 0.01
  },
  "n_parameters": 5184,
  "train_loss": 0.011533859501294362,
  "train_quality": 0.6512684409509352,
  "val_loss": 0.016606024113013405,
  "val_quality": 0.595322255153238,
  "test_loss": 0.010349424014272154,
  "test_quality": 0.6116050663939696,
  "best_epoch": 206,
  "stopped_early": true,
  "patience_counter": 40,
  "success": true
}