{
  "run_id": "MMPO2-L3-d12-seed123",
  "seed": 123,
  "model": "MMPO2",
  "dataset": "seoulBike",
  "task": "regression",
  "params": {
    "init_strength": 0.01,
    "batch_size": 64,
    "n_epochs": 1000,
    "patience": 40,
    "min_delta": 1e-08,
    "optimizer": "adamw",
    "seeds": [
      42,
      7,
      123,
      256,
      999
    ],
    "model": "MMPO2",
    "L": 3,
    "bond_dim": 12,
    "lr": 0.001
  },
  "n_parameters": 2856,
  "train_loss": 113116.17489652362,
  "train_quality": 0.7297820021119179,
  "val_loss": 297030.5288595164,
  "val_quality": 0.6373661891300355,
  "test_loss": 127833.31411028128,
  "test_quality": 0.684026877104107,
  "best_epoch": 72,
  "stopped_early": false,
  "patience_counter": 17,
  "success": true
}