{
  "run_id": "MMPO2-L3-d8-seed7",
  "seed": 7,
  "model": "MMPO2",
  "dataset": "seoulBike",
  "task": "regression",
  "params": {
    "init_strength": 0.01,
    "batch_size": 64,
    "n_epochs": 1000,
    "patience": 40,
    "min_delta": 1e-08,
    "optimizer": "adamw",
    "seeds": [
      42,
      7,
      123,
      256,
      999
    ],
    "model": "MMPO2",
    "L": 3,
    "bond_dim": 8,
    "lr": 0.001
  },
  "n_parameters": 1360,
  "train_loss": 114605.67393803956,
  "train_quality": 0.7262238067501773,
  "val_loss": 259302.07312933027,
  "val_quality": 0.6065688211466014,
  "test_loss": 123356.87745118806,
  "test_quality": 0.6950915489423035,
  "best_epoch": 57,
  "stopped_early": false,
  "patience_counter": 1,
  "success": true
}