{
  "run_id": "MMPO2-L4-d16-seed256",
  "seed": 256,
  "model": "MMPO2",
  "dataset": "seoulBike",
  "task": "regression",
  "params": {
    "output_site": 1,
    "init_strength": 0.01,
    "rank": 5,
    "batch_size": 64,
    "n_epochs": 1000,
    "patience": 40,
    "min_delta": 1e-08,
    "optimizer": "adamw",
    "seeds": [
      42,
      7,
      123,
      256,
      999
    ],
    "model": "MMPO2",
    "L": 4,
    "bond_dim": 16,
    "lr": 0.01
  },
  "n_parameters": 9792,
  "train_loss": 1360425.3663868166,
  "train_quality": -41133087.09915091,
  "val_loss": 27145039.282539867,
  "val_quality": 0.6535115246497805,
  "test_loss": 4082034.614256591,
  "test_quality": -153191283.9251646,
  "best_epoch": 336,
  "stopped_early": true,
  "patience_counter": 40,
  "success": true
}