{
  "run_id": "MMPO2TypeI_GTN-L4-d16-seed123",
  "seed": 123,
  "model": "MMPO2TypeI_GTN",
  "dataset": "seoulBike",
  "task": "regression",
  "params": {
    "init_strength": 0.01,
    "batch_size": 64,
    "n_epochs": 1000,
    "patience": 40,
    "min_delta": 1e-08,
    "optimizer": "adamw",
    "seeds": [
      42,
      7,
      123,
      256,
      999
    ],
    "model": "MMPO2TypeI_GTN",
    "L": 4,
    "bond_dim": 16,
    "lr": 0.001
  },
  "n_parameters": 14705,
  "train_loss": 89728.76208482777,
  "train_quality": 0.7856511107653855,
  "val_loss": 1269995.87168577,
  "val_quality": 0.7390451579779662,
  "test_loss": 133608.49632723173,
  "test_quality": 0.6697520194656013,
  "best_epoch": 610,
  "stopped_early": true,
  "patience_counter": 40,
  "success": true
}