{
  "run_id": "MMPO2-L3-d12-seed999",
  "seed": 999,
  "model": "MMPO2",
  "dataset": "seoulBike",
  "task": "regression",
  "params": {
    "init_strength": 0.01,
    "batch_size": 64,
    "n_epochs": 1000,
    "patience": 40,
    "min_delta": 1e-08,
    "optimizer": "adamw",
    "seeds": [
      42,
      7,
      123,
      256,
      999
    ],
    "model": "MMPO2",
    "L": 3,
    "bond_dim": 12,
    "lr": 0.001
  },
  "n_parameters": 2856,
  "train_loss": 113430.75635626791,
  "train_quality": 0.7290305130140715,
  "val_loss": 285656.91556894156,
  "val_quality": 0.6151401474425537,
  "test_loss": 125275.80411173285,
  "test_quality": 0.690348425025345,
  "best_epoch": 56,
  "stopped_early": true,
  "patience_counter": 40,
  "success": true
}