{
  "run_id": "MMPO2-L3-d16-seed123",
  "seed": 123,
  "model": "MMPO2",
  "dataset": "seoulBike",
  "task": "regression",
  "params": {
    "output_site": 1,
    "init_strength": 0.01,
    "rank": 5,
    "batch_size": 64,
    "n_epochs": 1000,
    "patience": 40,
    "min_delta": 1e-08,
    "optimizer": "adamw",
    "seeds": [
      42,
      7,
      123,
      256,
      999
    ],
    "model": "MMPO2",
    "L": 3,
    "bond_dim": 16,
    "lr": 0.01
  },
  "n_parameters": 5184,
  "train_loss": 0.009386419272611204,
  "train_quality": 0.7161972862198858,
  "val_loss": 0.014638554278091034,
  "val_quality": 0.5922421672608716,
  "test_loss": 0.009079158161529738,
  "test_quality": 0.6592758180085072,
  "best_epoch": 269,
  "stopped_early": true,
  "patience_counter": 40,
  "success": true
}