{
  "run_id": "MMPO2-L4-d16-seed42",
  "seed": 42,
  "model": "MMPO2",
  "dataset": "seoulBike",
  "task": "regression",
  "params": {
    "init_strength": 0.01,
    "batch_size": 64,
    "n_epochs": 1000,
    "patience": 40,
    "min_delta": 1e-08,
    "optimizer": "adamw",
    "seeds": [
      42,
      7,
      123,
      256,
      999
    ],
    "model": "MMPO2",
    "L": 4,
    "bond_dim": 16,
    "lr": 0.001
  },
  "n_parameters": 9248,
  "train_loss": 88510.7951813291,
  "train_quality": 0.7885606555626564,
  "val_loss": 808270.8904910358,
  "val_quality": 0.7380451024232297,
  "test_loss": 124874.30295422555,
  "test_quality": 0.6913408390565924,
  "best_epoch": 542,
  "stopped_early": true,
  "patience_counter": 40,
  "success": true
}