{
  "run_id": "MMPO2-L4-d16-seed999",
  "seed": 999,
  "model": "MMPO2",
  "dataset": "seoulBike",
  "task": "regression",
  "params": {
    "init_strength": 0.01,
    "batch_size": 64,
    "n_epochs": 1000,
    "patience": 40,
    "min_delta": 1e-08,
    "optimizer": "adamw",
    "seeds": [
      42,
      7,
      123,
      256,
      999
    ],
    "model": "MMPO2",
    "L": 4,
    "bond_dim": 16,
    "lr": 0.001
  },
  "n_parameters": 9248,
  "train_loss": 95587.17926676996,
  "train_quality": 0.7716562089474476,
  "val_loss": 412332.8237897403,
  "val_quality": 0.7301659950390494,
  "test_loss": 133448.90329250196,
  "test_quality": 0.6701464949583704,
  "best_epoch": 177,
  "stopped_early": true,
  "patience_counter": 40,
  "success": true
}