{
  "run_id": "MMPO2TypeI_GTN-L3-d12-seed256",
  "seed": 256,
  "model": "MMPO2TypeI_GTN",
  "dataset": "seoulBike",
  "task": "regression",
  "params": {
    "init_strength": 0.01,
    "batch_size": 64,
    "n_epochs": 1000,
    "patience": 40,
    "min_delta": 1e-08,
    "optimizer": "adamw",
    "seeds": [
      42,
      7,
      123,
      256,
      999
    ],
    "model": "MMPO2TypeI_GTN",
    "L": 3,
    "bond_dim": 12,
    "lr": 0.001
  },
  "n_parameters": 3281,
  "train_loss": 113952.90535706839,
  "train_quality": 0.7277831754186779,
  "val_loss": 302520.8792238466,
  "val_quality": 0.6540029583852894,
  "test_loss": 129052.86243500907,
  "test_quality": 0.6810124477640819,
  "best_epoch": 106,
  "stopped_early": false,
  "patience_counter": 11,
  "success": true
}