{
  "run_id": "MMPO2-L4-d12-seed7",
  "seed": 7,
  "model": "MMPO2",
  "dataset": "seoulBike",
  "task": "regression",
  "params": {
    "init_strength": 0.01,
    "batch_size": 64,
    "n_epochs": 1000,
    "patience": 40,
    "min_delta": 1e-08,
    "optimizer": "adamw",
    "seeds": [
      42,
      7,
      123,
      256,
      999
    ],
    "model": "MMPO2",
    "L": 4,
    "bond_dim": 12,
    "lr": 0.001
  },
  "n_parameters": 5304,
  "train_loss": 89145.28614305863,
  "train_quality": 0.7870449494533094,
  "val_loss": 809852.9256308521,
  "val_quality": 0.7369881412497747,
  "test_loss": 132251.8401271449,
  "test_quality": 0.6731053464071816,
  "best_epoch": 619,
  "stopped_early": false,
  "patience_counter": 23,
  "success": true
}