{
  "run_id": "MMPO2TypeI_GTN-L4-d12-seed42",
  "seed": 42,
  "model": "MMPO2TypeI_GTN",
  "dataset": "seoulBike",
  "task": "regression",
  "params": {
    "init_strength": 0.01,
    "batch_size": 64,
    "n_epochs": 1000,
    "patience": 40,
    "min_delta": 1e-08,
    "optimizer": "adamw",
    "seeds": [
      42,
      7,
      123,
      256,
      999
    ],
    "model": "MMPO2TypeI_GTN",
    "L": 4,
    "bond_dim": 12,
    "lr": 0.001
  },
  "n_parameters": 8585,
  "train_loss": 91682.29547597545,
  "train_quality": 0.7809844052102666,
  "val_loss": 1971555.3448548221,
  "val_quality": 0.7010220105815484,
  "test_loss": 167584.84227207536,
  "test_quality": 0.5857706863717735,
  "best_epoch": 76,
  "stopped_early": true,
  "patience_counter": 40,
  "success": true
}