{
  "run_id": "MMPO2TypeI_GTN-L4-d16-seed7",
  "seed": 7,
  "model": "MMPO2TypeI_GTN",
  "dataset": "seoulBike",
  "task": "regression",
  "params": {
    "init_strength": 0.01,
    "batch_size": 64,
    "n_epochs": 1000,
    "patience": 40,
    "min_delta": 1e-08,
    "optimizer": "adamw",
    "seeds": [
      42,
      7,
      123,
      256,
      999
    ],
    "model": "MMPO2TypeI_GTN",
    "L": 4,
    "bond_dim": 16,
    "lr": 0.001
  },
  "n_parameters": 14705,
  "train_loss": 89415.77231291203,
  "train_quality": 0.7863987975538038,
  "val_loss": 1446589.2794608849,
  "val_quality": 0.7366122064502911,
  "test_loss": 147577.66080040592,
  "test_quality": 0.6352236138339724,
  "best_epoch": 468,
  "stopped_early": true,
  "patience_counter": 40,
  "success": true
}