{
  "run_id": "MMPO2TypeI_GTN-L3-d12-seed42",
  "seed": 42,
  "model": "MMPO2TypeI_GTN",
  "dataset": "seoulBike",
  "task": "regression",
  "params": {
    "init_strength": 0.01,
    "batch_size": 64,
    "n_epochs": 1000,
    "patience": 40,
    "min_delta": 1e-08,
    "optimizer": "adamw",
    "seeds": [
      42,
      7,
      123,
      256,
      999
    ],
    "model": "MMPO2TypeI_GTN",
    "L": 3,
    "bond_dim": 12,
    "lr": 0.001
  },
  "n_parameters": 3281,
  "train_loss": 113801.39744253292,
  "train_quality": 0.7281451056675343,
  "val_loss": 279891.2224690521,
  "val_quality": 0.6589982538303973,
  "test_loss": 128191.05181796082,
  "test_quality": 0.6831426357663943,
  "best_epoch": 130,
  "stopped_early": false,
  "patience_counter": 15,
  "success": true
}