{
  "run_id": "MMPO2-L3-d16-seed42",
  "seed": 42,
  "model": "MMPO2",
  "dataset": "seoulBike",
  "task": "regression",
  "params": {
    "output_site": 1,
    "init_strength": 0.01,
    "rank": 5,
    "batch_size": 64,
    "n_epochs": 1000,
    "patience": 40,
    "min_delta": 1e-08,
    "optimizer": "adamw",
    "seeds": [
      42,
      7,
      123,
      256,
      999
    ],
    "model": "MMPO2",
    "L": 3,
    "bond_dim": 16,
    "lr": 0.01
  },
  "n_parameters": 5184,
  "train_loss": 0.009791647711886746,
  "train_quality": 0.7039450175509532,
  "val_loss": 0.015984063938714814,
  "val_quality": 0.5930671634015845,
  "test_loss": 0.009313575349699862,
  "test_quality": 0.6504785701510523,
  "best_epoch": 257,
  "stopped_early": true,
  "patience_counter": 40,
  "success": true
}