{
  "run_id": "MMPO2-L4-d8-seed123",
  "seed": 123,
  "model": "MMPO2",
  "dataset": "seoulBike",
  "task": "regression",
  "params": {
    "output_site": 1,
    "init_strength": 0.01,
    "rank": 5,
    "batch_size": 64,
    "n_epochs": 1000,
    "patience": 40,
    "min_delta": 1e-08,
    "optimizer": "adamw",
    "seeds": [
      42,
      7,
      123,
      256,
      999
    ],
    "model": "MMPO2",
    "L": 4,
    "bond_dim": 8,
    "lr": 0.01
  },
  "n_parameters": 2592,
  "train_loss": 97564.86577821334,
  "train_quality": -2949917.6935154554,
  "val_loss": 1561488.0168144563,
  "val_quality": 0.6660414970977451,
  "test_loss": 607346.6361381799,
  "test_quality": -22792606.211129293,
  "best_epoch": 267,
  "stopped_early": true,
  "patience_counter": 40,
  "success": true
}