{
  "run_id": "MMPO2TypeI_GTN-L4-d16-seed42",
  "seed": 42,
  "model": "MMPO2TypeI_GTN",
  "dataset": "seoulBike",
  "task": "regression",
  "params": {
    "init_strength": 0.01,
    "batch_size": 64,
    "n_epochs": 1000,
    "patience": 40,
    "min_delta": 1e-08,
    "optimizer": "adamw",
    "seeds": [
      42,
      7,
      123,
      256,
      999
    ],
    "model": "MMPO2TypeI_GTN",
    "L": 4,
    "bond_dim": 16,
    "lr": 0.001
  },
  "n_parameters": 14705,
  "train_loss": 90563.296526135,
  "train_quality": 0.7836575300409225,
  "val_loss": 2244983.586515787,
  "val_quality": 0.7320983262141041,
  "test_loss": 151387.84494690335,
  "test_quality": 0.6258057575266674,
  "best_epoch": 346,
  "stopped_early": true,
  "patience_counter": 40,
  "success": true
}