{
  "run_id": "MMPO2-L3-d8-seed123",
  "seed": 123,
  "model": "MMPO2",
  "dataset": "seoulBike",
  "task": "regression",
  "params": {
    "init_strength": 0.01,
    "batch_size": 64,
    "n_epochs": 1000,
    "patience": 40,
    "min_delta": 1e-08,
    "optimizer": "adamw",
    "seeds": [
      42,
      7,
      123,
      256,
      999
    ],
    "model": "MMPO2",
    "L": 3,
    "bond_dim": 8,
    "lr": 0.001
  },
  "n_parameters": 1360,
  "train_loss": 114537.96869738729,
  "train_quality": 0.7263855446677856,
  "val_loss": 287667.9136555813,
  "val_quality": 0.6578518591060063,
  "test_loss": 129024.29237874136,
  "test_quality": 0.6810830660529297,
  "best_epoch": 453,
  "stopped_early": false,
  "patience_counter": 4,
  "success": true
}