{
  "run_id": "MMPO2-L3-d16-seed999",
  "seed": 999,
  "model": "MMPO2",
  "dataset": "seoulBike",
  "task": "regression",
  "params": {
    "output_site": 1,
    "init_strength": 0.01,
    "rank": 5,
    "batch_size": 64,
    "n_epochs": 1000,
    "patience": 40,
    "min_delta": 1e-08,
    "optimizer": "adamw",
    "seeds": [
      42,
      7,
      123,
      256,
      999
    ],
    "model": "MMPO2",
    "L": 3,
    "bond_dim": 16,
    "lr": 0.01
  },
  "n_parameters": 5184,
  "train_loss": 11.519823748071564,
  "train_quality": -347.30718157999087,
  "val_loss": 198.77825220189098,
  "val_quality": 0.6068119030202037,
  "test_loss": 37.39385600819049,
  "test_quality": -1402.3229483637122,
  "best_epoch": 265,
  "stopped_early": true,
  "patience_counter": 40,
  "success": true
}