{
  "run_id": "MMPO2-L4-d8-seed7",
  "seed": 7,
  "model": "MMPO2",
  "dataset": "seoulBike",
  "task": "regression",
  "params": {
    "init_strength": 0.01,
    "batch_size": 64,
    "n_epochs": 1000,
    "patience": 40,
    "min_delta": 1e-08,
    "optimizer": "adamw",
    "seeds": [
      42,
      7,
      123,
      256,
      999
    ],
    "model": "MMPO2",
    "L": 4,
    "bond_dim": 8,
    "lr": 0.001
  },
  "n_parameters": 2448,
  "train_loss": 92895.20187475292,
  "train_quality": 0.7780869492186445,
  "val_loss": 808734.3744053335,
  "val_quality": 0.726216556104772,
  "test_loss": 159131.35858411368,
  "test_quality": 0.6066656593201429,
  "best_epoch": 686,
  "stopped_early": true,
  "patience_counter": 40,
  "success": true
}