{
  "run_id": "MMPO2-L3-d16-seed123",
  "seed": 123,
  "model": "MMPO2",
  "dataset": "seoulBike",
  "task": "regression",
  "params": {
    "init_strength": 0.01,
    "batch_size": 64,
    "n_epochs": 1000,
    "patience": 40,
    "min_delta": 1e-08,
    "optimizer": "adamw",
    "seeds": [
      42,
      7,
      123,
      256,
      999
    ],
    "model": "MMPO2",
    "L": 3,
    "bond_dim": 16,
    "lr": 0.001
  },
  "n_parameters": 4896,
  "train_loss": 112507.07682155598,
  "train_quality": 0.7312370483286574,
  "val_loss": 395132.2561924438,
  "val_quality": 0.6521291448088993,
  "test_loss": 138354.72138668777,
  "test_quality": 0.658020495766628,
  "best_epoch": 120,
  "stopped_early": true,
  "patience_counter": 40,
  "success": true
}