{
  "run_id": "MMPO2-L4-d12-seed999",
  "seed": 999,
  "model": "MMPO2",
  "dataset": "seoulBike",
  "task": "regression",
  "params": {
    "output_site": 1,
    "init_strength": 0.01,
    "rank": 5,
    "batch_size": 64,
    "n_epochs": 1000,
    "patience": 40,
    "min_delta": 1e-08,
    "optimizer": "adamw",
    "seeds": [
      42,
      7,
      123,
      256,
      999
    ],
    "model": "MMPO2",
    "L": 4,
    "bond_dim": 12,
    "lr": 0.01
  },
  "n_parameters": 5616,
  "train_loss": 754.5151011937885,
  "train_quality": -22812.111910704687,
  "val_loss": 242509.0459348188,
  "val_quality": 0.6650406738706988,
  "test_loss": 56435.53298899892,
  "test_quality": -2117921.220411093,
  "best_epoch": 323,
  "stopped_early": true,
  "patience_counter": 40,
  "success": true
}