{
  "run_id": "MMPO2-L4-d8-seed42",
  "seed": 42,
  "model": "MMPO2",
  "dataset": "seoulBike",
  "task": "regression",
  "params": {
    "init_strength": 0.01,
    "batch_size": 64,
    "n_epochs": 1000,
    "patience": 40,
    "min_delta": 1e-08,
    "optimizer": "adamw",
    "seeds": [
      42,
      7,
      123,
      256,
      999
    ],
    "model": "MMPO2",
    "L": 4,
    "bond_dim": 8,
    "lr": 0.001
  },
  "n_parameters": 2448,
  "train_loss": 92422.99608215429,
  "train_quality": 0.7792149797941469,
  "val_loss": 2541685.32090468,
  "val_quality": 0.7168925865169085,
  "test_loss": 192076.91033335763,
  "test_quality": 0.525232200881005,
  "best_epoch": 223,
  "stopped_early": true,
  "patience_counter": 40,
  "success": true
}