{
  "run_id": "MMPO2TypeI_GTN-L3-d8-seed123",
  "seed": 123,
  "model": "MMPO2TypeI_GTN",
  "dataset": "seoulBike",
  "task": "regression",
  "params": {
    "init_strength": 0.01,
    "batch_size": 64,
    "n_epochs": 1000,
    "patience": 40,
    "min_delta": 1e-08,
    "optimizer": "adamw",
    "seeds": [
      42,
      7,
      123,
      256,
      999
    ],
    "model": "MMPO2TypeI_GTN",
    "L": 3,
    "bond_dim": 8,
    "lr": 0.001
  },
  "n_parameters": 1649,
  "train_loss": 115988.33778574946,
  "train_quality": 0.7229208250411318,
  "val_loss": 185667.6156272331,
  "val_quality": 0.6596728977297905,
  "test_loss": 119800.4613294806,
  "test_quality": 0.7038821518936105,
  "best_epoch": 416,
  "stopped_early": false,
  "patience_counter": 14,
  "success": true
}