{
  "run_id": "MMPO2-L3-d12-seed42",
  "seed": 42,
  "model": "MMPO2",
  "dataset": "seoulBike",
  "task": "regression",
  "params": {
    "output_site": 1,
    "init_strength": 0.01,
    "rank": 5,
    "batch_size": 64,
    "n_epochs": 1000,
    "patience": 40,
    "min_delta": 1e-08,
    "optimizer": "adamw",
    "seeds": [
      42,
      7,
      123,
      256,
      999
    ],
    "model": "MMPO2",
    "L": 3,
    "bond_dim": 12,
    "lr": 0.01
  },
  "n_parameters": 3024,
  "train_loss": 0.01021523653135344,
  "train_quality": 0.6911376143229362,
  "val_loss": 0.01653085107040958,
  "val_quality": 0.5935350422939221,
  "test_loss": 0.009571511023862615,
  "test_quality": 0.6407987165763107,
  "best_epoch": 263,
  "stopped_early": true,
  "patience_counter": 40,
  "success": true
}