{
  "run_id": "MMPO2TypeI_GTN-L3-d16-seed256",
  "seed": 256,
  "model": "MMPO2TypeI_GTN",
  "dataset": "seoulBike",
  "task": "regression",
  "params": {
    "init_strength": 0.01,
    "batch_size": 64,
    "n_epochs": 1000,
    "patience": 40,
    "min_delta": 1e-08,
    "optimizer": "adamw",
    "seeds": [
      42,
      7,
      123,
      256,
      999
    ],
    "model": "MMPO2TypeI_GTN",
    "L": 3,
    "bond_dim": 16,
    "lr": 0.001
  },
  "n_parameters": 5457,
  "train_loss": 113193.90209305917,
  "train_quality": 0.7295963232074774,
  "val_loss": 390453.0798762715,
  "val_quality": 0.6494677199452343,
  "test_loss": 140233.09557102693,
  "test_quality": 0.6533776077908013,
  "best_epoch": 119,
  "stopped_early": false,
  "patience_counter": 15,
  "success": true
}