{
  "run_id": "MPO2TypeI_GTN-L3-d16-seed123",
  "seed": 123,
  "model": "MPO2TypeI_GTN",
  "dataset": "seoulBike",
  "task": "regression",
  "params": {
    "init_strength": 0.01,
    "batch_size": 64,
    "n_epochs": 1000,
    "patience": 40,
    "min_delta": 1e-08,
    "optimizer": "adamw",
    "seeds": [
      42,
      7,
      123,
      256,
      999
    ],
    "model": "MPO2TypeI_GTN",
    "L": 3,
    "bond_dim": 16,
    "lr": 0.001
  },
  "n_parameters": 5457,
  "train_loss": 112361.91995353121,
  "train_quality": 0.7315838068562794,
  "val_loss": 601427.3609369441,
  "val_quality": 0.5273747060687451,
  "test_loss": 163978.537377591,
  "test_quality": 0.5946846023377002,
  "best_epoch": 412,
  "stopped_early": true,
  "patience_counter": 40,
  "success": true
}