{
  "run_id": "MPO2-L3-d12-seed42",
  "seed": 42,
  "model": "MPO2",
  "dataset": "seoulBike",
  "task": "regression",
  "params": {
    "output_site": 1,
    "init_strength": 0.01,
    "batch_size": 64,
    "n_epochs": 1000,
    "patience": 40,
    "min_delta": 1e-08,
    "optimizer": "adamw",
    "rank": 5,
    "seeds": [
      42,
      7,
      123,
      256,
      999
    ],
    "model": "MPO2",
    "L": 3,
    "bond_dim": 12,
    "lr": 0.01
  },
  "n_parameters": 3024,
  "train_loss": 1.41040093241361,
  "train_quality": -41.644122376352506,
  "val_loss": 20.184139357291382,
  "val_quality": 0.5779298258955299,
  "test_loss": 5.375789316134647,
  "test_quality": -200.7435300400108,
  "best_epoch": 183,
  "stopped_early": true,
  "patience_counter": 40,
  "success": true
}