{
  "run_id": "MPO2-L3-d8-seed123",
  "seed": 123,
  "model": "MPO2",
  "dataset": "seoulBike",
  "task": "regression",
  "params": {
    "init_strength": 0.01,
    "batch_size": 64,
    "n_epochs": 1000,
    "patience": 40,
    "min_delta": 1e-08,
    "optimizer": "adamw",
    "seeds": [
      42,
      7,
      123,
      256,
      999
    ],
    "model": "MPO2",
    "L": 3,
    "bond_dim": 8,
    "lr": 0.001
  },
  "n_parameters": 1360,
  "train_loss": 113032.26743849128,
  "train_quality": 0.729982444757173,
  "val_loss": 544425.7455590852,
  "val_quality": 0.5420785803766456,
  "test_loss": 163521.02046609973,
  "test_quality": 0.5958154738034658,
  "best_epoch": 24,
  "stopped_early": false,
  "patience_counter": 5,
  "success": true
}