{
  "run_id": "MPO2-L4-d12-seed256",
  "seed": 256,
  "model": "MPO2",
  "dataset": "seoulBike",
  "task": "regression",
  "params": {
    "output_site": 1,
    "init_strength": 0.01,
    "batch_size": 64,
    "n_epochs": 1000,
    "patience": 40,
    "min_delta": 1e-08,
    "optimizer": "adamw",
    "rank": 5,
    "seeds": [
      42,
      7,
      123,
      256,
      999
    ],
    "model": "MPO2",
    "L": 4,
    "bond_dim": 12,
    "lr": 0.01
  },
  "n_parameters": 5616,
  "train_loss": 320417911.5928025,
  "train_quality": -9687983266.393166,
  "val_loss": 1969397733.295538,
  "val_quality": 0.6842154198620174,
  "test_loss": 154577495.13419893,
  "test_quality": -5801010362.170042,
  "best_epoch": 306,
  "stopped_early": true,
  "patience_counter": 40,
  "success": true
}