{
  "run_id": "MPO2TypeI_GTN-L4-d16-seed42",
  "seed": 42,
  "model": "MPO2TypeI_GTN",
  "dataset": "seoulBike",
  "task": "regression",
  "params": {
    "init_strength": 0.01,
    "batch_size": 64,
    "n_epochs": 1000,
    "patience": 40,
    "min_delta": 1e-08,
    "optimizer": "adamw",
    "seeds": [
      42,
      7,
      123,
      256,
      999
    ],
    "model": "MPO2TypeI_GTN",
    "L": 4,
    "bond_dim": 16,
    "lr": 0.001
  },
  "n_parameters": 14705,
  "train_loss": 87643.93064137947,
  "train_quality": 0.7906314681642993,
  "val_loss": 2018558.5361299873,
  "val_quality": 0.6966599032420558,
  "test_loss": 160088.29187420415,
  "test_quality": 0.6043003510108229,
  "best_epoch": 684,
  "stopped_early": true,
  "patience_counter": 40,
  "success": true
}