{
  "run_id": "MPO2-L3-d12-seed7",
  "seed": 7,
  "model": "MPO2",
  "dataset": "seoulBike",
  "task": "regression",
  "params": {
    "output_site": 1,
    "init_strength": 0.01,
    "batch_size": 64,
    "n_epochs": 1000,
    "patience": 40,
    "min_delta": 1e-08,
    "optimizer": "adamw",
    "rank": 5,
    "seeds": [
      42,
      7,
      123,
      256,
      999
    ],
    "model": "MPO2",
    "L": 3,
    "bond_dim": 12,
    "lr": 0.01
  },
  "n_parameters": 3024,
  "train_loss": 0.011293898615861272,
  "train_quality": 0.6585237689422712,
  "val_loss": 0.0199341711505737,
  "val_quality": 0.5771036167431001,
  "test_loss": 0.011856699559943538,
  "test_quality": 0.5550397749652175,
  "best_epoch": 216,
  "stopped_early": true,
  "patience_counter": 40,
  "success": true
}