{
  "run_id": "MPO2TypeI_GTN-L4-d8-seed256",
  "seed": 256,
  "model": "MPO2TypeI_GTN",
  "dataset": "seoulBike",
  "task": "regression",
  "params": {
    "init_strength": 0.01,
    "batch_size": 64,
    "n_epochs": 1000,
    "patience": 40,
    "min_delta": 1e-08,
    "optimizer": "adamw",
    "seeds": [
      42,
      7,
      123,
      256,
      999
    ],
    "model": "MPO2TypeI_GTN",
    "L": 4,
    "bond_dim": 8,
    "lr": 0.001
  },
  "n_parameters": 4097,
  "train_loss": 90009.74012686832,
  "train_quality": 0.7849798953177259,
  "val_loss": 909584.2085404802,
  "val_quality": 0.5234228587496148,
  "test_loss": 148478.63992799472,
  "test_quality": 0.6329966107198808,
  "best_epoch": 22,
  "stopped_early": false,
  "patience_counter": 12,
  "success": true
}