{
  "run_id": "MPO2TypeI_GTN-L3-d12-seed999",
  "seed": 999,
  "model": "MPO2TypeI_GTN",
  "dataset": "seoulBike",
  "task": "regression",
  "params": {
    "init_strength": 0.01,
    "batch_size": 64,
    "n_epochs": 1000,
    "patience": 40,
    "min_delta": 1e-08,
    "optimizer": "adamw",
    "seeds": [
      42,
      7,
      123,
      256,
      999
    ],
    "model": "MPO2TypeI_GTN",
    "L": 3,
    "bond_dim": 12,
    "lr": 0.001
  },
  "n_parameters": 3281,
  "train_loss": 114081.4565779598,
  "train_quality": 0.7274760853533788,
  "val_loss": 496692.95696573344,
  "val_quality": 0.465625289102534,
  "test_loss": 141558.36625635045,
  "test_quality": 0.6501018582724654,
  "best_epoch": 13,
  "stopped_early": true,
  "patience_counter": 40,
  "success": true
}