{
  "run_id": "MPO2-L4-d16-seed123",
  "seed": 123,
  "model": "MPO2",
  "dataset": "seoulBike",
  "task": "regression",
  "params": {
    "init_strength": 0.01,
    "batch_size": 64,
    "n_epochs": 1000,
    "patience": 40,
    "min_delta": 1e-08,
    "optimizer": "adamw",
    "seeds": [
      42,
      7,
      123,
      256,
      999
    ],
    "model": "MPO2",
    "L": 4,
    "bond_dim": 16,
    "lr": 0.001
  },
  "n_parameters": 9248,
  "train_loss": 86685.69326254485,
  "train_quality": 0.792920557114196,
  "val_loss": 1425844.2672363122,
  "val_quality": 0.6502365625516688,
  "test_loss": 206351.22114446713,
  "test_quality": 0.48994954709420035,
  "best_epoch": 103,
  "stopped_early": true,
  "patience_counter": 40,
  "success": true
}