{
  "run_id": "MPO2-L2-d6-init1-rf0.5-seed7",
  "seed": 7,
  "model": "MPO2",
  "dataset": "seoulBike",
  "task": "regression",
  "params": {
    "output_site": 1,
    "init_strength": 1.0,
    "batch_size": 32,
    "n_epochs": 1000,
    "patience": 40,
    "min_delta": 1e-08,
    "optimizer": "adamw",
    "rank": 5,
    "seeds": [
      42,
      7,
      123,
      256,
      999
    ],
    "model": "MPO2",
    "L": 2,
    "bond_dim": 6,
    "weight_decay": 0.1,
    "lr": 0.01,
    "reduction_factor": 0.5
  },
  "train_loss": 0.017681650527830432,
  "train_quality": 0.46538714517555535,
  "val_loss": 0.022297501385156484,
  "val_quality": 0.4079333229002413,
  "test_loss": 0.015951383418554434,
  "test_quality": 0.4013737870600238,
  "best_epoch": 93,
  "stopped_early": true,
  "patience_counter": 40,
  "success": true
}