{
  "run_id": "MPO2-L3-d12-seed999",
  "seed": 999,
  "model": "MPO2",
  "dataset": "seoulBike",
  "task": "regression",
  "params": {
    "output_site": 1,
    "init_strength": 0.01,
    "batch_size": 64,
    "n_epochs": 1000,
    "patience": 40,
    "min_delta": 1e-08,
    "optimizer": "adamw",
    "rank": 5,
    "seeds": [
      42,
      7,
      123,
      256,
      999
    ],
    "model": "MPO2",
    "L": 3,
    "bond_dim": 12,
    "lr": 0.01
  },
  "n_parameters": 3024,
  "train_loss": 1.6928515246544655,
  "train_quality": -50.184146240474604,
  "val_loss": 5.547851954390861,
  "val_quality": 0.5753420648305188,
  "test_loss": 2.0037731657438855,
  "test_quality": -74.19793802992368,
  "best_epoch": 172,
  "stopped_early": true,
  "patience_counter": 40,
  "success": true
}