{
  "run_id": "MPO2-L4-d8-seed123",
  "seed": 123,
  "model": "MPO2",
  "dataset": "seoulBike",
  "task": "regression",
  "params": {
    "output_site": 1,
    "init_strength": 0.01,
    "batch_size": 64,
    "n_epochs": 1000,
    "patience": 40,
    "min_delta": 1e-08,
    "optimizer": "adamw",
    "rank": 5,
    "seeds": [
      42,
      7,
      123,
      256,
      999
    ],
    "model": "MPO2",
    "L": 4,
    "bond_dim": 8,
    "lr": 0.01
  },
  "n_parameters": 2592,
  "train_loss": 1787.5248963540337,
  "train_quality": -54045.63927756397,
  "val_loss": 7868.042202193321,
  "val_quality": 0.6345332954884597,
  "test_loss": 10198.740284282227,
  "test_quality": -382739.04911929567,
  "best_epoch": 282,
  "stopped_early": true,
  "patience_counter": 40,
  "success": true
}