{
  "run_id": "MPO2-L4-d8-seed7",
  "seed": 7,
  "model": "MPO2",
  "dataset": "seoulBike",
  "task": "regression",
  "params": {
    "init_strength": 0.01,
    "batch_size": 64,
    "n_epochs": 1000,
    "patience": 40,
    "min_delta": 1e-08,
    "optimizer": "adamw",
    "seeds": [
      42,
      7,
      123,
      256,
      999
    ],
    "model": "MPO2",
    "L": 4,
    "bond_dim": 8,
    "lr": 0.001
  },
  "n_parameters": 2448,
  "train_loss": 88261.91908515042,
  "train_quality": 0.78915518415676,
  "val_loss": 2179693.006274908,
  "val_quality": 0.6930891790952545,
  "test_loss": 209229.28072926987,
  "test_quality": 0.4828356779027465,
  "best_epoch": 307,
  "stopped_early": false,
  "patience_counter": 8,
  "success": true
}