{
  "run_id": "MPO2-L2-d10-init0.1-rf0.1-seed256",
  "seed": 256,
  "model": "MPO2",
  "dataset": "seoulBike",
  "task": "regression",
  "params": {
    "output_site": 1,
    "init_strength": 0.1,
    "batch_size": 32,
    "n_epochs": 1000,
    "patience": 40,
    "min_delta": 1e-08,
    "optimizer": "adamw",
    "rank": 5,
    "seeds": [
      42,
      7,
      123,
      256,
      999
    ],
    "model": "MPO2",
    "L": 2,
    "bond_dim": 10,
    "weight_decay": 0.1,
    "lr": 0.01,
    "reduction_factor": 0.1
  },
  "train_loss": 0.018048957964588573,
  "train_quality": 0.45428143549904954,
  "val_loss": 0.022385896830789256,
  "val_quality": 0.41216169481260423,
  "test_loss": 0.015797136982440164,
  "test_quality": 0.4071623733843406,
  "best_epoch": 89,
  "stopped_early": true,
  "patience_counter": 40,
  "success": true
}