{
  "run_id": "MPO2-L3-d12-seed42",
  "seed": 42,
  "model": "MPO2",
  "dataset": "seoulBike",
  "task": "regression",
  "params": {
    "init_strength": 0.01,
    "batch_size": 64,
    "n_epochs": 1000,
    "patience": 40,
    "min_delta": 1e-08,
    "optimizer": "adamw",
    "seeds": [
      42,
      7,
      123,
      256,
      999
    ],
    "model": "MPO2",
    "L": 3,
    "bond_dim": 12,
    "lr": 0.001
  },
  "n_parameters": 2856,
  "train_loss": 112762.11974413604,
  "train_quality": 0.7306277880882175,
  "val_loss": 554541.1014051592,
  "val_quality": 0.6172507267021045,
  "test_loss": 151348.71248518498,
  "test_quality": 0.625902483534452,
  "best_epoch": 97,
  "stopped_early": true,
  "patience_counter": 40,
  "success": true
}