{
  "run_id": "MPO2-L4-d16-seed123",
  "seed": 123,
  "model": "MPO2",
  "dataset": "seoulBike",
  "task": "regression",
  "params": {
    "output_site": 1,
    "init_strength": 0.01,
    "batch_size": 64,
    "n_epochs": 1000,
    "patience": 40,
    "min_delta": 1e-08,
    "optimizer": "adamw",
    "rank": 5,
    "seeds": [
      42,
      7,
      123,
      256,
      999
    ],
    "model": "MPO2",
    "L": 4,
    "bond_dim": 16,
    "lr": 0.01
  },
  "n_parameters": 9792,
  "train_loss": 295556386.4662643,
  "train_quality": -8936283593.205523,
  "val_loss": 884276724.7859678,
  "val_quality": 0.687300745376565,
  "test_loss": 295064951.50252837,
  "test_quality": -11073247369.119532,
  "best_epoch": 313,
  "stopped_early": true,
  "patience_counter": 40,
  "success": true
}