{
  "run_id": "MPO2-L2-d10-init0.01-rf0.1-seed123",
  "seed": 123,
  "model": "MPO2",
  "dataset": "seoulBike",
  "task": "regression",
  "params": {
    "output_site": 1,
    "init_strength": 0.01,
    "batch_size": 32,
    "n_epochs": 1000,
    "patience": 40,
    "min_delta": 1e-08,
    "optimizer": "adamw",
    "rank": 5,
    "seeds": [
      42,
      7,
      123,
      256,
      999
    ],
    "model": "MPO2",
    "L": 2,
    "bond_dim": 10,
    "weight_decay": 0.1,
    "lr": 0.01,
    "reduction_factor": 0.1
  },
  "train_loss": 0.028037512657832945,
  "train_quality": 0.15227287969593362,
  "val_loss": 0.031389426701259535,
  "val_quality": 0.4060473496322877,
  "test_loss": 0.024768863382620434,
  "test_quality": 0.07046990869025105,
  "best_epoch": 55,
  "stopped_early": true,
  "patience_counter": 40,
  "success": true
}