{
  "run_id": "MPO2-L4-d12-seed256",
  "seed": 256,
  "model": "MPO2",
  "dataset": "seoulBike",
  "task": "regression",
  "params": {
    "init_strength": 0.01,
    "batch_size": 64,
    "n_epochs": 1000,
    "patience": 40,
    "min_delta": 1e-08,
    "optimizer": "adamw",
    "seeds": [
      42,
      7,
      123,
      256,
      999
    ],
    "model": "MPO2",
    "L": 4,
    "bond_dim": 12,
    "lr": 0.001
  },
  "n_parameters": 5304,
  "train_loss": 86372.36361062893,
  "train_quality": 0.7936690558262249,
  "val_loss": 935705.1917080123,
  "val_quality": 0.7357926960076757,
  "test_loss": 180603.42372438638,
  "test_quality": 0.5535918927154302,
  "best_epoch": 719,
  "stopped_early": false,
  "patience_counter": 9,
  "success": true
}