{
  "run_id": "MPO2TypeI_GTN-L3-d16-seed42",
  "seed": 42,
  "model": "MPO2TypeI_GTN",
  "dataset": "seoulBike",
  "task": "regression",
  "params": {
    "init_strength": 0.01,
    "batch_size": 64,
    "n_epochs": 1000,
    "patience": 40,
    "min_delta": 1e-08,
    "optimizer": "adamw",
    "seeds": [
      42,
      7,
      123,
      256,
      999
    ],
    "model": "MPO2TypeI_GTN",
    "L": 3,
    "bond_dim": 16,
    "lr": 0.001
  },
  "n_parameters": 5457,
  "train_loss": 112809.98999338948,
  "train_quality": 0.7305134330640709,
  "val_loss": 491018.1925379673,
  "val_quality": 0.4996460181567465,
  "test_loss": 156211.54634705087,
  "test_quality": 0.6138827309984886,
  "best_epoch": 193,
  "stopped_early": true,
  "patience_counter": 40,
  "success": true
}