{
  "run_id": "MPO2-L4-d16-seed7",
  "seed": 7,
  "model": "MPO2",
  "dataset": "seoulBike",
  "task": "regression",
  "params": {
    "output_site": 1,
    "init_strength": 0.01,
    "batch_size": 64,
    "n_epochs": 1000,
    "patience": 40,
    "min_delta": 1e-08,
    "optimizer": "adamw",
    "rank": 5,
    "seeds": [
      42,
      7,
      123,
      256,
      999
    ],
    "model": "MPO2",
    "L": 4,
    "bond_dim": 16,
    "lr": 0.01
  },
  "n_parameters": 9792,
  "train_loss": 1816754847.6139867,
  "train_quality": -54930420327.70889,
  "val_loss": 5944014920.270515,
  "val_quality": 0.6766913010509237,
  "test_loss": 507943170.3230563,
  "test_quality": -19062177144.433575,
  "best_epoch": 310,
  "stopped_early": true,
  "patience_counter": 40,
  "success": true
}