{
  "run_id": "MPO2-L4-d12-seed999",
  "seed": 999,
  "model": "MPO2",
  "dataset": "seoulBike",
  "task": "regression",
  "params": {
    "init_strength": 0.01,
    "batch_size": 64,
    "n_epochs": 1000,
    "patience": 40,
    "min_delta": 1e-08,
    "optimizer": "adamw",
    "seeds": [
      42,
      7,
      123,
      256,
      999
    ],
    "model": "MPO2",
    "L": 4,
    "bond_dim": 12,
    "lr": 0.001
  },
  "n_parameters": 5304,
  "train_loss": 88532.87298769863,
  "train_quality": 0.7885079149122554,
  "val_loss": 641871.4702989669,
  "val_quality": 0.722404836852862,
  "test_loss": 212637.25002459966,
  "test_quality": 0.4744119997052958,
  "best_epoch": 813,
  "stopped_early": true,
  "patience_counter": 40,
  "success": true
}