{
  "run_id": "MPO2-L3-d12-seed7",
  "seed": 7,
  "model": "MPO2",
  "dataset": "seoulBike",
  "task": "regression",
  "params": {
    "init_strength": 0.01,
    "batch_size": 64,
    "n_epochs": 1000,
    "patience": 40,
    "min_delta": 1e-08,
    "optimizer": "adamw",
    "seeds": [
      42,
      7,
      123,
      256,
      999
    ],
    "model": "MPO2",
    "L": 3,
    "bond_dim": 12,
    "lr": 0.001
  },
  "n_parameters": 2856,
  "train_loss": 112704.67714875797,
  "train_quality": 0.7307650100472413,
  "val_loss": 577549.5225254694,
  "val_quality": 0.6555187939042257,
  "test_loss": 176905.32834586987,
  "test_quality": 0.5627326926207556,
  "best_epoch": 139,
  "stopped_early": true,
  "patience_counter": 40,
  "success": true
}