{
  "run_id": "MPO2-L4-d8-seed256",
  "seed": 256,
  "model": "MPO2",
  "dataset": "seoulBike",
  "task": "regression",
  "params": {
    "init_strength": 0.01,
    "batch_size": 64,
    "n_epochs": 1000,
    "patience": 40,
    "min_delta": 1e-08,
    "optimizer": "adamw",
    "seeds": [
      42,
      7,
      123,
      256,
      999
    ],
    "model": "MPO2",
    "L": 4,
    "bond_dim": 8,
    "lr": 0.001
  },
  "n_parameters": 2448,
  "train_loss": 89356.46775336677,
  "train_quality": 0.7865404674728989,
  "val_loss": 3091502.1499620816,
  "val_quality": 0.6956909579405215,
  "test_loss": 157469.45709344576,
  "test_quality": 0.6107734790039749,
  "best_epoch": 253,
  "stopped_early": true,
  "patience_counter": 40,
  "success": true
}