{
  "run_id": "MPO2-L2-d8-init0.01-rf0.5-seed7",
  "seed": 7,
  "model": "MPO2",
  "dataset": "seoulBike",
  "task": "regression",
  "params": {
    "output_site": 1,
    "init_strength": 0.01,
    "batch_size": 32,
    "n_epochs": 1000,
    "patience": 40,
    "min_delta": 1e-08,
    "optimizer": "adamw",
    "rank": 5,
    "seeds": [
      42,
      7,
      123,
      256,
      999
    ],
    "model": "MPO2",
    "L": 2,
    "bond_dim": 8,
    "weight_decay": 0.1,
    "lr": 0.01,
    "reduction_factor": 0.5
  },
  "train_loss": 0.020684888569806072,
  "train_quality": 0.3745828585049841,
  "val_loss": 0.025485731533787803,
  "val_quality": 0.415799003343176,
  "test_loss": 0.018465180110597088,
  "test_quality": 0.30703559993400087,
  "best_epoch": 102,
  "stopped_early": true,
  "patience_counter": 40,
  "success": true
}