{
  "run_id": "MPO2TypeI_GTN-L3-d16-seed7",
  "seed": 7,
  "model": "MPO2TypeI_GTN",
  "dataset": "seoulBike",
  "task": "regression",
  "params": {
    "init_strength": 0.01,
    "batch_size": 64,
    "n_epochs": 1000,
    "patience": 40,
    "min_delta": 1e-08,
    "optimizer": "adamw",
    "seeds": [
      42,
      7,
      123,
      256,
      999
    ],
    "model": "MPO2TypeI_GTN",
    "L": 3,
    "bond_dim": 16,
    "lr": 0.001
  },
  "n_parameters": 5457,
  "train_loss": 112913.42011015081,
  "train_quality": 0.7302663536424218,
  "val_loss": 304931.74321687117,
  "val_quality": 0.5159530058301274,
  "test_loss": 128593.43970600472,
  "test_quality": 0.6821480299511135,
  "best_epoch": 700,
  "stopped_early": true,
  "patience_counter": 40,
  "success": true
}