{
  "run_id": "MPO2-L3-d16-seed123",
  "seed": 123,
  "model": "MPO2",
  "dataset": "seoulBike",
  "task": "regression",
  "params": {
    "output_site": 1,
    "init_strength": 0.01,
    "batch_size": 64,
    "n_epochs": 1000,
    "patience": 40,
    "min_delta": 1e-08,
    "optimizer": "adamw",
    "rank": 5,
    "seeds": [
      42,
      7,
      123,
      256,
      999
    ],
    "model": "MPO2",
    "L": 3,
    "bond_dim": 16,
    "lr": 0.01
  },
  "n_parameters": 5184,
  "train_loss": 0.00924635552176878,
  "train_quality": 0.7204321782950024,
  "val_loss": 0.026035626369793084,
  "val_quality": 0.2972301997934419,
  "test_loss": 0.011371760055177985,
  "test_quality": 0.5732386666616656,
  "best_epoch": 191,
  "stopped_early": true,
  "patience_counter": 40,
  "success": true
}