{
  "run_id": "MPO2TypeI_GTN-L3-d12-seed123",
  "seed": 123,
  "model": "MPO2TypeI_GTN",
  "dataset": "seoulBike",
  "task": "regression",
  "params": {
    "init_strength": 0.01,
    "batch_size": 64,
    "n_epochs": 1000,
    "patience": 40,
    "min_delta": 1e-08,
    "optimizer": "adamw",
    "seeds": [
      42,
      7,
      123,
      256,
      999
    ],
    "model": "MPO2TypeI_GTN",
    "L": 3,
    "bond_dim": 12,
    "lr": 0.001
  },
  "n_parameters": 3281,
  "train_loss": 113017.99031509069,
  "train_quality": 0.7300165507168594,
  "val_loss": 688144.5008132088,
  "val_quality": 0.4234570725234581,
  "test_loss": 172838.0153706907,
  "test_quality": 0.5727861093807536,
  "best_epoch": 13,
  "stopped_early": false,
  "patience_counter": 6,
  "success": true
}