{
  "run_id": "MPO2TypeI_GTN-L4-d8-seed42",
  "seed": 42,
  "model": "MPO2TypeI_GTN",
  "dataset": "seoulBike",
  "task": "regression",
  "params": {
    "init_strength": 0.01,
    "batch_size": 64,
    "n_epochs": 1000,
    "patience": 40,
    "min_delta": 1e-08,
    "optimizer": "adamw",
    "seeds": [
      42,
      7,
      123,
      256,
      999
    ],
    "model": "MPO2TypeI_GTN",
    "L": 4,
    "bond_dim": 8,
    "lr": 0.001
  },
  "n_parameters": 4097,
  "train_loss": 90204.98649581875,
  "train_quality": 0.7845134802982917,
  "val_loss": 3370244.460028799,
  "val_quality": 0.7318634717058087,
  "test_loss": 284422.84200245206,
  "test_quality": 0.2969753288809406,
  "best_epoch": 963,
  "stopped_early": true,
  "patience_counter": 40,
  "success": true
}