{
  "run_id": "MPO2-L3-d8-seed256",
  "seed": 256,
  "model": "MPO2",
  "dataset": "seoulBike",
  "task": "regression",
  "params": {
    "init_strength": 0.01,
    "batch_size": 64,
    "n_epochs": 1000,
    "patience": 40,
    "min_delta": 1e-08,
    "optimizer": "adamw",
    "seeds": [
      42,
      7,
      123,
      256,
      999
    ],
    "model": "MPO2",
    "L": 3,
    "bond_dim": 8,
    "lr": 0.001
  },
  "n_parameters": 1360,
  "train_loss": 113287.4873235674,
  "train_quality": 0.7293727617792115,
  "val_loss": 543481.2945477352,
  "val_quality": 0.6039431761609055,
  "test_loss": 159373.8058629153,
  "test_quality": 0.6060663881180017,
  "best_epoch": 53,
  "stopped_early": false,
  "patience_counter": 26,
  "success": true
}