{
  "run_id": "MPO2-L3-d12-seed999",
  "seed": 999,
  "model": "MPO2",
  "dataset": "seoulBike",
  "task": "regression",
  "params": {
    "init_strength": 0.01,
    "batch_size": 64,
    "n_epochs": 1000,
    "patience": 40,
    "min_delta": 1e-08,
    "optimizer": "adamw",
    "seeds": [
      42,
      7,
      123,
      256,
      999
    ],
    "model": "MPO2",
    "L": 3,
    "bond_dim": 12,
    "lr": 0.001
  },
  "n_parameters": 2856,
  "train_loss": 111798.04206658392,
  "train_quality": 0.7329308286575704,
  "val_loss": 627514.8518540425,
  "val_quality": 0.6262424067393063,
  "test_loss": 163835.07900399258,
  "test_quality": 0.5950391968393521,
  "best_epoch": 54,
  "stopped_early": true,
  "patience_counter": 40,
  "success": true
}