{
  "run_id": "MPO2-L3-d16-seed999",
  "seed": 999,
  "model": "MPO2",
  "dataset": "seoulBike",
  "task": "regression",
  "params": {
    "output_site": 1,
    "init_strength": 0.01,
    "batch_size": 64,
    "n_epochs": 1000,
    "patience": 40,
    "min_delta": 1e-08,
    "optimizer": "adamw",
    "rank": 5,
    "seeds": [
      42,
      7,
      123,
      256,
      999
    ],
    "model": "MPO2",
    "L": 3,
    "bond_dim": 16,
    "lr": 0.01
  },
  "n_parameters": 5184,
  "train_loss": 0.010912172555261605,
  "train_quality": 0.6700654323575086,
  "val_loss": 0.025134024146408168,
  "val_quality": 0.5975183367415606,
  "test_loss": 0.012030881421493025,
  "test_quality": 0.5485030486258005,
  "best_epoch": 179,
  "stopped_early": true,
  "patience_counter": 40,
  "success": true
}