{
  "run_id": "MPO2-L4-d12-seed42",
  "seed": 42,
  "model": "MPO2",
  "dataset": "seoulBike",
  "task": "regression",
  "params": {
    "init_strength": 0.01,
    "batch_size": 64,
    "n_epochs": 1000,
    "patience": 40,
    "min_delta": 1e-08,
    "optimizer": "adamw",
    "seeds": [
      42,
      7,
      123,
      256,
      999
    ],
    "model": "MPO2",
    "L": 4,
    "bond_dim": 12,
    "lr": 0.001
  },
  "n_parameters": 5304,
  "train_loss": 86097.46743172157,
  "train_quality": 0.7943257425923695,
  "val_loss": 1830916.298946556,
  "val_quality": 0.6880313174129382,
  "test_loss": 194086.46953595398,
  "test_quality": 0.5202650551779626,
  "best_epoch": 217,
  "stopped_early": true,
  "patience_counter": 40,
  "success": true
}