{
  "run_id": "MPO2-L3-d16-seed42",
  "seed": 42,
  "model": "MPO2",
  "dataset": "seoulBike",
  "task": "regression",
  "params": {
    "init_strength": 0.01,
    "batch_size": 64,
    "n_epochs": 1000,
    "patience": 40,
    "min_delta": 1e-08,
    "optimizer": "adamw",
    "seeds": [
      42,
      7,
      123,
      256,
      999
    ],
    "model": "MPO2",
    "L": 3,
    "bond_dim": 16,
    "lr": 0.001
  },
  "n_parameters": 4896,
  "train_loss": 111308.44048376371,
  "train_quality": 0.7341004152316705,
  "val_loss": 601673.4051146206,
  "val_quality": 0.5888785144026973,
  "test_loss": 162103.858946931,
  "test_quality": 0.5993183553017374,
  "best_epoch": 80,
  "stopped_early": true,
  "patience_counter": 40,
  "success": true
}