{
  "run_id": "MPO2TypeI_GTN-L3-d12-seed42",
  "seed": 42,
  "model": "MPO2TypeI_GTN",
  "dataset": "seoulBike",
  "task": "regression",
  "params": {
    "init_strength": 0.01,
    "batch_size": 64,
    "n_epochs": 1000,
    "patience": 40,
    "min_delta": 1e-08,
    "optimizer": "adamw",
    "seeds": [
      42,
      7,
      123,
      256,
      999
    ],
    "model": "MPO2TypeI_GTN",
    "L": 3,
    "bond_dim": 12,
    "lr": 0.001
  },
  "n_parameters": 3281,
  "train_loss": 112928.70901310732,
  "train_quality": 0.7302298306893553,
  "val_loss": 631313.3207694942,
  "val_quality": 0.47322518165919947,
  "test_loss": 171809.434315327,
  "test_quality": 0.5753285136865234,
  "best_epoch": 12,
  "stopped_early": false,
  "patience_counter": 15,
  "success": true
}