{
  "run_id": "MPO2TypeI_GTN-L3-d16-seed999",
  "seed": 999,
  "model": "MPO2TypeI_GTN",
  "dataset": "seoulBike",
  "task": "regression",
  "params": {
    "init_strength": 0.01,
    "batch_size": 64,
    "n_epochs": 1000,
    "patience": 40,
    "min_delta": 1e-08,
    "optimizer": "adamw",
    "seeds": [
      42,
      7,
      123,
      256,
      999
    ],
    "model": "MPO2TypeI_GTN",
    "L": 3,
    "bond_dim": 16,
    "lr": 0.001
  },
  "n_parameters": 5457,
  "train_loss": 112493.02538732317,
  "train_quality": 0.7312706151499306,
  "val_loss": 544373.2744551155,
  "val_quality": 0.4396970189747974,
  "test_loss": 158288.9181575233,
  "test_quality": 0.6087479688831561,
  "best_epoch": 445,
  "stopped_early": false,
  "patience_counter": 3,
  "success": true
}