{
  "run_id": "MPO2-L2-d8-init0.01-rf0.1-seed123",
  "seed": 123,
  "model": "MPO2",
  "dataset": "seoulBike",
  "task": "regression",
  "params": {
    "output_site": 1,
    "init_strength": 0.01,
    "batch_size": 32,
    "n_epochs": 1000,
    "patience": 40,
    "min_delta": 1e-08,
    "optimizer": "adamw",
    "rank": 5,
    "seeds": [
      42,
      7,
      123,
      256,
      999
    ],
    "model": "MPO2",
    "L": 2,
    "bond_dim": 8,
    "weight_decay": 0.1,
    "lr": 0.01,
    "reduction_factor": 0.1
  },
  "train_loss": 0.01725295094228575,
  "train_quality": 0.4783490747719672,
  "val_loss": 0.021999205801954413,
  "val_quality": 0.41013587610851665,
  "test_loss": 0.015365281901476097,
  "test_quality": 0.4233691038523516,
  "best_epoch": 56,
  "stopped_early": true,
  "patience_counter": 40,
  "success": true
}