{
  "run_id": "MPO2-L4-d12-seed7",
  "seed": 7,
  "model": "MPO2",
  "dataset": "seoulBike",
  "task": "regression",
  "params": {
    "init_strength": 0.01,
    "batch_size": 64,
    "n_epochs": 1000,
    "patience": 40,
    "min_delta": 1e-08,
    "optimizer": "adamw",
    "seeds": [
      42,
      7,
      123,
      256,
      999
    ],
    "model": "MPO2",
    "L": 4,
    "bond_dim": 12,
    "lr": 0.001
  },
  "n_parameters": 5304,
  "train_loss": 86630.690288861,
  "train_quality": 0.7930519511738019,
  "val_loss": 886774.4313654273,
  "val_quality": 0.7236429762435509,
  "test_loss": 164487.28045948662,
  "test_quality": 0.5934271121329203,
  "best_epoch": 406,
  "stopped_early": true,
  "patience_counter": 40,
  "success": true
}