{
  "run_id": "MPO2TypeI_GTN-L4-d12-seed7",
  "seed": 7,
  "model": "MPO2TypeI_GTN",
  "dataset": "seoulBike",
  "task": "regression",
  "params": {
    "init_strength": 0.01,
    "batch_size": 64,
    "n_epochs": 1000,
    "patience": 40,
    "min_delta": 1e-08,
    "optimizer": "adamw",
    "seeds": [
      42,
      7,
      123,
      256,
      999
    ],
    "model": "MPO2TypeI_GTN",
    "L": 4,
    "bond_dim": 12,
    "lr": 0.001
  },
  "n_parameters": 8585,
  "train_loss": 87717.49711654996,
  "train_quality": 0.7904557286146687,
  "val_loss": 1080461.7257824286,
  "val_quality": 0.7305955640526732,
  "test_loss": 159443.0876358452,
  "test_quality": 0.6058951402840173,
  "best_epoch": 863,
  "stopped_early": true,
  "patience_counter": 40,
  "success": true
}