{
  "run_id": "MPO2-L4-d8-seed999",
  "seed": 999,
  "model": "MPO2",
  "dataset": "seoulBike",
  "task": "regression",
  "params": {
    "init_strength": 0.01,
    "batch_size": 64,
    "n_epochs": 1000,
    "patience": 40,
    "min_delta": 1e-08,
    "optimizer": "adamw",
    "seeds": [
      42,
      7,
      123,
      256,
      999
    ],
    "model": "MPO2",
    "L": 4,
    "bond_dim": 8,
    "lr": 0.001
  },
  "n_parameters": 2448,
  "train_loss": 88414.04607455026,
  "train_quality": 0.7887917750285962,
  "val_loss": 2025054.592411828,
  "val_quality": 0.6635299774937136,
  "test_loss": 149178.54105383682,
  "test_quality": 0.631266623932087,
  "best_epoch": 226,
  "stopped_early": false,
  "patience_counter": 5,
  "success": true
}