{
  "run_id": "MPO2TypeI_GTN-L4-d8-seed123",
  "seed": 123,
  "model": "MPO2TypeI_GTN",
  "dataset": "seoulBike",
  "task": "regression",
  "params": {
    "init_strength": 0.01,
    "batch_size": 64,
    "n_epochs": 1000,
    "patience": 40,
    "min_delta": 1e-08,
    "optimizer": "adamw",
    "seeds": [
      42,
      7,
      123,
      256,
      999
    ],
    "model": "MPO2TypeI_GTN",
    "L": 4,
    "bond_dim": 8,
    "lr": 0.001
  },
  "n_parameters": 4097,
  "train_loss": 89785.95604954688,
  "train_quality": 0.7855144827486426,
  "val_loss": 1295785.4702311666,
  "val_quality": 0.6779027376906193,
  "test_loss": 207192.74537592052,
  "test_quality": 0.4878695021446069,
  "best_epoch": 970,
  "stopped_early": false,
  "patience_counter": 13,
  "success": true
}