{
  "run_id": "MPO2-L3-d8-seed999",
  "seed": 999,
  "model": "MPO2",
  "dataset": "seoulBike",
  "task": "regression",
  "params": {
    "init_strength": 0.01,
    "batch_size": 64,
    "n_epochs": 1000,
    "patience": 40,
    "min_delta": 1e-08,
    "optimizer": "adamw",
    "seeds": [
      42,
      7,
      123,
      256,
      999
    ],
    "model": "MPO2",
    "L": 3,
    "bond_dim": 8,
    "lr": 0.001
  },
  "n_parameters": 1360,
  "train_loss": 113666.81252129983,
  "train_quality": 0.7284666093604835,
  "val_loss": 403102.89299477125,
  "val_quality": 0.5735493088590872,
  "test_loss": 136327.03597141456,
  "test_quality": 0.6630324450959052,
  "best_epoch": 43,
  "stopped_early": true,
  "patience_counter": 40,
  "success": true
}