{
  "run_id": "MPO2TypeI_GTN-L4-d16-seed256",
  "seed": 256,
  "model": "MPO2TypeI_GTN",
  "dataset": "seoulBike",
  "task": "regression",
  "params": {
    "init_strength": 0.01,
    "batch_size": 64,
    "n_epochs": 1000,
    "patience": 40,
    "min_delta": 1e-08,
    "optimizer": "adamw",
    "seeds": [
      42,
      7,
      123,
      256,
      999
    ],
    "model": "MPO2TypeI_GTN",
    "L": 4,
    "bond_dim": 16,
    "lr": 0.001
  },
  "n_parameters": 14705,
  "train_loss": 86021.717634417,
  "train_quality": 0.7945066977792541,
  "val_loss": 935445.2681401354,
  "val_quality": 0.7440439369590217,
  "test_loss": 139533.99810087983,
  "test_quality": 0.6551056081355349,
  "best_epoch": 368,
  "stopped_early": true,
  "patience_counter": 40,
  "success": true
}