{
  "run_id": "MPO2-L4-d8-seed123",
  "seed": 123,
  "model": "MPO2",
  "dataset": "seoulBike",
  "task": "regression",
  "params": {
    "init_strength": 0.01,
    "batch_size": 64,
    "n_epochs": 1000,
    "patience": 40,
    "min_delta": 1e-08,
    "optimizer": "adamw",
    "seeds": [
      42,
      7,
      123,
      256,
      999
    ],
    "model": "MPO2",
    "L": 4,
    "bond_dim": 8,
    "lr": 0.001
  },
  "n_parameters": 2448,
  "train_loss": 88445.42256488834,
  "train_quality": 0.7887168211821842,
  "val_loss": 1653359.1719651846,
  "val_quality": 0.717413296327815,
  "test_loss": 176374.85483107602,
  "test_quality": 0.5640438952149275,
  "best_epoch": 322,
  "stopped_early": false,
  "patience_counter": 14,
  "success": true
}