{
  "run_id": "MPO2-L4-d16-seed256",
  "seed": 256,
  "model": "MPO2",
  "dataset": "seoulBike",
  "task": "regression",
  "params": {
    "init_strength": 0.01,
    "batch_size": 64,
    "n_epochs": 1000,
    "patience": 40,
    "min_delta": 1e-08,
    "optimizer": "adamw",
    "seeds": [
      42,
      7,
      123,
      256,
      999
    ],
    "model": "MPO2",
    "L": 4,
    "bond_dim": 16,
    "lr": 0.001
  },
  "n_parameters": 9248,
  "train_loss": 86356.3223205815,
  "train_quality": 0.7937073761220104,
  "val_loss": 1989874.33973273,
  "val_quality": 0.7183678335542297,
  "test_loss": 172286.56255515746,
  "test_quality": 0.5741491677467708,
  "best_epoch": 406,
  "stopped_early": true,
  "patience_counter": 40,
  "success": true
}