{
  "run_id": "MPO2-L3-d8-seed999",
  "seed": 999,
  "model": "MPO2",
  "dataset": "seoulBike",
  "task": "regression",
  "params": {
    "output_site": 1,
    "init_strength": 0.01,
    "batch_size": 64,
    "n_epochs": 1000,
    "patience": 40,
    "min_delta": 1e-08,
    "optimizer": "adamw",
    "rank": 5,
    "seeds": [
      42,
      7,
      123,
      256,
      999
    ],
    "model": "MPO2",
    "L": 3,
    "bond_dim": 8,
    "lr": 0.01
  },
  "n_parameters": 1440,
  "train_loss": 3.7834132007505596,
  "train_quality": -113.39324225134602,
  "val_loss": 8.495044044023963,
  "val_quality": 0.569562028035504,
  "test_loss": 11.01788659903556,
  "test_quality": -412.4811104666232,
  "best_epoch": 228,
  "stopped_early": true,
  "patience_counter": 40,
  "success": true
}