{
  "run_id": "LMPO2TypeI-L3-d8-jit5-rf0.1-seed999",
  "seed": 999,
  "model": "LMPO2TypeI",
  "grid_params": {
    "model": "LMPO2TypeI",
    "L": 3,
    "bond_dim": 8,
    "jitter_start": 5.0,
    "reduction_factor": 0.1
  },
  "n_parameters": 2784,
  "train_loss": 0.20128660811600163,
  "train_quality": 1.0,
  "val_loss": 0.2304381038799218,
  "val_quality": 0.9629629629629629,
  "test_loss": 0.18650524668307947,
  "test_quality": 0.9629629629629629,
  "success": true,
  "singular": false
}