{
  "run_id": "LMPO2-L3-d16-jit5-rf0.3-seed7",
  "seed": 7,
  "model": "LMPO2",
  "grid_params": {
    "model": "LMPO2",
    "L": 3,
    "bond_dim": 16,
    "jitter_start": 5.0,
    "reduction_factor": 0.3
  },
  "n_parameters": 1272,
  "train_loss": 0.045629038771851926,
  "train_quality": 1.0,
  "val_loss": 0.12315159869404282,
  "val_quality": 0.9629629629629629,
  "test_loss": 0.029098535482019308,
  "test_quality": 1.0,
  "success": true,
  "singular": false
}