{
  "run_id": "LMPO2-L3-d16-jit5-rf0.5-seed42",
  "seed": 42,
  "model": "LMPO2",
  "grid_params": {
    "model": "LMPO2",
    "L": 3,
    "bond_dim": 16,
    "jitter_start": 5.0,
    "reduction_factor": 0.5
  },
  "n_parameters": 2544,
  "train_loss": 0.23312730354056532,
  "train_quality": 0.9919354838709677,
  "val_loss": 0.28623636190682744,
  "val_quality": 1.0,
  "test_loss": 0.23827018623035134,
  "test_quality": 1.0,
  "success": true,
  "singular": false
}