{
  "run_id": "LMPO2-L4-d12-rf0.1-seed123",
  "seed": 123,
  "model": "LMPO2",
  "dataset": "winequalityc",
  "task": "classification",
  "params": {
    "init_strength": 0.01,
    "bond_dim_mpo": 2,
    "batch_size": 64,
    "n_epochs": 1000,
    "patience": 40,
    "min_delta": 1e-08,
    "optimizer": "adamw",
    "seeds": [
      42,
      7,
      123,
      256,
      999
    ],
    "model": "LMPO2",
    "L": 4,
    "bond_dim": 12,
    "lr": 0.001,
    "reduction_factor": 0.1
  },
  "n_parameters": 1032,
  "train_loss": 1.1260529729206372,
  "train_quality": 0.5227622608313174,
  "val_loss": 2.0017721907557973,
  "val_quality": 0.4748717948717949,
  "test_loss": 3.59003931001294,
  "test_quality": 0.4676923076923077,
  "best_epoch": 901,
  "stopped_early": true,
  "patience_counter": 40,
  "success": true
}