{
  "run_id": "LMPO2-L3-d16-rf0.1-seed123",
  "seed": 123,
  "model": "LMPO2",
  "dataset": "winequalityc",
  "task": "classification",
  "params": {
    "output_site": 1,
    "init_strength": 0.01,
    "reduction_factor": 0.1,
    "rank": 5,
    "batch_size": 64,
    "n_epochs": 1000,
    "patience": 40,
    "min_delta": 1e-08,
    "optimizer": "adamw",
    "seeds": [
      42,
      7,
      123,
      256,
      999
    ],
    "model": "LMPO2",
    "L": 3,
    "bond_dim": 16,
    "lr": 0.01
  },
  "n_parameters": 24960,
  "train_loss": 3.9734333605538383,
  "train_quality": 0.41060039586540575,
  "val_loss": 8.939467466860789,
  "val_quality": 0.5148717948717949,
  "test_loss": 4.728063099429429,
  "test_quality": 0.40307692307692305,
  "best_epoch": 13,
  "stopped_early": true,
  "patience_counter": 40,
  "success": true
}