{
  "run_id": "LMPO2-L3-d16-rf0.3-seed256",
  "seed": 256,
  "model": "LMPO2",
  "dataset": "winequalityc",
  "task": "classification",
  "params": {
    "init_strength": 0.01,
    "bond_dim_mpo": 2,
    "batch_size": 64,
    "n_epochs": 1000,
    "patience": 40,
    "min_delta": 1e-08,
    "optimizer": "adamw",
    "seeds": [
      42,
      7,
      123,
      256,
      999
    ],
    "model": "LMPO2",
    "L": 3,
    "bond_dim": 16,
    "lr": 0.001,
    "reduction_factor": 0.3
  },
  "n_parameters": 1416,
  "train_loss": 1.200537470145261,
  "train_quality": 0.5412359797668793,
  "val_loss": 2.1568438738290814,
  "val_quality": 0.49948717948717947,
  "test_loss": 1.6172152258578198,
  "test_quality": 0.4666666666666667,
  "best_epoch": 372,
  "stopped_early": true,
  "patience_counter": 40,
  "success": true
}