{
  "run_id": "LMPO2-L4-d12-rf0.1-seed256",
  "seed": 256,
  "model": "LMPO2",
  "dataset": "winequalityc",
  "task": "classification",
  "params": {
    "init_strength": 0.01,
    "bond_dim_mpo": 2,
    "batch_size": 64,
    "n_epochs": 1000,
    "patience": 40,
    "min_delta": 1e-08,
    "optimizer": "adamw",
    "seeds": [
      42,
      7,
      123,
      256,
      999
    ],
    "model": "LMPO2",
    "L": 4,
    "bond_dim": 12,
    "lr": 0.001,
    "reduction_factor": 0.1
  },
  "n_parameters": 1032,
  "train_loss": 1.1482584698642107,
  "train_quality": 0.5260611392126677,
  "val_loss": 2.1703124125582764,
  "val_quality": 0.5035897435897436,
  "test_loss": 2.5203837534992513,
  "test_quality": 0.5107692307692308,
  "best_epoch": 646,
  "stopped_early": true,
  "patience_counter": 40,
  "success": true
}