{
  "run_id": "LMPO2-L4-d12-rf0.5-seed999",
  "seed": 999,
  "model": "LMPO2",
  "dataset": "winequalityc",
  "task": "classification",
  "params": {
    "init_strength": 0.01,
    "bond_dim_mpo": 2,
    "batch_size": 64,
    "n_epochs": 1000,
    "patience": 40,
    "min_delta": 1e-08,
    "optimizer": "adamw",
    "seeds": [
      42,
      7,
      123,
      256,
      999
    ],
    "model": "LMPO2",
    "L": 4,
    "bond_dim": 12,
    "lr": 0.001,
    "reduction_factor": 0.5
  },
  "n_parameters": 2580,
  "train_loss": 0.7345395088857912,
  "train_quality": 0.6780294699802067,
  "val_loss": 6.505882592728736,
  "val_quality": 0.5251282051282051,
  "test_loss": 2.952159572163969,
  "test_quality": 0.5056410256410256,
  "best_epoch": 592,
  "stopped_early": true,
  "patience_counter": 40,
  "success": true
}