{
  "run_id": "LMPO2-L3-d12-rf0.1-seed999",
  "seed": 999,
  "model": "LMPO2",
  "dataset": "winequalityc",
  "task": "classification",
  "params": {
    "init_strength": 0.01,
    "bond_dim_mpo": 2,
    "batch_size": 64,
    "n_epochs": 1000,
    "patience": 40,
    "min_delta": 1e-08,
    "optimizer": "adamw",
    "seeds": [
      42,
      7,
      123,
      256,
      999
    ],
    "model": "LMPO2",
    "L": 3,
    "bond_dim": 12,
    "lr": 0.001,
    "reduction_factor": 0.1
  },
  "n_parameters": 656,
  "train_loss": 1.2880610348600197,
  "train_quality": 0.5177039806465802,
  "val_loss": 1.6125166299794342,
  "val_quality": 0.49128205128205127,
  "test_loss": 1.5278838051221373,
  "test_quality": 0.48615384615384616,
  "best_epoch": 702,
  "stopped_early": true,
  "patience_counter": 40,
  "success": true
}