{
  "run_id": "LMPO2-L3-d16-rf0.1-seed999",
  "seed": 999,
  "model": "LMPO2",
  "dataset": "winequalityc",
  "task": "classification",
  "params": {
    "init_strength": 0.01,
    "bond_dim_mpo": 2,
    "batch_size": 64,
    "n_epochs": 1000,
    "patience": 40,
    "min_delta": 1e-08,
    "optimizer": "adamw",
    "seeds": [
      42,
      7,
      123,
      256,
      999
    ],
    "model": "LMPO2",
    "L": 3,
    "bond_dim": 16,
    "lr": 0.001,
    "reduction_factor": 0.1
  },
  "n_parameters": 944,
  "train_loss": 1.3202147604445067,
  "train_quality": 0.4994501869364416,
  "val_loss": 1.710914773848132,
  "val_quality": 0.48102564102564105,
  "test_loss": 1.5337258100129156,
  "test_quality": 0.4625641025641026,
  "best_epoch": 305,
  "stopped_early": true,
  "patience_counter": 40,
  "success": true
}