{
  "run_id": "LMPO2-L4-d16-rf0.3-seed123",
  "seed": 123,
  "model": "LMPO2",
  "dataset": "winequalityc",
  "task": "classification",
  "params": {
    "init_strength": 0.01,
    "bond_dim_mpo": 2,
    "batch_size": 64,
    "n_epochs": 1000,
    "patience": 40,
    "min_delta": 1e-08,
    "optimizer": "adamw",
    "seeds": [
      42,
      7,
      123,
      256,
      999
    ],
    "model": "LMPO2",
    "L": 4,
    "bond_dim": 16,
    "lr": 0.001,
    "reduction_factor": 0.3
  },
  "n_parameters": 2316,
  "train_loss": 0.9595678227525721,
  "train_quality": 0.589839454585441,
  "val_loss": 3.3773816776379313,
  "val_quality": 0.5005128205128205,
  "test_loss": 2.5161495272649206,
  "test_quality": 0.5148717948717949,
  "best_epoch": 497,
  "stopped_early": true,
  "patience_counter": 40,
  "success": true
}