{
  "run_id": "LMPO2-L3-d16-rf0.3-seed42",
  "seed": 42,
  "model": "LMPO2",
  "dataset": "winequalityc",
  "task": "classification",
  "params": {
    "init_strength": 0.01,
    "bond_dim_mpo": 2,
    "batch_size": 64,
    "n_epochs": 1000,
    "patience": 40,
    "min_delta": 1e-08,
    "optimizer": "adamw",
    "seeds": [
      42,
      7,
      123,
      256,
      999
    ],
    "model": "LMPO2",
    "L": 3,
    "bond_dim": 16,
    "lr": 0.001,
    "reduction_factor": 0.3
  },
  "n_parameters": 1416,
  "train_loss": 1.2197555080224438,
  "train_quality": 0.5352979986804487,
  "val_loss": 1.7527671343260431,
  "val_quality": 0.5097435897435898,
  "test_loss": 1.6955774039080986,
  "test_quality": 0.4882051282051282,
  "best_epoch": 385,
  "stopped_early": true,
  "patience_counter": 40,
  "success": true
}