{
  "run_id": "LMPO2-L4-d16-rf0.3-seed256",
  "seed": 256,
  "model": "LMPO2",
  "dataset": "winequalityc",
  "task": "classification",
  "params": {
    "init_strength": 0.01,
    "bond_dim_mpo": 2,
    "batch_size": 64,
    "n_epochs": 1000,
    "patience": 40,
    "min_delta": 1e-08,
    "optimizer": "adamw",
    "seeds": [
      42,
      7,
      123,
      256,
      999
    ],
    "model": "LMPO2",
    "L": 4,
    "bond_dim": 16,
    "lr": 0.001,
    "reduction_factor": 0.3
  },
  "n_parameters": 2316,
  "train_loss": 0.9404528734059253,
  "train_quality": 0.5913789311634045,
  "val_loss": 3.2083275137450262,
  "val_quality": 0.522051282051282,
  "test_loss": 2.943608063083926,
  "test_quality": 0.5066666666666667,
  "best_epoch": 701,
  "stopped_early": false,
  "patience_counter": 39,
  "success": true
}