{
  "run_id": "LMPO2-L3-d8-rf0.1-seed999",
  "seed": 999,
  "model": "LMPO2",
  "dataset": "winequalityc",
  "task": "classification",
  "params": {
    "init_strength": 0.01,
    "bond_dim_mpo": 2,
    "batch_size": 64,
    "n_epochs": 1000,
    "patience": 40,
    "min_delta": 1e-08,
    "optimizer": "adamw",
    "seeds": [
      42,
      7,
      123,
      256,
      999
    ],
    "model": "LMPO2",
    "L": 3,
    "bond_dim": 8,
    "lr": 0.001,
    "reduction_factor": 0.1
  },
  "n_parameters": 432,
  "train_loss": 1.2933051786349559,
  "train_quality": 0.5058280184737189,
  "val_loss": 1.7631120722575355,
  "val_quality": 0.5015384615384615,
  "test_loss": 1.5837680837242913,
  "test_quality": 0.4707692307692308,
  "best_epoch": 589,
  "stopped_early": true,
  "patience_counter": 40,
  "success": true
}