{
  "run_id": "LMPO2-L4-d16-rf0.1-seed42",
  "seed": 42,
  "model": "LMPO2",
  "dataset": "winequalityc",
  "task": "classification",
  "params": {
    "init_strength": 0.01,
    "bond_dim_mpo": 2,
    "batch_size": 64,
    "n_epochs": 1000,
    "patience": 40,
    "min_delta": 1e-08,
    "optimizer": "adamw",
    "seeds": [
      42,
      7,
      123,
      256,
      999
    ],
    "model": "LMPO2",
    "L": 4,
    "bond_dim": 16,
    "lr": 0.001,
    "reduction_factor": 0.1
  },
  "n_parameters": 1544,
  "train_loss": 1.147147436674192,
  "train_quality": 0.49813063558390147,
  "val_loss": 2.773834654642382,
  "val_quality": 0.49743589743589745,
  "test_loss": 2.8704622617156583,
  "test_quality": 0.4635897435897436,
  "best_epoch": 382,
  "stopped_early": true,
  "patience_counter": 40,
  "success": true
}