{
  "run_id": "LMPO2-L3-d8-rf0.5-seed256",
  "seed": 256,
  "model": "LMPO2",
  "dataset": "winequalityc",
  "task": "classification",
  "params": {
    "init_strength": 0.01,
    "bond_dim_mpo": 2,
    "batch_size": 64,
    "n_epochs": 1000,
    "patience": 40,
    "min_delta": 1e-08,
    "optimizer": "adamw",
    "seeds": [
      42,
      7,
      123,
      256,
      999
    ],
    "model": "LMPO2",
    "L": 3,
    "bond_dim": 8,
    "lr": 0.001,
    "reduction_factor": 0.5
  },
  "n_parameters": 1080,
  "train_loss": 1.1103874556365796,
  "train_quality": 0.5542115680668572,
  "val_loss": 2.382009366216968,
  "val_quality": 0.5107692307692308,
  "test_loss": 1.865945019882972,
  "test_quality": 0.46564102564102566,
  "best_epoch": 115,
  "stopped_early": true,
  "patience_counter": 40,
  "success": true
}