{
  "run_id": "LMPO2-L3-d16-rf0.1-seed42",
  "seed": 42,
  "model": "LMPO2",
  "dataset": "winequalityc",
  "task": "classification",
  "params": {
    "init_strength": 0.01,
    "bond_dim_mpo": 2,
    "batch_size": 64,
    "n_epochs": 1000,
    "patience": 40,
    "min_delta": 1e-08,
    "optimizer": "adamw",
    "seeds": [
      42,
      7,
      123,
      256,
      999
    ],
    "model": "LMPO2",
    "L": 3,
    "bond_dim": 16,
    "lr": 0.001,
    "reduction_factor": 0.1
  },
  "n_parameters": 944,
  "train_loss": 1.2747149650666072,
  "train_quality": 0.5106663734330328,
  "val_loss": 1.6758325357378219,
  "val_quality": 0.48615384615384616,
  "test_loss": 1.6256003482167978,
  "test_quality": 0.4666666666666667,
  "best_epoch": 489,
  "stopped_early": false,
  "patience_counter": 24,
  "success": true
}