{
  "run_id": "LMPO2-L4-d8-rf0.5-seed123",
  "seed": 123,
  "model": "LMPO2",
  "dataset": "winequalityc",
  "task": "classification",
  "params": {
    "init_strength": 0.01,
    "bond_dim_mpo": 2,
    "batch_size": 64,
    "n_epochs": 1000,
    "patience": 40,
    "min_delta": 1e-08,
    "optimizer": "adamw",
    "seeds": [
      42,
      7,
      123,
      256,
      999
    ],
    "model": "LMPO2",
    "L": 4,
    "bond_dim": 8,
    "lr": 0.001,
    "reduction_factor": 0.5
  },
  "n_parameters": 1620,
  "train_loss": 0.8536206889974528,
  "train_quality": 0.6329447987684187,
  "val_loss": 6.930883176615502,
  "val_quality": 0.517948717948718,
  "test_loss": 2.6818681924374888,
  "test_quality": 0.49948717948717947,
  "best_epoch": 659,
  "stopped_early": true,
  "patience_counter": 40,
  "success": true
}