{
  "run_id": "LMPO2-L4-d16-rf0.3-seed999",
  "seed": 999,
  "model": "LMPO2",
  "dataset": "winequalityc",
  "task": "classification",
  "params": {
    "init_strength": 0.01,
    "bond_dim_mpo": 2,
    "batch_size": 64,
    "n_epochs": 1000,
    "patience": 40,
    "min_delta": 1e-08,
    "optimizer": "adamw",
    "seeds": [
      42,
      7,
      123,
      256,
      999
    ],
    "model": "LMPO2",
    "L": 4,
    "bond_dim": 16,
    "lr": 0.001,
    "reduction_factor": 0.3
  },
  "n_parameters": 2316,
  "train_loss": 0.9769941221942073,
  "train_quality": 0.593578183417638,
  "val_loss": 3.794934597435533,
  "val_quality": 0.5128205128205128,
  "test_loss": 2.347408974611843,
  "test_quality": 0.49846153846153846,
  "best_epoch": 507,
  "stopped_early": true,
  "patience_counter": 40,
  "success": true
}