{
  "run_id": "LMPO2-L3-d16-rf0.5-seed999",
  "seed": 999,
  "model": "LMPO2",
  "dataset": "winequalityc",
  "task": "classification",
  "params": {
    "init_strength": 0.01,
    "bond_dim_mpo": 2,
    "batch_size": 64,
    "n_epochs": 1000,
    "patience": 40,
    "min_delta": 1e-08,
    "optimizer": "adamw",
    "seeds": [
      42,
      7,
      123,
      256,
      999
    ],
    "model": "LMPO2",
    "L": 3,
    "bond_dim": 16,
    "lr": 0.001,
    "reduction_factor": 0.5
  },
  "n_parameters": 2360,
  "train_loss": 1.0499520458608544,
  "train_quality": 0.5759841653837695,
  "val_loss": 2.385004595657666,
  "val_quality": 0.5107692307692308,
  "test_loss": 1.825626597150075,
  "test_quality": 0.48307692307692307,
  "best_epoch": 125,
  "stopped_early": true,
  "patience_counter": 40,
  "success": true
}