{
  "run_id": "LMPO2-L4-d16-rf0.3-seed42",
  "seed": 42,
  "model": "LMPO2",
  "dataset": "winequalityc",
  "task": "classification",
  "params": {
    "init_strength": 0.01,
    "bond_dim_mpo": 2,
    "batch_size": 64,
    "n_epochs": 1000,
    "patience": 40,
    "min_delta": 1e-08,
    "optimizer": "adamw",
    "seeds": [
      42,
      7,
      123,
      256,
      999
    ],
    "model": "LMPO2",
    "L": 4,
    "bond_dim": 16,
    "lr": 0.001,
    "reduction_factor": 0.3
  },
  "n_parameters": 2316,
  "train_loss": 0.9726876313431332,
  "train_quality": 0.587420277105784,
  "val_loss": 3.440804060372641,
  "val_quality": 0.5148717948717949,
  "test_loss": 1.8725021104454824,
  "test_quality": 0.49948717948717947,
  "best_epoch": 614,
  "stopped_early": true,
  "patience_counter": 40,
  "success": true
}