{
  "run_id": "LMPO2-L4-d12-rf0.1-seed42",
  "seed": 42,
  "model": "LMPO2",
  "dataset": "winequalityc",
  "task": "classification",
  "params": {
    "init_strength": 0.01,
    "bond_dim_mpo": 2,
    "batch_size": 64,
    "n_epochs": 1000,
    "patience": 40,
    "min_delta": 1e-08,
    "optimizer": "adamw",
    "seeds": [
      42,
      7,
      123,
      256,
      999
    ],
    "model": "LMPO2",
    "L": 4,
    "bond_dim": 12,
    "lr": 0.001,
    "reduction_factor": 0.1
  },
  "n_parameters": 1032,
  "train_loss": 1.1576305569998528,
  "train_quality": 0.5159445788431933,
  "val_loss": 1.8389870815104903,
  "val_quality": 0.48307692307692307,
  "test_loss": 1.9185861070016963,
  "test_quality": 0.4594871794871795,
  "best_epoch": 427,
  "stopped_early": true,
  "patience_counter": 40,
  "success": true
}