{
  "run_id": "LMPO2-L4-d12-rf0.3-seed123",
  "seed": 123,
  "model": "LMPO2",
  "dataset": "winequalityc",
  "task": "classification",
  "params": {
    "init_strength": 0.01,
    "bond_dim_mpo": 2,
    "batch_size": 64,
    "n_epochs": 1000,
    "patience": 40,
    "min_delta": 1e-08,
    "optimizer": "adamw",
    "seeds": [
      42,
      7,
      123,
      256,
      999
    ],
    "model": "LMPO2",
    "L": 4,
    "bond_dim": 12,
    "lr": 0.001,
    "reduction_factor": 0.3
  },
  "n_parameters": 1548,
  "train_loss": 0.9750851702204328,
  "train_quality": 0.5940180338684847,
  "val_loss": 2.3363846883364707,
  "val_quality": 0.5158974358974359,
  "test_loss": 2.7258254578827974,
  "test_quality": 0.5035897435897436,
  "best_epoch": 372,
  "stopped_early": true,
  "patience_counter": 40,
  "success": true
}