{
  "run_id": "LMPO2-L3-d12-rf0.5-seed123",
  "seed": 123,
  "model": "LMPO2",
  "dataset": "winequalityc",
  "task": "classification",
  "params": {
    "output_site": 1,
    "init_strength": 0.01,
    "reduction_factor": 0.5,
    "rank": 5,
    "batch_size": 64,
    "n_epochs": 1000,
    "patience": 40,
    "min_delta": 1e-08,
    "optimizer": "adamw",
    "seeds": [
      42,
      7,
      123,
      256,
      999
    ],
    "model": "LMPO2",
    "L": 3,
    "bond_dim": 12,
    "lr": 0.01
  },
  "n_parameters": 14400,
  "train_loss": 1.3522470514122698,
  "train_quality": 0.5276006157906312,
  "val_loss": 1.9216714719188837,
  "val_quality": 0.5107692307692308,
  "test_loss": 1.6129458146924485,
  "test_quality": 0.4758974358974359,
  "best_epoch": 13,
  "stopped_early": true,
  "patience_counter": 40,
  "success": true
}