{
  "run_id": "LMPO2-L4-d16-rf0.5-seed999",
  "seed": 999,
  "model": "LMPO2",
  "dataset": "winequalityc",
  "task": "classification",
  "params": {
    "init_strength": 0.01,
    "bond_dim_mpo": 2,
    "batch_size": 64,
    "n_epochs": 1000,
    "patience": 40,
    "min_delta": 1e-08,
    "optimizer": "adamw",
    "seeds": [
      42,
      7,
      123,
      256,
      999
    ],
    "model": "LMPO2",
    "L": 4,
    "bond_dim": 16,
    "lr": 0.001,
    "reduction_factor": 0.5
  },
  "n_parameters": 3860,
  "train_loss": 0.7077773762864442,
  "train_quality": 0.6989223663954256,
  "val_loss": 7.850794832888622,
  "val_quality": 0.5251282051282051,
  "test_loss": 3.3503673250120616,
  "test_quality": 0.5107692307692308,
  "best_epoch": 712,
  "stopped_early": true,
  "patience_counter": 40,
  "success": true
}