{
  "run_id": "LMPO2-L3-d8-rf0.5-seed123",
  "seed": 123,
  "model": "LMPO2",
  "dataset": "winequalityc",
  "task": "classification",
  "params": {
    "init_strength": 0.01,
    "bond_dim_mpo": 2,
    "batch_size": 64,
    "n_epochs": 1000,
    "patience": 40,
    "min_delta": 1e-08,
    "optimizer": "adamw",
    "seeds": [
      42,
      7,
      123,
      256,
      999
    ],
    "model": "LMPO2",
    "L": 3,
    "bond_dim": 8,
    "lr": 0.001,
    "reduction_factor": 0.5
  },
  "n_parameters": 1080,
  "train_loss": 1.0896069825060892,
  "train_quality": 0.5610292500549813,
  "val_loss": 2.093591847956825,
  "val_quality": 0.5025641025641026,
  "test_loss": 1.7559518340501248,
  "test_quality": 0.48717948717948717,
  "best_epoch": 188,
  "stopped_early": true,
  "patience_counter": 40,
  "success": true
}