{
  "run_id": "LMPO2-L4-d16-rf0.3-seed7",
  "seed": 7,
  "model": "LMPO2",
  "dataset": "winequalityc",
  "task": "classification",
  "params": {
    "init_strength": 0.01,
    "bond_dim_mpo": 2,
    "batch_size": 64,
    "n_epochs": 1000,
    "patience": 40,
    "min_delta": 1e-08,
    "optimizer": "adamw",
    "seeds": [
      42,
      7,
      123,
      256,
      999
    ],
    "model": "LMPO2",
    "L": 4,
    "bond_dim": 16,
    "lr": 0.001,
    "reduction_factor": 0.3
  },
  "n_parameters": 2316,
  "train_loss": 1.0156188065148328,
  "train_quality": 0.5658676050142951,
  "val_loss": 2.7503735882865374,
  "val_quality": 0.49128205128205127,
  "test_loss": 1.9295718917955023,
  "test_quality": 0.4882051282051282,
  "best_epoch": 574,
  "stopped_early": true,
  "patience_counter": 40,
  "success": true
}