{
  "run_id": "LMPO2-L3-d12-rf0.3-seed256",
  "seed": 256,
  "model": "LMPO2",
  "dataset": "winequalityc",
  "task": "classification",
  "params": {
    "init_strength": 0.01,
    "bond_dim_mpo": 2,
    "batch_size": 64,
    "n_epochs": 1000,
    "patience": 40,
    "min_delta": 1e-08,
    "optimizer": "adamw",
    "seeds": [
      42,
      7,
      123,
      256,
      999
    ],
    "model": "LMPO2",
    "L": 3,
    "bond_dim": 12,
    "lr": 0.001,
    "reduction_factor": 0.3
  },
  "n_parameters": 984,
  "train_loss": 1.1839129258632854,
  "train_quality": 0.5346382230041786,
  "val_loss": 2.133542071335966,
  "val_quality": 0.48615384615384616,
  "test_loss": 1.6845177648846594,
  "test_quality": 0.49538461538461537,
  "best_epoch": 129,
  "stopped_early": true,
  "patience_counter": 40,
  "success": true
}