{
  "run_id": "MMPO2-L3-d8-jit5-seed123",
  "seed": 123,
  "model": "MMPO2",
  "grid_params": {
    "model": "MMPO2",
    "L": 3,
    "bond_dim": 8,
    "jitter_start": 5.0
  },
  "n_parameters": 18535,
  "train_loss": 1.0309064443199536,
  "train_quality": 0.6650943396226415,
  "val_loss": 1.2447478876453124,
  "val_quality": 0.4666666666666667,
  "success": true,
  "singular": false
}