{
  "run_id": "MMPO2-L3-d8-jit5-seed999",
  "seed": 999,
  "model": "MMPO2",
  "grid_params": {
    "model": "MMPO2",
    "L": 3,
    "bond_dim": 8,
    "jitter_start": 5.0
  },
  "n_parameters": 18535,
  "train_loss": 0.07896296600391499,
  "train_quality": 0.9952830188679245,
  "val_loss": 2.823744867033821,
  "val_quality": 0.4444444444444445,
  "success": true,
  "singular": false
}