{
  "run_id": "MMPO2-L3-d8-jit5-seed256",
  "seed": 256,
  "model": "MMPO2",
  "grid_params": {
    "model": "MMPO2",
    "L": 3,
    "bond_dim": 8,
    "jitter_start": 5.0
  },
  "n_parameters": 18535,
  "train_loss": 0.3356507833725319,
  "train_quality": 0.9433962264150944,
  "val_loss": 1.915417665452917,
  "val_quality": 0.4444444444444445,
  "success": true,
  "singular": false
}