{
  "run_id": "MMPO2-L3-d12-jit5-seed7",
  "seed": 7,
  "model": "MMPO2",
  "grid_params": {
    "model": "MMPO2",
    "L": 3,
    "bond_dim": 12,
    "jitter_start": 5.0
  },
  "n_parameters": 19679,
  "train_loss": 0.16424981892032683,
  "train_quality": 0.9858490566037735,
  "val_loss": 2.0344379357447635,
  "val_quality": 0.48888888888888893,
  "success": true,
  "singular": false
}