{
  "run_id": "MPO2-L2-d4-init1-jit5-rf0.1-seed42",
  "seed": 42,
  "model": "MPO2",
  "grid_params": {
    "model": "MPO2",
    "L": 2,
    "bond_dim": 4,
    "jitter_start": 5.0,
    "reduction_factor": 0.1,
    "init_strength": 1.0
  },
  "train_loss": 1.817744557185252,
  "train_quality": 0.3113207547169811,
  "val_loss": 2.173317775025135,
  "val_quality": 0.35555555555555557,
  "test_loss": 2.0527431498597952,
  "test_quality": 0.2826086956521739,
  "success": true,
  "singular": false
}