{
  "run_id": "MPO2-L3-d12-jit5-seed7",
  "seed": 7,
  "model": "MPO2",
  "grid_params": {
    "model": "MPO2",
    "L": 3,
    "bond_dim": 12,
    "jitter_start": 5.0
  },
  "n_parameters": 8184,
  "train_loss": 1.0626971316678621e+130,
  "train_quality": 0.4858490566037736,
  "val_loss": 6.505586829118547e+129,
  "val_quality": 0.4666666666666667,
  "test_loss": 6.375107091264984e+129,
  "test_quality": 0.5652173913043478,
  "success": true,
  "singular": true
}