{
  "run_id": "MPO2-L3-d12-jit0.1-seed123",
  "seed": 123,
  "model": "MPO2",
  "grid_params": {
    "model": "MPO2",
    "L": 3,
    "bond_dim": 12,
    "jitter_start": 0.1
  },
  "n_parameters": 8184,
  "train_loss": 3.9478719988959937e+20,
  "train_quality": 0.5566037735849056,
  "val_loss": 4.789835290352837e+20,
  "val_quality": 0.4444444444444445,
  "test_loss": 2.886357483344068e+20,
  "test_quality": 0.5652173913043478,
  "success": true,
  "singular": true
}