{
  "run_id": "MPO2-L2-d4-init0.1-jit0.1-rf0.1-seed7",
  "seed": 7,
  "model": "MPO2",
  "grid_params": {
    "model": "MPO2",
    "L": 2,
    "bond_dim": 4,
    "jitter_start": 0.1,
    "reduction_factor": 0.1,
    "init_strength": 0.1
  },
  "train_loss": 3.1335254225170276e+63,
  "train_quality": 0.49056603773584906,
  "val_loss": 1.948294031030156e+63,
  "val_quality": 0.4444444444444445,
  "test_loss": 2.3181239669059724e+63,
  "test_quality": 0.41304347826086957,
  "success": true,
  "singular": false
}