{
  "run_id": "MPO2TypeI-L3-d8-jit0.1-seed123",
  "seed": 123,
  "model": "MPO2TypeI",
  "grid_params": {
    "model": "MPO2TypeI",
    "L": 3,
    "bond_dim": 8,
    "jitter_start": 0.1
  },
  "n_parameters": 1815,
  "train_loss": 0.20098150606924398,
  "train_quality": 0.9811320754716981,
  "val_loss": 1.723945643878717,
  "val_quality": 0.5111111111111112,
  "test_loss": 1.6210164515639351,
  "test_quality": 0.5,
  "success": true,
  "singular": false
}