{
  "run_id": "MPO2TypeI-L3-d8-jit5-seed123",
  "seed": 123,
  "model": "MPO2TypeI",
  "grid_params": {
    "model": "MPO2TypeI",
    "L": 3,
    "bond_dim": 8,
    "jitter_start": 5.0
  },
  "n_parameters": 1815,
  "train_loss": 0.5541418733426792,
  "train_quality": 0.8584905660377358,
  "val_loss": 1.1637511651817891,
  "val_quality": 0.48888888888888893,
  "test_loss": 1.3469657786992526,
  "test_quality": 0.5,
  "success": true,
  "singular": false
}