{
  "run_id": "MPO2TypeI-L3-d12-jit5-seed999",
  "seed": 999,
  "model": "MPO2TypeI",
  "grid_params": {
    "model": "MPO2TypeI",
    "L": 3,
    "bond_dim": 12,
    "jitter_start": 5.0
  },
  "n_parameters": 3223,
  "train_loss": 0.8781777788813023,
  "train_quality": 0.7264150943396226,
  "val_loss": 1.2206818226939296,
  "val_quality": 0.48888888888888893,
  "success": true,
  "singular": false
}