{
  "run_id": "MPO2-L3-d8-jit5-seed999",
  "seed": 999,
  "model": "MPO2",
  "grid_params": {
    "model": "MPO2",
    "L": 3,
    "bond_dim": 8,
    "jitter_start": 5.0
  },
  "n_parameters": 3696,
  "train_loss": 0.5815333601438836,
  "train_quality": 0.8773584905660377,
  "val_loss": 1.3848172551954012,
  "val_quality": 0.4666666666666667,
  "test_loss": 1.5019635405276186,
  "test_quality": 0.5652173913043478,
  "success": true,
  "singular": false
}