{
  "run_id": "MPO2-L3-d8-jit0.1-seed256",
  "seed": 256,
  "model": "MPO2",
  "grid_params": {
    "model": "MPO2",
    "L": 3,
    "bond_dim": 8,
    "jitter_start": 0.1
  },
  "n_parameters": 3696,
  "train_loss": 2.50763484070086e+247,
  "train_quality": 0.4858490566037736,
  "val_loss": 2.3384762197965016e+247,
  "val_quality": 0.4666666666666667,
  "test_loss": 2.3931275629102334e+247,
  "test_quality": 0.5,
  "success": true,
  "singular": true
}