{
  "run_id": "MPO2TypeI-L3-d8-jit5-seed256",
  "seed": 256,
  "model": "MPO2TypeI",
  "grid_params": {
    "model": "MPO2TypeI",
    "L": 3,
    "bond_dim": 8,
    "jitter_start": 5.0
  },
  "n_parameters": 1815,
  "train_loss": 0.20597288409376194,
  "train_quality": 0.9716981132075472,
  "val_loss": 1.7654779328836039,
  "val_quality": 0.48888888888888893,
  "test_loss": 1.8849285767599397,
  "test_quality": 0.5434782608695652,
  "success": true,
  "singular": false
}