{
  "run_id": "MPO2-L2-d4-init0.1-jit1-rf0.5-seed42",
  "seed": 42,
  "model": "MPO2",
  "grid_params": {
    "model": "MPO2",
    "L": 2,
    "bond_dim": 4,
    "jitter_start": 1.0,
    "reduction_factor": 0.5,
    "init_strength": 0.1
  },
  "train_loss": 20.35348827008774,
  "train_quality": 0.2830188679245283,
  "val_loss": 29.527505824321544,
  "val_quality": 0.33333333333333337,
  "test_loss": 22.331618181049876,
  "test_quality": 0.2826086956521739,
  "success": true,
  "singular": false
}