{
  "run_id": "MPO2-L3-d12-jit5-seed256",
  "seed": 256,
  "model": "MPO2",
  "grid_params": {
    "model": "MPO2",
    "L": 3,
    "bond_dim": 12,
    "jitter_start": 5.0
  },
  "n_parameters": 8184,
  "train_loss": 1.7046832055930925,
  "train_quality": 0.7311320754716981,
  "val_loss": 1.7008356499864836,
  "val_quality": 0.48888888888888893,
  "test_loss": 1.61658146512664,
  "test_quality": 0.5434782608695652,
  "success": true,
  "singular": true
}