{
  "run_id": "MPO2-L3-d12-jit5-seed999",
  "seed": 999,
  "model": "MPO2",
  "grid_params": {
    "model": "MPO2",
    "L": 3,
    "bond_dim": 12,
    "jitter_start": 5.0
  },
  "n_parameters": 8184,
  "train_loss": 0.9378237926925024,
  "train_quality": 0.7688679245283019,
  "val_loss": 1.2400365424916535,
  "val_quality": 0.4444444444444445,
  "test_loss": 1.2610537658766017,
  "test_quality": 0.5652173913043478,
  "success": true,
  "singular": false
}