{
  "run_id": "MPO2TypeI-L3-d8-jit5-seed7",
  "seed": 7,
  "model": "MPO2TypeI",
  "grid_params": {
    "model": "MPO2TypeI",
    "L": 3,
    "bond_dim": 8,
    "jitter_start": 5.0
  },
  "n_parameters": 1815,
  "train_loss": 0.994950799304429,
  "train_quality": 0.6933962264150944,
  "val_loss": 1.3072785304577965,
  "val_quality": 0.5111111111111112,
  "test_loss": 1.1549160665135711,
  "test_quality": 0.6086956521739131,
  "success": true,
  "singular": false
}