{
  "run_id": "MPO2-L3-d12-jit5-seed42",
  "seed": 42,
  "model": "MPO2",
  "grid_params": {
    "model": "MPO2",
    "L": 3,
    "bond_dim": 12,
    "jitter_start": 5.0
  },
  "n_parameters": 8184,
  "train_loss": 14.525343801987264,
  "train_quality": 0.410377358490566,
  "val_loss": 11.474597388689551,
  "val_quality": 0.4444444444444445,
  "test_loss": 7.5323981070820665,
  "test_quality": 0.4782608695652174,
  "success": true,
  "singular": true
}