{
  "run_id": "MPO2-L3-d12-jit0.1-seed7",
  "seed": 7,
  "model": "MPO2",
  "grid_params": {
    "model": "MPO2",
    "L": 3,
    "bond_dim": 12,
    "jitter_start": 0.1
  },
  "n_parameters": 8184,
  "train_loss": 1.4133642580393554e+39,
  "train_quality": 0.49528301886792453,
  "val_loss": 1.0638499162470145e+39,
  "val_quality": 0.4444444444444445,
  "test_loss": 1.331342262910307e+39,
  "test_quality": 0.5869565217391304,
  "success": true,
  "singular": true
}