{
  "run_id": "MPO2-L2-d4-init0.1-jit1-rf0.5-seed123",
  "seed": 123,
  "model": "MPO2",
  "grid_params": {
    "model": "MPO2",
    "L": 2,
    "bond_dim": 4,
    "jitter_start": 1.0,
    "reduction_factor": 0.5,
    "init_strength": 0.1
  },
  "train_loss": 8.500849310251459,
  "train_quality": 0.16037735849056603,
  "val_loss": 10.597409419613925,
  "val_quality": 0.2,
  "test_loss": 7.706674742899367,
  "test_quality": 0.21739130434782608,
  "success": true,
  "singular": false
}