{
  "run_id": "MPO2-L3-d12-jit0.1-seed999",
  "seed": 999,
  "model": "MPO2",
  "grid_params": {
    "model": "MPO2",
    "L": 3,
    "bond_dim": 12,
    "jitter_start": 0.1
  },
  "n_parameters": 8184,
  "train_loss": 213894581.9024034,
  "train_quality": 0.49056603773584906,
  "val_loss": 230487525.21967375,
  "val_quality": 0.5777777777777778,
  "test_loss": 309803461.74909335,
  "test_quality": 0.5434782608695652,
  "success": true,
  "singular": true
}