{
  "run_id": "MPO2TypeI-L3-d8-jit5-seed42",
  "seed": 42,
  "model": "MPO2TypeI",
  "grid_params": {
    "model": "MPO2TypeI",
    "L": 3,
    "bond_dim": 8,
    "jitter_start": 5.0
  },
  "n_parameters": 1815,
  "train_loss": 0.9509749310100007,
  "train_quality": 0.7075471698113207,
  "val_loss": 1.267491900109377,
  "val_quality": 0.4666666666666667,
  "test_loss": 1.2457781643332144,
  "test_quality": 0.5652173913043478,
  "success": true,
  "singular": false
}