{
  "run_id": "MPO2-L2-d4-init0.01-jit1-rf0.5-seed256",
  "seed": 256,
  "model": "MPO2",
  "grid_params": {
    "model": "MPO2",
    "L": 2,
    "bond_dim": 4,
    "jitter_start": 1.0,
    "reduction_factor": 0.5,
    "init_strength": 0.01
  },
  "train_loss": 10539657657.247723,
  "train_quality": 0.47641509433962265,
  "val_loss": 17996734095.90693,
  "val_quality": 0.4222222222222222,
  "test_loss": 13239173469.691534,
  "test_quality": 0.4782608695652174,
  "success": true,
  "singular": false
}