{
  "run_id": "MPO2-L2-d4-init1-jit0.1-rf0.1-seed256",
  "seed": 256,
  "model": "MPO2",
  "grid_params": {
    "model": "MPO2",
    "L": 2,
    "bond_dim": 4,
    "jitter_start": 0.1,
    "reduction_factor": 0.1,
    "init_strength": 1.0
  },
  "train_loss": 3.6705875487515384e+105,
  "train_quality": 0.49056603773584906,
  "val_loss": 5.723219941594889e+105,
  "val_quality": 0.4444444444444445,
  "test_loss": 3.593620315935967e+105,
  "test_quality": 0.4782608695652174,
  "success": true,
  "singular": false
}