{
  "run_id": "MPO2-L2-d4-init0.01-jit5-rf0.5-seed256",
  "seed": 256,
  "model": "MPO2",
  "grid_params": {
    "model": "MPO2",
    "L": 2,
    "bond_dim": 4,
    "jitter_start": 5.0,
    "reduction_factor": 0.5,
    "init_strength": 0.01
  },
  "train_loss": 2.8186520385396012e+76,
  "train_quality": 0.47641509433962265,
  "val_loss": 4.956537862693393e+76,
  "val_quality": 0.4222222222222222,
  "test_loss": 3.93925964465413e+76,
  "test_quality": 0.3913043478260869,
  "success": true,
  "singular": false
}