{
  "run_id": "LMPO2-L4-d12-rf0.3-seed123",
  "seed": 123,
  "model": "LMPO2",
  "dataset": "obesity",
  "task": "regression",
  "params": {
    "output_site": 1,
    "init_strength": 0.01,
    "reduction_factor": 0.3,
    "rank": 5,
    "batch_size": 64,
    "n_epochs": 1000,
    "patience": 40,
    "min_delta": 1e-08,
    "optimizer": "adamw",
    "seeds": [
      42,
      7,
      123,
      256,
      999
    ],
    "model": "LMPO2",
    "L": 4,
    "bond_dim": 12,
    "lr": 0.01
  },
  "n_parameters": 62400,
  "train_loss": 47.53445799158578,
  "train_quality": -11.472912469800493,
  "val_loss": 105.47334869890622,
  "val_quality": 0.732716063244762,
  "test_loss": 149.00749799329546,
  "test_quality": -36.35931752956155,
  "best_epoch": 98,
  "stopped_early": true,
  "patience_counter": 40,
  "success": true
}