{
  "run_id": "LMPO2-L3-d16-rf0.3-seed256",
  "seed": 256,
  "model": "LMPO2",
  "dataset": "obesity",
  "task": "regression",
  "params": {
    "output_site": 1,
    "init_strength": 0.01,
    "reduction_factor": 0.3,
    "rank": 5,
    "batch_size": 64,
    "n_epochs": 1000,
    "patience": 40,
    "min_delta": 1e-08,
    "optimizer": "adamw",
    "seeds": [
      42,
      7,
      123,
      256,
      999
    ],
    "model": "LMPO2",
    "L": 3,
    "bond_dim": 16,
    "lr": 0.01
  },
  "n_parameters": 57600,
  "train_loss": 0.411636506506384,
  "train_quality": 0.8919877004606337,
  "val_loss": 1.601937301796619,
  "val_quality": 0.6603678438108375,
  "test_loss": 2.8505723102989884,
  "test_quality": 0.2853014947863396,
  "best_epoch": 36,
  "stopped_early": true,
  "patience_counter": 40,
  "success": true
}