{
  "run_id": "LMPO2-L3-d8-rf0.5-seed256",
  "seed": 256,
  "model": "LMPO2",
  "dataset": "obesity",
  "task": "regression",
  "params": {
    "output_site": 1,
    "init_strength": 0.01,
    "reduction_factor": 0.5,
    "rank": 5,
    "batch_size": 64,
    "n_epochs": 1000,
    "patience": 40,
    "min_delta": 1e-08,
    "optimizer": "adamw",
    "seeds": [
      42,
      7,
      123,
      256,
      999
    ],
    "model": "LMPO2",
    "L": 3,
    "bond_dim": 8,
    "lr": 0.01
  },
  "n_parameters": 16000,
  "train_loss": 0.6954670545504577,
  "train_quality": 0.8175113367533648,
  "val_loss": 2.025178651595319,
  "val_quality": 0.6261359771835255,
  "test_loss": 1.9976140965843248,
  "test_quality": 0.49915608045992466,
  "best_epoch": 19,
  "stopped_early": true,
  "patience_counter": 40,
  "success": true
}