{
  "run_id": "LMPO2-L4-d16-rf0.5-seed256",
  "seed": 256,
  "model": "LMPO2",
  "dataset": "obesity",
  "task": "regression",
  "params": {
    "output_site": 1,
    "init_strength": 0.01,
    "reduction_factor": 0.5,
    "rank": 5,
    "batch_size": 64,
    "n_epochs": 1000,
    "patience": 40,
    "min_delta": 1e-08,
    "optimizer": "adamw",
    "seeds": [
      42,
      7,
      123,
      256,
      999
    ],
    "model": "LMPO2",
    "L": 4,
    "bond_dim": 16,
    "lr": 0.01
  },
  "n_parameters": 108800,
  "train_loss": 0.319433984166681,
  "train_quality": 0.9161813915055912,
  "val_loss": 0.9689798405229257,
  "val_quality": 0.735009150157835,
  "test_loss": 1.2681956164263894,
  "test_quality": 0.6820366534454305,
  "best_epoch": 62,
  "stopped_early": true,
  "patience_counter": 40,
  "success": true
}