{
  "run_id": "LMPO2-L3-d16-rf0.1-seed999",
  "seed": 999,
  "model": "LMPO2",
  "dataset": "obesity",
  "task": "regression",
  "params": {
    "output_site": 1,
    "init_strength": 0.01,
    "reduction_factor": 0.1,
    "rank": 5,
    "batch_size": 64,
    "n_epochs": 1000,
    "patience": 40,
    "min_delta": 1e-08,
    "optimizer": "adamw",
    "seeds": [
      42,
      7,
      123,
      256,
      999
    ],
    "model": "LMPO2",
    "L": 3,
    "bond_dim": 16,
    "lr": 0.01
  },
  "n_parameters": 57600,
  "train_loss": 0.32176787237033516,
  "train_quality": 0.9155689855897894,
  "val_loss": 1.5464362475063032,
  "val_quality": 0.6544292886378076,
  "test_loss": 2.4997165231946474,
  "test_quality": 0.37326842889394485,
  "best_epoch": 36,
  "stopped_early": true,
  "patience_counter": 40,
  "success": true
}