{
  "run_id": "LMPO2-L3-d12-rf0.3-seed999",
  "seed": 999,
  "model": "LMPO2",
  "dataset": "obesity",
  "task": "regression",
  "params": {
    "output_site": 1,
    "init_strength": 0.01,
    "reduction_factor": 0.3,
    "rank": 5,
    "batch_size": 64,
    "n_epochs": 1000,
    "patience": 40,
    "min_delta": 1e-08,
    "optimizer": "adamw",
    "seeds": [
      42,
      7,
      123,
      256,
      999
    ],
    "model": "LMPO2",
    "L": 3,
    "bond_dim": 12,
    "lr": 0.01
  },
  "n_parameters": 33600,
  "train_loss": 0.3995602526196234,
  "train_quality": 0.895156476629688,
  "val_loss": 1.5576205172115858,
  "val_quality": 0.6444871222606802,
  "test_loss": 1.9043769186327626,
  "test_quality": 0.5225326043500806,
  "best_epoch": 34,
  "stopped_early": true,
  "patience_counter": 40,
  "success": true
}