{
  "run_id": "LMPO2-L4-d8-rf0.3-seed256",
  "seed": 256,
  "model": "LMPO2",
  "dataset": "obesity",
  "task": "regression",
  "params": {
    "output_site": 1,
    "init_strength": 0.01,
    "reduction_factor": 0.3,
    "rank": 5,
    "batch_size": 64,
    "n_epochs": 1000,
    "patience": 40,
    "min_delta": 1e-08,
    "optimizer": "adamw",
    "seeds": [
      42,
      7,
      123,
      256,
      999
    ],
    "model": "LMPO2",
    "L": 4,
    "bond_dim": 8,
    "lr": 0.01
  },
  "n_parameters": 28800,
  "train_loss": 0.2676879676480268,
  "train_quality": 0.9297594054762622,
  "val_loss": 1.1036077625030747,
  "val_quality": 0.6933877055699498,
  "test_loss": 1.2843968037280908,
  "test_quality": 0.6779746746261675,
  "best_epoch": 117,
  "stopped_early": true,
  "patience_counter": 40,
  "success": true
}