{
  "run_id": "LMPO2-L4-d16-rf0.5-seed123",
  "seed": 123,
  "model": "LMPO2",
  "dataset": "obesity",
  "task": "regression",
  "params": {
    "output_site": 1,
    "init_strength": 0.01,
    "reduction_factor": 0.5,
    "rank": 5,
    "batch_size": 64,
    "n_epochs": 1000,
    "patience": 40,
    "min_delta": 1e-08,
    "optimizer": "adamw",
    "seeds": [
      42,
      7,
      123,
      256,
      999
    ],
    "model": "LMPO2",
    "L": 4,
    "bond_dim": 16,
    "lr": 0.01
  },
  "n_parameters": 108800,
  "train_loss": 5148475.707295063,
  "train_quality": -1350945.0202818061,
  "val_loss": 343544.54791266547,
  "val_quality": 0.6949065245874906,
  "test_loss": 381827.7152307446,
  "test_quality": -95731.2486921714,
  "best_epoch": 89,
  "stopped_early": true,
  "patience_counter": 40,
  "success": true
}