{
  "run_id": "LMPO2-L3-d8-jit5-rf0.1-seed42",
  "seed": 42,
  "model": "LMPO2",
  "grid_params": {
    "model": "LMPO2",
    "L": 3,
    "bond_dim": 8,
    "jitter_start": 5.0,
    "reduction_factor": 0.1
  },
  "n_parameters": 15440,
  "train_loss": 6.606587358857194,
  "train_quality": 0.7228682170542636,
  "val_loss": 10.416493792605948,
  "val_quality": 0.6792168674698795,
  "test_loss": 11.526550602988221,
  "test_quality": 0.6792168674698795,
  "success": true,
  "singular": true
}