{
  "run_id": "LMPO2-L3-d8-jit0.1-rf0.3-seed7",
  "seed": 7,
  "model": "LMPO2",
  "grid_params": {
    "model": "LMPO2",
    "L": 3,
    "bond_dim": 8,
    "jitter_start": 0.1,
    "reduction_factor": 0.3
  },
  "n_parameters": 15440,
  "train_loss": 1.2567917222943044,
  "train_quality": 0.2822997416020672,
  "val_loss": 1.2714711712072753,
  "val_quality": 0.2936746987951807,
  "test_loss": 1.319313343046201,
  "test_quality": 0.30120481927710846,
  "success": true,
  "singular": true
}