{
  "run_id": "LMPO2-L3-d8-jit0.1-rf0.3-seed42",
  "seed": 42,
  "model": "LMPO2",
  "grid_params": {
    "model": "LMPO2",
    "L": 3,
    "bond_dim": 8,
    "jitter_start": 0.1,
    "reduction_factor": 0.3
  },
  "n_parameters": 15440,
  "train_loss": 2.7563795102145366e+188,
  "train_quality": 0.6466408268733851,
  "val_loss": 1.7031940022434412e+188,
  "val_quality": 0.6159638554216867,
  "test_loss": 2.841880567407409e+188,
  "test_quality": 0.6385542168674699,
  "success": true,
  "singular": true
}