{
  "run_id": "LMPO2-L3-d8-jit5-rf0.5-seed123",
  "seed": 123,
  "model": "LMPO2",
  "grid_params": {
    "model": "LMPO2",
    "L": 3,
    "bond_dim": 8,
    "jitter_start": 5.0,
    "reduction_factor": 0.5
  },
  "n_parameters": 15440,
  "train_loss": 1.2460967679455381,
  "train_quality": 0.3133074935400517,
  "val_loss": 1.25199014564458,
  "val_quality": 0.32228915662650603,
  "test_loss": 1.3092729511351213,
  "test_quality": 0.3102409638554217,
  "success": true,
  "singular": true
}