{
  "run_id": "LMPO2-L3-d8-jit5-rf0.3-seed7",
  "seed": 7,
  "model": "LMPO2",
  "grid_params": {
    "model": "LMPO2",
    "L": 3,
    "bond_dim": 8,
    "jitter_start": 5.0,
    "reduction_factor": 0.3
  },
  "n_parameters": 655,
  "train_loss": 236281.6889381511,
  "train_quality": 0.43555760278414424,
  "val_loss": 250373.52159185993,
  "val_quality": 0.3966901398332412,
  "success": true,
  "singular": false
}