{
  "run_id": "LMPO2-L3-d8-jit5-rf0.3-seed999",
  "seed": 999,
  "model": "LMPO2",
  "grid_params": {
    "model": "LMPO2",
    "L": 3,
    "bond_dim": 8,
    "jitter_start": 5.0,
    "reduction_factor": 0.3
  },
  "n_parameters": 655,
  "train_loss": 237053.50564654873,
  "train_quality": 0.4337138455507463,
  "val_loss": 252592.64020223956,
  "val_quality": 0.39134286457022827,
  "success": true,
  "singular": false
}