{
  "run_id": "LMPO2-L3-d8-jit5-rf0.1-seed123",
  "seed": 123,
  "model": "LMPO2",
  "grid_params": {
    "model": "LMPO2",
    "L": 3,
    "bond_dim": 8,
    "jitter_start": 5.0,
    "reduction_factor": 0.1
  },
  "n_parameters": 262,
  "train_loss": 217389.70337717753,
  "train_quality": 0.4806877932196567,
  "val_loss": 244338.32565912794,
  "val_quality": 0.41123278472278735,
  "success": true,
  "singular": false
}