{
  "run_id": "LMPO2-L3-d8-jit5-rf0.1-seed256",
  "seed": 256,
  "model": "LMPO2",
  "grid_params": {
    "model": "LMPO2",
    "L": 3,
    "bond_dim": 8,
    "jitter_start": 5.0,
    "reduction_factor": 0.1
  },
  "n_parameters": 262,
  "train_loss": 217667.8748188018,
  "train_quality": 0.480023282329909,
  "val_loss": 243329.38605658658,
  "val_quality": 0.4136639651713262,
  "success": true,
  "singular": false
}