{
  "run_id": "LMPO2-L3-d8-jit5-rf0.1-seed7",
  "seed": 7,
  "model": "LMPO2",
  "grid_params": {
    "model": "LMPO2",
    "L": 3,
    "bond_dim": 8,
    "jitter_start": 5.0,
    "reduction_factor": 0.1
  },
  "n_parameters": 262,
  "train_loss": 217772.2608779465,
  "train_quality": 0.47977391930171853,
  "val_loss": 243522.61533839835,
  "val_quality": 0.41319835231319013,
  "success": true,
  "singular": false
}