{
  "run_id": "LMPO2-L3-d8-jit5-rf0.1-seed42",
  "seed": 42,
  "model": "LMPO2",
  "grid_params": {
    "model": "LMPO2",
    "L": 3,
    "bond_dim": 8,
    "jitter_start": 5.0,
    "reduction_factor": 0.1
  },
  "n_parameters": 7600,
  "train_loss": 0.014756351314035757,
  "train_quality": 0.5538349154468303,
  "val_loss": 0.02202224848910621,
  "val_quality": 0.386568909376513,
  "test_loss": 0.013229360945658753,
  "test_quality": 0.5035263064829931,
  "success": true,
  "singular": false
}