{
  "run_id": "MMPO2-L3-d12-seed999",
  "seed": 999,
  "model": "MMPO2",
  "dataset": "appliances",
  "task": "regression",
  "params": {
    "output_site": 1,
    "init_strength": 0.01,
    "rank": 5,
    "batch_size": 64,
    "n_epochs": 1000,
    "patience": 40,
    "min_delta": 1e-08,
    "optimizer": "adamw",
    "seeds": [
      42,
      7,
      123,
      256,
      999
    ],
    "model": "MMPO2",
    "L": 3,
    "bond_dim": 12,
    "lr": 0.01
  },
  "n_parameters": 4536,
  "train_loss": 7486.527702894767,
  "train_quality": 0.29372752274252334,
  "val_loss": 7495.226873550482,
  "val_quality": 0.1616950601855034,
  "test_loss": 9875.445856774075,
  "test_quality": 0.17830552604539673,
  "best_epoch": 157,
  "stopped_early": true,
  "patience_counter": 40,
  "success": true
}