{
  "run_id": "MMPO2TypeI_GTN-L4-d16-seed7",
  "seed": 7,
  "model": "MMPO2TypeI_GTN",
  "dataset": "appliances",
  "task": "regression",
  "params": {
    "init_strength": 0.01,
    "batch_size": 64,
    "n_epochs": 1000,
    "patience": 40,
    "min_delta": 1e-08,
    "optimizer": "adamw",
    "seeds": [
      42,
      7,
      123,
      256,
      999
    ],
    "model": "MMPO2TypeI_GTN",
    "L": 4,
    "bond_dim": 16,
    "lr": 0.001
  },
  "n_parameters": 23355,
  "train_loss": 3525.9652148605705,
  "train_quality": 0.6673635247405334,
  "val_loss": 6401.922059718791,
  "val_quality": 0.3018005396786776,
  "test_loss": 7247.018082486944,
  "test_quality": 0.39700598865175474,
  "best_epoch": 218,
  "stopped_early": true,
  "patience_counter": 40,
  "success": true
}