{
  "run_id": "MMPO2-L3-d12-seed42",
  "seed": 42,
  "model": "MMPO2",
  "dataset": "appliances",
  "task": "regression",
  "params": {
    "init_strength": 0.01,
    "batch_size": 64,
    "n_epochs": 1000,
    "patience": 40,
    "min_delta": 1e-08,
    "optimizer": "adamw",
    "seeds": [
      42,
      7,
      123,
      256,
      999
    ],
    "model": "MMPO2",
    "L": 3,
    "bond_dim": 12,
    "lr": 0.001
  },
  "n_parameters": 4536,
  "train_loss": 6398.145365888899,
  "train_quality": 0.3964045607321367,
  "val_loss": 6980.422285508302,
  "val_quality": 0.20517729473056512,
  "test_loss": 8838.713820512734,
  "test_quality": 0.26456765512013636,
  "best_epoch": 993,
  "stopped_early": false,
  "patience_counter": 13,
  "success": true
}