{
  "run_id": "MMPO2-L4-d16-seed123",
  "seed": 123,
  "model": "MMPO2",
  "dataset": "appliances",
  "task": "regression",
  "params": {
    "output_site": 1,
    "init_strength": 0.01,
    "rank": 5,
    "batch_size": 64,
    "n_epochs": 1000,
    "patience": 40,
    "min_delta": 1e-08,
    "optimizer": "adamw",
    "seeds": [
      42,
      7,
      123,
      256,
      999
    ],
    "model": "MMPO2",
    "L": 4,
    "bond_dim": 16,
    "lr": 0.01
  },
  "n_parameters": 14688,
  "train_loss": 7832.032930522116,
  "train_quality": 0.2611328616785671,
  "val_loss": 8304.476735173936,
  "val_quality": 0.1662113246170681,
  "test_loss": 9955.950057365186,
  "test_quality": 0.17160710880781194,
  "best_epoch": 138,
  "stopped_early": true,
  "patience_counter": 40,
  "success": true
}