{
  "run_id": "MMPO2-L4-d16-seed256",
  "seed": 256,
  "model": "MMPO2",
  "dataset": "appliances",
  "task": "regression",
  "params": {
    "init_strength": 0.01,
    "batch_size": 64,
    "n_epochs": 1000,
    "patience": 40,
    "min_delta": 1e-08,
    "optimizer": "adamw",
    "seeds": [
      42,
      7,
      123,
      256,
      999
    ],
    "model": "MMPO2",
    "L": 4,
    "bond_dim": 16,
    "lr": 0.001
  },
  "n_parameters": 14688,
  "train_loss": 4315.618319892091,
  "train_quality": 0.5928683412859896,
  "val_loss": 7192.61073521096,
  "val_quality": 0.24695895272214752,
  "test_loss": 7820.835567530908,
  "test_quality": 0.3492610398810899,
  "best_epoch": 718,
  "stopped_early": true,
  "patience_counter": 40,
  "success": true
}