{
  "run_id": "MMPO2TypeI_GTN-L4-d12-seed123",
  "seed": 123,
  "model": "MMPO2TypeI_GTN",
  "dataset": "appliances",
  "task": "regression",
  "params": {
    "init_strength": 0.01,
    "batch_size": 64,
    "n_epochs": 1000,
    "patience": 40,
    "min_delta": 1e-08,
    "optimizer": "adamw",
    "seeds": [
      42,
      7,
      123,
      256,
      999
    ],
    "model": "MMPO2TypeI_GTN",
    "L": 4,
    "bond_dim": 12,
    "lr": 0.001
  },
  "n_parameters": 13635,
  "train_loss": 3699.2435889394337,
  "train_quality": 0.6510165944448632,
  "val_loss": 6096.984950716767,
  "val_quality": 0.3112433526277957,
  "test_loss": 7359.488097203511,
  "test_quality": 0.38764782995000846,
  "best_epoch": 451,
  "stopped_early": false,
  "patience_counter": 5,
  "success": true
}