{
  "run_id": "MMPO2-L4-d12-seed7",
  "seed": 7,
  "model": "MMPO2",
  "dataset": "appliances",
  "task": "regression",
  "params": {
    "init_strength": 0.01,
    "batch_size": 64,
    "n_epochs": 1000,
    "patience": 40,
    "min_delta": 1e-08,
    "optimizer": "adamw",
    "seeds": [
      42,
      7,
      123,
      256,
      999
    ],
    "model": "MMPO2",
    "L": 4,
    "bond_dim": 12,
    "lr": 0.001
  },
  "n_parameters": 8424,
  "train_loss": 4319.820539658682,
  "train_quality": 0.5924719075476381,
  "val_loss": 7130.285093880139,
  "val_quality": 0.2163378144437742,
  "test_loss": 7317.4232007932405,
  "test_quality": 0.39114787373831816,
  "best_epoch": 233,
  "stopped_early": true,
  "patience_counter": 40,
  "success": true
}