{
  "run_id": "MMPO2-L3-d12-seed256",
  "seed": 256,
  "model": "MMPO2",
  "dataset": "appliances",
  "task": "regression",
  "params": {
    "init_strength": 0.01,
    "batch_size": 64,
    "n_epochs": 1000,
    "patience": 40,
    "min_delta": 1e-08,
    "optimizer": "adamw",
    "seeds": [
      42,
      7,
      123,
      256,
      999
    ],
    "model": "MMPO2",
    "L": 3,
    "bond_dim": 12,
    "lr": 0.001
  },
  "n_parameters": 4536,
  "train_loss": 6363.760478079647,
  "train_quality": 0.3996484009818525,
  "val_loss": 7002.966735048319,
  "val_quality": 0.203968803459884,
  "test_loss": 8812.154811819995,
  "test_quality": 0.26677751895748025,
  "best_epoch": 850,
  "stopped_early": true,
  "patience_counter": 40,
  "success": true
}