{
  "run_id": "MMPO2-L4-d8-seed999",
  "seed": 999,
  "model": "MMPO2",
  "dataset": "appliances",
  "task": "regression",
  "params": {
    "output_site": 1,
    "init_strength": 0.01,
    "rank": 5,
    "batch_size": 64,
    "n_epochs": 1000,
    "patience": 40,
    "min_delta": 1e-08,
    "optimizer": "adamw",
    "seeds": [
      42,
      7,
      123,
      256,
      999
    ],
    "model": "MMPO2",
    "L": 4,
    "bond_dim": 8,
    "lr": 0.01
  },
  "n_parameters": 3888,
  "train_loss": 7215.3210257409155,
  "train_quality": 0.3193129235215997,
  "val_loss": 7748.097691780563,
  "val_quality": 0.16539237832277132,
  "test_loss": 9616.25005230862,
  "test_quality": 0.19987212296571566,
  "best_epoch": 233,
  "stopped_early": true,
  "patience_counter": 40,
  "success": true
}