{
  "run_id": "MMPO2-L4-d12-seed999",
  "seed": 999,
  "model": "MMPO2",
  "dataset": "appliances",
  "task": "regression",
  "params": {
    "init_strength": 0.01,
    "batch_size": 64,
    "n_epochs": 1000,
    "patience": 40,
    "min_delta": 1e-08,
    "optimizer": "adamw",
    "seeds": [
      42,
      7,
      123,
      256,
      999
    ],
    "model": "MMPO2",
    "L": 4,
    "bond_dim": 12,
    "lr": 0.001
  },
  "n_parameters": 8424,
  "train_loss": 4447.858128092306,
  "train_quality": 0.5803929534111136,
  "val_loss": 6961.197679331955,
  "val_quality": 0.237156636895949,
  "test_loss": 7973.35665979085,
  "test_quality": 0.3365703988215223,
  "best_epoch": 677,
  "stopped_early": true,
  "patience_counter": 40,
  "success": true
}