{
  "run_id": "MMPO2-L3-d16-seed42",
  "seed": 42,
  "model": "MMPO2",
  "dataset": "appliances",
  "task": "regression",
  "params": {
    "init_strength": 0.01,
    "batch_size": 64,
    "n_epochs": 1000,
    "patience": 40,
    "min_delta": 1e-08,
    "optimizer": "adamw",
    "seeds": [
      42,
      7,
      123,
      256,
      999
    ],
    "model": "MMPO2",
    "L": 3,
    "bond_dim": 16,
    "lr": 0.001
  },
  "n_parameters": 7776,
  "train_loss": 5931.765405818169,
  "train_quality": 0.44040243836171256,
  "val_loss": 6748.847358370148,
  "val_quality": 0.21413877406596127,
  "test_loss": 8559.61911267604,
  "test_quality": 0.2877899564182672,
  "best_epoch": 932,
  "stopped_early": true,
  "patience_counter": 40,
  "success": true
}