{
  "run_id": "MMPO2-L4-d12-seed256",
  "seed": 256,
  "model": "MMPO2",
  "dataset": "appliances",
  "task": "regression",
  "params": {
    "output_site": 1,
    "init_strength": 0.01,
    "rank": 5,
    "batch_size": 64,
    "n_epochs": 1000,
    "patience": 40,
    "min_delta": 1e-08,
    "optimizer": "adamw",
    "seeds": [
      42,
      7,
      123,
      256,
      999
    ],
    "model": "MMPO2",
    "L": 4,
    "bond_dim": 12,
    "lr": 0.01
  },
  "n_parameters": 8424,
  "train_loss": 7598.815381178654,
  "train_quality": 0.2831344013577741,
  "val_loss": 8146.3447418517435,
  "val_quality": 0.14085043229852667,
  "test_loss": 10382.27908975348,
  "test_quality": 0.13613405624081543,
  "best_epoch": 117,
  "stopped_early": true,
  "patience_counter": 40,
  "success": true
}