{
  "run_id": "MMPO2TypeI_GTN-L3-d12-seed42",
  "seed": 42,
  "model": "MMPO2TypeI_GTN",
  "dataset": "appliances",
  "task": "regression",
  "params": {
    "init_strength": 0.01,
    "batch_size": 64,
    "n_epochs": 1000,
    "patience": 40,
    "min_delta": 1e-08,
    "optimizer": "adamw",
    "seeds": [
      42,
      7,
      123,
      256,
      999
    ],
    "model": "MMPO2TypeI_GTN",
    "L": 3,
    "bond_dim": 12,
    "lr": 0.001
  },
  "n_parameters": 5211,
  "train_loss": 5409.1017032093405,
  "train_quality": 0.48971007504772535,
  "val_loss": 6007.216298472509,
  "val_quality": 0.2985025526479089,
  "test_loss": 7758.593409600749,
  "test_quality": 0.35443994906250553,
  "best_epoch": 837,
  "stopped_early": false,
  "patience_counter": 1,
  "success": true
}