{
  "run_id": "MMPO2-L4-d12-seed256",
  "seed": 256,
  "model": "MMPO2",
  "dataset": "appliances",
  "task": "regression",
  "params": {
    "init_strength": 0.01,
    "batch_size": 64,
    "n_epochs": 1000,
    "patience": 40,
    "min_delta": 1e-08,
    "optimizer": "adamw",
    "seeds": [
      42,
      7,
      123,
      256,
      999
    ],
    "model": "MMPO2",
    "L": 4,
    "bond_dim": 12,
    "lr": 0.001
  },
  "n_parameters": 8424,
  "train_loss": 4460.226984960621,
  "train_quality": 0.5792260862695073,
  "val_loss": 6736.58210634314,
  "val_quality": 0.244208669426917,
  "test_loss": 7790.815714770095,
  "test_quality": 0.3517588660532186,
  "best_epoch": 722,
  "stopped_early": true,
  "patience_counter": 40,
  "success": true
}