{
  "run_id": "MMPO2-L3-d16-seed7",
  "seed": 7,
  "model": "MMPO2",
  "dataset": "appliances",
  "task": "regression",
  "params": {
    "output_site": 1,
    "init_strength": 0.01,
    "rank": 5,
    "batch_size": 64,
    "n_epochs": 1000,
    "patience": 40,
    "min_delta": 1e-08,
    "optimizer": "adamw",
    "seeds": [
      42,
      7,
      123,
      256,
      999
    ],
    "model": "MMPO2",
    "L": 3,
    "bond_dim": 16,
    "lr": 0.01
  },
  "n_parameters": 7776,
  "train_loss": 7582.399329277816,
  "train_quality": 0.2846830773398735,
  "val_loss": 7827.815347094663,
  "val_quality": 0.15622500781344595,
  "test_loss": 9751.194024809407,
  "test_quality": 0.18864400039732354,
  "best_epoch": 186,
  "stopped_early": true,
  "patience_counter": 40,
  "success": true
}