{
  "run_id": "MMPO2-L4-d8-seed256",
  "seed": 256,
  "model": "MMPO2",
  "dataset": "appliances",
  "task": "regression",
  "params": {
    "output_site": 1,
    "init_strength": 0.01,
    "rank": 5,
    "batch_size": 64,
    "n_epochs": 1000,
    "patience": 40,
    "min_delta": 1e-08,
    "optimizer": "adamw",
    "seeds": [
      42,
      7,
      123,
      256,
      999
    ],
    "model": "MMPO2",
    "L": 4,
    "bond_dim": 8,
    "lr": 0.01
  },
  "n_parameters": 3888,
  "train_loss": 7299.1240854011885,
  "train_quality": 0.31140701615079946,
  "val_loss": 7507.333685940183,
  "val_quality": 0.16917051536230798,
  "test_loss": 9855.883984539,
  "test_quality": 0.1799331874744492,
  "best_epoch": 76,
  "stopped_early": true,
  "patience_counter": 40,
  "success": true
}