{
  "run_id": "MMPO2-L3-d16-seed999",
  "seed": 999,
  "model": "MMPO2",
  "dataset": "appliances",
  "task": "regression",
  "params": {
    "init_strength": 0.01,
    "batch_size": 64,
    "n_epochs": 1000,
    "patience": 40,
    "min_delta": 1e-08,
    "optimizer": "adamw",
    "seeds": [
      42,
      7,
      123,
      256,
      999
    ],
    "model": "MMPO2",
    "L": 3,
    "bond_dim": 16,
    "lr": 0.001
  },
  "n_parameters": 7776,
  "train_loss": 5939.626465089219,
  "train_quality": 0.439660832903807,
  "val_loss": 6754.219225845024,
  "val_quality": 0.2174279327539812,
  "test_loss": 8649.889230495904,
  "test_quality": 0.2802789581249665,
  "best_epoch": 985,
  "stopped_early": false,
  "patience_counter": 36,
  "success": true
}