{
  "run_id": "MMPO2-L3-d16-seed7",
  "seed": 7,
  "model": "MMPO2",
  "dataset": "appliances",
  "task": "regression",
  "params": {
    "init_strength": 0.01,
    "batch_size": 64,
    "n_epochs": 1000,
    "patience": 40,
    "min_delta": 1e-08,
    "optimizer": "adamw",
    "seeds": [
      42,
      7,
      123,
      256,
      999
    ],
    "model": "MMPO2",
    "L": 3,
    "bond_dim": 16,
    "lr": 0.001
  },
  "n_parameters": 7776,
  "train_loss": 5958.810572918121,
  "train_quality": 0.43785102094584694,
  "val_loss": 6812.469557258357,
  "val_quality": 0.21590495429316214,
  "test_loss": 8560.962985791615,
  "test_quality": 0.2876781383668314,
  "best_epoch": 948,
  "stopped_early": false,
  "patience_counter": 39,
  "success": true
}