{
  "run_id": "MMPO2-L3-d8-seed7",
  "seed": 7,
  "model": "MMPO2",
  "dataset": "appliances",
  "task": "regression",
  "params": {
    "init_strength": 0.01,
    "batch_size": 64,
    "n_epochs": 1000,
    "patience": 40,
    "min_delta": 1e-08,
    "optimizer": "adamw",
    "seeds": [
      42,
      7,
      123,
      256,
      999
    ],
    "model": "MMPO2",
    "L": 3,
    "bond_dim": 8,
    "lr": 0.001
  },
  "n_parameters": 2160,
  "train_loss": 6985.15273833164,
  "train_quality": 0.3410267984962163,
  "val_loss": 7048.503035625263,
  "val_quality": 0.17756095759272283,
  "test_loss": 9130.258690333754,
  "test_quality": 0.24030942800653,
  "best_epoch": 956,
  "stopped_early": false,
  "patience_counter": 7,
  "success": true
}