{
  "run_id": "MMPO2-L4-d8-seed123",
  "seed": 123,
  "model": "MMPO2",
  "dataset": "appliances",
  "task": "regression",
  "params": {
    "output_site": 1,
    "init_strength": 0.01,
    "rank": 5,
    "batch_size": 64,
    "n_epochs": 1000,
    "patience": 40,
    "min_delta": 1e-08,
    "optimizer": "adamw",
    "seeds": [
      42,
      7,
      123,
      256,
      999
    ],
    "model": "MMPO2",
    "L": 4,
    "bond_dim": 8,
    "lr": 0.01
  },
  "n_parameters": 3888,
  "train_loss": 7971.767394697897,
  "train_quality": 0.24795043451229637,
  "val_loss": 7979.8090377513245,
  "val_quality": 0.1896761184963538,
  "test_loss": 10301.30981091735,
  "test_quality": 0.14287117069060007,
  "best_epoch": 159,
  "stopped_early": true,
  "patience_counter": 40,
  "success": true
}