{
  "run_id": "MMPO2TypeI_GTN-L3-d12-seed999",
  "seed": 999,
  "model": "MMPO2TypeI_GTN",
  "dataset": "appliances",
  "task": "regression",
  "params": {
    "init_strength": 0.01,
    "batch_size": 64,
    "n_epochs": 1000,
    "patience": 40,
    "min_delta": 1e-08,
    "optimizer": "adamw",
    "seeds": [
      42,
      7,
      123,
      256,
      999
    ],
    "model": "MMPO2TypeI_GTN",
    "L": 3,
    "bond_dim": 12,
    "lr": 0.001
  },
  "n_parameters": 5211,
  "train_loss": 5484.643235959809,
  "train_quality": 0.4825835529017012,
  "val_loss": 6008.38351081108,
  "val_quality": 0.30427868816724757,
  "test_loss": 7804.6962940332805,
  "test_quality": 0.35060392120908035,
  "best_epoch": 909,
  "stopped_early": true,
  "patience_counter": 40,
  "success": true
}