{
  "run_id": "MMPO2TypeI_GTN-L3-d12-seed256",
  "seed": 256,
  "model": "MMPO2TypeI_GTN",
  "dataset": "appliances",
  "task": "regression",
  "params": {
    "init_strength": 0.01,
    "batch_size": 64,
    "n_epochs": 1000,
    "patience": 40,
    "min_delta": 1e-08,
    "optimizer": "adamw",
    "seeds": [
      42,
      7,
      123,
      256,
      999
    ],
    "model": "MMPO2TypeI_GTN",
    "L": 3,
    "bond_dim": 12,
    "lr": 0.001
  },
  "n_parameters": 5211,
  "train_loss": 5486.552596666174,
  "train_quality": 0.4824034254822114,
  "val_loss": 6093.966584941598,
  "val_quality": 0.29698612335735786,
  "test_loss": 7736.731913817785,
  "test_quality": 0.3562589525320977,
  "best_epoch": 870,
  "stopped_early": true,
  "patience_counter": 40,
  "success": true
}