{
  "run_id": "MMPO2-L4-d16-seed123",
  "seed": 123,
  "model": "MMPO2",
  "dataset": "appliances",
  "task": "regression",
  "params": {
    "init_strength": 0.01,
    "batch_size": 64,
    "n_epochs": 1000,
    "patience": 40,
    "min_delta": 1e-08,
    "optimizer": "adamw",
    "seeds": [
      42,
      7,
      123,
      256,
      999
    ],
    "model": "MMPO2",
    "L": 4,
    "bond_dim": 16,
    "lr": 0.001
  },
  "n_parameters": 14688,
  "train_loss": 4110.1970829372085,
  "train_quality": 0.6122476011596054,
  "val_loss": 6827.690205025727,
  "val_quality": 0.25881389693061163,
  "test_loss": 7619.402675289192,
  "test_quality": 0.3660214268882419,
  "best_epoch": 432,
  "stopped_early": true,
  "patience_counter": 40,
  "success": true
}