{
  "run_id": "MMPO2-L3-d16-seed256",
  "seed": 256,
  "model": "MMPO2",
  "dataset": "appliances",
  "task": "regression",
  "params": {
    "init_strength": 0.01,
    "batch_size": 64,
    "n_epochs": 1000,
    "patience": 40,
    "min_delta": 1e-08,
    "optimizer": "adamw",
    "seeds": [
      42,
      7,
      123,
      256,
      999
    ],
    "model": "MMPO2",
    "L": 3,
    "bond_dim": 16,
    "lr": 0.001
  },
  "n_parameters": 7776,
  "train_loss": 6011.770706540995,
  "train_quality": 0.43285480824830413,
  "val_loss": 6840.137103802872,
  "val_quality": 0.21972507801478147,
  "test_loss": 8697.455382281332,
  "test_quality": 0.27632117792585165,
  "best_epoch": 879,
  "stopped_early": true,
  "patience_counter": 40,
  "success": true
}