{
  "run_id": "MMPO2-L3-d8-seed999",
  "seed": 999,
  "model": "MMPO2",
  "dataset": "appliances",
  "task": "regression",
  "params": {
    "output_site": 1,
    "init_strength": 0.01,
    "rank": 5,
    "batch_size": 64,
    "n_epochs": 1000,
    "patience": 40,
    "min_delta": 1e-08,
    "optimizer": "adamw",
    "seeds": [
      42,
      7,
      123,
      256,
      999
    ],
    "model": "MMPO2",
    "L": 3,
    "bond_dim": 8,
    "lr": 0.01
  },
  "n_parameters": 2160,
  "train_loss": 7900.821074303225,
  "train_quality": 0.2546434483427368,
  "val_loss": 7944.180615015985,
  "val_quality": 0.14994412238372923,
  "test_loss": 10197.775848605597,
  "test_quality": 0.15148579791169237,
  "best_epoch": 244,
  "stopped_early": true,
  "patience_counter": 40,
  "success": true
}