{
  "run_id": "MMPO2TypeI_GTN-L4-d16-seed123",
  "seed": 123,
  "model": "MMPO2TypeI_GTN",
  "dataset": "appliances",
  "task": "regression",
  "params": {
    "init_strength": 0.01,
    "batch_size": 64,
    "n_epochs": 1000,
    "patience": 40,
    "min_delta": 1e-08,
    "optimizer": "adamw",
    "seeds": [
      42,
      7,
      123,
      256,
      999
    ],
    "model": "MMPO2TypeI_GTN",
    "L": 4,
    "bond_dim": 16,
    "lr": 0.001
  },
  "n_parameters": 23355,
  "train_loss": 3722.3828261636572,
  "train_quality": 0.6488336590381215,
  "val_loss": 6460.061848676781,
  "val_quality": 0.30542257474039025,
  "test_loss": 7593.146354037867,
  "test_quality": 0.3682061053717751,
  "best_epoch": 313,
  "stopped_early": true,
  "patience_counter": 40,
  "success": true
}