{
  "run_id": "MMPO2-L4-d12-seed42",
  "seed": 42,
  "model": "MMPO2",
  "dataset": "appliances",
  "task": "regression",
  "params": {
    "output_site": 1,
    "init_strength": 0.01,
    "rank": 5,
    "batch_size": 64,
    "n_epochs": 1000,
    "patience": 40,
    "min_delta": 1e-08,
    "optimizer": "adamw",
    "seeds": [
      42,
      7,
      123,
      256,
      999
    ],
    "model": "MMPO2",
    "L": 4,
    "bond_dim": 12,
    "lr": 0.01
  },
  "n_parameters": 8424,
  "train_loss": 8017.311132757962,
  "train_quality": 0.24365387808723837,
  "val_loss": 8342.947608645247,
  "val_quality": 0.18470080305897174,
  "test_loss": 10271.69921716452,
  "test_quality": 0.14533494413537362,
  "best_epoch": 178,
  "stopped_early": true,
  "patience_counter": 40,
  "success": true
}