{
  "run_id": "MMPO2-L3-d16-seed42",
  "seed": 42,
  "model": "MMPO2",
  "dataset": "appliances",
  "task": "regression",
  "params": {
    "output_site": 1,
    "init_strength": 0.01,
    "rank": 5,
    "batch_size": 64,
    "n_epochs": 1000,
    "patience": 40,
    "min_delta": 1e-08,
    "optimizer": "adamw",
    "seeds": [
      42,
      7,
      123,
      256,
      999
    ],
    "model": "MMPO2",
    "L": 3,
    "bond_dim": 16,
    "lr": 0.01
  },
  "n_parameters": 7776,
  "train_loss": 7427.815632762255,
  "train_quality": 0.2992663681008826,
  "val_loss": 7525.361187635177,
  "val_quality": 0.166212948326664,
  "test_loss": 9735.536900011202,
  "test_quality": 0.18994676415212475,
  "best_epoch": 127,
  "stopped_early": true,
  "patience_counter": 40,
  "success": true
}