{
  "run_id": "MMPO2TypeI_GTN-L4-d12-seed999",
  "seed": 999,
  "model": "MMPO2TypeI_GTN",
  "dataset": "appliances",
  "task": "regression",
  "params": {
    "init_strength": 0.01,
    "batch_size": 64,
    "n_epochs": 1000,
    "patience": 40,
    "min_delta": 1e-08,
    "optimizer": "adamw",
    "seeds": [
      42,
      7,
      123,
      256,
      999
    ],
    "model": "MMPO2TypeI_GTN",
    "L": 4,
    "bond_dim": 12,
    "lr": 0.001
  },
  "n_parameters": 13635,
  "train_loss": 3669.056225807663,
  "train_quality": 0.6538644438868282,
  "val_loss": 6297.751571191625,
  "val_quality": 0.30160730732123875,
  "test_loss": 7381.424057858299,
  "test_quality": 0.38582263057042165,
  "best_epoch": 262,
  "stopped_early": false,
  "patience_counter": 7,
  "success": true
}