{
  "run_id": "MMPO2TypeI_GTN-L4-d16-seed999",
  "seed": 999,
  "model": "MMPO2TypeI_GTN",
  "dataset": "appliances",
  "task": "regression",
  "params": {
    "init_strength": 0.01,
    "batch_size": 64,
    "n_epochs": 1000,
    "patience": 40,
    "min_delta": 1e-08,
    "optimizer": "adamw",
    "seeds": [
      42,
      7,
      123,
      256,
      999
    ],
    "model": "MMPO2TypeI_GTN",
    "L": 4,
    "bond_dim": 16,
    "lr": 0.001
  },
  "n_parameters": 23355,
  "train_loss": 3555.4732131293244,
  "train_quality": 0.6645797659857069,
  "val_loss": 6372.889548523723,
  "val_quality": 0.2994595061896409,
  "test_loss": 7607.085388146542,
  "test_quality": 0.3670462967448559,
  "best_epoch": 610,
  "stopped_early": true,
  "patience_counter": 40,
  "success": true
}