{
  "run_id": "MPO2-L4-d16-seed256",
  "seed": 256,
  "model": "MPO2",
  "dataset": "appliances",
  "task": "regression",
  "params": {
    "init_strength": 0.01,
    "batch_size": 64,
    "n_epochs": 1000,
    "patience": 40,
    "min_delta": 1e-08,
    "optimizer": "adamw",
    "seeds": [
      42,
      7,
      123,
      256,
      999
    ],
    "model": "MPO2",
    "L": 4,
    "bond_dim": 16,
    "lr": 0.001
  },
  "n_parameters": 14688,
  "train_loss": 2641.203261126847,
  "train_quality": 0.7508311938182907,
  "val_loss": 7600.64971192831,
  "val_quality": 0.2577160783414316,
  "test_loss": 7714.548129380328,
  "test_quality": 0.35810477229031745,
  "best_epoch": 310,
  "stopped_early": true,
  "patience_counter": 40,
  "success": true
}