{
  "run_id": "MPO2-L3-d12-seed123",
  "seed": 123,
  "model": "MPO2",
  "dataset": "appliances",
  "task": "regression",
  "params": {
    "init_strength": 0.01,
    "batch_size": 64,
    "n_epochs": 1000,
    "patience": 40,
    "min_delta": 1e-08,
    "optimizer": "adamw",
    "seeds": [
      42,
      7,
      123,
      256,
      999
    ],
    "model": "MPO2",
    "L": 3,
    "bond_dim": 12,
    "lr": 0.001
  },
  "n_parameters": 4536,
  "train_loss": 5484.269904376147,
  "train_quality": 0.48261877267686215,
  "val_loss": 6583.482591792433,
  "val_quality": 0.24796476448778637,
  "test_loss": 8200.390939265091,
  "test_quality": 0.31767982764652214,
  "best_epoch": 895,
  "stopped_early": false,
  "patience_counter": 7,
  "success": true
}