{
  "run_id": "MPO2TypeI_GTN-L4-d12-seed7",
  "seed": 7,
  "model": "MPO2TypeI_GTN",
  "dataset": "appliances",
  "task": "regression",
  "params": {
    "init_strength": 0.01,
    "batch_size": 64,
    "n_epochs": 1000,
    "patience": 40,
    "min_delta": 1e-08,
    "optimizer": "adamw",
    "seeds": [
      42,
      7,
      123,
      256,
      999
    ],
    "model": "MPO2TypeI_GTN",
    "L": 4,
    "bond_dim": 12,
    "lr": 0.001
  },
  "n_parameters": 13635,
  "train_loss": 2813.7657856803867,
  "train_quality": 0.7345517961408992,
  "val_loss": 7256.770367568576,
  "val_quality": 0.2708679013641897,
  "test_loss": 7187.651374424941,
  "test_quality": 0.40194564369709773,
  "best_epoch": 199,
  "stopped_early": false,
  "patience_counter": 19,
  "success": true
}