{
  "run_id": "MPO2-L4-d16-seed42",
  "seed": 42,
  "model": "MPO2",
  "dataset": "appliances",
  "task": "regression",
  "params": {
    "init_strength": 0.01,
    "batch_size": 64,
    "n_epochs": 1000,
    "patience": 40,
    "min_delta": 1e-08,
    "optimizer": "adamw",
    "seeds": [
      42,
      7,
      123,
      256,
      999
    ],
    "model": "MPO2",
    "L": 4,
    "bond_dim": 16,
    "lr": 0.001
  },
  "n_parameters": 14688,
  "train_loss": 2760.5640455948947,
  "train_quality": 0.7395708017808648,
  "val_loss": 8581.5164417504,
  "val_quality": 0.23992534337533655,
  "test_loss": 7617.988538683945,
  "test_quality": 0.366139091270266,
  "best_epoch": 201,
  "stopped_early": true,
  "patience_counter": 40,
  "success": true
}