{
  "run_id": "MPO2TypeI_GTN-L4-d16-seed256",
  "seed": 256,
  "model": "MPO2TypeI_GTN",
  "dataset": "appliances",
  "task": "regression",
  "params": {
    "init_strength": 0.01,
    "batch_size": 64,
    "n_epochs": 1000,
    "patience": 40,
    "min_delta": 1e-08,
    "optimizer": "adamw",
    "seeds": [
      42,
      7,
      123,
      256,
      999
    ],
    "model": "MPO2TypeI_GTN",
    "L": 4,
    "bond_dim": 16,
    "lr": 0.001
  },
  "n_parameters": 23355,
  "train_loss": 2771.7286209291474,
  "train_quality": 0.7385175455061568,
  "val_loss": 7841.158464559147,
  "val_quality": 0.2693732284484436,
  "test_loss": 6900.153683097556,
  "test_quality": 0.42586712204497124,
  "best_epoch": 203,
  "stopped_early": true,
  "patience_counter": 40,
  "success": true
}