{
  "run_id": "MPO2TypeI_GTN-L4-d12-seed123",
  "seed": 123,
  "model": "MPO2TypeI_GTN",
  "dataset": "appliances",
  "task": "regression",
  "params": {
    "init_strength": 0.01,
    "batch_size": 64,
    "n_epochs": 1000,
    "patience": 40,
    "min_delta": 1e-08,
    "optimizer": "adamw",
    "seeds": [
      42,
      7,
      123,
      256,
      999
    ],
    "model": "MPO2TypeI_GTN",
    "L": 4,
    "bond_dim": 12,
    "lr": 0.001
  },
  "n_parameters": 13635,
  "train_loss": 2910.0904737718697,
  "train_quality": 0.7254646092928334,
  "val_loss": 7234.35939139655,
  "val_quality": 0.28050536401614445,
  "test_loss": 7533.760851936944,
  "test_quality": 0.3731473241903538,
  "best_epoch": 145,
  "stopped_early": true,
  "patience_counter": 40,
  "success": true
}