{
  "run_id": "MPO2TypeI_GTN-L4-d16-seed42",
  "seed": 42,
  "model": "MPO2TypeI_GTN",
  "dataset": "appliances",
  "task": "regression",
  "params": {
    "init_strength": 0.01,
    "batch_size": 64,
    "n_epochs": 1000,
    "patience": 40,
    "min_delta": 1e-08,
    "optimizer": "adamw",
    "seeds": [
      42,
      7,
      123,
      256,
      999
    ],
    "model": "MPO2TypeI_GTN",
    "L": 4,
    "bond_dim": 16,
    "lr": 0.001
  },
  "n_parameters": 23355,
  "train_loss": 2625.531979431168,
  "train_quality": 0.7523096088304633,
  "val_loss": 7603.332312156931,
  "val_quality": 0.28333739702154415,
  "test_loss": 7426.879209283848,
  "test_quality": 0.38204049786665883,
  "best_epoch": 96,
  "stopped_early": true,
  "patience_counter": 40,
  "success": true
}