{
  "run_id": "MPO2TypeI_GTN-L3-d16-seed123",
  "seed": 123,
  "model": "MPO2TypeI_GTN",
  "dataset": "appliances",
  "task": "regression",
  "params": {
    "init_strength": 0.01,
    "batch_size": 64,
    "n_epochs": 1000,
    "patience": 40,
    "min_delta": 1e-08,
    "optimizer": "adamw",
    "seeds": [
      42,
      7,
      123,
      256,
      999
    ],
    "model": "MPO2TypeI_GTN",
    "L": 3,
    "bond_dim": 16,
    "lr": 0.001
  },
  "n_parameters": 8667,
  "train_loss": 4503.830919410884,
  "train_quality": 0.5751125292208307,
  "val_loss": 5996.17622524412,
  "val_quality": 0.3083111395708945,
  "test_loss": 7172.879473058397,
  "test_quality": 0.40317475171902717,
  "best_epoch": 925,
  "stopped_early": false,
  "patience_counter": 11,
  "success": true
}