{
  "run_id": "MPO2-L3-d16-seed999",
  "seed": 999,
  "model": "MPO2",
  "dataset": "appliances",
  "task": "regression",
  "params": {
    "init_strength": 0.01,
    "batch_size": 64,
    "n_epochs": 1000,
    "patience": 40,
    "min_delta": 1e-08,
    "optimizer": "adamw",
    "seeds": [
      42,
      7,
      123,
      256,
      999
    ],
    "model": "MPO2",
    "L": 3,
    "bond_dim": 16,
    "lr": 0.001
  },
  "n_parameters": 7776,
  "train_loss": 5026.341719152867,
  "train_quality": 0.5258193172575774,
  "val_loss": 6475.841698866938,
  "val_quality": 0.2547029148545231,
  "test_loss": 8049.297471320351,
  "test_quality": 0.3302516820682311,
  "best_epoch": 979,
  "stopped_early": false,
  "patience_counter": 2,
  "success": true
}