{
  "run_id": "MPO2TypeI_GTN-L4-d12-seed42",
  "seed": 42,
  "model": "MPO2TypeI_GTN",
  "dataset": "appliances",
  "task": "regression",
  "params": {
    "init_strength": 0.01,
    "batch_size": 64,
    "n_epochs": 1000,
    "patience": 40,
    "min_delta": 1e-08,
    "optimizer": "adamw",
    "seeds": [
      42,
      7,
      123,
      256,
      999
    ],
    "model": "MPO2TypeI_GTN",
    "L": 4,
    "bond_dim": 12,
    "lr": 0.001
  },
  "n_parameters": 13635,
  "train_loss": 2887.002758276274,
  "train_quality": 0.727642684184747,
  "val_loss": 6736.271636403822,
  "val_quality": 0.27558922559044496,
  "test_loss": 6965.931412015328,
  "test_quality": 0.4203940328148843,
  "best_epoch": 170,
  "stopped_early": true,
  "patience_counter": 40,
  "success": true
}