{
  "run_id": "MPO2TypeI_GTN-L3-d12-seed256",
  "seed": 256,
  "model": "MPO2TypeI_GTN",
  "dataset": "appliances",
  "task": "regression",
  "params": {
    "init_strength": 0.01,
    "batch_size": 64,
    "n_epochs": 1000,
    "patience": 40,
    "min_delta": 1e-08,
    "optimizer": "adamw",
    "seeds": [
      42,
      7,
      123,
      256,
      999
    ],
    "model": "MPO2TypeI_GTN",
    "L": 3,
    "bond_dim": 12,
    "lr": 0.001
  },
  "n_parameters": 5211,
  "train_loss": 4901.127612900565,
  "train_quality": 0.5376319065539747,
  "val_loss": 6013.554984443364,
  "val_quality": 0.30615972672346603,
  "test_loss": 7480.220020230779,
  "test_quality": 0.37760223247317426,
  "best_epoch": 937,
  "stopped_early": true,
  "patience_counter": 40,
  "success": true
}