{
  "run_id": "MPO2-L3-d16-seed123",
  "seed": 123,
  "model": "MPO2",
  "dataset": "appliances",
  "task": "regression",
  "params": {
    "output_site": 1,
    "init_strength": 0.01,
    "batch_size": 64,
    "n_epochs": 1000,
    "patience": 40,
    "min_delta": 1e-08,
    "optimizer": "adamw",
    "rank": 5,
    "seeds": [
      42,
      7,
      123,
      256,
      999
    ],
    "model": "MPO2",
    "L": 3,
    "bond_dim": 16,
    "lr": 0.01
  },
  "n_parameters": 7776,
  "train_loss": 6686.116979370659,
  "train_quality": 0.3692375705191764,
  "val_loss": 8167.228457013177,
  "val_quality": 0.20115831744805257,
  "test_loss": 9593.841166723883,
  "test_quality": 0.20173667244727955,
  "best_epoch": 186,
  "stopped_early": true,
  "patience_counter": 40,
  "success": true
}