{
  "run_id": "MPO2-L4-d8-seed42",
  "seed": 42,
  "model": "MPO2",
  "dataset": "appliances",
  "task": "regression",
  "params": {
    "output_site": 1,
    "init_strength": 0.01,
    "batch_size": 64,
    "n_epochs": 1000,
    "patience": 40,
    "min_delta": 1e-08,
    "optimizer": "adamw",
    "rank": 5,
    "seeds": [
      42,
      7,
      123,
      256,
      999
    ],
    "model": "MPO2",
    "L": 4,
    "bond_dim": 8,
    "lr": 0.01
  },
  "n_parameters": 3888,
  "train_loss": 6924.551273851733,
  "train_quality": 0.34674388766521824,
  "val_loss": 7519.657088718767,
  "val_quality": 0.1981383063602019,
  "test_loss": 9194.77292806777,
  "test_quality": 0.2349414685841138,
  "best_epoch": 276,
  "stopped_early": true,
  "patience_counter": 40,
  "success": true
}