{
  "run_id": "MPO2-L4-d12-seed999",
  "seed": 999,
  "model": "MPO2",
  "dataset": "appliances",
  "task": "regression",
  "params": {
    "init_strength": 0.01,
    "batch_size": 64,
    "n_epochs": 1000,
    "patience": 40,
    "min_delta": 1e-08,
    "optimizer": "adamw",
    "seeds": [
      42,
      7,
      123,
      256,
      999
    ],
    "model": "MPO2",
    "L": 4,
    "bond_dim": 12,
    "lr": 0.001
  },
  "n_parameters": 8424,
  "train_loss": 3204.2333956964058,
  "train_quality": 0.6977154232375855,
  "val_loss": 8756.102538272888,
  "val_quality": 0.1985738332429251,
  "test_loss": 7625.23566768093,
  "test_quality": 0.3655360880301872,
  "best_epoch": 136,
  "stopped_early": true,
  "patience_counter": 40,
  "success": true
}