{
  "run_id": "MPO2-L4-d12-seed256",
  "seed": 256,
  "model": "MPO2",
  "dataset": "appliances",
  "task": "regression",
  "params": {
    "output_site": 1,
    "init_strength": 0.01,
    "batch_size": 64,
    "n_epochs": 1000,
    "patience": 40,
    "min_delta": 1e-08,
    "optimizer": "adamw",
    "rank": 5,
    "seeds": [
      42,
      7,
      123,
      256,
      999
    ],
    "model": "MPO2",
    "L": 4,
    "bond_dim": 12,
    "lr": 0.01
  },
  "n_parameters": 8424,
  "train_loss": 9846.262384671425,
  "train_quality": 0.07111221622006614,
  "val_loss": 8632.863050541837,
  "val_quality": 0.08235617016775232,
  "test_loss": 11521.472529939889,
  "test_quality": 0.04134654303457319,
  "best_epoch": 30,
  "stopped_early": true,
  "patience_counter": 40,
  "success": true
}