{
  "run_id": "MPO2-L3-d8-seed7",
  "seed": 7,
  "model": "MPO2",
  "dataset": "appliances",
  "task": "regression",
  "params": {
    "init_strength": 0.01,
    "batch_size": 64,
    "n_epochs": 1000,
    "patience": 40,
    "min_delta": 1e-08,
    "optimizer": "adamw",
    "seeds": [
      42,
      7,
      123,
      256,
      999
    ],
    "model": "MPO2",
    "L": 3,
    "bond_dim": 8,
    "lr": 0.001
  },
  "n_parameters": 2160,
  "train_loss": 6305.05111550292,
  "train_quality": 0.4051869909117658,
  "val_loss": 6834.80167495708,
  "val_quality": 0.21176761733931282,
  "test_loss": 8891.915213592592,
  "test_quality": 0.260140990103243,
  "best_epoch": 930,
  "stopped_early": false,
  "patience_counter": 13,
  "success": true
}