{
  "run_id": "MPO2-L3-d16-seed256",
  "seed": 256,
  "model": "MPO2",
  "dataset": "appliances",
  "task": "regression",
  "params": {
    "init_strength": 0.01,
    "batch_size": 64,
    "n_epochs": 1000,
    "patience": 40,
    "min_delta": 1e-08,
    "optimizer": "adamw",
    "seeds": [
      42,
      7,
      123,
      256,
      999
    ],
    "model": "MPO2",
    "L": 3,
    "bond_dim": 16,
    "lr": 0.001
  },
  "n_parameters": 7776,
  "train_loss": 4977.923413012625,
  "train_quality": 0.530387057921792,
  "val_loss": 6483.958207216703,
  "val_quality": 0.2619174196664791,
  "test_loss": 8010.998742253769,
  "test_quality": 0.33343835885122464,
  "best_epoch": 885,
  "stopped_early": false,
  "patience_counter": 19,
  "success": true
}