{
  "run_id": "MPO2-L3-d12-seed42",
  "seed": 42,
  "model": "MPO2",
  "dataset": "appliances",
  "task": "regression",
  "params": {
    "init_strength": 0.01,
    "batch_size": 64,
    "n_epochs": 1000,
    "patience": 40,
    "min_delta": 1e-08,
    "optimizer": "adamw",
    "seeds": [
      42,
      7,
      123,
      256,
      999
    ],
    "model": "MPO2",
    "L": 3,
    "bond_dim": 12,
    "lr": 0.001
  },
  "n_parameters": 4536,
  "train_loss": 5483.47531813869,
  "train_quality": 0.4826937332477166,
  "val_loss": 6671.568297358315,
  "val_quality": 0.23007080739799912,
  "test_loss": 8267.864873834824,
  "test_quality": 0.3120656042508372,
  "best_epoch": 864,
  "stopped_early": true,
  "patience_counter": 40,
  "success": true
}