{
  "run_id": "MPO2-L3-d12-seed7",
  "seed": 7,
  "model": "MPO2",
  "dataset": "appliances",
  "task": "regression",
  "params": {
    "init_strength": 0.01,
    "batch_size": 64,
    "n_epochs": 1000,
    "patience": 40,
    "min_delta": 1e-08,
    "optimizer": "adamw",
    "seeds": [
      42,
      7,
      123,
      256,
      999
    ],
    "model": "MPO2",
    "L": 3,
    "bond_dim": 12,
    "lr": 0.001
  },
  "n_parameters": 4536,
  "train_loss": 5447.960938319818,
  "train_quality": 0.4860441287859898,
  "val_loss": 6493.4817905688205,
  "val_quality": 0.25187029702216757,
  "test_loss": 8256.004178280344,
  "test_quality": 0.3130524830344099,
  "best_epoch": 998,
  "stopped_early": false,
  "patience_counter": 1,
  "success": true
}