{
  "run_id": "MPO2-L4-d8-seed42",
  "seed": 42,
  "model": "MPO2",
  "dataset": "appliances",
  "task": "regression",
  "params": {
    "init_strength": 0.01,
    "batch_size": 64,
    "n_epochs": 1000,
    "patience": 40,
    "min_delta": 1e-08,
    "optimizer": "adamw",
    "seeds": [
      42,
      7,
      123,
      256,
      999
    ],
    "model": "MPO2",
    "L": 4,
    "bond_dim": 8,
    "lr": 0.001
  },
  "n_parameters": 3888,
  "train_loss": 4181.7300940311325,
  "train_quality": 0.6054992394416011,
  "val_loss": 6952.853557640212,
  "val_quality": 0.26188982365042435,
  "test_loss": 7894.351568931398,
  "test_quality": 0.34314408141925157,
  "best_epoch": 896,
  "stopped_early": false,
  "patience_counter": 30,
  "success": true
}