{
  "run_id": "MPO2-L3-d12-seed999",
  "seed": 999,
  "model": "MPO2",
  "dataset": "appliances",
  "task": "regression",
  "params": {
    "output_site": 1,
    "init_strength": 0.01,
    "batch_size": 64,
    "n_epochs": 1000,
    "patience": 40,
    "min_delta": 1e-08,
    "optimizer": "adamw",
    "rank": 5,
    "seeds": [
      42,
      7,
      123,
      256,
      999
    ],
    "model": "MPO2",
    "L": 3,
    "bond_dim": 12,
    "lr": 0.01
  },
  "n_parameters": 4536,
  "train_loss": 6319.458768441316,
  "train_quality": 0.4038277855316358,
  "val_loss": 7173.206897222398,
  "val_quality": 0.197514451884649,
  "test_loss": 9072.318641563674,
  "test_quality": 0.24513037670955762,
  "best_epoch": 206,
  "stopped_early": true,
  "patience_counter": 40,
  "success": true
}