{
  "run_id": "MPO2TypeI_GTN-L4-d12-seed999",
  "seed": 999,
  "model": "MPO2TypeI_GTN",
  "dataset": "appliances",
  "task": "regression",
  "params": {
    "init_strength": 0.01,
    "batch_size": 64,
    "n_epochs": 1000,
    "patience": 40,
    "min_delta": 1e-08,
    "optimizer": "adamw",
    "seeds": [
      42,
      7,
      123,
      256,
      999
    ],
    "model": "MPO2TypeI_GTN",
    "L": 4,
    "bond_dim": 12,
    "lr": 0.001
  },
  "n_parameters": 13635,
  "train_loss": 2907.703963323729,
  "train_quality": 0.7256897506017419,
  "val_loss": 6999.517341142327,
  "val_quality": 0.269137043415558,
  "test_loss": 7683.889183964852,
  "test_quality": 0.36065577468459287,
  "best_epoch": 136,
  "stopped_early": true,
  "patience_counter": 40,
  "success": true
}