{
  "run_id": "MPO2-L4-d16-seed999",
  "seed": 999,
  "model": "MPO2",
  "dataset": "appliances",
  "task": "regression",
  "params": {
    "init_strength": 0.01,
    "batch_size": 64,
    "n_epochs": 1000,
    "patience": 40,
    "min_delta": 1e-08,
    "optimizer": "adamw",
    "seeds": [
      42,
      7,
      123,
      256,
      999
    ],
    "model": "MPO2",
    "L": 4,
    "bond_dim": 16,
    "lr": 0.001
  },
  "n_parameters": 14688,
  "train_loss": 2481.0260541422563,
  "train_quality": 0.765942171465972,
  "val_loss": 9118.718945017908,
  "val_quality": 0.20227254136922634,
  "test_loss": 7553.223576484335,
  "test_quality": 0.37152791242498806,
  "best_epoch": 149,
  "stopped_early": false,
  "patience_counter": 24,
  "success": true
}