{
  "run_id": "MPO2-L2-d4-init0.1-rf0.1-seed42",
  "seed": 42,
  "model": "MPO2",
  "dataset": "appliances",
  "task": "regression",
  "params": {
    "output_site": 1,
    "init_strength": 0.1,
    "batch_size": 32,
    "n_epochs": 1000,
    "patience": 40,
    "min_delta": 1e-08,
    "optimizer": "adamw",
    "rank": 5,
    "seeds": [
      42,
      7,
      123,
      256,
      999
    ],
    "model": "MPO2",
    "L": 2,
    "bond_dim": 4,
    "weight_decay": 0.1,
    "lr": 0.01,
    "reduction_factor": 0.1
  },
  "train_loss": 10539.812635569295,
  "train_quality": 0.0056832919919779235,
  "val_loss": 8686.572438015082,
  "val_quality": -0.0075512985753529716,
  "test_loss": 11909.927605527837,
  "test_quality": 0.00902482372999247,
  "best_epoch": 164,
  "stopped_early": true,
  "patience_counter": 40,
  "success": true
}