{
  "run_id": "MPO2-L4-d8-seed256",
  "seed": 256,
  "model": "MPO2",
  "dataset": "appliances",
  "task": "regression",
  "params": {
    "init_strength": 0.01,
    "batch_size": 64,
    "n_epochs": 1000,
    "patience": 40,
    "min_delta": 1e-08,
    "optimizer": "adamw",
    "seeds": [
      42,
      7,
      123,
      256,
      999
    ],
    "model": "MPO2",
    "L": 4,
    "bond_dim": 8,
    "lr": 0.001
  },
  "n_parameters": 3888,
  "train_loss": 4057.8293894778576,
  "train_quality": 0.6171879235701527,
  "val_loss": 6934.918454339517,
  "val_quality": 0.22218943566204497,
  "test_loss": 9115.130213485276,
  "test_quality": 0.2415682051803446,
  "best_epoch": 953,
  "stopped_early": false,
  "patience_counter": 23,
  "success": true
}