{
  "run_id": "MPO2-L4-d16-seed7",
  "seed": 7,
  "model": "MPO2",
  "dataset": "appliances",
  "task": "regression",
  "params": {
    "output_site": 1,
    "init_strength": 0.01,
    "batch_size": 64,
    "n_epochs": 1000,
    "patience": 40,
    "min_delta": 1e-08,
    "optimizer": "adamw",
    "rank": 5,
    "seeds": [
      42,
      7,
      123,
      256,
      999
    ],
    "model": "MPO2",
    "L": 4,
    "bond_dim": 16,
    "lr": 0.01
  },
  "n_parameters": 14688,
  "train_loss": 11193.124089340628,
  "train_quality": -0.055949539300070406,
  "val_loss": 9649.052220679447,
  "val_quality": 0.11294833210777178,
  "test_loss": 12635.7453817197,
  "test_quality": -0.05136743242174058,
  "best_epoch": 17,
  "stopped_early": true,
  "patience_counter": 40,
  "success": true
}