{
  "run_id": "MPO2-L4-d16-seed7",
  "seed": 7,
  "model": "MPO2",
  "dataset": "appliances",
  "task": "regression",
  "params": {
    "init_strength": 0.01,
    "batch_size": 64,
    "n_epochs": 1000,
    "patience": 40,
    "min_delta": 1e-08,
    "optimizer": "adamw",
    "seeds": [
      42,
      7,
      123,
      256,
      999
    ],
    "model": "MPO2",
    "L": 4,
    "bond_dim": 16,
    "lr": 0.001
  },
  "n_parameters": 14688,
  "train_loss": 2613.3413290000153,
  "train_quality": 0.7534596641326112,
  "val_loss": 7014.974812463068,
  "val_quality": 0.2579762336642396,
  "test_loss": 8922.066229428106,
  "test_quality": 0.25763225040121074,
  "best_epoch": 151,
  "stopped_early": true,
  "patience_counter": 40,
  "success": true
}