{
  "run_id": "MPO2TypeI_GTN-L3-d12-seed123",
  "seed": 123,
  "model": "MPO2TypeI_GTN",
  "dataset": "appliances",
  "task": "regression",
  "params": {
    "init_strength": 0.01,
    "batch_size": 64,
    "n_epochs": 1000,
    "patience": 40,
    "min_delta": 1e-08,
    "optimizer": "adamw",
    "seeds": [
      42,
      7,
      123,
      256,
      999
    ],
    "model": "MPO2TypeI_GTN",
    "L": 3,
    "bond_dim": 12,
    "lr": 0.001
  },
  "n_parameters": 5211,
  "train_loss": 4850.736708663347,
  "train_quality": 0.5423857403978145,
  "val_loss": 6056.195617765046,
  "val_quality": 0.3032196362736519,
  "test_loss": 7537.532720586422,
  "test_quality": 0.37283348280327044,
  "best_epoch": 958,
  "stopped_early": false,
  "patience_counter": 28,
  "success": true
}