{
  "run_id": "MPO2-L4-d8-seed7",
  "seed": 7,
  "model": "MPO2",
  "dataset": "appliances",
  "task": "regression",
  "params": {
    "output_site": 1,
    "init_strength": 0.01,
    "batch_size": 64,
    "n_epochs": 1000,
    "patience": 40,
    "min_delta": 1e-08,
    "optimizer": "adamw",
    "rank": 5,
    "seeds": [
      42,
      7,
      123,
      256,
      999
    ],
    "model": "MPO2",
    "L": 4,
    "bond_dim": 8,
    "lr": 0.01
  },
  "n_parameters": 3888,
  "train_loss": 6805.106980597936,
  "train_quality": 0.3580121578484714,
  "val_loss": 7955.894789371886,
  "val_quality": 0.17043362870911416,
  "test_loss": 9729.135516943208,
  "test_quality": 0.19047939641692802,
  "best_epoch": 139,
  "stopped_early": true,
  "patience_counter": 40,
  "success": true
}