{
  "run_id": "MPO2-L3-d8-seed123",
  "seed": 123,
  "model": "MPO2",
  "dataset": "appliances",
  "task": "regression",
  "params": {
    "init_strength": 0.01,
    "batch_size": 64,
    "n_epochs": 1000,
    "patience": 40,
    "min_delta": 1e-08,
    "optimizer": "adamw",
    "seeds": [
      42,
      7,
      123,
      256,
      999
    ],
    "model": "MPO2",
    "L": 3,
    "bond_dim": 8,
    "lr": 0.001
  },
  "n_parameters": 2160,
  "train_loss": 6513.444966689981,
  "train_quality": 0.3855272972107454,
  "val_loss": 7089.529284846812,
  "val_quality": 0.19071144910007964,
  "test_loss": 9079.178553723705,
  "test_quality": 0.24455959216013468,
  "best_epoch": 948,
  "stopped_early": false,
  "patience_counter": 13,
  "success": true
}