{
  "run_id": "MPO2-L3-d12-seed256",
  "seed": 256,
  "model": "MPO2",
  "dataset": "appliances",
  "task": "regression",
  "params": {
    "init_strength": 0.01,
    "batch_size": 64,
    "n_epochs": 1000,
    "patience": 40,
    "min_delta": 1e-08,
    "optimizer": "adamw",
    "seeds": [
      42,
      7,
      123,
      256,
      999
    ],
    "model": "MPO2",
    "L": 3,
    "bond_dim": 12,
    "lr": 0.001
  },
  "n_parameters": 4536,
  "train_loss": 5404.291181154431,
  "train_quality": 0.49016389549205597,
  "val_loss": 6594.704904493219,
  "val_quality": 0.24227755695614872,
  "test_loss": 8258.11933868717,
  "test_quality": 0.31287648939898116,
  "best_epoch": 918,
  "stopped_early": false,
  "patience_counter": 8,
  "success": true
}