{
  "run_id": "MPO2-L4-d12-seed42",
  "seed": 42,
  "model": "MPO2",
  "dataset": "appliances",
  "task": "regression",
  "params": {
    "output_site": 1,
    "init_strength": 0.01,
    "batch_size": 64,
    "n_epochs": 1000,
    "patience": 40,
    "min_delta": 1e-08,
    "optimizer": "adamw",
    "rank": 5,
    "seeds": [
      42,
      7,
      123,
      256,
      999
    ],
    "model": "MPO2",
    "L": 4,
    "bond_dim": 12,
    "lr": 0.01
  },
  "n_parameters": 8424,
  "train_loss": 8295.002603221785,
  "train_quality": 0.2174567075776146,
  "val_loss": 7859.187203526539,
  "val_quality": 0.08074435159018667,
  "test_loss": 10240.328140729458,
  "test_quality": 0.14794519996812794,
  "best_epoch": 76,
  "stopped_early": true,
  "patience_counter": 40,
  "success": true
}