{
  "run_id": "MMPO2-L3-d8-seed42",
  "seed": 42,
  "model": "MMPO2",
  "dataset": "abalone",
  "task": "regression",
  "params": {
    "init_strength": 0.01,
    "batch_size": 64,
    "n_epochs": 1000,
    "patience": 40,
    "min_delta": 1e-08,
    "optimizer": "adamw",
    "seeds": [
      42,
      7,
      123,
      256,
      999
    ],
    "model": "MMPO2",
    "L": 3,
    "bond_dim": 8,
    "lr": 0.001
  },
  "n_parameters": 880,
  "train_loss": 4.102589056710989,
  "train_quality": 0.6087768416792612,
  "val_loss": 4.905472409940698,
  "val_quality": 0.519944443588364,
  "test_loss": 4.258310287788103,
  "test_quality": 0.5851419024224762,
  "best_epoch": 566,
  "stopped_early": true,
  "patience_counter": 40,
  "success": true
}