{
  "run_id": "MMPO2-L3-d16-seed42",
  "seed": 42,
  "model": "MMPO2",
  "dataset": "abalone",
  "task": "regression",
  "params": {
    "init_strength": 0.01,
    "batch_size": 64,
    "n_epochs": 1000,
    "patience": 40,
    "min_delta": 1e-08,
    "optimizer": "adamw",
    "seeds": [
      42,
      7,
      123,
      256,
      999
    ],
    "model": "MMPO2",
    "L": 3,
    "bond_dim": 16,
    "lr": 0.001
  },
  "n_parameters": 3168,
  "train_loss": 4.315262578469962,
  "train_quality": 0.5884962808617848,
  "val_loss": 5.077502498172519,
  "val_quality": 0.510736059349014,
  "test_loss": 4.529088705452768,
  "test_quality": 0.5587618099384772,
  "best_epoch": 279,
  "stopped_early": true,
  "patience_counter": 40,
  "success": true
}