{
  "run_id": "MMPO2-L4-d8-seed256",
  "seed": 256,
  "model": "MMPO2",
  "dataset": "abalone",
  "task": "regression",
  "params": {
    "init_strength": 0.01,
    "batch_size": 64,
    "n_epochs": 1000,
    "patience": 40,
    "min_delta": 1e-08,
    "optimizer": "adamw",
    "seeds": [
      42,
      7,
      123,
      256,
      999
    ],
    "model": "MMPO2",
    "L": 4,
    "bond_dim": 8,
    "lr": 0.001
  },
  "n_parameters": 1584,
  "train_loss": 4.336713764021104,
  "train_quality": 0.5864506944174606,
  "val_loss": 5.147998121039699,
  "val_quality": 0.4914616872320082,
  "test_loss": 4.486322705199847,
  "test_quality": 0.5629282093567644,
  "best_epoch": 569,
  "stopped_early": true,
  "patience_counter": 40,
  "success": true
}