{
  "run_id": "MMPO2TypeI_GTN-L3-d16-seed256",
  "seed": 256,
  "model": "MMPO2TypeI_GTN",
  "dataset": "abalone",
  "task": "regression",
  "params": {
    "init_strength": 0.01,
    "batch_size": 64,
    "n_epochs": 1000,
    "patience": 40,
    "min_delta": 1e-08,
    "optimizer": "adamw",
    "seeds": [
      42,
      7,
      123,
      256,
      999
    ],
    "model": "MMPO2TypeI_GTN",
    "L": 3,
    "bond_dim": 16,
    "lr": 0.001
  },
  "n_parameters": 3531,
  "train_loss": 4.172754849629556,
  "train_quality": 0.6020858271193754,
  "val_loss": 4.688256520667276,
  "val_quality": 0.5438974642568986,
  "test_loss": 4.167576790520464,
  "test_quality": 0.5939814475751525,
  "best_epoch": 156,
  "stopped_early": true,
  "patience_counter": 40,
  "success": true
}