{
  "run_id": "MMPO2-L4-d16-seed7",
  "seed": 7,
  "model": "MMPO2",
  "dataset": "abalone",
  "task": "regression",
  "params": {
    "init_strength": 0.01,
    "batch_size": 64,
    "n_epochs": 1000,
    "patience": 40,
    "min_delta": 1e-08,
    "optimizer": "adamw",
    "seeds": [
      42,
      7,
      123,
      256,
      999
    ],
    "model": "MMPO2",
    "L": 4,
    "bond_dim": 16,
    "lr": 0.001
  },
  "n_parameters": 5984,
  "train_loss": 4.22775269149798,
  "train_quality": 0.596841229354607,
  "val_loss": 5.177702507727259,
  "val_quality": 0.4884396840344222,
  "test_loss": 6.038241155369447,
  "test_quality": 0.4117353905339628,
  "best_epoch": 355,
  "stopped_early": true,
  "patience_counter": 40,
  "success": true
}