{
  "run_id": "MMPO2-L3-d12-seed7",
  "seed": 7,
  "model": "MMPO2",
  "dataset": "abalone",
  "task": "regression",
  "params": {
    "init_strength": 0.01,
    "batch_size": 64,
    "n_epochs": 1000,
    "patience": 40,
    "min_delta": 1e-08,
    "optimizer": "adamw",
    "seeds": [
      42,
      7,
      123,
      256,
      999
    ],
    "model": "MMPO2",
    "L": 3,
    "bond_dim": 12,
    "lr": 0.001
  },
  "n_parameters": 1848,
  "train_loss": 4.094328504732336,
  "train_quality": 0.6095645684512796,
  "val_loss": 4.854434646153607,
  "val_quality": 0.5223236595969691,
  "test_loss": 4.275182089807735,
  "test_quality": 0.583498197944519,
  "best_epoch": 392,
  "stopped_early": true,
  "patience_counter": 40,
  "success": true
}