{
  "run_id": "MMPO2TypeI_GTN-L3-d12-seed123",
  "seed": 123,
  "model": "MMPO2TypeI_GTN",
  "dataset": "abalone",
  "task": "regression",
  "params": {
    "init_strength": 0.01,
    "batch_size": 64,
    "n_epochs": 1000,
    "patience": 40,
    "min_delta": 1e-08,
    "optimizer": "adamw",
    "seeds": [
      42,
      7,
      123,
      256,
      999
    ],
    "model": "MMPO2TypeI_GTN",
    "L": 3,
    "bond_dim": 12,
    "lr": 0.001
  },
  "n_parameters": 2123,
  "train_loss": 4.13586528911004,
  "train_quality": 0.6056036180011848,
  "val_loss": 4.703961182532186,
  "val_quality": 0.545405884653916,
  "test_loss": 4.2057769139349706,
  "test_quality": 0.5902598703635489,
  "best_epoch": 133,
  "stopped_early": true,
  "patience_counter": 40,
  "success": true
}