{
  "run_id": "MMPO2-L4-d16-seed42",
  "seed": 42,
  "model": "MMPO2",
  "dataset": "abalone",
  "task": "regression",
  "params": {
    "output_site": 1,
    "init_strength": 0.01,
    "rank": 5,
    "batch_size": 64,
    "n_epochs": 1000,
    "patience": 40,
    "min_delta": 1e-08,
    "optimizer": "adamw",
    "seeds": [
      42,
      7,
      123,
      256,
      999
    ],
    "model": "MMPO2",
    "L": 4,
    "bond_dim": 16,
    "lr": 0.01
  },
  "n_parameters": 5984,
  "train_loss": 4.6651576077691095,
  "train_quality": 0.5551302681924875,
  "val_loss": 5.375111335395962,
  "val_quality": 0.5119787335212249,
  "test_loss": 4.592603439197436,
  "test_quality": 0.552574003078789,
  "best_epoch": 335,
  "stopped_early": true,
  "patience_counter": 40,
  "success": true
}