{
  "run_id": "MMPO2-L3-d12-seed999",
  "seed": 999,
  "model": "MMPO2",
  "dataset": "abalone",
  "task": "regression",
  "params": {
    "output_site": 1,
    "init_strength": 0.01,
    "rank": 5,
    "batch_size": 64,
    "n_epochs": 1000,
    "patience": 40,
    "min_delta": 1e-08,
    "optimizer": "adamw",
    "seeds": [
      42,
      7,
      123,
      256,
      999
    ],
    "model": "MMPO2",
    "L": 3,
    "bond_dim": 12,
    "lr": 0.01
  },
  "n_parameters": 1848,
  "train_loss": 4.323275496628801,
  "train_quality": 0.5877321684668719,
  "val_loss": 4.763785355772524,
  "val_quality": 0.5351754419300998,
  "test_loss": 4.087664900275256,
  "test_quality": 0.6017667174405316,
  "best_epoch": 436,
  "stopped_early": true,
  "patience_counter": 40,
  "success": true
}