{
  "run_id": "MMPO2-L4-d8-seed999",
  "seed": 999,
  "model": "MMPO2",
  "dataset": "abalone",
  "task": "regression",
  "params": {
    "init_strength": 0.01,
    "batch_size": 64,
    "n_epochs": 1000,
    "patience": 40,
    "min_delta": 1e-08,
    "optimizer": "adamw",
    "seeds": [
      42,
      7,
      123,
      256,
      999
    ],
    "model": "MMPO2",
    "L": 4,
    "bond_dim": 8,
    "lr": 0.001
  },
  "n_parameters": 1584,
  "train_loss": 4.23331797850558,
  "train_quality": 0.5963105232248981,
  "val_loss": 5.087378037590034,
  "val_quality": 0.5275000268965482,
  "test_loss": 4.506007160025818,
  "test_quality": 0.5610104873193704,
  "best_epoch": 587,
  "stopped_early": true,
  "patience_counter": 40,
  "success": true
}