{
  "run_id": "MMPO2-L3-d16-seed7",
  "seed": 7,
  "model": "MMPO2",
  "dataset": "abalone",
  "task": "regression",
  "params": {
    "init_strength": 0.01,
    "batch_size": 64,
    "n_epochs": 1000,
    "patience": 40,
    "min_delta": 1e-08,
    "optimizer": "adamw",
    "seeds": [
      42,
      7,
      123,
      256,
      999
    ],
    "model": "MMPO2",
    "L": 3,
    "bond_dim": 16,
    "lr": 0.001
  },
  "n_parameters": 3168,
  "train_loss": 4.143941705468555,
  "train_quality": 0.604833450413836,
  "val_loss": 4.809254052232949,
  "val_quality": 0.5232761903381608,
  "test_loss": 4.393819026546643,
  "test_quality": 0.5719402111958612,
  "best_epoch": 282,
  "stopped_early": true,
  "patience_counter": 40,
  "success": true
}