{
  "run_id": "MMPO2-L3-d16-seed42",
  "seed": 42,
  "model": "MMPO2",
  "dataset": "abalone",
  "task": "regression",
  "params": {
    "output_site": 1,
    "init_strength": 0.01,
    "rank": 5,
    "batch_size": 64,
    "n_epochs": 1000,
    "patience": 40,
    "min_delta": 1e-08,
    "optimizer": "adamw",
    "seeds": [
      42,
      7,
      123,
      256,
      999
    ],
    "model": "MMPO2",
    "L": 3,
    "bond_dim": 16,
    "lr": 0.01
  },
  "n_parameters": 3168,
  "train_loss": 4.734081677449623,
  "train_quality": 0.5485576644410537,
  "val_loss": 5.322072996862459,
  "val_quality": 0.5125131696224572,
  "test_loss": 4.489051153888427,
  "test_quality": 0.5626623952296144,
  "best_epoch": 221,
  "stopped_early": true,
  "patience_counter": 40,
  "success": true
}