{
  "run_id": "MMPO2-L4-d12-seed42",
  "seed": 42,
  "model": "MMPO2",
  "dataset": "abalone",
  "task": "regression",
  "params": {
    "init_strength": 0.01,
    "batch_size": 64,
    "n_epochs": 1000,
    "patience": 40,
    "min_delta": 1e-08,
    "optimizer": "adamw",
    "seeds": [
      42,
      7,
      123,
      256,
      999
    ],
    "model": "MMPO2",
    "L": 4,
    "bond_dim": 12,
    "lr": 0.001
  },
  "n_parameters": 3432,
  "train_loss": 4.217315886365359,
  "train_quality": 0.5978364837684226,
  "val_loss": 5.189214796601876,
  "val_quality": 0.496047959304572,
  "test_loss": 6.886093418983154,
  "test_quality": 0.3291349332309129,
  "best_epoch": 478,
  "stopped_early": true,
  "patience_counter": 40,
  "success": true
}