{
  "run_id": "MMPO2-L4-d8-seed42",
  "seed": 42,
  "model": "MMPO2",
  "dataset": "abalone",
  "task": "regression",
  "params": {
    "output_site": 1,
    "init_strength": 0.01,
    "rank": 5,
    "batch_size": 64,
    "n_epochs": 1000,
    "patience": 40,
    "min_delta": 1e-08,
    "optimizer": "adamw",
    "seeds": [
      42,
      7,
      123,
      256,
      999
    ],
    "model": "MMPO2",
    "L": 4,
    "bond_dim": 8,
    "lr": 0.01
  },
  "n_parameters": 1584,
  "train_loss": 4.427505589057847,
  "train_quality": 0.5777927800980929,
  "val_loss": 4.973350018486416,
  "val_quality": 0.5221977451406661,
  "test_loss": 4.209283386788444,
  "test_quality": 0.5899182586540005,
  "best_epoch": 398,
  "stopped_early": true,
  "patience_counter": 40,
  "success": true
}