{
  "run_id": "MMPO2-L4-d16-seed256",
  "seed": 256,
  "model": "MMPO2",
  "dataset": "abalone",
  "task": "regression",
  "params": {
    "output_site": 1,
    "init_strength": 0.01,
    "rank": 5,
    "batch_size": 64,
    "n_epochs": 1000,
    "patience": 40,
    "min_delta": 1e-08,
    "optimizer": "adamw",
    "seeds": [
      42,
      7,
      123,
      256,
      999
    ],
    "model": "MMPO2",
    "L": 4,
    "bond_dim": 16,
    "lr": 0.01
  },
  "n_parameters": 5984,
  "train_loss": 4.499461026160115,
  "train_quality": 0.5709311049528696,
  "val_loss": 5.087318119555365,
  "val_quality": 0.5145496322647818,
  "test_loss": 4.295090132389823,
  "test_quality": 0.5815586932785997,
  "best_epoch": 421,
  "stopped_early": true,
  "patience_counter": 40,
  "success": true
}