{
  "run_id": "MMPO2TypeI_GTN-L3-d16-seed123",
  "seed": 123,
  "model": "MMPO2TypeI_GTN",
  "dataset": "abalone",
  "task": "regression",
  "params": {
    "init_strength": 0.01,
    "batch_size": 64,
    "n_epochs": 1000,
    "patience": 40,
    "min_delta": 1e-08,
    "optimizer": "adamw",
    "seeds": [
      42,
      7,
      123,
      256,
      999
    ],
    "model": "MMPO2TypeI_GTN",
    "L": 3,
    "bond_dim": 16,
    "lr": 0.001
  },
  "n_parameters": 3531,
  "train_loss": 4.136336019299899,
  "train_quality": 0.6055587291397737,
  "val_loss": 4.786467215334606,
  "val_quality": 0.5454675168126099,
  "test_loss": 4.235198364627089,
  "test_quality": 0.5873935392985944,
  "best_epoch": 113,
  "stopped_early": true,
  "patience_counter": 40,
  "success": true
}