{
  "run_id": "MMPO2-L4-d12-seed42",
  "seed": 42,
  "model": "MMPO2",
  "dataset": "abalone",
  "task": "regression",
  "params": {
    "output_site": 1,
    "init_strength": 0.01,
    "rank": 5,
    "batch_size": 64,
    "n_epochs": 1000,
    "patience": 40,
    "min_delta": 1e-08,
    "optimizer": "adamw",
    "seeds": [
      42,
      7,
      123,
      256,
      999
    ],
    "model": "MMPO2",
    "L": 4,
    "bond_dim": 12,
    "lr": 0.01
  },
  "n_parameters": 3432,
  "train_loss": 4.77430901048307,
  "train_quality": 0.5447215833560078,
  "val_loss": 5.4604036029279746,
  "val_quality": 0.49803955306285697,
  "test_loss": 6.119036752081784,
  "test_quality": 0.40386402718102776,
  "best_epoch": 205,
  "stopped_early": true,
  "patience_counter": 40,
  "success": true
}