{
  "run_id": "MMPO2-L4-d8-seed256",
  "seed": 256,
  "model": "MMPO2",
  "dataset": "abalone",
  "task": "regression",
  "params": {
    "output_site": 1,
    "init_strength": 0.01,
    "rank": 5,
    "batch_size": 64,
    "n_epochs": 1000,
    "patience": 40,
    "min_delta": 1e-08,
    "optimizer": "adamw",
    "seeds": [
      42,
      7,
      123,
      256,
      999
    ],
    "model": "MMPO2",
    "L": 4,
    "bond_dim": 8,
    "lr": 0.01
  },
  "n_parameters": 1584,
  "train_loss": 4.344795740353861,
  "train_quality": 0.585679996630607,
  "val_loss": 5.094428277209124,
  "val_quality": 0.5130195080461668,
  "test_loss": 4.1424388738427735,
  "test_quality": 0.596430463167059,
  "best_epoch": 404,
  "stopped_early": true,
  "patience_counter": 40,
  "success": true
}