{
  "run_id": "MMPO2-L4-d8-seed123",
  "seed": 123,
  "model": "MMPO2",
  "dataset": "abalone",
  "task": "regression",
  "params": {
    "init_strength": 0.01,
    "batch_size": 64,
    "n_epochs": 1000,
    "patience": 40,
    "min_delta": 1e-08,
    "optimizer": "adamw",
    "seeds": [
      42,
      7,
      123,
      256,
      999
    ],
    "model": "MMPO2",
    "L": 4,
    "bond_dim": 8,
    "lr": 0.001
  },
  "n_parameters": 1584,
  "train_loss": 4.091064261376192,
  "train_quality": 0.6098758469092644,
  "val_loss": 5.124896888605095,
  "val_quality": 0.5154894413992552,
  "test_loss": 4.530039059485433,
  "test_quality": 0.55866922343365,
  "best_epoch": 793,
  "stopped_early": false,
  "patience_counter": 26,
  "success": true
}