{
  "run_id": "MMPO2-L3-d12-seed42",
  "seed": 42,
  "model": "MMPO2",
  "dataset": "abalone",
  "task": "regression",
  "params": {
    "init_strength": 0.01,
    "batch_size": 64,
    "n_epochs": 1000,
    "patience": 40,
    "min_delta": 1e-08,
    "optimizer": "adamw",
    "seeds": [
      42,
      7,
      123,
      256,
      999
    ],
    "model": "MMPO2",
    "L": 3,
    "bond_dim": 12,
    "lr": 0.001
  },
  "n_parameters": 1848,
  "train_loss": 4.2212997432129225,
  "train_quality": 0.5974565829212606,
  "val_loss": 4.867191757623695,
  "val_quality": 0.5177653438870665,
  "test_loss": 4.126171289113623,
  "test_quality": 0.5980153028797193,
  "best_epoch": 367,
  "stopped_early": true,
  "patience_counter": 40,
  "success": true
}