{
  "run_id": "MMPO2TypeI_GTN-L4-d8-seed999",
  "seed": 999,
  "model": "MMPO2TypeI_GTN",
  "dataset": "abalone",
  "task": "regression",
  "params": {
    "init_strength": 0.01,
    "batch_size": 64,
    "n_epochs": 1000,
    "patience": 40,
    "min_delta": 1e-08,
    "optimizer": "adamw",
    "seeds": [
      42,
      7,
      123,
      256,
      999
    ],
    "model": "MMPO2TypeI_GTN",
    "L": 4,
    "bond_dim": 8,
    "lr": 0.001
  },
  "n_parameters": 2651,
  "train_loss": 4.096775721305583,
  "train_quality": 0.6093312017202602,
  "val_loss": 4.611927308594077,
  "val_quality": 0.5403193910230506,
  "test_loss": 4.040449665517831,
  "test_quality": 0.6063665753992893,
  "best_epoch": 449,
  "stopped_early": true,
  "patience_counter": 40,
  "success": true
}