{
  "run_id": "MMPO2-L4-d16-seed999",
  "seed": 999,
  "model": "MMPO2",
  "dataset": "abalone",
  "task": "regression",
  "params": {
    "init_strength": 0.01,
    "batch_size": 64,
    "n_epochs": 1000,
    "patience": 40,
    "min_delta": 1e-08,
    "optimizer": "adamw",
    "seeds": [
      42,
      7,
      123,
      256,
      999
    ],
    "model": "MMPO2",
    "L": 4,
    "bond_dim": 16,
    "lr": 0.001
  },
  "n_parameters": 5984,
  "train_loss": 4.375694744894038,
  "train_quality": 0.5827334655552121,
  "val_loss": 5.195282062835725,
  "val_quality": 0.49011547768216057,
  "test_loss": 4.241493331724958,
  "test_quality": 0.5867802636333559,
  "best_epoch": 572,
  "stopped_early": true,
  "patience_counter": 40,
  "success": true
}