{
  "run_id": "MMPO2TypeI_GTN-L4-d16-seed123",
  "seed": 123,
  "model": "MMPO2TypeI_GTN",
  "dataset": "abalone",
  "task": "regression",
  "params": {
    "init_strength": 0.01,
    "batch_size": 64,
    "n_epochs": 1000,
    "patience": 40,
    "min_delta": 1e-08,
    "optimizer": "adamw",
    "seeds": [
      42,
      7,
      123,
      256,
      999
    ],
    "model": "MMPO2TypeI_GTN",
    "L": 4,
    "bond_dim": 16,
    "lr": 0.001
  },
  "n_parameters": 9515,
  "train_loss": 4.21091742986996,
  "train_quality": 0.5984466409944826,
  "val_loss": 4.710357565711947,
  "val_quality": 0.5408200583043599,
  "test_loss": 4.1528513476673865,
  "test_quality": 0.5954160469338543,
  "best_epoch": 100,
  "stopped_early": true,
  "patience_counter": 40,
  "success": true
}