{
  "run_id": "MMPO2-L3-d16-seed256",
  "seed": 256,
  "model": "MMPO2",
  "dataset": "abalone",
  "task": "regression",
  "params": {
    "init_strength": 0.01,
    "batch_size": 64,
    "n_epochs": 1000,
    "patience": 40,
    "min_delta": 1e-08,
    "optimizer": "adamw",
    "seeds": [
      42,
      7,
      123,
      256,
      999
    ],
    "model": "MMPO2",
    "L": 3,
    "bond_dim": 16,
    "lr": 0.001
  },
  "n_parameters": 3168,
  "train_loss": 4.992580910641142,
  "train_quality": 0.5239071608115844,
  "val_loss": 4.94880906511916,
  "val_quality": 0.5108676102719325,
  "test_loss": 4.24783436758154,
  "test_quality": 0.586162499803492,
  "best_epoch": 277,
  "stopped_early": true,
  "patience_counter": 40,
  "success": true
}