{
  "run_id": "MMPO2-L3-d12-seed7",
  "seed": 7,
  "model": "MMPO2",
  "dataset": "abalone",
  "task": "regression",
  "params": {
    "output_site": 1,
    "init_strength": 0.01,
    "rank": 5,
    "batch_size": 64,
    "n_epochs": 1000,
    "patience": 40,
    "min_delta": 1e-08,
    "optimizer": "adamw",
    "seeds": [
      42,
      7,
      123,
      256,
      999
    ],
    "model": "MMPO2",
    "L": 3,
    "bond_dim": 12,
    "lr": 0.01
  },
  "n_parameters": 1848,
  "train_loss": 4.470160444270378,
  "train_quality": 0.5737252103407313,
  "val_loss": 5.165705406423973,
  "val_quality": 0.5262983796991008,
  "test_loss": 4.308152166449173,
  "test_quality": 0.5802861484816892,
  "best_epoch": 362,
  "stopped_early": true,
  "patience_counter": 40,
  "success": true
}