{
  "run_id": "MMPO2-L3-d16-seed999",
  "seed": 999,
  "model": "MMPO2",
  "dataset": "abalone",
  "task": "regression",
  "params": {
    "init_strength": 0.01,
    "batch_size": 64,
    "n_epochs": 1000,
    "patience": 40,
    "min_delta": 1e-08,
    "optimizer": "adamw",
    "seeds": [
      42,
      7,
      123,
      256,
      999
    ],
    "model": "MMPO2",
    "L": 3,
    "bond_dim": 16,
    "lr": 0.001
  },
  "n_parameters": 3168,
  "train_loss": 4.246540733724359,
  "train_quality": 0.5950496004303201,
  "val_loss": 4.9163713734007555,
  "val_quality": 0.5194494902077879,
  "test_loss": 4.243725463972422,
  "test_quality": 0.586562802228446,
  "best_epoch": 445,
  "stopped_early": true,
  "patience_counter": 40,
  "success": true
}