{
  "run_id": "MMPO2-L4-d12-seed256",
  "seed": 256,
  "model": "MMPO2",
  "dataset": "abalone",
  "task": "regression",
  "params": {
    "init_strength": 0.01,
    "batch_size": 64,
    "n_epochs": 1000,
    "patience": 40,
    "min_delta": 1e-08,
    "optimizer": "adamw",
    "seeds": [
      42,
      7,
      123,
      256,
      999
    ],
    "model": "MMPO2",
    "L": 4,
    "bond_dim": 12,
    "lr": 0.001
  },
  "n_parameters": 3432,
  "train_loss": 4.840401287107846,
  "train_quality": 0.5384190195738867,
  "val_loss": 5.576279455023013,
  "val_quality": 0.4785847065526041,
  "test_loss": 24.416893824972043,
  "test_quality": -1.3787712581747726,
  "best_epoch": 305,
  "stopped_early": true,
  "patience_counter": 40,
  "success": true
}