{
  "run_id": "MMPO2TypeI_GTN-L4-d8-seed256",
  "seed": 256,
  "model": "MMPO2TypeI_GTN",
  "dataset": "abalone",
  "task": "regression",
  "params": {
    "init_strength": 0.01,
    "batch_size": 64,
    "n_epochs": 1000,
    "patience": 40,
    "min_delta": 1e-08,
    "optimizer": "adamw",
    "seeds": [
      42,
      7,
      123,
      256,
      999
    ],
    "model": "MMPO2TypeI_GTN",
    "L": 4,
    "bond_dim": 8,
    "lr": 0.001
  },
  "n_parameters": 2651,
  "train_loss": 4.120057041520772,
  "train_quality": 0.6071110935157683,
  "val_loss": 4.674353708943998,
  "val_quality": 0.5414844600256614,
  "test_loss": 4.164775179918808,
  "test_quality": 0.5942543893679778,
  "best_epoch": 127,
  "stopped_early": true,
  "patience_counter": 40,
  "success": true
}