{
  "run_id": "MMPO2-L3-d12-seed123",
  "seed": 123,
  "model": "MMPO2",
  "dataset": "abalone",
  "task": "regression",
  "params": {
    "output_site": 1,
    "init_strength": 0.01,
    "rank": 5,
    "batch_size": 64,
    "n_epochs": 1000,
    "patience": 40,
    "min_delta": 1e-08,
    "optimizer": "adamw",
    "seeds": [
      42,
      7,
      123,
      256,
      999
    ],
    "model": "MMPO2",
    "L": 3,
    "bond_dim": 12,
    "lr": 0.01
  },
  "n_parameters": 1848,
  "train_loss": 4.428108940664765,
  "train_quality": 0.5777352444497563,
  "val_loss": 4.80880771314598,
  "val_quality": 0.5412419418702523,
  "test_loss": 4.418242706583523,
  "test_quality": 0.5695607788033932,
  "best_epoch": 405,
  "stopped_early": true,
  "patience_counter": 40,
  "success": true
}