{
  "run_id": "MMPO2-L4-d8-seed7",
  "seed": 7,
  "model": "MMPO2",
  "dataset": "abalone",
  "task": "regression",
  "params": {
    "init_strength": 0.01,
    "batch_size": 64,
    "n_epochs": 1000,
    "patience": 40,
    "min_delta": 1e-08,
    "optimizer": "adamw",
    "seeds": [
      42,
      7,
      123,
      256,
      999
    ],
    "model": "MMPO2",
    "L": 4,
    "bond_dim": 8,
    "lr": 0.001
  },
  "n_parameters": 1584,
  "train_loss": 4.465752974641358,
  "train_quality": 0.5741455069301854,
  "val_loss": 5.654045555837007,
  "val_quality": 0.4624557529440947,
  "test_loss": 4.823958345528055,
  "test_quality": 0.5300346741386706,
  "best_epoch": 448,
  "stopped_early": true,
  "patience_counter": 40,
  "success": true
}