{
  "run_id": "MMPO2-L4-d16-seed256",
  "seed": 256,
  "model": "MMPO2",
  "dataset": "abalone",
  "task": "regression",
  "params": {
    "init_strength": 0.01,
    "batch_size": 64,
    "n_epochs": 1000,
    "patience": 40,
    "min_delta": 1e-08,
    "optimizer": "adamw",
    "seeds": [
      42,
      7,
      123,
      256,
      999
    ],
    "model": "MMPO2",
    "L": 4,
    "bond_dim": 16,
    "lr": 0.001
  },
  "n_parameters": 5984,
  "train_loss": 4.270240201664355,
  "train_quality": 0.592789617631692,
  "val_loss": 5.2513611353606535,
  "val_quality": 0.48412417203250635,
  "test_loss": 4.413765535092106,
  "test_quality": 0.5699969590537578,
  "best_epoch": 457,
  "stopped_early": true,
  "patience_counter": 40,
  "success": true
}