{
  "run_id": "MMPO2TypeI_GTN-L4-d12-seed123",
  "seed": 123,
  "model": "MMPO2TypeI_GTN",
  "dataset": "abalone",
  "task": "regression",
  "params": {
    "init_strength": 0.01,
    "batch_size": 64,
    "n_epochs": 1000,
    "patience": 40,
    "min_delta": 1e-08,
    "optimizer": "adamw",
    "seeds": [
      42,
      7,
      123,
      256,
      999
    ],
    "model": "MMPO2TypeI_GTN",
    "L": 4,
    "bond_dim": 12,
    "lr": 0.001
  },
  "n_parameters": 5555,
  "train_loss": 4.124443140242674,
  "train_quality": 0.6066928348574019,
  "val_loss": 4.678563918240788,
  "val_quality": 0.5405281767124592,
  "test_loss": 4.073622679208574,
  "test_quality": 0.6031347551653056,
  "best_epoch": 240,
  "stopped_early": true,
  "patience_counter": 40,
  "success": true
}