{
  "run_id": "MPO2-L4-d12-seed999",
  "seed": 999,
  "model": "MPO2",
  "dataset": "abalone",
  "task": "regression",
  "params": {
    "output_site": 1,
    "init_strength": 0.01,
    "batch_size": 64,
    "n_epochs": 1000,
    "patience": 40,
    "min_delta": 1e-08,
    "optimizer": "adamw",
    "rank": 5,
    "seeds": [
      42,
      7,
      123,
      256,
      999
    ],
    "model": "MPO2",
    "L": 4,
    "bond_dim": 12,
    "lr": 0.01
  },
  "n_parameters": 3432,
  "train_loss": 4.198964488827067,
  "train_quality": 0.5995864742269567,
  "val_loss": 4.893855380269155,
  "val_quality": 0.5245159597557951,
  "test_loss": 4.05269584727297,
  "test_quality": 0.6051735135221181,
  "best_epoch": 462,
  "stopped_early": true,
  "patience_counter": 40,
  "success": true
}