{
  "run_id": "MPO2TypeI_GTN-L4-d12-seed123",
  "seed": 123,
  "model": "MPO2TypeI_GTN",
  "dataset": "abalone",
  "task": "regression",
  "params": {
    "init_strength": 0.01,
    "batch_size": 64,
    "n_epochs": 1000,
    "patience": 40,
    "min_delta": 1e-08,
    "optimizer": "adamw",
    "seeds": [
      42,
      7,
      123,
      256,
      999
    ],
    "model": "MPO2TypeI_GTN",
    "L": 4,
    "bond_dim": 12,
    "lr": 0.001
  },
  "n_parameters": 5555,
  "train_loss": 4.230197603896068,
  "train_quality": 0.5966080823498805,
  "val_loss": 4.918579761163934,
  "val_quality": 0.5282915088452947,
  "test_loss": 4.0782004035105475,
  "test_quality": 0.6026887787411361,
  "best_epoch": 200,
  "stopped_early": true,
  "patience_counter": 40,
  "success": true
}