{
  "run_id": "MPO2TypeI_GTN-L3-d16-seed256",
  "seed": 256,
  "model": "MPO2TypeI_GTN",
  "dataset": "abalone",
  "task": "regression",
  "params": {
    "init_strength": 0.01,
    "batch_size": 64,
    "n_epochs": 1000,
    "patience": 40,
    "min_delta": 1e-08,
    "optimizer": "adamw",
    "seeds": [
      42,
      7,
      123,
      256,
      999
    ],
    "model": "MPO2TypeI_GTN",
    "L": 3,
    "bond_dim": 16,
    "lr": 0.001
  },
  "n_parameters": 3531,
  "train_loss": 4.233104532638465,
  "train_quality": 0.5963308774366186,
  "val_loss": 4.883507573118042,
  "val_quality": 0.5288761441857778,
  "test_loss": 4.150286108036919,
  "test_quality": 0.5956659607167879,
  "best_epoch": 59,
  "stopped_early": true,
  "patience_counter": 40,
  "success": true
}