{
  "run_id": "MPO2-L3-d12-seed999",
  "seed": 999,
  "model": "MPO2",
  "dataset": "abalone",
  "task": "regression",
  "params": {
    "output_site": 1,
    "init_strength": 0.01,
    "batch_size": 64,
    "n_epochs": 1000,
    "patience": 40,
    "min_delta": 1e-08,
    "optimizer": "adamw",
    "rank": 5,
    "seeds": [
      42,
      7,
      123,
      256,
      999
    ],
    "model": "MPO2",
    "L": 3,
    "bond_dim": 12,
    "lr": 0.01
  },
  "n_parameters": 1848,
  "train_loss": 4.441723198826349,
  "train_quality": 0.5764369879091806,
  "val_loss": 5.108140904152922,
  "val_quality": 0.5208570429551231,
  "test_loss": 4.338883893028071,
  "test_quality": 0.5772921661830399,
  "best_epoch": 282,
  "stopped_early": true,
  "patience_counter": 40,
  "success": true
}