{
  "run_id": "MPO2-L4-d8-seed256",
  "seed": 256,
  "model": "MPO2",
  "dataset": "abalone",
  "task": "regression",
  "params": {
    "init_strength": 0.01,
    "batch_size": 64,
    "n_epochs": 1000,
    "patience": 40,
    "min_delta": 1e-08,
    "optimizer": "adamw",
    "seeds": [
      42,
      7,
      123,
      256,
      999
    ],
    "model": "MPO2",
    "L": 4,
    "bond_dim": 8,
    "lr": 0.001
  },
  "n_parameters": 1584,
  "train_loss": 5.199007114152038,
  "train_quality": 0.5042223446671092,
  "val_loss": 7.087158699833179,
  "val_quality": 0.35850053980596974,
  "test_loss": 15.954142431826345,
  "test_quality": -0.554303169670213,
  "best_epoch": 997,
  "stopped_early": false,
  "patience_counter": 3,
  "success": true
}