{
  "run_id": "MPO2-L3-d12-seed256",
  "seed": 256,
  "model": "MPO2",
  "dataset": "abalone",
  "task": "regression",
  "params": {
    "init_strength": 0.01,
    "batch_size": 64,
    "n_epochs": 1000,
    "patience": 40,
    "min_delta": 1e-08,
    "optimizer": "adamw",
    "seeds": [
      42,
      7,
      123,
      256,
      999
    ],
    "model": "MPO2",
    "L": 3,
    "bond_dim": 12,
    "lr": 0.001
  },
  "n_parameters": 1848,
  "train_loss": 407.0678699176734,
  "train_quality": -37.81801845582868,
  "val_loss": 8.566304531858833,
  "val_quality": 0.3693750754101969,
  "test_loss": 413.0567213879907,
  "test_quality": -39.24129620569304,
  "best_epoch": 540,
  "stopped_early": true,
  "patience_counter": 40,
  "success": true
}