{
  "run_id": "MPO2-L4-d16-seed999",
  "seed": 999,
  "model": "MPO2",
  "dataset": "abalone",
  "task": "regression",
  "params": {
    "output_site": 1,
    "init_strength": 0.01,
    "batch_size": 64,
    "n_epochs": 1000,
    "patience": 40,
    "min_delta": 1e-08,
    "optimizer": "adamw",
    "rank": 5,
    "seeds": [
      42,
      7,
      123,
      256,
      999
    ],
    "model": "MPO2",
    "L": 4,
    "bond_dim": 16,
    "lr": 0.01
  },
  "n_parameters": 5984,
  "train_loss": 37.839915976996146,
  "train_quality": -2.6084168398235676,
  "val_loss": 32.84720548776341,
  "val_quality": -2.2044440938367935,
  "test_loss": 132.36000819499733,
  "test_quality": -11.894931905876753,
  "best_epoch": 143,
  "stopped_early": true,
  "patience_counter": 40,
  "success": true
}