{
  "run_id": "MPO2-L3-d12-seed42",
  "seed": 42,
  "model": "MPO2",
  "dataset": "abalone",
  "task": "regression",
  "params": {
    "init_strength": 0.01,
    "batch_size": 64,
    "n_epochs": 1000,
    "patience": 40,
    "min_delta": 1e-08,
    "optimizer": "adamw",
    "seeds": [
      42,
      7,
      123,
      256,
      999
    ],
    "model": "MPO2",
    "L": 3,
    "bond_dim": 12,
    "lr": 0.001
  },
  "n_parameters": 1848,
  "train_loss": 4.924523011656938,
  "train_quality": 0.5303971664692846,
  "val_loss": 5.750524877290886,
  "val_quality": 0.4314949369149983,
  "test_loss": 9.572889912121333,
  "test_quality": 0.06737869510101246,
  "best_epoch": 409,
  "stopped_early": true,
  "patience_counter": 40,
  "success": true
}