{
  "run_id": "MPO2-L4-d12-seed123",
  "seed": 123,
  "model": "MPO2",
  "dataset": "abalone",
  "task": "regression",
  "params": {
    "init_strength": 0.01,
    "batch_size": 64,
    "n_epochs": 1000,
    "patience": 40,
    "min_delta": 1e-08,
    "optimizer": "adamw",
    "seeds": [
      42,
      7,
      123,
      256,
      999
    ],
    "model": "MPO2",
    "L": 4,
    "bond_dim": 12,
    "lr": 0.001
  },
  "n_parameters": 3432,
  "train_loss": 145.63609234233812,
  "train_quality": -12.887867203871899,
  "val_loss": 325.3767803286433,
  "val_quality": -28.629529479964432,
  "test_loss": 27965.381129633224,
  "test_quality": -2723.47614884736,
  "best_epoch": 250,
  "stopped_early": true,
  "patience_counter": 40,
  "success": true
}