{
  "run_id": "MPO2-L4-d16-seed42",
  "seed": 42,
  "model": "MPO2",
  "dataset": "abalone",
  "task": "regression",
  "params": {
    "init_strength": 0.01,
    "batch_size": 64,
    "n_epochs": 1000,
    "patience": 40,
    "min_delta": 1e-08,
    "optimizer": "adamw",
    "seeds": [
      42,
      7,
      123,
      256,
      999
    ],
    "model": "MPO2",
    "L": 4,
    "bond_dim": 16,
    "lr": 0.001
  },
  "n_parameters": 5984,
  "train_loss": 9.210036450139484,
  "train_quality": 0.12173032724819499,
  "val_loss": 24.409081901055806,
  "val_quality": 0.23006757499397357,
  "test_loss": 27.23284091911779,
  "test_quality": -1.653109757580618,
  "best_epoch": 603,
  "stopped_early": true,
  "patience_counter": 40,
  "success": true
}