{
  "run_id": "MPO2-L3-d16-seed123",
  "seed": 123,
  "model": "MPO2",
  "dataset": "abalone",
  "task": "regression",
  "params": {
    "init_strength": 0.01,
    "batch_size": 64,
    "n_epochs": 1000,
    "patience": 40,
    "min_delta": 1e-08,
    "optimizer": "adamw",
    "seeds": [
      42,
      7,
      123,
      256,
      999
    ],
    "model": "MPO2",
    "L": 3,
    "bond_dim": 16,
    "lr": 0.001
  },
  "n_parameters": 3168,
  "train_loss": 4.2443489561907235,
  "train_quality": 0.5952586084779681,
  "val_loss": 5.470033984474044,
  "val_quality": 0.4787258413693968,
  "test_loss": 4.545680557703463,
  "test_quality": 0.5571453790551406,
  "best_epoch": 462,
  "stopped_early": true,
  "patience_counter": 40,
  "success": true
}