{
  "run_id": "MPO2TypeI_GTN-L4-d16-seed999",
  "seed": 999,
  "model": "MPO2TypeI_GTN",
  "dataset": "abalone",
  "task": "regression",
  "params": {
    "init_strength": 0.01,
    "batch_size": 64,
    "n_epochs": 1000,
    "patience": 40,
    "min_delta": 1e-08,
    "optimizer": "adamw",
    "seeds": [
      42,
      7,
      123,
      256,
      999
    ],
    "model": "MPO2TypeI_GTN",
    "L": 4,
    "bond_dim": 16,
    "lr": 0.001
  },
  "n_parameters": 9515,
  "train_loss": 4.291617016729993,
  "train_quality": 0.5907511231616847,
  "val_loss": 4.919894439305937,
  "val_quality": 0.527025027841221,
  "test_loss": 4.178612149446064,
  "test_quality": 0.5929063478993283,
  "best_epoch": 40,
  "stopped_early": true,
  "patience_counter": 40,
  "success": true
}