{
  "run_id": "MPO2-L3-d16-seed256",
  "seed": 256,
  "model": "MPO2",
  "dataset": "abalone",
  "task": "regression",
  "params": {
    "init_strength": 0.01,
    "batch_size": 64,
    "n_epochs": 1000,
    "patience": 40,
    "min_delta": 1e-08,
    "optimizer": "adamw",
    "seeds": [
      42,
      7,
      123,
      256,
      999
    ],
    "model": "MPO2",
    "L": 3,
    "bond_dim": 16,
    "lr": 0.001
  },
  "n_parameters": 3168,
  "train_loss": 604.5578645963107,
  "train_quality": -56.650677146938975,
  "val_loss": 8.307924397615277,
  "val_quality": 0.19371817714678596,
  "test_loss": 534.3633577573753,
  "test_quality": -51.05937356188113,
  "best_epoch": 266,
  "stopped_early": true,
  "patience_counter": 40,
  "success": true
}