{
  "run_id": "MPO2-L3-d16-seed42",
  "seed": 42,
  "model": "MPO2",
  "dataset": "abalone",
  "task": "regression",
  "params": {
    "output_site": 1,
    "init_strength": 0.01,
    "batch_size": 64,
    "n_epochs": 1000,
    "patience": 40,
    "min_delta": 1e-08,
    "optimizer": "adamw",
    "rank": 5,
    "seeds": [
      42,
      7,
      123,
      256,
      999
    ],
    "model": "MPO2",
    "L": 3,
    "bond_dim": 16,
    "lr": 0.01
  },
  "n_parameters": 3168,
  "train_loss": 4.2608609413198995,
  "train_quality": 0.5936840245059726,
  "val_loss": 4.914741490863295,
  "val_quality": 0.5211784587329658,
  "test_loss": 4.1146068245577965,
  "test_quality": 0.5991419497046093,
  "best_epoch": 239,
  "stopped_early": true,
  "patience_counter": 40,
  "success": true
}