{
  "run_id": "MPO2-L2-d4-seed123",
  "seed": 123,
  "model": "MPO2",
  "dataset": "abalone",
  "task": "regression",
  "params": {
    "output_site": 1,
    "init_strength": 0.01,
    "batch_size": 32,
    "n_epochs": 1000,
    "patience": 40,
    "min_delta": 1e-08,
    "optimizer": "adamw",
    "rank": 5,
    "seeds": [
      42,
      7,
      123,
      256,
      999
    ],
    "model": "MPO2",
    "L": 2,
    "bond_dim": 4,
    "lr": 0.01
  },
  "n_parameters": 88,
  "train_loss": 4.3428393691187,
  "train_quality": 0.5858665563183771,
  "val_loss": 4.742737070924038,
  "val_quality": 0.5283155375454117,
  "test_loss": 4.103179207255648,
  "test_quality": 0.6002552644359029,
  "best_epoch": 102,
  "stopped_early": true,
  "patience_counter": 40,
  "success": true
}