{
  "run_id": "MPO2-L3-d8-seed123",
  "seed": 123,
  "model": "MPO2",
  "dataset": "abalone",
  "task": "regression",
  "params": {
    "init_strength": 0.01,
    "batch_size": 64,
    "n_epochs": 1000,
    "patience": 40,
    "min_delta": 1e-08,
    "optimizer": "adamw",
    "seeds": [
      42,
      7,
      123,
      256,
      999
    ],
    "model": "MPO2",
    "L": 3,
    "bond_dim": 8,
    "lr": 0.001
  },
  "n_parameters": 880,
  "train_loss": 11.318411850870962,
  "train_quality": -0.07932448760113653,
  "val_loss": 5.982876965073051,
  "val_quality": 0.41528765690388636,
  "test_loss": 27.376936895114394,
  "test_quality": -1.6671480447016775,
  "best_epoch": 456,
  "stopped_early": true,
  "patience_counter": 40,
  "success": true
}