{
  "run_id": "MPO2-L4-d8-seed999",
  "seed": 999,
  "model": "MPO2",
  "dataset": "abalone",
  "task": "regression",
  "params": {
    "output_site": 1,
    "init_strength": 0.01,
    "batch_size": 64,
    "n_epochs": 1000,
    "patience": 40,
    "min_delta": 1e-08,
    "optimizer": "adamw",
    "rank": 5,
    "seeds": [
      42,
      7,
      123,
      256,
      999
    ],
    "model": "MPO2",
    "L": 4,
    "bond_dim": 8,
    "lr": 0.01
  },
  "n_parameters": 1584,
  "train_loss": 4.273303577774241,
  "train_quality": 0.5924974938873278,
  "val_loss": 4.949921109251091,
  "val_quality": 0.520511101256506,
  "test_loss": 4.208174018065918,
  "test_quality": 0.5900263368743827,
  "best_epoch": 461,
  "stopped_early": true,
  "patience_counter": 40,
  "success": true
}