{
  "run_id": "MPO2-L4-d12-seed256",
  "seed": 256,
  "model": "MPO2",
  "dataset": "abalone",
  "task": "regression",
  "params": {
    "output_site": 1,
    "init_strength": 0.01,
    "batch_size": 64,
    "n_epochs": 1000,
    "patience": 40,
    "min_delta": 1e-08,
    "optimizer": "adamw",
    "rank": 5,
    "seeds": [
      42,
      7,
      123,
      256,
      999
    ],
    "model": "MPO2",
    "L": 4,
    "bond_dim": 12,
    "lr": 0.01
  },
  "n_parameters": 3432,
  "train_loss": 34.43958465418232,
  "train_quality": -2.2841610245178443,
  "val_loss": 29.261828128184217,
  "val_quality": -1.8738554146966,
  "test_loss": 74.06049095599228,
  "test_quality": -6.215207983263156,
  "best_epoch": 171,
  "stopped_early": true,
  "patience_counter": 40,
  "success": true
}