{
  "run_id": "MPO2TypeI_GTN-L3-d16-seed42",
  "seed": 42,
  "model": "MPO2TypeI_GTN",
  "dataset": "abalone",
  "task": "regression",
  "params": {
    "init_strength": 0.01,
    "batch_size": 64,
    "n_epochs": 1000,
    "patience": 40,
    "min_delta": 1e-08,
    "optimizer": "adamw",
    "seeds": [
      42,
      7,
      123,
      256,
      999
    ],
    "model": "MPO2TypeI_GTN",
    "L": 3,
    "bond_dim": 16,
    "lr": 0.001
  },
  "n_parameters": 3531,
  "train_loss": 4.1702341668246214,
  "train_quality": 0.6023261995950097,
  "val_loss": 4.80794644038267,
  "val_quality": 0.5326799693546274,
  "test_loss": 4.151450411395628,
  "test_quality": 0.5955525305898706,
  "best_epoch": 359,
  "stopped_early": true,
  "patience_counter": 40,
  "success": true
}