{
  "run_id": "MPO2-L4-d8-seed42",
  "seed": 42,
  "model": "MPO2",
  "dataset": "abalone",
  "task": "regression",
  "params": {
    "init_strength": 0.01,
    "batch_size": 64,
    "n_epochs": 1000,
    "patience": 40,
    "min_delta": 1e-08,
    "optimizer": "adamw",
    "seeds": [
      42,
      7,
      123,
      256,
      999
    ],
    "model": "MPO2",
    "L": 4,
    "bond_dim": 8,
    "lr": 0.001
  },
  "n_parameters": 1584,
  "train_loss": 214.43150678715094,
  "train_quality": -19.448202383691456,
  "val_loss": 8.615331972399098,
  "val_quality": 0.42597769143155173,
  "test_loss": 6.500034386211034,
  "test_quality": 0.36674602896242003,
  "best_epoch": 994,
  "stopped_early": false,
  "patience_counter": 21,
  "success": true
}