{
  "run_id": "MPO2-L3-d12-seed7",
  "seed": 7,
  "model": "MPO2",
  "dataset": "abalone",
  "task": "regression",
  "params": {
    "init_strength": 0.01,
    "batch_size": 64,
    "n_epochs": 1000,
    "patience": 40,
    "min_delta": 1e-08,
    "optimizer": "adamw",
    "seeds": [
      42,
      7,
      123,
      256,
      999
    ],
    "model": "MPO2",
    "L": 3,
    "bond_dim": 12,
    "lr": 0.001
  },
  "n_parameters": 1848,
  "train_loss": 12.195279019277873,
  "train_quality": -0.1629425976067569,
  "val_loss": 9.435981022581965,
  "val_quality": 0.15700441503889206,
  "test_loss": 10.848270340063921,
  "test_quality": -0.05687291228918134,
  "best_epoch": 237,
  "stopped_early": true,
  "patience_counter": 40,
  "success": true
}