{
  "run_id": "MPO2-L4-d16-seed7",
  "seed": 7,
  "model": "MPO2",
  "dataset": "abalone",
  "task": "regression",
  "params": {
    "output_site": 1,
    "init_strength": 0.01,
    "batch_size": 64,
    "n_epochs": 1000,
    "patience": 40,
    "min_delta": 1e-08,
    "optimizer": "adamw",
    "rank": 5,
    "seeds": [
      42,
      7,
      123,
      256,
      999
    ],
    "model": "MPO2",
    "L": 4,
    "bond_dim": 16,
    "lr": 0.01
  },
  "n_parameters": 5984,
  "train_loss": 4.3772677748937845,
  "train_quality": 0.5825834613124944,
  "val_loss": 5.012613817891045,
  "val_quality": 0.5319879029176096,
  "test_loss": 4.431046159838737,
  "test_quality": 0.5683134257687603,
  "best_epoch": 488,
  "stopped_early": true,
  "patience_counter": 40,
  "success": true
}