{
  "run_id": "MPO2TypeI_GTN-L3-d8-seed999",
  "seed": 999,
  "model": "MPO2TypeI_GTN",
  "dataset": "abalone",
  "task": "regression",
  "params": {
    "init_strength": 0.01,
    "batch_size": 64,
    "n_epochs": 1000,
    "patience": 40,
    "min_delta": 1e-08,
    "optimizer": "adamw",
    "seeds": [
      42,
      7,
      123,
      256,
      999
    ],
    "model": "MPO2TypeI_GTN",
    "L": 3,
    "bond_dim": 8,
    "lr": 0.001
  },
  "n_parameters": 1067,
  "train_loss": 4.232504266459396,
  "train_quality": 0.5963881188583555,
  "val_loss": 4.919779874397605,
  "val_quality": 0.5267993987497338,
  "test_loss": 4.270593596698673,
  "test_quality": 0.5839452235000386,
  "best_epoch": 87,
  "stopped_early": true,
  "patience_counter": 40,
  "success": true
}