{
  "run_id": "MPO2TypeI_GTN-L4-d8-seed999",
  "seed": 999,
  "model": "MPO2TypeI_GTN",
  "dataset": "abalone",
  "task": "regression",
  "params": {
    "init_strength": 0.01,
    "batch_size": 64,
    "n_epochs": 1000,
    "patience": 40,
    "min_delta": 1e-08,
    "optimizer": "adamw",
    "seeds": [
      42,
      7,
      123,
      256,
      999
    ],
    "model": "MPO2TypeI_GTN",
    "L": 4,
    "bond_dim": 8,
    "lr": 0.001
  },
  "n_parameters": 2651,
  "train_loss": 3.8860485607552433,
  "train_quality": 0.629426157406745,
  "val_loss": 6.76328429587553,
  "val_quality": 0.5239521939442668,
  "test_loss": 6.240605605614152,
  "test_quality": 0.39202040379694714,
  "best_epoch": 54,
  "stopped_early": true,
  "patience_counter": 40,
  "success": true
}