{
  "run_id": "MPO2TypeI_GTN-L4-d12-seed256",
  "seed": 256,
  "model": "MPO2TypeI_GTN",
  "dataset": "abalone",
  "task": "regression",
  "params": {
    "init_strength": 0.01,
    "batch_size": 64,
    "n_epochs": 1000,
    "patience": 40,
    "min_delta": 1e-08,
    "optimizer": "adamw",
    "seeds": [
      42,
      7,
      123,
      256,
      999
    ],
    "model": "MPO2TypeI_GTN",
    "L": 4,
    "bond_dim": 12,
    "lr": 0.001
  },
  "n_parameters": 5555,
  "train_loss": 3.9908132881814007,
  "train_quality": 0.6194357862099938,
  "val_loss": 5.257981716836647,
  "val_quality": 0.5345064857859843,
  "test_loss": 4.805688673462198,
  "test_quality": 0.5318145635512253,
  "best_epoch": 257,
  "stopped_early": true,
  "patience_counter": 40,
  "success": true
}