{
  "run_id": "MPO2-L3-d16-seed42",
  "seed": 42,
  "model": "MPO2",
  "dataset": "abalone",
  "task": "regression",
  "params": {
    "init_strength": 0.01,
    "batch_size": 64,
    "n_epochs": 1000,
    "patience": 40,
    "min_delta": 1e-08,
    "optimizer": "adamw",
    "seeds": [
      42,
      7,
      123,
      256,
      999
    ],
    "model": "MPO2",
    "L": 3,
    "bond_dim": 16,
    "lr": 0.001
  },
  "n_parameters": 3168,
  "train_loss": 8.580403451796174,
  "train_quality": 0.18177217077426944,
  "val_loss": 6.252155784582685,
  "val_quality": 0.4183233839202266,
  "test_loss": 9.322564006785418,
  "test_quality": 0.09176623894906111,
  "best_epoch": 425,
  "stopped_early": true,
  "patience_counter": 40,
  "success": true
}