{
  "run_id": "MPO2-L3-d12-seed256",
  "seed": 256,
  "model": "MPO2",
  "dataset": "abalone",
  "task": "regression",
  "params": {
    "output_site": 1,
    "init_strength": 0.01,
    "batch_size": 64,
    "n_epochs": 1000,
    "patience": 40,
    "min_delta": 1e-08,
    "optimizer": "adamw",
    "rank": 5,
    "seeds": [
      42,
      7,
      123,
      256,
      999
    ],
    "model": "MPO2",
    "L": 3,
    "bond_dim": 12,
    "lr": 0.01
  },
  "n_parameters": 1848,
  "train_loss": 4.316347223398703,
  "train_quality": 0.5883928490510886,
  "val_loss": 4.830275476814075,
  "val_quality": 0.5185561644541203,
  "test_loss": 4.370627581491589,
  "test_quality": 0.5741995953471769,
  "best_epoch": 282,
  "stopped_early": true,
  "patience_counter": 40,
  "success": true
}