{
  "run_id": "MPO2-L4-d12-seed999",
  "seed": 999,
  "model": "MPO2",
  "dataset": "abalone",
  "task": "regression",
  "params": {
    "init_strength": 0.01,
    "batch_size": 64,
    "n_epochs": 1000,
    "patience": 40,
    "min_delta": 1e-08,
    "optimizer": "adamw",
    "seeds": [
      42,
      7,
      123,
      256,
      999
    ],
    "model": "MPO2",
    "L": 4,
    "bond_dim": 12,
    "lr": 0.001
  },
  "n_parameters": 3432,
  "train_loss": 20.175346997244205,
  "train_quality": -0.9239223971426755,
  "val_loss": 28.772005911516455,
  "val_quality": -1.58366997443449,
  "test_loss": 712.1682279627565,
  "test_quality": -68.38168809705282,
  "best_epoch": 478,
  "stopped_early": true,
  "patience_counter": 40,
  "success": true
}