{
  "run_id": "MPO2-L4-d16-seed7",
  "seed": 7,
  "model": "MPO2",
  "dataset": "abalone",
  "task": "regression",
  "params": {
    "init_strength": 0.01,
    "batch_size": 64,
    "n_epochs": 1000,
    "patience": 40,
    "min_delta": 1e-08,
    "optimizer": "adamw",
    "seeds": [
      42,
      7,
      123,
      256,
      999
    ],
    "model": "MPO2",
    "L": 4,
    "bond_dim": 16,
    "lr": 0.001
  },
  "n_parameters": 5984,
  "train_loss": 6.159472677452899,
  "train_quality": 0.4126322863067159,
  "val_loss": 6.652246061156199,
  "val_quality": 0.5262624357949669,
  "test_loss": 21.207844594661545,
  "test_quality": -1.0661355015609106,
  "best_epoch": 810,
  "stopped_early": true,
  "patience_counter": 40,
  "success": true
}