{
  "run_id": "MPO2-L3-d12-seed123",
  "seed": 123,
  "model": "MPO2",
  "dataset": "abalone",
  "task": "regression",
  "params": {
    "output_site": 1,
    "init_strength": 0.01,
    "batch_size": 64,
    "n_epochs": 1000,
    "patience": 40,
    "min_delta": 1e-08,
    "optimizer": "adamw",
    "rank": 5,
    "seeds": [
      42,
      7,
      123,
      256,
      999
    ],
    "model": "MPO2",
    "L": 3,
    "bond_dim": 12,
    "lr": 0.01
  },
  "n_parameters": 1848,
  "train_loss": 4.197635915082478,
  "train_quality": 0.5997131671053402,
  "val_loss": 4.931437666952159,
  "val_quality": 0.5231192527725154,
  "test_loss": 4.036420487818348,
  "test_quality": 0.606759110673199,
  "best_epoch": 240,
  "stopped_early": true,
  "patience_counter": 40,
  "success": true
}