{
  "run_id": "MPO2-L3-d8-seed42",
  "seed": 42,
  "model": "MPO2",
  "dataset": "abalone",
  "task": "regression",
  "params": {
    "output_site": 1,
    "init_strength": 0.01,
    "batch_size": 64,
    "n_epochs": 1000,
    "patience": 40,
    "min_delta": 1e-08,
    "optimizer": "adamw",
    "rank": 5,
    "seeds": [
      42,
      7,
      123,
      256,
      999
    ],
    "model": "MPO2",
    "L": 3,
    "bond_dim": 8,
    "lr": 0.01
  },
  "n_parameters": 880,
  "train_loss": 4.520381986563153,
  "train_quality": 0.5689360808130302,
  "val_loss": 5.262745923054422,
  "val_quality": 0.5266588047728069,
  "test_loss": 4.352669107238851,
  "test_quality": 0.5759491668815133,
  "best_epoch": 314,
  "stopped_early": true,
  "patience_counter": 40,
  "success": true
}