{
  "run_id": "MPO2-L4-d16-seed256",
  "seed": 256,
  "model": "MPO2",
  "dataset": "abalone",
  "task": "regression",
  "params": {
    "init_strength": 0.01,
    "batch_size": 64,
    "n_epochs": 1000,
    "patience": 40,
    "min_delta": 1e-08,
    "optimizer": "adamw",
    "seeds": [
      42,
      7,
      123,
      256,
      999
    ],
    "model": "MPO2",
    "L": 4,
    "bond_dim": 16,
    "lr": 0.001
  },
  "n_parameters": 5984,
  "train_loss": 299.37871162240447,
  "train_quality": -27.548773341877915,
  "val_loss": 745.6769409322864,
  "val_quality": -53.995064768039214,
  "test_loss": 24628.332129228627,
  "test_quality": -2398.3702485561125,
  "best_epoch": 92,
  "stopped_early": true,
  "patience_counter": 40,
  "success": true
}