{
  "run_id": "MPO2-L3-d12-seed42",
  "seed": 42,
  "model": "MPO2",
  "dataset": "abalone",
  "task": "regression",
  "params": {
    "output_site": 1,
    "init_strength": 0.01,
    "batch_size": 64,
    "n_epochs": 1000,
    "patience": 40,
    "min_delta": 1e-08,
    "optimizer": "adamw",
    "rank": 5,
    "seeds": [
      42,
      7,
      123,
      256,
      999
    ],
    "model": "MPO2",
    "L": 3,
    "bond_dim": 12,
    "lr": 0.01
  },
  "n_parameters": 1848,
  "train_loss": 4.154833625675943,
  "train_quality": 0.6037947961969966,
  "val_loss": 4.908153055831371,
  "val_quality": 0.520114428139488,
  "test_loss": 4.178744124418863,
  "test_quality": 0.5928934904787921,
  "best_epoch": 283,
  "stopped_early": true,
  "patience_counter": 40,
  "success": true
}