{
  "run_id": "MPO2TypeI_GTN-L4-d12-seed42",
  "seed": 42,
  "model": "MPO2TypeI_GTN",
  "dataset": "abalone",
  "task": "regression",
  "params": {
    "init_strength": 0.01,
    "batch_size": 64,
    "n_epochs": 1000,
    "patience": 40,
    "min_delta": 1e-08,
    "optimizer": "adamw",
    "seeds": [
      42,
      7,
      123,
      256,
      999
    ],
    "model": "MPO2TypeI_GTN",
    "L": 4,
    "bond_dim": 12,
    "lr": 0.001
  },
  "n_parameters": 5555,
  "train_loss": 3.946786348712573,
  "train_quality": 0.6236341980109552,
  "val_loss": 5.143983854770534,
  "val_quality": 0.5452769726391922,
  "test_loss": 4.604199036020243,
  "test_quality": 0.5514443232496837,
  "best_epoch": 328,
  "stopped_early": true,
  "patience_counter": 40,
  "success": true
}