{
  "run_id": "MPO2-L3-d8-seed256",
  "seed": 256,
  "model": "MPO2",
  "dataset": "abalone",
  "task": "regression",
  "params": {
    "init_strength": 0.01,
    "batch_size": 64,
    "n_epochs": 1000,
    "patience": 40,
    "min_delta": 1e-08,
    "optimizer": "adamw",
    "seeds": [
      42,
      7,
      123,
      256,
      999
    ],
    "model": "MPO2",
    "L": 3,
    "bond_dim": 8,
    "lr": 0.001
  },
  "n_parameters": 880,
  "train_loss": 4.600338748242656,
  "train_quality": 0.5613113988375873,
  "val_loss": 5.1234098367228045,
  "val_quality": 0.4893388390154003,
  "test_loss": 11.336431402650543,
  "test_quality": -0.1044311116803538,
  "best_epoch": 909,
  "stopped_early": true,
  "patience_counter": 40,
  "success": true
}