{
  "run_id": "MPO2-L3-d16-seed7",
  "seed": 7,
  "model": "MPO2",
  "dataset": "abalone",
  "task": "regression",
  "params": {
    "init_strength": 0.01,
    "batch_size": 64,
    "n_epochs": 1000,
    "patience": 40,
    "min_delta": 1e-08,
    "optimizer": "adamw",
    "seeds": [
      42,
      7,
      123,
      256,
      999
    ],
    "model": "MPO2",
    "L": 3,
    "bond_dim": 16,
    "lr": 0.001
  },
  "n_parameters": 3168,
  "train_loss": 4.3436056442266215,
  "train_quality": 0.5857934842744266,
  "val_loss": 5.1725404418093035,
  "val_quality": 0.5001240766546778,
  "test_loss": 4.826586436148049,
  "test_quality": 0.5297786372129447,
  "best_epoch": 554,
  "stopped_early": true,
  "patience_counter": 40,
  "success": true
}