{
  "run_id": "LMPO2-L3-d8-rf0.5-seed256",
  "seed": 256,
  "model": "LMPO2",
  "dataset": "adult",
  "task": "classification",
  "params": {
    "init_strength": 0.01,
    "bond_dim_mpo": 2,
    "batch_size": 64,
    "n_epochs": 1000,
    "patience": 40,
    "min_delta": 1e-08,
    "optimizer": "adamw",
    "seeds": [
      42,
      7,
      123,
      256,
      999
    ],
    "model": "LMPO2",
    "L": 3,
    "bond_dim": 8,
    "lr": 0.001,
    "reduction_factor": 0.5
  },
  "n_parameters": 11040,
  "train_loss": 0.8895066058301119,
  "train_quality": 0.591564538301793,
  "val_loss": 1.037747857492497,
  "val_quality": 0.5603330603330603,
  "test_loss": 1.0468680477311514,
  "test_quality": 0.5459260270233384,
  "best_epoch": 18,
  "stopped_early": true,
  "patience_counter": 40,
  "success": true
}