{
  "run_id": "LMPO2-L4-d16-rf0.3-seed256",
  "seed": 256,
  "model": "LMPO2",
  "dataset": "adult",
  "task": "classification",
  "params": {
    "init_strength": 0.01,
    "bond_dim_mpo": 2,
    "batch_size": 64,
    "n_epochs": 1000,
    "patience": 40,
    "min_delta": 1e-08,
    "optimizer": "adamw",
    "seeds": [
      42,
      7,
      123,
      256,
      999
    ],
    "model": "LMPO2",
    "L": 4,
    "bond_dim": 16,
    "lr": 0.001,
    "reduction_factor": 0.3
  },
  "n_parameters": 16184,
  "train_loss": 0.8199050016228288,
  "train_quality": 0.6218959314399368,
  "val_loss": 1.203694269468438,
  "val_quality": 0.5511875511875511,
  "test_loss": 1.2225581948576498,
  "test_quality": 0.5365088030571857,
  "best_epoch": 45,
  "stopped_early": true,
  "patience_counter": 40,
  "success": true
}