{
  "run_id": "LMPO2-L3-d16-rf0.1-seed123",
  "seed": 123,
  "model": "LMPO2",
  "dataset": "adult",
  "task": "classification",
  "params": {
    "init_strength": 0.01,
    "bond_dim_mpo": 2,
    "batch_size": 64,
    "n_epochs": 1000,
    "patience": 40,
    "min_delta": 1e-08,
    "optimizer": "adamw",
    "seeds": [
      42,
      7,
      123,
      256,
      999
    ],
    "model": "LMPO2",
    "L": 3,
    "bond_dim": 16,
    "lr": 0.001,
    "reduction_factor": 0.1
  },
  "n_parameters": 2848,
  "train_loss": 0.9237182530240227,
  "train_quality": 0.5757407353242271,
  "val_loss": 0.9911866552063211,
  "val_quality": 0.5625170625170626,
  "test_loss": 0.9927984622095919,
  "test_quality": 0.5638051044083526,
  "best_epoch": 62,
  "stopped_early": true,
  "patience_counter": 40,
  "success": true
}