{
  "run_id": "LMPO2-L4-d12-rf0.3-seed999",
  "seed": 999,
  "model": "LMPO2",
  "dataset": "adult",
  "task": "classification",
  "params": {
    "init_strength": 0.01,
    "bond_dim_mpo": 2,
    "batch_size": 64,
    "n_epochs": 1000,
    "patience": 40,
    "min_delta": 1e-08,
    "optimizer": "adamw",
    "seeds": [
      42,
      7,
      123,
      256,
      999
    ],
    "model": "LMPO2",
    "L": 4,
    "bond_dim": 12,
    "lr": 0.001,
    "reduction_factor": 0.3
  },
  "n_parameters": 12768,
  "train_loss": 0.852077614252355,
  "train_quality": 0.6108397437772383,
  "val_loss": 1.2196585967518496,
  "val_quality": 0.5540540540540541,
  "test_loss": 1.2221878154687231,
  "test_quality": 0.5337791729220691,
  "best_epoch": 37,
  "stopped_early": true,
  "patience_counter": 40,
  "success": true
}