{
  "run_id": "LMPO2-L4-d8-rf0.3-seed256",
  "seed": 256,
  "model": "LMPO2",
  "dataset": "adult",
  "task": "classification",
  "params": {
    "output_site": 1,
    "init_strength": 0.01,
    "reduction_factor": 0.3,
    "rank": 5,
    "batch_size": 64,
    "n_epochs": 1000,
    "patience": 40,
    "min_delta": 1e-08,
    "optimizer": "adamw",
    "seeds": [
      42,
      7,
      123,
      256,
      999
    ],
    "model": "LMPO2",
    "L": 4,
    "bond_dim": 8,
    "lr": 0.01
  },
  "n_parameters": 35520,
  "train_loss": 0.9488912268529721,
  "train_quality": 0.5657667670888298,
  "val_loss": 0.9781297371513779,
  "val_quality": 0.5615615615615616,
  "test_loss": 0.9767028156327019,
  "test_quality": 0.5662617715299577,
  "best_epoch": 52,
  "stopped_early": true,
  "patience_counter": 40,
  "success": true
}