{
  "run_id": "LMPO2-L3-d8-rf0.3-seed999",
  "seed": 999,
  "model": "LMPO2",
  "dataset": "adult",
  "task": "classification",
  "params": {
    "init_strength": 0.01,
    "bond_dim_mpo": 2,
    "batch_size": 64,
    "n_epochs": 1000,
    "patience": 40,
    "min_delta": 1e-08,
    "optimizer": "adamw",
    "seeds": [
      42,
      7,
      123,
      256,
      999
    ],
    "model": "LMPO2",
    "L": 3,
    "bond_dim": 8,
    "lr": 0.001,
    "reduction_factor": 0.3
  },
  "n_parameters": 6720,
  "train_loss": 0.8922096925348342,
  "train_quality": 0.5894293486209015,
  "val_loss": 1.0305944561071982,
  "val_quality": 0.5607425607425608,
  "test_loss": 1.0359049103179212,
  "test_quality": 0.5512488057868159,
  "best_epoch": 16,
  "stopped_early": true,
  "patience_counter": 40,
  "success": true
}