{
  "run_id": "LMPO2-L4-d16-rf0.3-seed256",
  "seed": 256,
  "model": "LMPO2",
  "dataset": "adult",
  "task": "classification",
  "params": {
    "output_site": 1,
    "init_strength": 0.01,
    "reduction_factor": 0.3,
    "rank": 5,
    "batch_size": 64,
    "n_epochs": 1000,
    "patience": 40,
    "min_delta": 1e-08,
    "optimizer": "adamw",
    "seeds": [
      42,
      7,
      123,
      256,
      999
    ],
    "model": "LMPO2",
    "L": 4,
    "bond_dim": 16,
    "lr": 0.01
  },
  "n_parameters": 134400,
  "train_loss": 0.9501269144034517,
  "train_quality": 0.5671707274269502,
  "val_loss": 0.9821591307806272,
  "val_quality": 0.561015561015561,
  "test_loss": 0.9772232187009957,
  "test_quality": 0.5681725126245394,
  "best_epoch": 48,
  "stopped_early": true,
  "patience_counter": 40,
  "success": true
}