{
  "run_id": "LMPO2-L4-d8-rf0.5-seed999",
  "seed": 999,
  "model": "LMPO2",
  "dataset": "adult",
  "task": "classification",
  "params": {
    "init_strength": 0.01,
    "bond_dim_mpo": 2,
    "batch_size": 64,
    "n_epochs": 1000,
    "patience": 40,
    "min_delta": 1e-08,
    "optimizer": "adamw",
    "seeds": [
      42,
      7,
      123,
      256,
      999
    ],
    "model": "LMPO2",
    "L": 4,
    "bond_dim": 8,
    "lr": 0.001,
    "reduction_factor": 0.5
  },
  "n_parameters": 16836,
  "train_loss": 0.8346994481047519,
  "train_quality": 0.6160168475240575,
  "val_loss": 1.1842249103778106,
  "val_quality": 0.5558285558285558,
  "test_loss": 1.20582234329255,
  "test_quality": 0.5367817660706974,
  "best_epoch": 15,
  "stopped_early": true,
  "patience_counter": 40,
  "success": true
}