{
  "run_id": "LMPO2-L4-d16-rf0.5-seed123",
  "seed": 123,
  "model": "LMPO2",
  "dataset": "adult",
  "task": "classification",
  "params": {
    "init_strength": 0.01,
    "bond_dim_mpo": 2,
    "batch_size": 64,
    "n_epochs": 1000,
    "patience": 40,
    "min_delta": 1e-08,
    "optimizer": "adamw",
    "seeds": [
      42,
      7,
      123,
      256,
      999
    ],
    "model": "LMPO2",
    "L": 4,
    "bond_dim": 16,
    "lr": 0.001,
    "reduction_factor": 0.5
  },
  "n_parameters": 26588,
  "train_loss": 0.8242982429379376,
  "train_quality": 0.6203164760595513,
  "val_loss": 1.2019960711425792,
  "val_quality": 0.5524160524160524,
  "test_loss": 1.1945507608181012,
  "test_quality": 0.5410126927801283,
  "best_epoch": 39,
  "stopped_early": true,
  "patience_counter": 40,
  "success": true
}