{
  "run_id": "LMPO2-L4-d8-rf0.3-seed999",
  "seed": 999,
  "model": "LMPO2",
  "dataset": "adult",
  "task": "classification",
  "params": {
    "init_strength": 0.01,
    "bond_dim_mpo": 2,
    "batch_size": 64,
    "n_epochs": 1000,
    "patience": 40,
    "min_delta": 1e-08,
    "optimizer": "adamw",
    "seeds": [
      42,
      7,
      123,
      256,
      999
    ],
    "model": "LMPO2",
    "L": 4,
    "bond_dim": 8,
    "lr": 0.001,
    "reduction_factor": 0.3
  },
  "n_parameters": 10248,
  "train_loss": 0.8480799497271286,
  "train_quality": 0.6125069466787563,
  "val_loss": 1.1679755761605146,
  "val_quality": 0.5581490581490581,
  "test_loss": 1.146348385185525,
  "test_quality": 0.5433328783949775,
  "best_epoch": 27,
  "stopped_early": true,
  "patience_counter": 40,
  "success": true
}