{
  "run_id": "LMPO2-L3-d12-rf0.1-seed42",
  "seed": 42,
  "model": "LMPO2",
  "dataset": "adult",
  "task": "classification",
  "params": {
    "init_strength": 0.01,
    "bond_dim_mpo": 2,
    "batch_size": 64,
    "n_epochs": 1000,
    "patience": 40,
    "min_delta": 1e-08,
    "optimizer": "adamw",
    "seeds": [
      42,
      7,
      123,
      256,
      999
    ],
    "model": "LMPO2",
    "L": 3,
    "bond_dim": 12,
    "lr": 0.001,
    "reduction_factor": 0.1
  },
  "n_parameters": 2320,
  "train_loss": 0.9230365885024191,
  "train_quality": 0.5769107022726608,
  "val_loss": 0.9888836277036944,
  "val_quality": 0.5636090636090636,
  "test_loss": 0.9931516527656976,
  "test_quality": 0.5576634366043401,
  "best_epoch": 48,
  "stopped_early": true,
  "patience_counter": 40,
  "success": true
}