{
  "run_id": "LMPO2-L3-d16-rf0.5-seed123",
  "seed": 123,
  "model": "LMPO2",
  "dataset": "adult",
  "task": "classification",
  "params": {
    "init_strength": 0.01,
    "bond_dim_mpo": 2,
    "batch_size": 64,
    "n_epochs": 1000,
    "patience": 40,
    "min_delta": 1e-08,
    "optimizer": "adamw",
    "seeds": [
      42,
      7,
      123,
      256,
      999
    ],
    "model": "LMPO2",
    "L": 3,
    "bond_dim": 16,
    "lr": 0.001,
    "reduction_factor": 0.5
  },
  "n_parameters": 16376,
  "train_loss": 0.8791115204414633,
  "train_quality": 0.5949574424522507,
  "val_loss": 1.056934469168896,
  "val_quality": 0.5586950586950586,
  "test_loss": 1.0571200389716695,
  "test_quality": 0.5471543605841408,
  "best_epoch": 39,
  "stopped_early": true,
  "patience_counter": 40,
  "success": true
}