{
  "run_id": "LMPO2-L4-d16-rf0.1-seed999",
  "seed": 999,
  "model": "LMPO2",
  "dataset": "adult",
  "task": "classification",
  "params": {
    "output_site": 1,
    "init_strength": 0.01,
    "reduction_factor": 0.1,
    "rank": 5,
    "batch_size": 64,
    "n_epochs": 1000,
    "patience": 40,
    "min_delta": 1e-08,
    "optimizer": "adamw",
    "seeds": [
      42,
      7,
      123,
      256,
      999
    ],
    "model": "LMPO2",
    "L": 4,
    "bond_dim": 16,
    "lr": 0.01
  },
  "n_parameters": 134400,
  "train_loss": 0.9603204000521441,
  "train_quality": 0.5632513381496973,
  "val_loss": 0.982524135132582,
  "val_quality": 0.5601965601965602,
  "test_loss": 0.9789506562321753,
  "test_quality": 0.562713252354306,
  "best_epoch": 56,
  "stopped_early": true,
  "patience_counter": 40,
  "success": true
}