{
  "run_id": "LMPO2-L3-d16-rf0.3-seed999",
  "seed": 999,
  "model": "LMPO2",
  "dataset": "adult",
  "task": "classification",
  "params": {
    "output_site": 1,
    "init_strength": 0.01,
    "reduction_factor": 0.3,
    "rank": 5,
    "batch_size": 64,
    "n_epochs": 1000,
    "patience": 40,
    "min_delta": 1e-08,
    "optimizer": "adamw",
    "seeds": [
      42,
      7,
      123,
      256,
      999
    ],
    "model": "LMPO2",
    "L": 3,
    "bond_dim": 16,
    "lr": 0.01
  },
  "n_parameters": 72960,
  "train_loss": 0.947169713389802,
  "train_quality": 0.5683991927228056,
  "val_loss": 0.989097613229995,
  "val_quality": 0.561971061971062,
  "test_loss": 0.9861655271922803,
  "test_quality": 0.5625767708475502,
  "best_epoch": 68,
  "stopped_early": true,
  "patience_counter": 40,
  "success": true
}