{
  "run_id": "LMPO2-L3-d12-rf0.5-seed999",
  "seed": 999,
  "model": "LMPO2",
  "dataset": "adult",
  "task": "classification",
  "params": {
    "output_site": 1,
    "init_strength": 0.01,
    "reduction_factor": 0.5,
    "rank": 5,
    "batch_size": 64,
    "n_epochs": 1000,
    "patience": 40,
    "min_delta": 1e-08,
    "optimizer": "adamw",
    "seeds": [
      42,
      7,
      123,
      256,
      999
    ],
    "model": "LMPO2",
    "L": 3,
    "bond_dim": 12,
    "lr": 0.01
  },
  "n_parameters": 42480,
  "train_loss": 0.9540386049830211,
  "train_quality": 0.5642750592295768,
  "val_loss": 0.9809454060528514,
  "val_quality": 0.5606060606060606,
  "test_loss": 0.9773644029373731,
  "test_quality": 0.5623038078340384,
  "best_epoch": 75,
  "stopped_early": true,
  "patience_counter": 40,
  "success": true
}