{
  "run_id": "LMPO2-L3-d16-rf0.3-seed123",
  "seed": 123,
  "model": "LMPO2",
  "dataset": "adult",
  "task": "classification",
  "params": {
    "init_strength": 0.01,
    "bond_dim_mpo": 2,
    "batch_size": 64,
    "n_epochs": 1000,
    "patience": 40,
    "min_delta": 1e-08,
    "optimizer": "adamw",
    "seeds": [
      42,
      7,
      123,
      256,
      999
    ],
    "model": "LMPO2",
    "L": 3,
    "bond_dim": 16,
    "lr": 0.001,
    "reduction_factor": 0.3
  },
  "n_parameters": 9968,
  "train_loss": 0.8866473000985942,
  "train_quality": 0.5928515019450701,
  "val_loss": 1.0509432492434923,
  "val_quality": 0.5552825552825553,
  "test_loss": 1.0354141537311168,
  "test_quality": 0.5531595468813976,
  "best_epoch": 104,
  "stopped_early": true,
  "patience_counter": 40,
  "success": true
}