{
  "run_id": "LMPO2-L4-d16-rf0.3-seed123",
  "seed": 123,
  "model": "LMPO2",
  "dataset": "adult",
  "task": "classification",
  "params": {
    "init_strength": 0.01,
    "bond_dim_mpo": 2,
    "batch_size": 64,
    "n_epochs": 1000,
    "patience": 40,
    "min_delta": 1e-08,
    "optimizer": "adamw",
    "seeds": [
      42,
      7,
      123,
      256,
      999
    ],
    "model": "LMPO2",
    "L": 4,
    "bond_dim": 16,
    "lr": 0.001,
    "reduction_factor": 0.3
  },
  "n_parameters": 16184,
  "train_loss": 0.8315252057869054,
  "train_quality": 0.6179472929889731,
  "val_loss": 1.1970649718493547,
  "val_quality": 0.5526890526890527,
  "test_loss": 1.1788597818422668,
  "test_quality": 0.5401938037395932,
  "best_epoch": 38,
  "stopped_early": true,
  "patience_counter": 40,
  "success": true
}