{
  "run_id": "LMPO2-L3-d12-rf0.3-seed7",
  "seed": 7,
  "model": "LMPO2",
  "dataset": "adult",
  "task": "classification",
  "params": {
    "init_strength": 0.01,
    "bond_dim_mpo": 2,
    "batch_size": 64,
    "n_epochs": 1000,
    "patience": 40,
    "min_delta": 1e-08,
    "optimizer": "adamw",
    "seeds": [
      42,
      7,
      123,
      256,
      999
    ],
    "model": "LMPO2",
    "L": 3,
    "bond_dim": 12,
    "lr": 0.001,
    "reduction_factor": 0.3
  },
  "n_parameters": 8120,
  "train_loss": 0.8887414717926251,
  "train_quality": 0.5914475416069496,
  "val_loss": 1.0523309855720426,
  "val_quality": 0.5574665574665575,
  "test_loss": 1.0499691585186472,
  "test_quality": 0.5472908420908967,
  "best_epoch": 31,
  "stopped_early": true,
  "patience_counter": 40,
  "success": true
}