{
  "run_id": "LMPO2-L3-d8-rf0.5-seed999",
  "seed": 999,
  "model": "LMPO2",
  "dataset": "adult",
  "task": "classification",
  "params": {
    "output_site": 1,
    "init_strength": 0.01,
    "reduction_factor": 0.5,
    "rank": 5,
    "batch_size": 64,
    "n_epochs": 1000,
    "patience": 40,
    "min_delta": 1e-08,
    "optimizer": "adamw",
    "seeds": [
      42,
      7,
      123,
      256,
      999
    ],
    "model": "LMPO2",
    "L": 3,
    "bond_dim": 8,
    "lr": 0.01
  },
  "n_parameters": 20160,
  "train_loss": 0.9488231265733039,
  "train_quality": 0.5651232852671912,
  "val_loss": 0.9815362095026207,
  "val_quality": 0.5627900627900628,
  "test_loss": 0.9830269209541191,
  "test_quality": 0.5628497338610619,
  "best_epoch": 4,
  "stopped_early": true,
  "patience_counter": 40,
  "success": true
}