{
  "run_id": "LMPO2-L3-d12-rf0.5-seed123",
  "seed": 123,
  "model": "LMPO2",
  "dataset": "adult",
  "task": "classification",
  "params": {
    "init_strength": 0.01,
    "bond_dim_mpo": 2,
    "batch_size": 64,
    "n_epochs": 1000,
    "patience": 40,
    "min_delta": 1e-08,
    "optimizer": "adamw",
    "seeds": [
      42,
      7,
      123,
      256,
      999
    ],
    "model": "LMPO2",
    "L": 3,
    "bond_dim": 12,
    "lr": 0.001,
    "reduction_factor": 0.5
  },
  "n_parameters": 13340,
  "train_loss": 0.8785172207933142,
  "train_quality": 0.595834917663576,
  "val_loss": 1.053061105757538,
  "val_quality": 0.5574665574665575,
  "test_loss": 1.0539337370224757,
  "test_quality": 0.5452436194895591,
  "best_epoch": 20,
  "stopped_early": true,
  "patience_counter": 40,
  "success": true
}