{
  "run_id": "LMPO2-L4-d16-rf0.5-seed7",
  "seed": 7,
  "model": "LMPO2",
  "dataset": "adult",
  "task": "classification",
  "params": {
    "init_strength": 0.01,
    "bond_dim_mpo": 2,
    "batch_size": 64,
    "n_epochs": 1000,
    "patience": 40,
    "min_delta": 1e-08,
    "optimizer": "adamw",
    "seeds": [
      42,
      7,
      123,
      256,
      999
    ],
    "model": "LMPO2",
    "L": 4,
    "bond_dim": 16,
    "lr": 0.001,
    "reduction_factor": 0.5
  },
  "n_parameters": 26588,
  "train_loss": 0.8351332182836358,
  "train_quality": 0.6141156512328527,
  "val_loss": 1.179592634801138,
  "val_quality": 0.5515970515970516,
  "test_loss": 1.1827134355902014,
  "test_quality": 0.5380100996314999,
  "best_epoch": 35,
  "stopped_early": true,
  "patience_counter": 40,
  "success": true
}