{
  "run_id": "LMPO2-L4-d16-rf0.1-seed42",
  "seed": 42,
  "model": "LMPO2",
  "dataset": "adult",
  "task": "classification",
  "params": {
    "init_strength": 0.01,
    "bond_dim_mpo": 2,
    "batch_size": 64,
    "n_epochs": 1000,
    "patience": 40,
    "min_delta": 1e-08,
    "optimizer": "adamw",
    "seeds": [
      42,
      7,
      123,
      256,
      999
    ],
    "model": "LMPO2",
    "L": 4,
    "bond_dim": 16,
    "lr": 0.001,
    "reduction_factor": 0.1
  },
  "n_parameters": 4624,
  "train_loss": 0.8945779194805434,
  "train_quality": 0.5905408172219134,
  "val_loss": 1.0634760811520854,
  "val_quality": 0.5596505596505597,
  "test_loss": 1.0462878552955088,
  "test_quality": 0.5534325098949092,
  "best_epoch": 60,
  "stopped_early": true,
  "patience_counter": 40,
  "success": true
}