{
  "run_id": "LMPO2-L4-d16-rf0.1-seed999",
  "seed": 999,
  "model": "LMPO2",
  "dataset": "adult",
  "task": "classification",
  "params": {
    "init_strength": 0.01,
    "bond_dim_mpo": 2,
    "batch_size": 64,
    "n_epochs": 1000,
    "patience": 40,
    "min_delta": 1e-08,
    "optimizer": "adamw",
    "seeds": [
      42,
      7,
      123,
      256,
      999
    ],
    "model": "LMPO2",
    "L": 4,
    "bond_dim": 16,
    "lr": 0.001,
    "reduction_factor": 0.1
  },
  "n_parameters": 4624,
  "train_loss": 0.8934145267176883,
  "train_quality": 0.5877913948930943,
  "val_loss": 1.0429557277193167,
  "val_quality": 0.5616980616980617,
  "test_loss": 1.0463873750786177,
  "test_quality": 0.5490651016787226,
  "best_epoch": 55,
  "stopped_early": true,
  "patience_counter": 40,
  "success": true
}