{
  "run_id": "LMPO2-L4-d12-rf0.3-seed256",
  "seed": 256,
  "model": "LMPO2",
  "dataset": "adult",
  "task": "classification",
  "params": {
    "output_site": 1,
    "init_strength": 0.01,
    "reduction_factor": 0.3,
    "rank": 5,
    "batch_size": 64,
    "n_epochs": 1000,
    "patience": 40,
    "min_delta": 1e-08,
    "optimizer": "adamw",
    "seeds": [
      42,
      7,
      123,
      256,
      999
    ],
    "model": "LMPO2",
    "L": 4,
    "bond_dim": 12,
    "lr": 0.01
  },
  "n_parameters": 77040,
  "train_loss": 0.9413781571713826,
  "train_quality": 0.5714118576150223,
  "val_loss": 0.9799863143588261,
  "val_quality": 0.56006006006006,
  "test_loss": 0.9834968655172968,
  "test_quality": 0.5648969564623993,
  "best_epoch": 34,
  "stopped_early": true,
  "patience_counter": 40,
  "success": true
}