{
  "run_id": "LMPO2-L4-d8-rf0.5-seed42",
  "seed": 42,
  "model": "LMPO2",
  "dataset": "adult",
  "task": "classification",
  "params": {
    "init_strength": 0.01,
    "bond_dim_mpo": 2,
    "batch_size": 64,
    "n_epochs": 1000,
    "patience": 40,
    "min_delta": 1e-08,
    "optimizer": "adamw",
    "seeds": [
      42,
      7,
      123,
      256,
      999
    ],
    "model": "LMPO2",
    "L": 4,
    "bond_dim": 8,
    "lr": 0.001,
    "reduction_factor": 0.5
  },
  "n_parameters": 16836,
  "train_loss": 0.8423414297256051,
  "train_quality": 0.6132381760215274,
  "val_loss": 1.1768821170063308,
  "val_quality": 0.5552825552825553,
  "test_loss": 1.1670619327273524,
  "test_quality": 0.5472908420908967,
  "best_epoch": 20,
  "stopped_early": true,
  "patience_counter": 40,
  "success": true
}