{
  "run_id": "LMPO2-L4-d12-rf0.1-seed999",
  "seed": 999,
  "model": "LMPO2",
  "dataset": "adult",
  "task": "classification",
  "params": {
    "output_site": 1,
    "init_strength": 0.01,
    "reduction_factor": 0.1,
    "rank": 5,
    "batch_size": 64,
    "n_epochs": 1000,
    "patience": 40,
    "min_delta": 1e-08,
    "optimizer": "adamw",
    "seeds": [
      42,
      7,
      123,
      256,
      999
    ],
    "model": "LMPO2",
    "L": 4,
    "bond_dim": 12,
    "lr": 0.01
  },
  "n_parameters": 77040,
  "train_loss": 0.9576901896856965,
  "train_quality": 0.5652987803094562,
  "val_loss": 0.9863155882894536,
  "val_quality": 0.5593775593775594,
  "test_loss": 0.9855935523902718,
  "test_quality": 0.5631226968745735,
  "best_epoch": 3,
  "stopped_early": true,
  "patience_counter": 40,
  "success": true
}