{
  "run_id": "LMPO2-L4-d16-rf0.1-seed256",
  "seed": 256,
  "model": "LMPO2",
  "dataset": "adult",
  "task": "classification",
  "params": {
    "init_strength": 0.01,
    "bond_dim_mpo": 2,
    "batch_size": 64,
    "n_epochs": 1000,
    "patience": 40,
    "min_delta": 1e-08,
    "optimizer": "adamw",
    "seeds": [
      42,
      7,
      123,
      256,
      999
    ],
    "model": "LMPO2",
    "L": 4,
    "bond_dim": 16,
    "lr": 0.001,
    "reduction_factor": 0.1
  },
  "n_parameters": 4624,
  "train_loss": 0.8933768717080414,
  "train_quality": 0.5880546374564919,
  "val_loss": 1.0856320434667508,
  "val_quality": 0.5601965601965602,
  "test_loss": 1.081813939093866,
  "test_quality": 0.5516582503070834,
  "best_epoch": 50,
  "stopped_early": true,
  "patience_counter": 40,
  "success": true
}