{
  "run_id": "LMPO2-L4-d8-rf0.3-seed42",
  "seed": 42,
  "model": "LMPO2",
  "dataset": "adult",
  "task": "classification",
  "params": {
    "init_strength": 0.01,
    "bond_dim_mpo": 2,
    "batch_size": 64,
    "n_epochs": 1000,
    "patience": 40,
    "min_delta": 1e-08,
    "optimizer": "adamw",
    "seeds": [
      42,
      7,
      123,
      256,
      999
    ],
    "model": "LMPO2",
    "L": 4,
    "bond_dim": 8,
    "lr": 0.001,
    "reduction_factor": 0.3
  },
  "n_parameters": 10248,
  "train_loss": 0.8509539163028897,
  "train_quality": 0.6107227470823949,
  "val_loss": 1.1725744492435741,
  "val_quality": 0.5556920556920557,
  "test_loss": 1.1553589310781749,
  "test_quality": 0.5408762112733725,
  "best_epoch": 51,
  "stopped_early": true,
  "patience_counter": 40,
  "success": true
}