{
  "run_id": "LMPO2-L3-d16-rf0.5-seed42",
  "seed": 42,
  "model": "LMPO2",
  "dataset": "adult",
  "task": "classification",
  "params": {
    "init_strength": 0.01,
    "bond_dim_mpo": 2,
    "batch_size": 64,
    "n_epochs": 1000,
    "patience": 40,
    "min_delta": 1e-08,
    "optimizer": "adamw",
    "seeds": [
      42,
      7,
      123,
      256,
      999
    ],
    "model": "LMPO2",
    "L": 3,
    "bond_dim": 16,
    "lr": 0.001,
    "reduction_factor": 0.5
  },
  "n_parameters": 16376,
  "train_loss": 0.8861647895952153,
  "train_quality": 0.5915060399543713,
  "val_loss": 1.0494134982601813,
  "val_quality": 0.5555555555555556,
  "test_loss": 1.047869207411543,
  "test_quality": 0.5539784359219326,
  "best_epoch": 34,
  "stopped_early": true,
  "patience_counter": 40,
  "success": true
}