{
  "run_id": "LMPO2-L3-d16-rf0.1-seed123",
  "seed": 123,
  "model": "LMPO2",
  "dataset": "adult",
  "task": "classification",
  "params": {
    "output_site": 1,
    "init_strength": 0.01,
    "reduction_factor": 0.1,
    "rank": 5,
    "batch_size": 64,
    "n_epochs": 1000,
    "patience": 40,
    "min_delta": 1e-08,
    "optimizer": "adamw",
    "seeds": [
      42,
      7,
      123,
      256,
      999
    ],
    "model": "LMPO2",
    "L": 3,
    "bond_dim": 16,
    "lr": 0.01
  },
  "n_parameters": 72960,
  "train_loss": 0.9800742843403504,
  "train_quality": 0.5548860744683962,
  "val_loss": 1.0217589101421942,
  "val_quality": 0.5614250614250614,
  "test_loss": 1.0082487075645887,
  "test_quality": 0.5496110277057459,
  "best_epoch": 20,
  "stopped_early": true,
  "patience_counter": 40,
  "success": true
}