{
  "run_id": "LMPO2-L4-d12-rf0.1-seed999",
  "seed": 999,
  "model": "LMPO2",
  "dataset": "adult",
  "task": "classification",
  "params": {
    "init_strength": 0.01,
    "bond_dim_mpo": 2,
    "batch_size": 64,
    "n_epochs": 1000,
    "patience": 40,
    "min_delta": 1e-08,
    "optimizer": "adamw",
    "seeds": [
      42,
      7,
      123,
      256,
      999
    ],
    "model": "LMPO2",
    "L": 4,
    "bond_dim": 12,
    "lr": 0.001,
    "reduction_factor": 0.1
  },
  "n_parameters": 3648,
  "train_loss": 0.8980919566845539,
  "train_quality": 0.5869724180291906,
  "val_loss": 1.0656236742607645,
  "val_quality": 0.558968058968059,
  "test_loss": 1.0369648763888881,
  "test_quality": 0.5565715845502934,
  "best_epoch": 53,
  "stopped_early": true,
  "patience_counter": 40,
  "success": true
}