{
  "run_id": "LMPO2-L4-d8-rf0.1-seed999",
  "seed": 999,
  "model": "LMPO2",
  "dataset": "adult",
  "task": "classification",
  "params": {
    "output_site": 1,
    "init_strength": 0.01,
    "reduction_factor": 0.1,
    "rank": 5,
    "batch_size": 64,
    "n_epochs": 1000,
    "patience": 40,
    "min_delta": 1e-08,
    "optimizer": "adamw",
    "seeds": [
      42,
      7,
      123,
      256,
      999
    ],
    "model": "LMPO2",
    "L": 4,
    "bond_dim": 8,
    "lr": 0.01
  },
  "n_parameters": 35520,
  "train_loss": 1.2399187885572855,
  "train_quality": 0.5223024949545175,
  "val_loss": 1.508078569645238,
  "val_quality": 0.5597870597870598,
  "test_loss": 1.4884147241935302,
  "test_quality": 0.5049815749965879,
  "best_epoch": 20,
  "stopped_early": true,
  "patience_counter": 40,
  "success": true
}