{
  "run_id": "LMPO2-L3-d12-rf0.3-seed123",
  "seed": 123,
  "model": "LMPO2",
  "dataset": "adult",
  "task": "classification",
  "params": {
    "init_strength": 0.01,
    "bond_dim_mpo": 2,
    "batch_size": 64,
    "n_epochs": 1000,
    "patience": 40,
    "min_delta": 1e-08,
    "optimizer": "adamw",
    "seeds": [
      42,
      7,
      123,
      256,
      999
    ],
    "model": "LMPO2",
    "L": 3,
    "bond_dim": 12,
    "lr": 0.001,
    "reduction_factor": 0.3
  },
  "n_parameters": 8120,
  "train_loss": 0.8871722878777785,
  "train_quality": 0.5908333089590219,
  "val_loss": 1.03908711677761,
  "val_quality": 0.5596505596505597,
  "test_loss": 1.0459215578016672,
  "test_quality": 0.5489286201719668,
  "best_epoch": 35,
  "stopped_early": true,
  "patience_counter": 40,
  "success": true
}