{
  "run_id": "LMPO2-L3-d16-rf0.3-seed256",
  "seed": 256,
  "model": "LMPO2",
  "dataset": "adult",
  "task": "classification",
  "params": {
    "output_site": 1,
    "init_strength": 0.01,
    "reduction_factor": 0.3,
    "rank": 5,
    "batch_size": 64,
    "n_epochs": 1000,
    "patience": 40,
    "min_delta": 1e-08,
    "optimizer": "adamw",
    "seeds": [
      42,
      7,
      123,
      256,
      999
    ],
    "model": "LMPO2",
    "L": 3,
    "bond_dim": 16,
    "lr": 0.01
  },
  "n_parameters": 72960,
  "train_loss": 0.9558998085372697,
  "train_quality": 0.5655035245254322,
  "val_loss": 0.9834062342496707,
  "val_quality": 0.5601965601965602,
  "test_loss": 0.9793548387358654,
  "test_quality": 0.5644875119421319,
  "best_epoch": 94,
  "stopped_early": true,
  "patience_counter": 40,
  "success": true
}