{
  "run_id": "LMPO2-L3-d16-rf0.3-seed42",
  "seed": 42,
  "model": "LMPO2",
  "dataset": "adult",
  "task": "classification",
  "params": {
    "init_strength": 0.01,
    "bond_dim_mpo": 2,
    "batch_size": 64,
    "n_epochs": 1000,
    "patience": 40,
    "min_delta": 1e-08,
    "optimizer": "adamw",
    "seeds": [
      42,
      7,
      123,
      256,
      999
    ],
    "model": "LMPO2",
    "L": 3,
    "bond_dim": 16,
    "lr": 0.001,
    "reduction_factor": 0.3
  },
  "n_parameters": 9968,
  "train_loss": 0.8883554366670507,
  "train_quality": 0.5916522858229255,
  "val_loss": 1.0500023488624737,
  "val_quality": 0.5593775593775594,
  "test_loss": 1.0444221892097418,
  "test_quality": 0.551931213320595,
  "best_epoch": 39,
  "stopped_early": true,
  "patience_counter": 40,
  "success": true
}