{
  "run_id": "LMPO2-L3-d16-rf0.1-seed256",
  "seed": 256,
  "model": "LMPO2",
  "dataset": "adult",
  "task": "classification",
  "params": {
    "init_strength": 0.01,
    "bond_dim_mpo": 2,
    "batch_size": 64,
    "n_epochs": 1000,
    "patience": 40,
    "min_delta": 1e-08,
    "optimizer": "adamw",
    "seeds": [
      42,
      7,
      123,
      256,
      999
    ],
    "model": "LMPO2",
    "L": 3,
    "bond_dim": 16,
    "lr": 0.001,
    "reduction_factor": 0.1
  },
  "n_parameters": 2848,
  "train_loss": 0.9219637954509207,
  "train_quality": 0.5765889613618416,
  "val_loss": 0.9892692941150526,
  "val_quality": 0.564018564018564,
  "test_loss": 0.9878781176301384,
  "test_quality": 0.5612119557799918,
  "best_epoch": 49,
  "stopped_early": true,
  "patience_counter": 40,
  "success": true
}