{
  "run_id": "LMPO2-L4-d16-rf0.5-seed7",
  "seed": 7,
  "model": "LMPO2",
  "dataset": "adult",
  "task": "classification",
  "params": {
    "output_site": 1,
    "init_strength": 0.01,
    "reduction_factor": 0.5,
    "rank": 5,
    "batch_size": 64,
    "n_epochs": 1000,
    "patience": 40,
    "min_delta": 1e-08,
    "optimizer": "adamw",
    "seeds": [
      42,
      7,
      123,
      256,
      999
    ],
    "model": "LMPO2",
    "L": 4,
    "bond_dim": 16,
    "lr": 0.01
  },
  "n_parameters": 134400,
  "train_loss": 0.9561328257140712,
  "train_quality": 0.5638948199713358,
  "val_loss": 0.9839996699279768,
  "val_quality": 0.5586950586950586,
  "test_loss": 0.9821182453034365,
  "test_quality": 0.5661252900232019,
  "best_epoch": 25,
  "stopped_early": true,
  "patience_counter": 40,
  "success": true
}