{
  "run_id": "LMPO2-L3-d8-rf0.1-seed256",
  "seed": 256,
  "model": "LMPO2",
  "dataset": "adult",
  "task": "classification",
  "params": {
    "init_strength": 0.01,
    "bond_dim_mpo": 2,
    "batch_size": 64,
    "n_epochs": 1000,
    "patience": 40,
    "min_delta": 1e-08,
    "optimizer": "adamw",
    "seeds": [
      42,
      7,
      123,
      256,
      999
    ],
    "model": "LMPO2",
    "L": 3,
    "bond_dim": 8,
    "lr": 0.001,
    "reduction_factor": 0.1
  },
  "n_parameters": 1920,
  "train_loss": 0.9262910369773274,
  "train_quality": 0.5764719646669981,
  "val_loss": 0.992707269332677,
  "val_quality": 0.5636090636090636,
  "test_loss": 0.9918450370329643,
  "test_quality": 0.5591647331786543,
  "best_epoch": 48,
  "stopped_early": true,
  "patience_counter": 40,
  "success": true
}