{
  "run_id": "MPO2-L3-d12-seed42",
  "seed": 42,
  "model": "MPO2",
  "dataset": "bank",
  "task": "classification",
  "params": {
    "init_strength": 0.01,
    "batch_size": 64,
    "n_epochs": 1000,
    "patience": 40,
    "min_delta": 1e-08,
    "optimizer": "adamw",
    "seeds": [
      42,
      7,
      123,
      256,
      999
    ],
    "model": "MPO2",
    "L": 3,
    "bond_dim": 12,
    "lr": 0.001
  },
  "n_parameters": 5940,
  "train_loss": 0.19602530671552337,
  "train_quality": 0.9141782791417828,
  "val_loss": 0.29695236056803326,
  "val_quality": 0.8951636685343557,
  "test_loss": 0.23742548295196375,
  "test_quality": 0.9047478619876143,
  "best_epoch": 179,
  "stopped_early": true,
  "patience_counter": 40,
  "success": true
}