{
  "run_id": "MPO2-L4-d12-seed42",
  "seed": 42,
  "model": "MPO2",
  "dataset": "bank",
  "task": "classification",
  "params": {
    "init_strength": 0.01,
    "batch_size": 64,
    "n_epochs": 1000,
    "patience": 40,
    "min_delta": 1e-08,
    "optimizer": "adamw",
    "seeds": [
      42,
      7,
      123,
      256,
      999
    ],
    "model": "MPO2",
    "L": 4,
    "bond_dim": 12,
    "lr": 0.001
  },
  "n_parameters": 10692,
  "train_loss": 0.16211317946626372,
  "train_quality": 0.9315890921730338,
  "val_loss": 0.504825653863108,
  "val_quality": 0.8950162194043055,
  "test_loss": 0.36190074646742115,
  "test_quality": 0.8973754054851076,
  "best_epoch": 127,
  "stopped_early": true,
  "patience_counter": 40,
  "success": true
}