{
  "run_id": "MPO2-L3-d8-seed123",
  "seed": 123,
  "model": "MPO2",
  "dataset": "bank",
  "task": "classification",
  "params": {
    "output_site": 1,
    "init_strength": 0.01,
    "batch_size": 64,
    "n_epochs": 1000,
    "patience": 40,
    "min_delta": 1e-08,
    "optimizer": "adamw",
    "rank": 5,
    "seeds": [
      42,
      7,
      123,
      256,
      999
    ],
    "model": "MPO2",
    "L": 3,
    "bond_dim": 8,
    "lr": 0.01
  },
  "n_parameters": 4752,
  "train_loss": 0.8833627332720366,
  "train_quality": 0.8812525673839543,
  "val_loss": 0.35585738141991874,
  "val_quality": 0.8936891772338543,
  "test_loss": 0.3623476788333852,
  "test_quality": 0.8743733411972869,
  "best_epoch": 80,
  "stopped_early": true,
  "patience_counter": 40,
  "success": true
}