{
  "run_id": "MPO2-L4-d12-seed999",
  "seed": 999,
  "model": "MPO2",
  "dataset": "bank",
  "task": "classification",
  "params": {
    "output_site": 1,
    "init_strength": 0.01,
    "batch_size": 64,
    "n_epochs": 1000,
    "patience": 40,
    "min_delta": 1e-08,
    "optimizer": "adamw",
    "rank": 5,
    "seeds": [
      42,
      7,
      123,
      256,
      999
    ],
    "model": "MPO2",
    "L": 4,
    "bond_dim": 12,
    "lr": 0.01
  },
  "n_parameters": 15048,
  "train_loss": 0.3262888582592444,
  "train_quality": 0.8991373589913736,
  "val_loss": 2.1689502428153227,
  "val_quality": 0.8892657033323503,
  "test_loss": 0.7287797806106846,
  "test_quality": 0.8942789737540549,
  "best_epoch": 78,
  "stopped_early": true,
  "patience_counter": 40,
  "success": true
}