{
  "run_id": "MPO2TypeI_GTN-L4-d16-seed42",
  "seed": 42,
  "model": "MPO2TypeI_GTN",
  "dataset": "bank",
  "task": "classification",
  "params": {
    "init_strength": 0.01,
    "batch_size": 64,
    "n_epochs": 1000,
    "patience": 40,
    "min_delta": 1e-08,
    "optimizer": "adamw",
    "seeds": [
      42,
      7,
      123,
      256,
      999
    ],
    "model": "MPO2TypeI_GTN",
    "L": 4,
    "bond_dim": 16,
    "lr": 0.001
  },
  "n_parameters": 30162,
  "train_loss": 0.16420411773225824,
  "train_quality": 0.9311151135968654,
  "val_loss": 0.4602600150682091,
  "val_quality": 0.8973754054851076,
  "test_loss": 0.3387112938440423,
  "test_quality": 0.8939840754939545,
  "best_epoch": 38,
  "stopped_early": true,
  "patience_counter": 40,
  "success": true
}