{
  "run_id": "MPO2-L3-d16-seed999",
  "seed": 999,
  "model": "MPO2",
  "dataset": "bank",
  "task": "classification",
  "params": {
    "init_strength": 0.01,
    "batch_size": 64,
    "n_epochs": 1000,
    "patience": 40,
    "min_delta": 1e-08,
    "optimizer": "adamw",
    "seeds": [
      42,
      7,
      123,
      256,
      999
    ],
    "model": "MPO2",
    "L": 3,
    "bond_dim": 16,
    "lr": 0.001
  },
  "n_parameters": 10032,
  "train_loss": 0.19439767426039048,
  "train_quality": 0.9148734477201631,
  "val_loss": 0.2720386594125774,
  "val_quality": 0.8956060159245061,
  "test_loss": 0.23929461115291928,
  "test_quality": 0.9046004128575641,
  "best_epoch": 124,
  "stopped_early": true,
  "patience_counter": 40,
  "success": true
}