{
  "run_id": "MPO2-L3-d8-seed123",
  "seed": 123,
  "model": "MPO2",
  "dataset": "bank",
  "task": "classification",
  "params": {
    "init_strength": 0.01,
    "batch_size": 64,
    "n_epochs": 1000,
    "patience": 40,
    "min_delta": 1e-08,
    "optimizer": "adamw",
    "seeds": [
      42,
      7,
      123,
      256,
      999
    ],
    "model": "MPO2",
    "L": 3,
    "bond_dim": 8,
    "lr": 0.001
  },
  "n_parameters": 2904,
  "train_loss": 0.19238195437687594,
  "train_quality": 0.9154422220115651,
  "val_loss": 0.2681253726327592,
  "val_quality": 0.8967856089649071,
  "test_loss": 0.2374578063579196,
  "test_quality": 0.9037157180772634,
  "best_epoch": 126,
  "stopped_early": true,
  "patience_counter": 40,
  "success": true
}