{
  "run_id": "MPO2TypeI_GTN-L3-d8-seed42",
  "seed": 42,
  "model": "MPO2TypeI_GTN",
  "dataset": "bank",
  "task": "classification",
  "params": {
    "init_strength": 0.01,
    "batch_size": 64,
    "n_epochs": 1000,
    "patience": 40,
    "min_delta": 1e-08,
    "optimizer": "adamw",
    "seeds": [
      42,
      7,
      123,
      256,
      999
    ],
    "model": "MPO2TypeI_GTN",
    "L": 3,
    "bond_dim": 8,
    "lr": 0.001
  },
  "n_parameters": 3762,
  "train_loss": 0.19324109655904795,
  "train_quality": 0.915379024868076,
  "val_loss": 0.304249677529307,
  "val_quality": 0.8970805072250073,
  "test_loss": 0.24189246446882764,
  "test_quality": 0.9043055145974639,
  "best_epoch": 10,
  "stopped_early": true,
  "patience_counter": 40,
  "success": true
}