{
  "run_id": "MPO2-L4-d8-seed42",
  "seed": 42,
  "model": "MPO2",
  "dataset": "bank",
  "task": "classification",
  "params": {
    "init_strength": 0.01,
    "batch_size": 64,
    "n_epochs": 1000,
    "patience": 40,
    "min_delta": 1e-08,
    "optimizer": "adamw",
    "seeds": [
      42,
      7,
      123,
      256,
      999
    ],
    "model": "MPO2",
    "L": 4,
    "bond_dim": 8,
    "lr": 0.001
  },
  "n_parameters": 5016,
  "train_loss": 0.166755212187541,
  "train_quality": 0.9292507978639365,
  "val_loss": 0.5300308734808943,
  "val_quality": 0.8951636685343557,
  "test_loss": 0.3004573497836938,
  "test_quality": 0.9020937776467118,
  "best_epoch": 113,
  "stopped_early": true,
  "patience_counter": 40,
  "success": true
}