{
  "run_id": "MPO2TypeI_GTN-L4-d16-seed999",
  "seed": 999,
  "model": "MPO2TypeI_GTN",
  "dataset": "bank",
  "task": "classification",
  "params": {
    "init_strength": 0.01,
    "batch_size": 64,
    "n_epochs": 1000,
    "patience": 40,
    "min_delta": 1e-08,
    "optimizer": "adamw",
    "seeds": [
      42,
      7,
      123,
      256,
      999
    ],
    "model": "MPO2TypeI_GTN",
    "L": 4,
    "bond_dim": 16,
    "lr": 0.001
  },
  "n_parameters": 30162,
  "train_loss": 0.18407766744040757,
  "train_quality": 0.9258065535437798,
  "val_loss": 0.7858504108247824,
  "val_quality": 0.8953111176644057,
  "test_loss": 0.33858181936538095,
  "test_quality": 0.8942789737540549,
  "best_epoch": 51,
  "stopped_early": true,
  "patience_counter": 40,
  "success": true
}