{
  "run_id": "MPO2-L3-d16-seed999",
  "seed": 999,
  "model": "MPO2",
  "dataset": "bank",
  "task": "classification",
  "params": {
    "output_site": 1,
    "init_strength": 0.01,
    "batch_size": 64,
    "n_epochs": 1000,
    "patience": 40,
    "min_delta": 1e-08,
    "optimizer": "adamw",
    "rank": 5,
    "seeds": [
      42,
      7,
      123,
      256,
      999
    ],
    "model": "MPO2",
    "L": 3,
    "bond_dim": 16,
    "lr": 0.01
  },
  "n_parameters": 17952,
  "train_loss": 1.0275153078590125,
  "train_quality": 0.890258160331153,
  "val_loss": 3.565971581634921,
  "val_quality": 0.8929519315836036,
  "test_loss": 0.8643658587716783,
  "test_quality": 0.8885284576820996,
  "best_epoch": 47,
  "stopped_early": true,
  "patience_counter": 40,
  "success": true
}