{
  "run_id": "MPO2-L4-d16-seed123",
  "seed": 123,
  "model": "MPO2",
  "dataset": "bank",
  "task": "classification",
  "params": {
    "output_site": 1,
    "init_strength": 0.01,
    "batch_size": 64,
    "n_epochs": 1000,
    "patience": 40,
    "min_delta": 1e-08,
    "optimizer": "adamw",
    "rank": 5,
    "seeds": [
      42,
      7,
      123,
      256,
      999
    ],
    "model": "MPO2",
    "L": 4,
    "bond_dim": 16,
    "lr": 0.01
  },
  "n_parameters": 26400,
  "train_loss": 895.7189218671582,
  "train_quality": 0.815843523872721,
  "val_loss": 1784.5642117198329,
  "val_quality": 0.8902978472427012,
  "test_loss": 762.061678235331,
  "test_quality": 0.8270421704511943,
  "best_epoch": 35,
  "stopped_early": true,
  "patience_counter": 40,
  "success": true
}