{
  "run_id": "MPO2-L4-d12-seed42",
  "seed": 42,
  "model": "MPO2",
  "dataset": "bank",
  "task": "classification",
  "params": {
    "output_site": 1,
    "init_strength": 0.01,
    "batch_size": 64,
    "n_epochs": 1000,
    "patience": 40,
    "min_delta": 1e-08,
    "optimizer": "adamw",
    "rank": 5,
    "seeds": [
      42,
      7,
      123,
      256,
      999
    ],
    "model": "MPO2",
    "L": 4,
    "bond_dim": 12,
    "lr": 0.01
  },
  "n_parameters": 15048,
  "train_loss": 63.573072243192385,
  "train_quality": 0.8664012386640124,
  "val_loss": 134.10314206729228,
  "val_quality": 0.8882335594219994,
  "test_loss": 18.111749190791556,
  "test_quality": 0.8696549690356827,
  "best_epoch": 8,
  "stopped_early": true,
  "patience_counter": 40,
  "success": true
}