{
  "run_id": "MPO2TypeI_GTN-L3-d8-seed256",
  "seed": 256,
  "model": "MPO2TypeI_GTN",
  "dataset": "bank",
  "task": "classification",
  "params": {
    "init_strength": 0.01,
    "batch_size": 64,
    "n_epochs": 1000,
    "patience": 40,
    "min_delta": 1e-08,
    "optimizer": "adamw",
    "seeds": [
      42,
      7,
      123,
      256,
      999
    ],
    "model": "MPO2TypeI_GTN",
    "L": 3,
    "bond_dim": 8,
    "lr": 0.001
  },
  "n_parameters": 3762,
  "train_loss": 0.19222175490587842,
  "train_quality": 0.9165797705943691,
  "val_loss": 0.2752430136189933,
  "val_quality": 0.896638159834857,
  "test_loss": 0.23980044780247411,
  "test_quality": 0.9019463285166618,
  "best_epoch": 28,
  "stopped_early": true,
  "patience_counter": 40,
  "success": true
}