{
  "run_id": "MPO2TypeI_GTN-L4-d8-seed123",
  "seed": 123,
  "model": "MPO2TypeI_GTN",
  "dataset": "bank",
  "task": "classification",
  "params": {
    "init_strength": 0.01,
    "batch_size": 64,
    "n_epochs": 1000,
    "patience": 40,
    "min_delta": 1e-08,
    "optimizer": "adamw",
    "seeds": [
      42,
      7,
      123,
      256,
      999
    ],
    "model": "MPO2TypeI_GTN",
    "L": 4,
    "bond_dim": 8,
    "lr": 0.001
  },
  "n_parameters": 8778,
  "train_loss": 0.15573187296660093,
  "train_quality": 0.9323158593231586,
  "val_loss": 0.3744971470780955,
  "val_quality": 0.8981126511353583,
  "test_loss": 0.3343944868145683,
  "test_quality": 0.894426422884105,
  "best_epoch": 7,
  "stopped_early": true,
  "patience_counter": 40,
  "success": true
}