{
  "run_id": "MPO2TypeI_GTN-L4-d16-seed256",
  "seed": 256,
  "model": "MPO2TypeI_GTN",
  "dataset": "bank",
  "task": "classification",
  "params": {
    "init_strength": 0.01,
    "batch_size": 64,
    "n_epochs": 1000,
    "patience": 40,
    "min_delta": 1e-08,
    "optimizer": "adamw",
    "seeds": [
      42,
      7,
      123,
      256,
      999
    ],
    "model": "MPO2TypeI_GTN",
    "L": 4,
    "bond_dim": 16,
    "lr": 0.001
  },
  "n_parameters": 30162,
  "train_loss": 0.1638482276878754,
  "train_quality": 0.9296931778683604,
  "val_loss": 0.5425520130788748,
  "val_quality": 0.8959009141846063,
  "test_loss": 0.3192157205015551,
  "test_quality": 0.8994396933058095,
  "best_epoch": 8,
  "stopped_early": true,
  "patience_counter": 40,
  "success": true
}