{
  "run_id": "MPO2-L3-d12-seed256",
  "seed": 256,
  "model": "MPO2",
  "dataset": "bank",
  "task": "classification",
  "params": {
    "init_strength": 0.01,
    "batch_size": 64,
    "n_epochs": 1000,
    "patience": 40,
    "min_delta": 1e-08,
    "optimizer": "adamw",
    "seeds": [
      42,
      7,
      123,
      256,
      999
    ],
    "model": "MPO2",
    "L": 3,
    "bond_dim": 12,
    "lr": 0.001
  },
  "n_parameters": 5940,
  "train_loss": 0.19383458870187403,
  "train_quality": 0.914810250576674,
  "val_loss": 0.29126165436003126,
  "val_quality": 0.8951636685343557,
  "test_loss": 0.2367157117733548,
  "test_quality": 0.9035682689472132,
  "best_epoch": 133,
  "stopped_early": true,
  "patience_counter": 40,
  "success": true
}