{
  "run_id": "MPO2TypeI_GTN-L3-d16-seed256",
  "seed": 256,
  "model": "MPO2TypeI_GTN",
  "dataset": "bank",
  "task": "classification",
  "params": {
    "init_strength": 0.01,
    "batch_size": 64,
    "n_epochs": 1000,
    "patience": 40,
    "min_delta": 1e-08,
    "optimizer": "adamw",
    "seeds": [
      42,
      7,
      123,
      256,
      999
    ],
    "model": "MPO2TypeI_GTN",
    "L": 3,
    "bond_dim": 16,
    "lr": 0.001
  },
  "n_parameters": 11682,
  "train_loss": 0.19382478792931485,
  "train_quality": 0.9143362720005056,
  "val_loss": 0.29352792113749676,
  "val_quality": 0.8956060159245061,
  "test_loss": 0.23600908056664657,
  "test_quality": 0.9046004128575641,
  "best_epoch": 2,
  "stopped_early": true,
  "patience_counter": 40,
  "success": true
}