{
  "run_id": "MPO2-L3-d8-seed999",
  "seed": 999,
  "model": "MPO2",
  "dataset": "bank",
  "task": "classification",
  "params": {
    "init_strength": 0.01,
    "batch_size": 64,
    "n_epochs": 1000,
    "patience": 40,
    "min_delta": 1e-08,
    "optimizer": "adamw",
    "seeds": [
      42,
      7,
      123,
      256,
      999
    ],
    "model": "MPO2",
    "L": 3,
    "bond_dim": 8,
    "lr": 0.001
  },
  "n_parameters": 2904,
  "train_loss": 0.19202320549892618,
  "train_quality": 0.9152842291528422,
  "val_loss": 0.28242453714057103,
  "val_quality": 0.8953111176644057,
  "test_loss": 0.23310444678666808,
  "test_quality": 0.903273370687113,
  "best_epoch": 178,
  "stopped_early": true,
  "patience_counter": 40,
  "success": true
}