{
  "run_id": "MPO2TypeI_GTN-L3-d16-seed7",
  "seed": 7,
  "model": "MPO2TypeI_GTN",
  "dataset": "bank",
  "task": "classification",
  "params": {
    "init_strength": 0.01,
    "batch_size": 64,
    "n_epochs": 1000,
    "patience": 40,
    "min_delta": 1e-08,
    "optimizer": "adamw",
    "seeds": [
      42,
      7,
      123,
      256,
      999
    ],
    "model": "MPO2TypeI_GTN",
    "L": 3,
    "bond_dim": 16,
    "lr": 0.001
  },
  "n_parameters": 11682,
  "train_loss": 0.1983656854149681,
  "train_quality": 0.9147786520049294,
  "val_loss": 0.31338068140934733,
  "val_quality": 0.8960483633146564,
  "test_loss": 0.238780098380152,
  "test_quality": 0.9025361250368623,
  "best_epoch": 53,
  "stopped_early": true,
  "patience_counter": 40,
  "success": true
}