{
  "run_id": "MPO2TypeI_GTN-L4-d16-seed7",
  "seed": 7,
  "model": "MPO2TypeI_GTN",
  "dataset": "bank",
  "task": "classification",
  "params": {
    "init_strength": 0.01,
    "batch_size": 64,
    "n_epochs": 1000,
    "patience": 40,
    "min_delta": 1e-08,
    "optimizer": "adamw",
    "seeds": [
      42,
      7,
      123,
      256,
      999
    ],
    "model": "MPO2TypeI_GTN",
    "L": 4,
    "bond_dim": 16,
    "lr": 0.001
  },
  "n_parameters": 30162,
  "train_loss": 0.21789976115422233,
  "train_quality": 0.9177805163206623,
  "val_loss": 1.0356209869437492,
  "val_quality": 0.8960483633146564,
  "test_loss": 0.3490264011688416,
  "test_quality": 0.8967856089649071,
  "best_epoch": 6,
  "stopped_early": true,
  "patience_counter": 40,
  "success": true
}