{
  "run_id": "MPO2-L3-d12-seed7",
  "seed": 7,
  "model": "MPO2",
  "dataset": "bank",
  "task": "classification",
  "params": {
    "init_strength": 0.01,
    "batch_size": 64,
    "n_epochs": 1000,
    "patience": 40,
    "min_delta": 1e-08,
    "optimizer": "adamw",
    "seeds": [
      42,
      7,
      123,
      256,
      999
    ],
    "model": "MPO2",
    "L": 3,
    "bond_dim": 12,
    "lr": 0.001
  },
  "n_parameters": 5940,
  "train_loss": 0.19199444642371866,
  "train_quality": 0.9158846020159889,
  "val_loss": 0.28703355604746117,
  "val_quality": 0.8948687702742554,
  "test_loss": 0.2361363548778227,
  "test_quality": 0.9023886759068122,
  "best_epoch": 186,
  "stopped_early": true,
  "patience_counter": 40,
  "success": true
}