{
  "run_id": "MPO2TypeI_GTN-L4-d12-seed123",
  "seed": 123,
  "model": "MPO2TypeI_GTN",
  "dataset": "bank",
  "task": "classification",
  "params": {
    "init_strength": 0.01,
    "batch_size": 64,
    "n_epochs": 1000,
    "patience": 40,
    "min_delta": 1e-08,
    "optimizer": "adamw",
    "seeds": [
      42,
      7,
      123,
      256,
      999
    ],
    "model": "MPO2TypeI_GTN",
    "L": 4,
    "bond_dim": 12,
    "lr": 0.001
  },
  "n_parameters": 17886,
  "train_loss": 0.15394440104925447,
  "train_quality": 0.9340221821973647,
  "val_loss": 0.48881884495960354,
  "val_quality": 0.8967856089649071,
  "test_loss": 0.355933715394275,
  "test_quality": 0.8969330580949573,
  "best_epoch": 17,
  "stopped_early": true,
  "patience_counter": 40,
  "success": true
}