{
  "run_id": "MPO2-L4-d8-seed256",
  "seed": 256,
  "model": "MPO2",
  "dataset": "bank",
  "task": "classification",
  "params": {
    "init_strength": 0.01,
    "batch_size": 64,
    "n_epochs": 1000,
    "patience": 40,
    "min_delta": 1e-08,
    "optimizer": "adamw",
    "seeds": [
      42,
      7,
      123,
      256,
      999
    ],
    "model": "MPO2",
    "L": 4,
    "bond_dim": 8,
    "lr": 0.001
  },
  "n_parameters": 5016,
  "train_loss": 0.17410305117454025,
  "train_quality": 0.92615413783297,
  "val_loss": 0.5602072821152984,
  "val_quality": 0.8954585667944559,
  "test_loss": 0.37275869239036974,
  "test_quality": 0.9003243880861103,
  "best_epoch": 135,
  "stopped_early": true,
  "patience_counter": 40,
  "success": true
}