{
  "run_id": "MPO2TypeI_GTN-L3-d16-seed42",
  "seed": 42,
  "model": "MPO2TypeI_GTN",
  "dataset": "bank",
  "task": "classification",
  "params": {
    "init_strength": 0.01,
    "batch_size": 64,
    "n_epochs": 1000,
    "patience": 40,
    "min_delta": 1e-08,
    "optimizer": "adamw",
    "seeds": [
      42,
      7,
      123,
      256,
      999
    ],
    "model": "MPO2TypeI_GTN",
    "L": 3,
    "bond_dim": 16,
    "lr": 0.001
  },
  "n_parameters": 11682,
  "train_loss": 0.19135276257712527,
  "train_quality": 0.9168957563118147,
  "val_loss": 0.2768421101797959,
  "val_quality": 0.8967856089649071,
  "test_loss": 0.2386977812578484,
  "test_quality": 0.9051902093777646,
  "best_epoch": 7,
  "stopped_early": true,
  "patience_counter": 40,
  "success": true
}