{
  "run_id": "MPO2-L4-d8-seed123",
  "seed": 123,
  "model": "MPO2",
  "dataset": "bank",
  "task": "classification",
  "params": {
    "output_site": 1,
    "init_strength": 0.01,
    "batch_size": 64,
    "n_epochs": 1000,
    "patience": 40,
    "min_delta": 1e-08,
    "optimizer": "adamw",
    "rank": 5,
    "seeds": [
      42,
      7,
      123,
      256,
      999
    ],
    "model": "MPO2",
    "L": 4,
    "bond_dim": 8,
    "lr": 0.01
  },
  "n_parameters": 6864,
  "train_loss": 0.29529214740101695,
  "train_quality": 0.9008752804373242,
  "val_loss": 4.798097312950758,
  "val_quality": 0.8897080507225007,
  "test_loss": 0.41635918728044286,
  "test_quality": 0.8994396933058095,
  "best_epoch": 59,
  "stopped_early": true,
  "patience_counter": 40,
  "success": true
}