{
  "run_id": "MPO2-L4-d12-seed123",
  "seed": 123,
  "model": "MPO2",
  "dataset": "bank",
  "task": "classification",
  "params": {
    "init_strength": 0.01,
    "batch_size": 64,
    "n_epochs": 1000,
    "patience": 40,
    "min_delta": 1e-08,
    "optimizer": "adamw",
    "seeds": [
      42,
      7,
      123,
      256,
      999
    ],
    "model": "MPO2",
    "L": 4,
    "bond_dim": 12,
    "lr": 0.001
  },
  "n_parameters": 10692,
  "train_loss": 0.16308794894989423,
  "train_quality": 0.9301987550162732,
  "val_loss": 0.6391426979256497,
  "val_quality": 0.8954585667944559,
  "test_loss": 0.3986701003741105,
  "test_quality": 0.8953111176644057,
  "best_epoch": 164,
  "stopped_early": true,
  "patience_counter": 40,
  "success": true
}