{
  "run_id": "MPO2-L3-d12-seed256",
  "seed": 256,
  "model": "MPO2",
  "dataset": "bank",
  "task": "classification",
  "params": {
    "output_site": 1,
    "init_strength": 0.01,
    "batch_size": 64,
    "n_epochs": 1000,
    "patience": 40,
    "min_delta": 1e-08,
    "optimizer": "adamw",
    "rank": 5,
    "seeds": [
      42,
      7,
      123,
      256,
      999
    ],
    "model": "MPO2",
    "L": 3,
    "bond_dim": 12,
    "lr": 0.01
  },
  "n_parameters": 10296,
  "train_loss": 1.5409816364990347,
  "train_quality": 0.8833696716908396,
  "val_loss": 1.7764241095842945,
  "val_quality": 0.8935417281038042,
  "test_loss": 0.9644850811422484,
  "test_quality": 0.8804187555293423,
  "best_epoch": 78,
  "stopped_early": true,
  "patience_counter": 40,
  "success": true
}