{
  "run_id": "MPO2-L4-d16-seed7",
  "seed": 7,
  "model": "MPO2",
  "dataset": "bank",
  "task": "classification",
  "params": {
    "init_strength": 0.01,
    "batch_size": 64,
    "n_epochs": 1000,
    "patience": 40,
    "min_delta": 1e-08,
    "optimizer": "adamw",
    "seeds": [
      42,
      7,
      123,
      256,
      999
    ],
    "model": "MPO2",
    "L": 4,
    "bond_dim": 16,
    "lr": 0.001
  },
  "n_parameters": 18480,
  "train_loss": 0.15871104075531392,
  "train_quality": 0.931999873605713,
  "val_loss": 0.4355251974398918,
  "val_quality": 0.8938366263639045,
  "test_loss": 0.35372422089495403,
  "test_quality": 0.898849896785609,
  "best_epoch": 192,
  "stopped_early": true,
  "patience_counter": 40,
  "success": true
}