{
  "run_id": "MPO2-L4-d8-seed999",
  "seed": 999,
  "model": "MPO2",
  "dataset": "bank",
  "task": "classification",
  "params": {
    "output_site": 1,
    "init_strength": 0.01,
    "batch_size": 64,
    "n_epochs": 1000,
    "patience": 40,
    "min_delta": 1e-08,
    "optimizer": "adamw",
    "rank": 5,
    "seeds": [
      42,
      7,
      123,
      256,
      999
    ],
    "model": "MPO2",
    "L": 4,
    "bond_dim": 8,
    "lr": 0.01
  },
  "n_parameters": 6864,
  "train_loss": 0.22949951906393948,
  "train_quality": 0.9011912661547699,
  "val_loss": 0.6298763601020907,
  "val_quality": 0.8907401946328517,
  "test_loss": 0.29743681587430154,
  "test_quality": 0.8995871424358596,
  "best_epoch": 44,
  "stopped_early": true,
  "patience_counter": 40,
  "success": true
}