{
  "run_id": "MPO2-L3-d12-seed999",
  "seed": 999,
  "model": "MPO2",
  "dataset": "bank",
  "task": "classification",
  "params": {
    "output_site": 1,
    "init_strength": 0.01,
    "batch_size": 64,
    "n_epochs": 1000,
    "patience": 40,
    "min_delta": 1e-08,
    "optimizer": "adamw",
    "rank": 5,
    "seeds": [
      42,
      7,
      123,
      256,
      999
    ],
    "model": "MPO2",
    "L": 3,
    "bond_dim": 12,
    "lr": 0.01
  },
  "n_parameters": 10296,
  "train_loss": 0.3072321397557185,
  "train_quality": 0.8979050146933358,
  "val_loss": 0.5715390893927752,
  "val_quality": 0.8938366263639045,
  "test_loss": 0.3209805305158163,
  "test_quality": 0.8963432615747567,
  "best_epoch": 74,
  "stopped_early": true,
  "patience_counter": 40,
  "success": true
}