{
  "run_id": "MPO2TypeI_GTN-L3-d12-seed123",
  "seed": 123,
  "model": "MPO2TypeI_GTN",
  "dataset": "bank",
  "task": "classification",
  "params": {
    "init_strength": 0.01,
    "batch_size": 64,
    "n_epochs": 1000,
    "patience": 40,
    "min_delta": 1e-08,
    "optimizer": "adamw",
    "seeds": [
      42,
      7,
      123,
      256,
      999
    ],
    "model": "MPO2TypeI_GTN",
    "L": 3,
    "bond_dim": 12,
    "lr": 0.001
  },
  "n_parameters": 7194,
  "train_loss": 0.1955242535070149,
  "train_quality": 0.914304673428761,
  "val_loss": 0.28857897894467605,
  "val_quality": 0.8969330580949573,
  "test_loss": 0.23267033763255607,
  "test_quality": 0.9047478619876143,
  "best_epoch": 13,
  "stopped_early": true,
  "patience_counter": 40,
  "success": true
}