{
  "run_id": "MPO2-L3-d8-seed999",
  "seed": 999,
  "model": "MPO2",
  "dataset": "bank",
  "task": "classification",
  "params": {
    "output_site": 1,
    "init_strength": 0.01,
    "batch_size": 64,
    "n_epochs": 1000,
    "patience": 40,
    "min_delta": 1e-08,
    "optimizer": "adamw",
    "rank": 5,
    "seeds": [
      42,
      7,
      123,
      256,
      999
    ],
    "model": "MPO2",
    "L": 3,
    "bond_dim": 8,
    "lr": 0.01
  },
  "n_parameters": 4752,
  "train_loss": 0.2265122084912408,
  "train_quality": 0.9020444275918729,
  "val_loss": 0.27244527663109547,
  "val_quality": 0.893394278973754,
  "test_loss": 0.22761208425937207,
  "test_quality": 0.8995871424358596,
  "best_epoch": 20,
  "stopped_early": true,
  "patience_counter": 40,
  "success": true
}