{
  "run_id": "MPO2-L3-d16-seed123",
  "seed": 123,
  "model": "MPO2",
  "dataset": "bank",
  "task": "classification",
  "params": {
    "init_strength": 0.01,
    "batch_size": 64,
    "n_epochs": 1000,
    "patience": 40,
    "min_delta": 1e-08,
    "optimizer": "adamw",
    "seeds": [
      42,
      7,
      123,
      256,
      999
    ],
    "model": "MPO2",
    "L": 3,
    "bond_dim": 16,
    "lr": 0.001
  },
  "n_parameters": 10032,
  "train_loss": 0.1944323667398421,
  "train_quality": 0.9147786520049294,
  "val_loss": 0.30009837160659486,
  "val_quality": 0.8947213211442052,
  "test_loss": 0.24132259643562853,
  "test_quality": 0.9029784724270127,
  "best_epoch": 98,
  "stopped_early": true,
  "patience_counter": 40,
  "success": true
}