{
  "run_id": "MPO2-L4-d16-seed42",
  "seed": 42,
  "model": "MPO2",
  "dataset": "bank",
  "task": "classification",
  "params": {
    "output_site": 1,
    "init_strength": 0.01,
    "batch_size": 64,
    "n_epochs": 1000,
    "patience": 40,
    "min_delta": 1e-08,
    "optimizer": "adamw",
    "rank": 5,
    "seeds": [
      42,
      7,
      123,
      256,
      999
    ],
    "model": "MPO2",
    "L": 4,
    "bond_dim": 16,
    "lr": 0.01
  },
  "n_parameters": 26400,
  "train_loss": 15.359454890881391,
  "train_quality": 0.8574588428603027,
  "val_loss": 24.761173627579144,
  "val_quality": 0.8836626363904453,
  "test_loss": 15.423281279845746,
  "test_quality": 0.8553524034208199,
  "best_epoch": 15,
  "stopped_early": true,
  "patience_counter": 40,
  "success": true
}