{
  "run_id": "MPO2TypeI_GTN-L3-d12-seed256",
  "seed": 256,
  "model": "MPO2TypeI_GTN",
  "dataset": "bank",
  "task": "classification",
  "params": {
    "init_strength": 0.01,
    "batch_size": 64,
    "n_epochs": 1000,
    "patience": 40,
    "min_delta": 1e-08,
    "optimizer": "adamw",
    "seeds": [
      42,
      7,
      123,
      256,
      999
    ],
    "model": "MPO2TypeI_GTN",
    "L": 3,
    "bond_dim": 12,
    "lr": 0.001
  },
  "n_parameters": 7194,
  "train_loss": 0.1937579460168411,
  "train_quality": 0.9147786520049294,
  "val_loss": 0.2594031132004334,
  "val_quality": 0.8982601002654085,
  "test_loss": 0.24051968372485805,
  "test_quality": 0.902241226776762,
  "best_epoch": 23,
  "stopped_early": true,
  "patience_counter": 40,
  "success": true
}