{
  "run_id": "MPO2-L3-d8-seed42",
  "seed": 42,
  "model": "MPO2",
  "dataset": "bank",
  "task": "classification",
  "params": {
    "init_strength": 0.01,
    "batch_size": 64,
    "n_epochs": 1000,
    "patience": 40,
    "min_delta": 1e-08,
    "optimizer": "adamw",
    "seeds": [
      42,
      7,
      123,
      256,
      999
    ],
    "model": "MPO2",
    "L": 3,
    "bond_dim": 8,
    "lr": 0.001
  },
  "n_parameters": 2904,
  "train_loss": 0.19358451827467515,
  "train_quality": 0.9146838562896957,
  "val_loss": 0.27563747000385785,
  "val_quality": 0.8961958124447066,
  "test_loss": 0.23149283829354766,
  "test_quality": 0.9031259215570628,
  "best_epoch": 175,
  "stopped_early": true,
  "patience_counter": 40,
  "success": true
}