{
  "run_id": "MPO2-L3-d16-seed42",
  "seed": 42,
  "model": "MPO2",
  "dataset": "bank",
  "task": "classification",
  "params": {
    "init_strength": 0.01,
    "batch_size": 64,
    "n_epochs": 1000,
    "patience": 40,
    "min_delta": 1e-08,
    "optimizer": "adamw",
    "seeds": [
      42,
      7,
      123,
      256,
      999
    ],
    "model": "MPO2",
    "L": 3,
    "bond_dim": 16,
    "lr": 0.001
  },
  "n_parameters": 10032,
  "train_loss": 0.20371821733895787,
  "train_quality": 0.9161689891616899,
  "val_loss": 0.2700891633373275,
  "val_quality": 0.8957534650545562,
  "test_loss": 0.23997824318690175,
  "test_quality": 0.9023886759068122,
  "best_epoch": 55,
  "stopped_early": true,
  "patience_counter": 40,
  "success": true
}