{
  "run_id": "MPO2TypeI_GTN-L3-d16-seed123",
  "seed": 123,
  "model": "MPO2TypeI_GTN",
  "dataset": "bank",
  "task": "classification",
  "params": {
    "init_strength": 0.01,
    "batch_size": 64,
    "n_epochs": 1000,
    "patience": 40,
    "min_delta": 1e-08,
    "optimizer": "adamw",
    "seeds": [
      42,
      7,
      123,
      256,
      999
    ],
    "model": "MPO2TypeI_GTN",
    "L": 3,
    "bond_dim": 16,
    "lr": 0.001
  },
  "n_parameters": 11682,
  "train_loss": 0.19382979091025027,
  "train_quality": 0.915379024868076,
  "val_loss": 0.27692457984150975,
  "val_quality": 0.8981126511353583,
  "test_loss": 0.23590568946579915,
  "test_quality": 0.9050427602477146,
  "best_epoch": 12,
  "stopped_early": true,
  "patience_counter": 40,
  "success": true
}