{
  "run_id": "MPO2-L4-d12-seed999",
  "seed": 999,
  "model": "MPO2",
  "dataset": "bank",
  "task": "classification",
  "params": {
    "init_strength": 0.01,
    "batch_size": 64,
    "n_epochs": 1000,
    "patience": 40,
    "min_delta": 1e-08,
    "optimizer": "adamw",
    "seeds": [
      42,
      7,
      123,
      256,
      999
    ],
    "model": "MPO2",
    "L": 4,
    "bond_dim": 12,
    "lr": 0.001
  },
  "n_parameters": 10692,
  "train_loss": 0.1537174535231104,
  "train_quality": 0.9337693936234083,
  "val_loss": 0.4471047048784614,
  "val_quality": 0.8950162194043055,
  "test_loss": 0.3680313210886393,
  "test_quality": 0.8961958124447066,
  "best_epoch": 368,
  "stopped_early": true,
  "patience_counter": 40,
  "success": true
}