{
  "run_id": "MPO2TypeI_GTN-L3-d8-seed123",
  "seed": 123,
  "model": "MPO2TypeI_GTN",
  "dataset": "bank",
  "task": "classification",
  "params": {
    "init_strength": 0.01,
    "batch_size": 64,
    "n_epochs": 1000,
    "patience": 40,
    "min_delta": 1e-08,
    "optimizer": "adamw",
    "seeds": [
      42,
      7,
      123,
      256,
      999
    ],
    "model": "MPO2TypeI_GTN",
    "L": 3,
    "bond_dim": 8,
    "lr": 0.001
  },
  "n_parameters": 3762,
  "train_loss": 0.19192070813391368,
  "train_quality": 0.9153158277245869,
  "val_loss": 0.30696042317859695,
  "val_quality": 0.8975228546151578,
  "test_loss": 0.2387205947880413,
  "test_quality": 0.906664700678266,
  "best_epoch": 15,
  "stopped_early": true,
  "patience_counter": 40,
  "success": true
}