{
  "run_id": "MPO2TypeI_GTN-L4-d8-seed7",
  "seed": 7,
  "model": "MPO2TypeI_GTN",
  "dataset": "bank",
  "task": "classification",
  "params": {
    "init_strength": 0.01,
    "batch_size": 64,
    "n_epochs": 1000,
    "patience": 40,
    "min_delta": 1e-08,
    "optimizer": "adamw",
    "seeds": [
      42,
      7,
      123,
      256,
      999
    ],
    "model": "MPO2TypeI_GTN",
    "L": 4,
    "bond_dim": 8,
    "lr": 0.001
  },
  "n_parameters": 8778,
  "train_loss": 0.16133520503088977,
  "train_quality": 0.9309571207381426,
  "val_loss": 0.42105297527899943,
  "val_quality": 0.897817752875258,
  "test_loss": 0.31770310277245106,
  "test_quality": 0.8987024476555588,
  "best_epoch": 86,
  "stopped_early": true,
  "patience_counter": 40,
  "success": true
}