{
  "run_id": "MPO2TypeI_GTN-L3-d12-seed7",
  "seed": 7,
  "model": "MPO2TypeI_GTN",
  "dataset": "bank",
  "task": "classification",
  "params": {
    "init_strength": 0.01,
    "batch_size": 64,
    "n_epochs": 1000,
    "patience": 40,
    "min_delta": 1e-08,
    "optimizer": "adamw",
    "seeds": [
      42,
      7,
      123,
      256,
      999
    ],
    "model": "MPO2TypeI_GTN",
    "L": 3,
    "bond_dim": 12,
    "lr": 0.001
  },
  "n_parameters": 7194,
  "train_loss": 0.19250511793795871,
  "train_quality": 0.9164533763073909,
  "val_loss": 0.2696561287104648,
  "val_quality": 0.8969330580949573,
  "test_loss": 0.23914991401993915,
  "test_quality": 0.9017988793866116,
  "best_epoch": 22,
  "stopped_early": true,
  "patience_counter": 40,
  "success": true
}