{
  "run_id": "MPO2-L3-d16-seed7",
  "seed": 7,
  "model": "MPO2",
  "dataset": "bank",
  "task": "classification",
  "params": {
    "init_strength": 0.01,
    "batch_size": 64,
    "n_epochs": 1000,
    "patience": 40,
    "min_delta": 1e-08,
    "optimizer": "adamw",
    "seeds": [
      42,
      7,
      123,
      256,
      999
    ],
    "model": "MPO2",
    "L": 3,
    "bond_dim": 16,
    "lr": 0.001
  },
  "n_parameters": 10032,
  "train_loss": 0.19914898518708105,
  "train_quality": 0.914525863430973,
  "val_loss": 0.30535624782595394,
  "val_quality": 0.8947213211442052,
  "test_loss": 0.2385556568918015,
  "test_quality": 0.9050427602477146,
  "best_epoch": 119,
  "stopped_early": true,
  "patience_counter": 40,
  "success": true
}