{
  "run_id": "MPO2-L3-d8-seed256",
  "seed": 256,
  "model": "MPO2",
  "dataset": "bank",
  "task": "classification",
  "params": {
    "init_strength": 0.01,
    "batch_size": 64,
    "n_epochs": 1000,
    "patience": 40,
    "min_delta": 1e-08,
    "optimizer": "adamw",
    "seeds": [
      42,
      7,
      123,
      256,
      999
    ],
    "model": "MPO2",
    "L": 3,
    "bond_dim": 8,
    "lr": 0.001
  },
  "n_parameters": 2904,
  "train_loss": 0.19435941470409532,
  "train_quality": 0.9145574620027175,
  "val_loss": 0.28997677683272644,
  "val_quality": 0.8982601002654085,
  "test_loss": 0.23277738329267544,
  "test_quality": 0.9031259215570628,
  "best_epoch": 147,
  "stopped_early": true,
  "patience_counter": 40,
  "success": true
}