{
  "run_id": "LMPO2-L3-d12-rf0.3-seed256",
  "seed": 256,
  "model": "LMPO2",
  "dataset": "hearth",
  "task": "classification",
  "params": {
    "init_strength": 0.01,
    "bond_dim_mpo": 2,
    "batch_size": 64,
    "n_epochs": 1000,
    "patience": 40,
    "min_delta": 1e-08,
    "optimizer": "adamw",
    "seeds": [
      42,
      7,
      123,
      256,
      999
    ],
    "model": "LMPO2",
    "L": 3,
    "bond_dim": 12,
    "lr": 0.001,
    "reduction_factor": 0.3
  },
  "n_parameters": 912,
  "train_loss": 0.10972299712456912,
  "train_quality": 0.9716981132075472,
  "val_loss": 16.01733397553247,
  "val_quality": 0.4666666666666667,
  "test_loss": 9.002714193245929,
  "test_quality": 0.45652173913043476,
  "best_epoch": 957,
  "stopped_early": false,
  "patience_counter": 0,
  "success": true
}