{
  "run_id": "LMPO2-L3-d16-rf0.1-seed123",
  "seed": 123,
  "model": "LMPO2",
  "dataset": "hearth",
  "task": "classification",
  "params": {
    "init_strength": 0.01,
    "bond_dim_mpo": 2,
    "batch_size": 64,
    "n_epochs": 1000,
    "patience": 40,
    "min_delta": 1e-08,
    "optimizer": "adamw",
    "seeds": [
      42,
      7,
      123,
      256,
      999
    ],
    "model": "LMPO2",
    "L": 3,
    "bond_dim": 16,
    "lr": 0.001,
    "reduction_factor": 0.1
  },
  "n_parameters": 880,
  "train_loss": 2.36148231062435,
  "train_quality": 0.27358490566037735,
  "val_loss": 3.069981457076692,
  "val_quality": 0.4222222222222222,
  "test_loss": 2.5614336239834947,
  "test_quality": 0.21739130434782608,
  "best_epoch": 42,
  "stopped_early": true,
  "patience_counter": 40,
  "success": true
}