{
  "run_id": "LMPO2-L3-d16-rf0.1-seed999",
  "seed": 999,
  "model": "LMPO2",
  "dataset": "hearth",
  "task": "classification",
  "params": {
    "init_strength": 0.01,
    "bond_dim_mpo": 2,
    "batch_size": 64,
    "n_epochs": 1000,
    "patience": 40,
    "min_delta": 1e-08,
    "optimizer": "adamw",
    "seeds": [
      42,
      7,
      123,
      256,
      999
    ],
    "model": "LMPO2",
    "L": 3,
    "bond_dim": 16,
    "lr": 0.001,
    "reduction_factor": 0.1
  },
  "n_parameters": 880,
  "train_loss": 2.041149411201798,
  "train_quality": 0.29245283018867924,
  "val_loss": 2.2476135295200526,
  "val_quality": 0.4666666666666667,
  "test_loss": 2.3427787652226724,
  "test_quality": 0.21739130434782608,
  "best_epoch": 158,
  "stopped_early": true,
  "patience_counter": 40,
  "success": true
}