{
  "run_id": "LMPO2-L3-d16-rf0.3-seed256",
  "seed": 256,
  "model": "LMPO2",
  "dataset": "hearth",
  "task": "classification",
  "params": {
    "init_strength": 0.01,
    "bond_dim_mpo": 2,
    "batch_size": 64,
    "n_epochs": 1000,
    "patience": 40,
    "min_delta": 1e-08,
    "optimizer": "adamw",
    "seeds": [
      42,
      7,
      123,
      256,
      999
    ],
    "model": "LMPO2",
    "L": 3,
    "bond_dim": 16,
    "lr": 0.001,
    "reduction_factor": 0.3
  },
  "n_parameters": 1320,
  "train_loss": 0.04851157311289554,
  "train_quality": 0.9905660377358491,
  "val_loss": 16.834006431995878,
  "val_quality": 0.4888888888888889,
  "test_loss": 12.280058273020838,
  "test_quality": 0.41304347826086957,
  "best_epoch": 280,
  "stopped_early": false,
  "patience_counter": 0,
  "success": true
}