{
  "run_id": "LMPO2-L4-d12-rf0.1-seed256",
  "seed": 256,
  "model": "LMPO2",
  "dataset": "hearth",
  "task": "classification",
  "params": {
    "init_strength": 0.01,
    "bond_dim_mpo": 2,
    "batch_size": 64,
    "n_epochs": 1000,
    "patience": 40,
    "min_delta": 1e-08,
    "optimizer": "adamw",
    "seeds": [
      42,
      7,
      123,
      256,
      999
    ],
    "model": "LMPO2",
    "L": 4,
    "bond_dim": 12,
    "lr": 0.001,
    "reduction_factor": 0.1
  },
  "n_parameters": 984,
  "train_loss": 6.15378122708063,
  "train_quality": 0.3160377358490566,
  "val_loss": 12.34392937162469,
  "val_quality": 0.4888888888888889,
  "test_loss": 9.421464274741078,
  "test_quality": 0.1956521739130435,
  "best_epoch": 121,
  "stopped_early": true,
  "patience_counter": 40,
  "success": true
}