{
  "run_id": "LMPO2-L4-d12-rf0.3-seed256",
  "seed": 256,
  "model": "LMPO2",
  "dataset": "hearth",
  "task": "classification",
  "params": {
    "init_strength": 0.01,
    "bond_dim_mpo": 2,
    "batch_size": 64,
    "n_epochs": 1000,
    "patience": 40,
    "min_delta": 1e-08,
    "optimizer": "adamw",
    "seeds": [
      42,
      7,
      123,
      256,
      999
    ],
    "model": "LMPO2",
    "L": 4,
    "bond_dim": 12,
    "lr": 0.001,
    "reduction_factor": 0.3
  },
  "n_parameters": 1476,
  "train_loss": 0.055611635543504796,
  "train_quality": 0.9905660377358491,
  "val_loss": 60.78642113429935,
  "val_quality": 0.4666666666666667,
  "test_loss": 42.84069184555925,
  "test_quality": 0.5217391304347826,
  "best_epoch": 190,
  "stopped_early": true,
  "patience_counter": 40,
  "success": true
}