{
  "run_id": "LMPO2-L4-d16-rf0.1-seed999",
  "seed": 999,
  "model": "LMPO2",
  "dataset": "hearth",
  "task": "classification",
  "params": {
    "init_strength": 0.01,
    "bond_dim_mpo": 2,
    "batch_size": 64,
    "n_epochs": 1000,
    "patience": 40,
    "min_delta": 1e-08,
    "optimizer": "adamw",
    "seeds": [
      42,
      7,
      123,
      256,
      999
    ],
    "model": "LMPO2",
    "L": 4,
    "bond_dim": 16,
    "lr": 0.001,
    "reduction_factor": 0.1
  },
  "n_parameters": 1480,
  "train_loss": 4.457588455541217,
  "train_quality": 0.4056603773584906,
  "val_loss": 9.842501060596886,
  "val_quality": 0.4222222222222222,
  "test_loss": 10.159737553397285,
  "test_quality": 0.1956521739130435,
  "best_epoch": 100,
  "stopped_early": true,
  "patience_counter": 40,
  "success": true
}