{
  "run_id": "LMPO2-L4-d8-rf0.1-seed999",
  "seed": 999,
  "model": "LMPO2",
  "dataset": "hearth",
  "task": "classification",
  "params": {
    "init_strength": 0.01,
    "bond_dim_mpo": 2,
    "batch_size": 64,
    "n_epochs": 1000,
    "patience": 40,
    "min_delta": 1e-08,
    "optimizer": "adamw",
    "seeds": [
      42,
      7,
      123,
      256,
      999
    ],
    "model": "LMPO2",
    "L": 4,
    "bond_dim": 8,
    "lr": 0.001,
    "reduction_factor": 0.1
  },
  "n_parameters": 616,
  "train_loss": 1.973587052137468,
  "train_quality": 0.4339622641509434,
  "val_loss": 3.7677491422492673,
  "val_quality": 0.4444444444444444,
  "test_loss": 4.577981901266648,
  "test_quality": 0.34782608695652173,
  "best_epoch": 253,
  "stopped_early": true,
  "patience_counter": 40,
  "success": true
}