{
  "run_id": "LMPO2-L4-d12-rf0.3-seed42",
  "seed": 42,
  "model": "LMPO2",
  "dataset": "hearth",
  "task": "classification",
  "params": {
    "init_strength": 0.01,
    "bond_dim_mpo": 2,
    "batch_size": 64,
    "n_epochs": 1000,
    "patience": 40,
    "min_delta": 1e-08,
    "optimizer": "adamw",
    "seeds": [
      42,
      7,
      123,
      256,
      999
    ],
    "model": "LMPO2",
    "L": 4,
    "bond_dim": 12,
    "lr": 0.001,
    "reduction_factor": 0.3
  },
  "n_parameters": 1476,
  "train_loss": 0.3262006164111826,
  "train_quality": 0.910377358490566,
  "val_loss": 52.7317585841233,
  "val_quality": 0.37777777777777777,
  "test_loss": 22.098812642975435,
  "test_quality": 0.43478260869565216,
  "best_epoch": 322,
  "stopped_early": true,
  "patience_counter": 40,
  "success": true
}