{
  "run_id": "LMPO2-L3-d8-rf0.1-seed999",
  "seed": 999,
  "model": "LMPO2",
  "dataset": "hearth",
  "task": "classification",
  "params": {
    "init_strength": 0.01,
    "bond_dim_mpo": 2,
    "batch_size": 64,
    "n_epochs": 1000,
    "patience": 40,
    "min_delta": 1e-08,
    "optimizer": "adamw",
    "seeds": [
      42,
      7,
      123,
      256,
      999
    ],
    "model": "LMPO2",
    "L": 3,
    "bond_dim": 8,
    "lr": 0.001,
    "reduction_factor": 0.1
  },
  "n_parameters": 400,
  "train_loss": 1.5766005475148923,
  "train_quality": 0.3867924528301887,
  "val_loss": 2.3123569297953703,
  "val_quality": 0.37777777777777777,
  "test_loss": 1.5822765331942203,
  "test_quality": 0.43478260869565216,
  "best_epoch": 15,
  "stopped_early": true,
  "patience_counter": 40,
  "success": true
}