{
  "run_id": "LMPO2-L4-d12-rf0.1-seed123",
  "seed": 123,
  "model": "LMPO2",
  "dataset": "hearth",
  "task": "classification",
  "params": {
    "init_strength": 0.01,
    "bond_dim_mpo": 2,
    "batch_size": 64,
    "n_epochs": 1000,
    "patience": 40,
    "min_delta": 1e-08,
    "optimizer": "adamw",
    "seeds": [
      42,
      7,
      123,
      256,
      999
    ],
    "model": "LMPO2",
    "L": 4,
    "bond_dim": 12,
    "lr": 0.001,
    "reduction_factor": 0.1
  },
  "n_parameters": 984,
  "train_loss": 3.9566729174207955,
  "train_quality": 0.4858490566037736,
  "val_loss": 11.407937680737927,
  "val_quality": 0.37777777777777777,
  "test_loss": 9.20457775031332,
  "test_quality": 0.2608695652173913,
  "best_epoch": 199,
  "stopped_early": true,
  "patience_counter": 40,
  "success": true
}