{
  "run_id": "LMPO2-L3-d12-rf0.3-seed123",
  "seed": 123,
  "model": "LMPO2",
  "dataset": "hearth",
  "task": "classification",
  "params": {
    "init_strength": 0.01,
    "bond_dim_mpo": 2,
    "batch_size": 64,
    "n_epochs": 1000,
    "patience": 40,
    "min_delta": 1e-08,
    "optimizer": "adamw",
    "seeds": [
      42,
      7,
      123,
      256,
      999
    ],
    "model": "LMPO2",
    "L": 3,
    "bond_dim": 12,
    "lr": 0.001,
    "reduction_factor": 0.3
  },
  "n_parameters": 912,
  "train_loss": 0.029762744138876984,
  "train_quality": 0.9952830188679245,
  "val_loss": 16.629397192738626,
  "val_quality": 0.4444444444444444,
  "test_loss": 14.890694364286833,
  "test_quality": 0.30434782608695654,
  "best_epoch": 901,
  "stopped_early": false,
  "patience_counter": 0,
  "success": true
}