{
  "run_id": "LMPO2-L3-d12-rf0.1-seed7",
  "seed": 7,
  "model": "LMPO2",
  "dataset": "hearth",
  "task": "classification",
  "params": {
    "init_strength": 0.01,
    "bond_dim_mpo": 2,
    "batch_size": 64,
    "n_epochs": 1000,
    "patience": 40,
    "min_delta": 1e-08,
    "optimizer": "adamw",
    "seeds": [
      42,
      7,
      123,
      256,
      999
    ],
    "model": "LMPO2",
    "L": 3,
    "bond_dim": 12,
    "lr": 0.001,
    "reduction_factor": 0.1
  },
  "n_parameters": 608,
  "train_loss": 1.7001164006839475,
  "train_quality": 0.3915094339622642,
  "val_loss": 2.2436959528450946,
  "val_quality": 0.5111111111111111,
  "test_loss": 1.5703857863472437,
  "test_quality": 0.30434782608695654,
  "best_epoch": 115,
  "stopped_early": true,
  "patience_counter": 40,
  "success": true
}