{
  "run_id": "LMPO2-L4-d16-rf0.3-seed256",
  "seed": 256,
  "model": "LMPO2",
  "dataset": "hearth",
  "task": "classification",
  "params": {
    "init_strength": 0.01,
    "bond_dim_mpo": 2,
    "batch_size": 64,
    "n_epochs": 1000,
    "patience": 40,
    "min_delta": 1e-08,
    "optimizer": "adamw",
    "seeds": [
      42,
      7,
      123,
      256,
      999
    ],
    "model": "LMPO2",
    "L": 4,
    "bond_dim": 16,
    "lr": 0.001,
    "reduction_factor": 0.3
  },
  "n_parameters": 2220,
  "train_loss": 0.14439568813262119,
  "train_quality": 0.9669811320754716,
  "val_loss": 85.22141753614274,
  "val_quality": 0.4444444444444444,
  "test_loss": 43.04801578773837,
  "test_quality": 0.2608695652173913,
  "best_epoch": 344,
  "stopped_early": true,
  "patience_counter": 40,
  "success": true
}