{
  "run_id": "LMPO2-L4-d16-rf0.3-seed42",
  "seed": 42,
  "model": "LMPO2",
  "dataset": "hearth",
  "task": "classification",
  "params": {
    "init_strength": 0.01,
    "bond_dim_mpo": 2,
    "batch_size": 64,
    "n_epochs": 1000,
    "patience": 40,
    "min_delta": 1e-08,
    "optimizer": "adamw",
    "seeds": [
      42,
      7,
      123,
      256,
      999
    ],
    "model": "LMPO2",
    "L": 4,
    "bond_dim": 16,
    "lr": 0.001,
    "reduction_factor": 0.3
  },
  "n_parameters": 2220,
  "train_loss": 0.02046790860237543,
  "train_quality": 0.9905660377358491,
  "val_loss": 48.010715733105414,
  "val_quality": 0.35555555555555557,
  "test_loss": 20.542111590400058,
  "test_quality": 0.3695652173913043,
  "best_epoch": 295,
  "stopped_early": false,
  "patience_counter": 0,
  "success": true
}