{
  "run_id": "LMPO2-L4-d12-rf0.1-seed42",
  "seed": 42,
  "model": "LMPO2",
  "dataset": "hearth",
  "task": "classification",
  "params": {
    "init_strength": 0.01,
    "bond_dim_mpo": 2,
    "batch_size": 64,
    "n_epochs": 1000,
    "patience": 40,
    "min_delta": 1e-08,
    "optimizer": "adamw",
    "seeds": [
      42,
      7,
      123,
      256,
      999
    ],
    "model": "LMPO2",
    "L": 4,
    "bond_dim": 12,
    "lr": 0.001,
    "reduction_factor": 0.1
  },
  "n_parameters": 984,
  "train_loss": 2.213047790874646,
  "train_quality": 0.39622641509433965,
  "val_loss": 8.033682290130374,
  "val_quality": 0.35555555555555557,
  "test_loss": 3.1514493169623643,
  "test_quality": 0.32608695652173914,
  "best_epoch": 154,
  "stopped_early": true,
  "patience_counter": 40,
  "success": true
}