{
  "run_id": "MPO2-L3-d8-jit5-seed123",
  "seed": 123,
  "model": "MPO2",
  "grid_params": {
    "model": "MPO2",
    "L": 3,
    "bond_dim": 8,
    "jitter_start": 5.0
  },
  "n_parameters": 5104,
  "train_loss": 2.943858764840147e+92,
  "train_quality": 0.44248955355179237,
  "val_loss": 6.619775418792188e+92,
  "val_quality": 0.4758974358974359,
  "test_loss": 2.3072061177620307e+92,
  "test_quality": 0.4584615384615385,
  "success": true,
  "singular": true
}