{
  "run_id": "MPO2-L3-d8-jit0.1-seed123",
  "seed": 123,
  "model": "MPO2",
  "grid_params": {
    "model": "MPO2",
    "L": 3,
    "bond_dim": 8,
    "jitter_start": 0.1
  },
  "n_parameters": 5104,
  "train_loss": 1.8519078126660772e+80,
  "train_quality": 0.4418297778755223,
  "val_loss": 5.085408172634819e+80,
  "val_quality": 0.46974358974358976,
  "test_loss": 1.1143290596443258e+80,
  "test_quality": 0.4543589743589744,
  "success": true,
  "singular": true
}