{
  "run_id": "MPO2-L3-d8-jit0.1-seed7",
  "seed": 7,
  "model": "MPO2",
  "grid_params": {
    "model": "MPO2",
    "L": 3,
    "bond_dim": 8,
    "jitter_start": 0.1
  },
  "n_parameters": 5104,
  "train_loss": 5.0518995443379465e+85,
  "train_quality": 0.43149329228062455,
  "val_loss": 1.4435109278615645e+86,
  "val_quality": 0.4594871794871795,
  "test_loss": 2.9188147227558537e+85,
  "test_quality": 0.4369230769230769,
  "success": true,
  "singular": true
}