{
  "run_id": "MPO2-L3-d8-jit0.1-seed42",
  "seed": 42,
  "model": "MPO2",
  "grid_params": {
    "model": "MPO2",
    "L": 3,
    "bond_dim": 8,
    "jitter_start": 0.1
  },
  "n_parameters": 5104,
  "train_loss": 180293068.31761122,
  "train_quality": 0.22498350560809324,
  "val_loss": 2149080649.824323,
  "val_quality": 0.21333333333333332,
  "test_loss": 83464644.86848103,
  "test_quality": 0.24102564102564103,
  "success": true,
  "singular": true
}