{
  "run_id": "MMPO2-L4-d12-seed999",
  "seed": 999,
  "model": "MMPO2",
  "dataset": "wine",
  "task": "classification",
  "params": {
    "init_strength": 0.01,
    "batch_size": 64,
    "n_epochs": 1000,
    "patience": 40,
    "min_delta": 1e-08,
    "optimizer": "adamw",
    "seeds": [
      42,
      7,
      123,
      256,
      999
    ],
    "model": "MMPO2",
    "L": 4,
    "bond_dim": 12,
    "lr": 0.001
  },
  "n_parameters": 4368,
  "train_loss": 0.0003740957021295055,
  "train_quality": 1.0,
  "val_loss": 0.7878833957232371,
  "val_quality": 0.9259259259259259,
  "test_loss": 1.0539055075871109,
  "test_quality": 0.8888888888888888,
  "best_epoch": 736,
  "stopped_early": false,
  "patience_counter": 0,
  "success": true
}