{
  "run_id": "MPO2-L3-d12-seed123",
  "seed": 123,
  "model": "MPO2",
  "dataset": "wine",
  "task": "classification",
  "params": {
    "init_strength": 0.01,
    "batch_size": 64,
    "n_epochs": 1000,
    "patience": 40,
    "min_delta": 1e-08,
    "optimizer": "adamw",
    "seeds": [
      42,
      7,
      123,
      256,
      999
    ],
    "model": "MPO2",
    "L": 3,
    "bond_dim": 12,
    "lr": 0.001
  },
  "n_parameters": 2496,
  "train_loss": 0.00010790397136710692,
  "train_quality": 1.0,
  "val_loss": 3.2310033543631507,
  "val_quality": 0.8148148148148148,
  "test_loss": 5.097229812055567,
  "test_quality": 0.8888888888888888,
  "best_epoch": 421,
  "stopped_early": false,
  "patience_counter": 0,
  "success": true
}