{
  "run_id": "MPO2-L4-d8-seed123",
  "seed": 123,
  "model": "MPO2",
  "dataset": "mushrooms",
  "task": "classification",
  "params": {
    "init_strength": 0.01,
    "batch_size": 64,
    "n_epochs": 1000,
    "patience": 40,
    "min_delta": 1e-08,
    "optimizer": "adamw",
    "seeds": [
      42,
      7,
      123,
      256,
      999
    ],
    "model": "MPO2",
    "L": 4,
    "bond_dim": 8,
    "lr": 0.001
  },
  "n_parameters": 7600,
  "train_loss": 0.015528512730434945,
  "train_quality": 0.9917340837143862,
  "val_loss": 0.008152898813175637,
  "val_quality": 0.9967186218211649,
  "test_loss": 0.018219529573162824,
  "test_quality": 0.9893355209187858,
  "best_epoch": 8,
  "stopped_early": true,
  "patience_counter": 40,
  "success": true
}