{
  "run_id": "MPO2TypeI_GTN-L4-d8-seed999",
  "seed": 999,
  "model": "MPO2TypeI_GTN",
  "dataset": "mushrooms",
  "task": "classification",
  "params": {
    "output_site": 1,
    "init_strength": 0.01,
    "batch_size": 64,
    "n_epochs": 1000,
    "patience": 40,
    "min_delta": 1e-08,
    "optimizer": "adamw",
    "rank": 5,
    "seeds": [
      42,
      7,
      123,
      256,
      999
    ],
    "model": "MPO2TypeI_GTN",
    "L": 4,
    "bond_dim": 8,
    "lr": 0.01
  },
  "n_parameters": 18900,
  "train_loss": 0.021569197015250834,
  "train_quality": 0.9901512486809708,
  "val_loss": 0.019804107843215128,
  "val_quality": 0.9967186218211649,
  "test_loss": 0.055367233280963865,
  "test_quality": 0.9844134536505332,
  "best_epoch": 3,
  "stopped_early": true,
  "patience_counter": 40,
  "success": true
}