{
  "run_id": "MPO2-L3-d8-seed7",
  "seed": 7,
  "model": "MPO2",
  "dataset": "mushrooms",
  "task": "classification",
  "params": {
    "init_strength": 0.01,
    "batch_size": 64,
    "n_epochs": 1000,
    "patience": 40,
    "min_delta": 1e-08,
    "optimizer": "adamw",
    "seeds": [
      42,
      7,
      123,
      256,
      999
    ],
    "model": "MPO2",
    "L": 3,
    "bond_dim": 8,
    "lr": 0.001
  },
  "n_parameters": 4400,
  "train_loss": 0.016071572012322115,
  "train_quality": 0.9940204009848751,
  "val_loss": 0.04010189399351162,
  "val_quality": 0.9967186218211649,
  "test_loss": 0.020170160799273845,
  "test_quality": 0.9934372436423298,
  "best_epoch": 20,
  "stopped_early": true,
  "patience_counter": 40,
  "success": true
}