{
  "run_id": "MPO2-L3-d8-seed42",
  "seed": 42,
  "model": "MPO2",
  "dataset": "mushrooms",
  "task": "classification",
  "params": {
    "output_site": 1,
    "init_strength": 0.01,
    "batch_size": 64,
    "n_epochs": 1000,
    "patience": 40,
    "min_delta": 1e-08,
    "optimizer": "adamw",
    "rank": 5,
    "seeds": [
      42,
      7,
      123,
      256,
      999
    ],
    "model": "MPO2",
    "L": 3,
    "bond_dim": 8,
    "lr": 0.01
  },
  "n_parameters": 7200,
  "train_loss": 0.009888330441486242,
  "train_quality": 0.9945480126626802,
  "val_loss": 0.015177565804460069,
  "val_quality": 0.9917965545529123,
  "test_loss": 0.01181332839417063,
  "test_quality": 0.9950779327317474,
  "best_epoch": 22,
  "stopped_early": true,
  "patience_counter": 40,
  "success": true
}