{
  "run_id": "MPO2TypeI_GTN-L4-d16-seed256",
  "seed": 256,
  "model": "MPO2TypeI_GTN",
  "dataset": "mushrooms",
  "task": "classification",
  "params": {
    "init_strength": 0.01,
    "batch_size": 64,
    "n_epochs": 1000,
    "patience": 40,
    "min_delta": 1e-08,
    "optimizer": "adamw",
    "seeds": [
      42,
      7,
      123,
      256,
      999
    ],
    "model": "MPO2TypeI_GTN",
    "L": 4,
    "bond_dim": 16,
    "lr": 0.001
  },
  "n_parameters": 45700,
  "train_loss": 0.009846030111811795,
  "train_quality": 0.9945480126626802,
  "val_loss": 0.01481468139039259,
  "val_quality": 0.9967186218211649,
  "test_loss": 0.01114733714293092,
  "test_quality": 0.9950779327317474,
  "best_epoch": 2,
  "stopped_early": true,
  "patience_counter": 40,
  "success": true
}