{
  "run_id": "MPO2TypeI_GTN-L3-d16-seed7",
  "seed": 7,
  "model": "MPO2TypeI_GTN",
  "dataset": "mushrooms",
  "task": "classification",
  "params": {
    "output_site": 1,
    "init_strength": 0.01,
    "batch_size": 64,
    "n_epochs": 1000,
    "patience": 40,
    "min_delta": 1e-08,
    "optimizer": "adamw",
    "rank": 5,
    "seeds": [
      42,
      7,
      123,
      256,
      999
    ],
    "model": "MPO2TypeI_GTN",
    "L": 3,
    "bond_dim": 16,
    "lr": 0.01
  },
  "n_parameters": 29700,
  "train_loss": 0.012722704699360272,
  "train_quality": 0.9905029897995076,
  "val_loss": 0.019570985677542622,
  "val_quality": 0.9967186218211649,
  "test_loss": 0.017416115606107847,
  "test_quality": 0.9860541427399507,
  "best_epoch": 15,
  "stopped_early": true,
  "patience_counter": 40,
  "success": true
}