{
  "run_id": "MPO2TypeI_GTN-L3-d8-seed999",
  "seed": 999,
  "model": "MPO2TypeI_GTN",
  "dataset": "mushrooms",
  "task": "classification",
  "params": {
    "init_strength": 0.01,
    "batch_size": 64,
    "n_epochs": 1000,
    "patience": 40,
    "min_delta": 1e-08,
    "optimizer": "adamw",
    "seeds": [
      42,
      7,
      123,
      256,
      999
    ],
    "model": "MPO2TypeI_GTN",
    "L": 3,
    "bond_dim": 8,
    "lr": 0.001
  },
  "n_parameters": 5700,
  "train_loss": 0.00979481982251269,
  "train_quality": 0.9945480126626802,
  "val_loss": 0.014663638254954585,
  "val_quality": 0.9967186218211649,
  "test_loss": 0.01128713085167701,
  "test_quality": 0.9950779327317474,
  "best_epoch": 9,
  "stopped_early": true,
  "patience_counter": 40,
  "success": true
}