{
  "run_id": "MPO2-L4-d16-seed7",
  "seed": 7,
  "model": "MPO2",
  "dataset": "mushrooms",
  "task": "classification",
  "params": {
    "output_site": 1,
    "init_strength": 0.01,
    "batch_size": 64,
    "n_epochs": 1000,
    "patience": 40,
    "min_delta": 1e-08,
    "optimizer": "adamw",
    "rank": 5,
    "seeds": [
      42,
      7,
      123,
      256,
      999
    ],
    "model": "MPO2",
    "L": 4,
    "bond_dim": 16,
    "lr": 0.01
  },
  "n_parameters": 40000,
  "train_loss": 0.014345107263956894,
  "train_quality": 0.9912064720365811,
  "val_loss": 0.015887625728412243,
  "val_quality": 0.9967186218211649,
  "test_loss": 0.015419799107807726,
  "test_quality": 0.9885151763740772,
  "best_epoch": 14,
  "stopped_early": true,
  "patience_counter": 40,
  "success": true
}