{
  "run_id": "MPO2TypeI_GTN-L3-d12-seed123",
  "seed": 123,
  "model": "MPO2TypeI_GTN",
  "dataset": "mushrooms",
  "task": "classification",
  "params": {
    "output_site": 1,
    "init_strength": 0.01,
    "batch_size": 64,
    "n_epochs": 1000,
    "patience": 40,
    "min_delta": 1e-08,
    "optimizer": "adamw",
    "rank": 5,
    "seeds": [
      42,
      7,
      123,
      256,
      999
    ],
    "model": "MPO2TypeI_GTN",
    "L": 3,
    "bond_dim": 12,
    "lr": 0.01
  },
  "n_parameters": 17500,
  "train_loss": 0.010645597979219377,
  "train_quality": 0.9938445304256067,
  "val_loss": 0.01967902497607851,
  "val_quality": 0.9967186218211649,
  "test_loss": 0.012076594307302268,
  "test_quality": 0.992616899097621,
  "best_epoch": 1,
  "stopped_early": true,
  "patience_counter": 40,
  "success": true
}