{
  "run_id": "MPO2-L4-d8-seed7",
  "seed": 7,
  "model": "MPO2",
  "dataset": "mushrooms",
  "task": "classification",
  "params": {
    "output_site": 1,
    "init_strength": 0.01,
    "batch_size": 64,
    "n_epochs": 1000,
    "patience": 40,
    "min_delta": 1e-08,
    "optimizer": "adamw",
    "rank": 5,
    "seeds": [
      42,
      7,
      123,
      256,
      999
    ],
    "model": "MPO2",
    "L": 4,
    "bond_dim": 8,
    "lr": 0.01
  },
  "n_parameters": 10400,
  "train_loss": 0.057044823556716105,
  "train_quality": 0.9931410481885332,
  "val_loss": 0.10013338676170559,
  "val_quality": 0.9967186218211649,
  "test_loss": 0.10971817502529115,
  "test_quality": 0.9909762100082035,
  "best_epoch": 0,
  "stopped_early": true,
  "patience_counter": 40,
  "success": true
}