{
  "run_id": "MPO2-L3-d12-seed42",
  "seed": 42,
  "model": "MPO2",
  "dataset": "mushrooms",
  "task": "classification",
  "params": {
    "init_strength": 0.01,
    "batch_size": 64,
    "n_epochs": 1000,
    "patience": 40,
    "min_delta": 1e-08,
    "optimizer": "adamw",
    "seeds": [
      42,
      7,
      123,
      256,
      999
    ],
    "model": "MPO2",
    "L": 3,
    "bond_dim": 12,
    "lr": 0.001
  },
  "n_parameters": 9000,
  "train_loss": 0.009803188715887583,
  "train_quality": 0.9945480126626802,
  "val_loss": 0.01865601069333223,
  "val_quality": 0.9967186218211649,
  "test_loss": 0.015393543406305079,
  "test_quality": 0.9942575881870386,
  "best_epoch": 5,
  "stopped_early": true,
  "patience_counter": 40,
  "success": true
}