{
  "run_id": "MPO2TypeI_GTN-L3-d16-seed999",
  "seed": 999,
  "model": "MPO2TypeI_GTN",
  "dataset": "mushrooms",
  "task": "classification",
  "params": {
    "output_site": 1,
    "init_strength": 0.01,
    "batch_size": 64,
    "n_epochs": 1000,
    "patience": 40,
    "min_delta": 1e-08,
    "optimizer": "adamw",
    "rank": 5,
    "seeds": [
      42,
      7,
      123,
      256,
      999
    ],
    "model": "MPO2TypeI_GTN",
    "L": 3,
    "bond_dim": 16,
    "lr": 0.01
  },
  "n_parameters": 29700,
  "train_loss": 0.010283428131059414,
  "train_quality": 0.9945480126626802,
  "val_loss": 0.011799564326649836,
  "val_quality": 0.9967186218211649,
  "test_loss": 0.01170511285085422,
  "test_quality": 0.9950779327317474,
  "best_epoch": 16,
  "stopped_early": true,
  "patience_counter": 40,
  "success": true
}