{
  "run_id": "MPO2TypeI_GTN-L4-d12-seed42",
  "seed": 42,
  "model": "MPO2TypeI_GTN",
  "dataset": "mushrooms",
  "task": "classification",
  "params": {
    "output_site": 1,
    "init_strength": 0.01,
    "batch_size": 64,
    "n_epochs": 1000,
    "patience": 40,
    "min_delta": 1e-08,
    "optimizer": "adamw",
    "rank": 5,
    "seeds": [
      42,
      7,
      123,
      256,
      999
    ],
    "model": "MPO2TypeI_GTN",
    "L": 4,
    "bond_dim": 12,
    "lr": 0.01
  },
  "n_parameters": 40300,
  "train_loss": 0.01742418504645672,
  "train_quality": 0.9940204009848751,
  "val_loss": 0.041952399697371405,
  "val_quality": 0.9967186218211649,
  "test_loss": 0.01853681808016815,
  "test_quality": 0.9942575881870386,
  "best_epoch": 19,
  "stopped_early": true,
  "patience_counter": 40,
  "success": true
}