{
  "run_id": "MPO2-L3-d8-seed999",
  "seed": 999,
  "model": "MPO2",
  "dataset": "mushrooms",
  "task": "classification",
  "params": {
    "init_strength": 0.01,
    "batch_size": 64,
    "n_epochs": 1000,
    "patience": 40,
    "min_delta": 1e-08,
    "optimizer": "adamw",
    "seeds": [
      42,
      7,
      123,
      256,
      999
    ],
    "model": "MPO2",
    "L": 3,
    "bond_dim": 8,
    "lr": 0.001
  },
  "n_parameters": 4400,
  "train_loss": 0.018770685983006817,
  "train_quality": 0.9933169187478016,
  "val_loss": 0.0438520021908482,
  "val_quality": 0.9958982772764561,
  "test_loss": 0.025504686210700244,
  "test_quality": 0.9917965545529123,
  "best_epoch": 13,
  "stopped_early": true,
  "patience_counter": 40,
  "success": true
}