{
  "run_id": "MPO2-L4-d16-seed123",
  "seed": 123,
  "model": "MPO2",
  "dataset": "mushrooms",
  "task": "classification",
  "params": {
    "output_site": 1,
    "init_strength": 0.01,
    "batch_size": 64,
    "n_epochs": 1000,
    "patience": 40,
    "min_delta": 1e-08,
    "optimizer": "adamw",
    "rank": 5,
    "seeds": [
      42,
      7,
      123,
      256,
      999
    ],
    "model": "MPO2",
    "L": 4,
    "bond_dim": 16,
    "lr": 0.01
  },
  "n_parameters": 40000,
  "train_loss": 0.009995202600800068,
  "train_quality": 0.9945480126626802,
  "val_loss": 0.01403742459817506,
  "val_quality": 0.9967186218211649,
  "test_loss": 0.012255860811866758,
  "test_quality": 0.9950779327317474,
  "best_epoch": 21,
  "stopped_early": true,
  "patience_counter": 40,
  "success": true
}