{
  "run_id": "MPO2-L4-d16-seed42",
  "seed": 42,
  "model": "MPO2",
  "dataset": "mushrooms",
  "task": "classification",
  "params": {
    "init_strength": 0.01,
    "batch_size": 64,
    "n_epochs": 1000,
    "patience": 40,
    "min_delta": 1e-08,
    "optimizer": "adamw",
    "seeds": [
      42,
      7,
      123,
      256,
      999
    ],
    "model": "MPO2",
    "L": 4,
    "bond_dim": 16,
    "lr": 0.001
  },
  "n_parameters": 28000,
  "train_loss": 0.010477382637936631,
  "train_quality": 0.9917340837143862,
  "val_loss": 0.017821713042171082,
  "val_quality": 0.9967186218211649,
  "test_loss": 0.018552972180772478,
  "test_quality": 0.9885151763740772,
  "best_epoch": 2,
  "stopped_early": true,
  "patience_counter": 40,
  "success": true
}