{
  "run_id": "MPO2-L3-d12-seed42",
  "seed": 42,
  "model": "MPO2",
  "dataset": "mushrooms",
  "task": "classification",
  "params": {
    "output_site": 1,
    "init_strength": 0.01,
    "batch_size": 64,
    "n_epochs": 1000,
    "patience": 40,
    "min_delta": 1e-08,
    "optimizer": "adamw",
    "rank": 5,
    "seeds": [
      42,
      7,
      123,
      256,
      999
    ],
    "model": "MPO2",
    "L": 3,
    "bond_dim": 12,
    "lr": 0.01
  },
  "n_parameters": 15600,
  "train_loss": 0.009981012055619104,
  "train_quality": 0.9945480126626802,
  "val_loss": 0.014312419045168428,
  "val_quality": 0.9967186218211649,
  "test_loss": 0.012178074028790987,
  "test_quality": 0.9950779327317474,
  "best_epoch": 6,
  "stopped_early": true,
  "patience_counter": 40,
  "success": true
}