{
  "run_id": "MPO2-L4-d8-seed7",
  "seed": 7,
  "model": "MPO2",
  "dataset": "mushrooms",
  "task": "classification",
  "params": {
    "init_strength": 0.01,
    "batch_size": 64,
    "n_epochs": 1000,
    "patience": 40,
    "min_delta": 1e-08,
    "optimizer": "adamw",
    "seeds": [
      42,
      7,
      123,
      256,
      999
    ],
    "model": "MPO2",
    "L": 4,
    "bond_dim": 8,
    "lr": 0.001
  },
  "n_parameters": 7600,
  "train_loss": 0.009995125270405388,
  "train_quality": 0.9945480126626802,
  "val_loss": 0.01444535688933628,
  "val_quality": 0.9967186218211649,
  "test_loss": 0.041290953954812346,
  "test_quality": 0.9942575881870386,
  "best_epoch": 6,
  "stopped_early": true,
  "patience_counter": 40,
  "success": true
}