{
  "run_id": "MPO2-L3-d12-seed256",
  "seed": 256,
  "model": "MPO2",
  "dataset": "mushrooms",
  "task": "classification",
  "params": {
    "init_strength": 0.01,
    "batch_size": 64,
    "n_epochs": 1000,
    "patience": 40,
    "min_delta": 1e-08,
    "optimizer": "adamw",
    "seeds": [
      42,
      7,
      123,
      256,
      999
    ],
    "model": "MPO2",
    "L": 3,
    "bond_dim": 12,
    "lr": 0.001
  },
  "n_parameters": 9000,
  "train_loss": 0.013377796182435326,
  "train_quality": 0.9940204009848751,
  "val_loss": 0.030570379652420734,
  "val_quality": 0.9967186218211649,
  "test_loss": 0.015227095756909594,
  "test_quality": 0.9934372436423298,
  "best_epoch": 15,
  "stopped_early": true,
  "patience_counter": 40,
  "success": true
}