{
  "run_id": "MPO2TypeI_GTN-L4-d8-seed123",
  "seed": 123,
  "model": "MPO2TypeI_GTN",
  "dataset": "mushrooms",
  "task": "classification",
  "params": {
    "output_site": 1,
    "init_strength": 0.01,
    "batch_size": 64,
    "n_epochs": 1000,
    "patience": 40,
    "min_delta": 1e-08,
    "optimizer": "adamw",
    "rank": 5,
    "seeds": [
      42,
      7,
      123,
      256,
      999
    ],
    "model": "MPO2TypeI_GTN",
    "L": 4,
    "bond_dim": 8,
    "lr": 0.01
  },
  "n_parameters": 18900,
  "train_loss": 0.023431888494989072,
  "train_quality": 0.9933169187478016,
  "val_loss": 0.04806511809983222,
  "val_quality": 0.9967186218211649,
  "test_loss": 0.035181477652466264,
  "test_quality": 0.9917965545529123,
  "best_epoch": 17,
  "stopped_early": true,
  "patience_counter": 40,
  "success": true
}