{
  "run_id": "MPO2-L3-d16-seed256",
  "seed": 256,
  "model": "MPO2",
  "dataset": "mushrooms",
  "task": "classification",
  "params": {
    "output_site": 1,
    "init_strength": 0.01,
    "batch_size": 64,
    "n_epochs": 1000,
    "patience": 40,
    "min_delta": 1e-08,
    "optimizer": "adamw",
    "rank": 5,
    "seeds": [
      42,
      7,
      123,
      256,
      999
    ],
    "model": "MPO2",
    "L": 3,
    "bond_dim": 16,
    "lr": 0.01
  },
  "n_parameters": 27200,
  "train_loss": 0.010078438057359054,
  "train_quality": 0.9945480126626802,
  "val_loss": 0.012988696562171102,
  "val_quality": 0.9967186218211649,
  "test_loss": 0.011687880549628776,
  "test_quality": 0.9950779327317474,
  "best_epoch": 4,
  "stopped_early": true,
  "patience_counter": 40,
  "success": true
}