{
  "run_id": "MPO2-L4-d8-seed999",
  "seed": 999,
  "model": "MPO2",
  "dataset": "mushrooms",
  "task": "classification",
  "params": {
    "output_site": 1,
    "init_strength": 0.01,
    "batch_size": 64,
    "n_epochs": 1000,
    "patience": 40,
    "min_delta": 1e-08,
    "optimizer": "adamw",
    "rank": 5,
    "seeds": [
      42,
      7,
      123,
      256,
      999
    ],
    "model": "MPO2",
    "L": 4,
    "bond_dim": 8,
    "lr": 0.01
  },
  "n_parameters": 10400,
  "train_loss": 0.039180407396120054,
  "train_quality": 0.9938445304256067,
  "val_loss": 0.07474018078933921,
  "val_quality": 0.9942575881870386,
  "test_loss": 0.06315296776607612,
  "test_quality": 0.992616899097621,
  "best_epoch": 36,
  "stopped_early": true,
  "patience_counter": 40,
  "success": true
}