{
  "run_id": "MPO2-L3-d16-seed7",
  "seed": 7,
  "model": "MPO2",
  "dataset": "mushrooms",
  "task": "classification",
  "params": {
    "init_strength": 0.01,
    "batch_size": 64,
    "n_epochs": 1000,
    "patience": 40,
    "min_delta": 1e-08,
    "optimizer": "adamw",
    "seeds": [
      42,
      7,
      123,
      256,
      999
    ],
    "model": "MPO2",
    "L": 3,
    "bond_dim": 16,
    "lr": 0.001
  },
  "n_parameters": 15200,
  "train_loss": 0.00987829802782742,
  "train_quality": 0.9945480126626802,
  "val_loss": 0.0161381012344268,
  "val_quality": 0.9958982772764561,
  "test_loss": 0.01160751006685107,
  "test_quality": 0.9950779327317474,
  "best_epoch": 1,
  "stopped_early": true,
  "patience_counter": 40,
  "success": true
}