{
  "run_id": "MPO2-L4-d8-seed256",
  "seed": 256,
  "model": "MPO2",
  "dataset": "mushrooms",
  "task": "classification",
  "params": {
    "init_strength": 0.01,
    "batch_size": 64,
    "n_epochs": 1000,
    "patience": 40,
    "min_delta": 1e-08,
    "optimizer": "adamw",
    "seeds": [
      42,
      7,
      123,
      256,
      999
    ],
    "model": "MPO2",
    "L": 4,
    "bond_dim": 8,
    "lr": 0.001
  },
  "n_parameters": 7600,
  "train_loss": 0.009949173038991363,
  "train_quality": 0.9940204009848751,
  "val_loss": 0.020602795056296485,
  "val_quality": 0.9958982772764561,
  "test_loss": 0.011959625765132868,
  "test_quality": 0.9942575881870386,
  "best_epoch": 32,
  "stopped_early": true,
  "patience_counter": 40,
  "success": true
}