{
  "run_id": "MPO2-L4-d12-seed999",
  "seed": 999,
  "model": "MPO2",
  "dataset": "mushrooms",
  "task": "classification",
  "params": {
    "init_strength": 0.01,
    "batch_size": 64,
    "n_epochs": 1000,
    "patience": 40,
    "min_delta": 1e-08,
    "optimizer": "adamw",
    "seeds": [
      42,
      7,
      123,
      256,
      999
    ],
    "model": "MPO2",
    "L": 4,
    "bond_dim": 12,
    "lr": 0.001
  },
  "n_parameters": 16200,
  "train_loss": 0.009998905645084984,
  "train_quality": 0.9945480126626802,
  "val_loss": 0.012544608845265176,
  "val_quality": 0.9967186218211649,
  "test_loss": 0.011876783492094877,
  "test_quality": 0.9950779327317474,
  "best_epoch": 139,
  "stopped_early": true,
  "patience_counter": 40,
  "success": true
}