{
  "run_id": "MPO2-L4-d16-seed123",
  "seed": 123,
  "model": "MPO2",
  "dataset": "mushrooms",
  "task": "classification",
  "params": {
    "init_strength": 0.01,
    "batch_size": 64,
    "n_epochs": 1000,
    "patience": 40,
    "min_delta": 1e-08,
    "optimizer": "adamw",
    "seeds": [
      42,
      7,
      123,
      256,
      999
    ],
    "model": "MPO2",
    "L": 4,
    "bond_dim": 16,
    "lr": 0.001
  },
  "n_parameters": 28000,
  "train_loss": 0.009858801313723917,
  "train_quality": 0.9945480126626802,
  "val_loss": 0.015318550935797334,
  "val_quality": 0.9967186218211649,
  "test_loss": 0.011637370118194266,
  "test_quality": 0.9950779327317474,
  "best_epoch": 111,
  "stopped_early": true,
  "patience_counter": 40,
  "success": true
}