{
  "run_id": "LMPO2-L3-d8-jit5-rf0.1-seed42",
  "seed": 42,
  "model": "LMPO2",
  "grid_params": {
    "model": "LMPO2",
    "L": 3,
    "bond_dim": 8,
    "jitter_start": 5.0,
    "reduction_factor": 0.1
  },
  "n_parameters": 1270,
  "train_loss": 115901527.95785657,
  "train_quality": 0.028408396679153625,
  "val_loss": 235798016.9509034,
  "val_quality": -0.018961581466744093,
  "test_loss": 121693307.36883584,
  "test_quality": -0.07724799648611325,
  "success": false,
  "singular": false
}