{
  "run_id": "LMPO2-L3-d8-jit5-rf0.1-seed7",
  "seed": 7,
  "model": "LMPO2",
  "grid_params": {
    "model": "LMPO2",
    "L": 3,
    "bond_dim": 8,
    "jitter_start": 5.0,
    "reduction_factor": 0.1
  },
  "n_parameters": 2720,
  "train_loss": 124597629.05723496,
  "train_quality": -0.044490200592639306,
  "val_loss": 243966678.35981047,
  "val_quality": -0.05426108167169885,
  "test_loss": 126710779.84626406,
  "test_quality": -0.12166343962426196,
  "success": false,
  "singular": false
}