{
  "experiment_name": "breast",
  "run_name": "MPO2_L3_d4_j1_s256",
  "config": {
    "output_site": 1,
    "init_strength": 0.01,
    "batch_size": 100,
    "n_epochs": 10,
    "jitter_decay": 0.95,
    "jitter_min": 0.001,
    "adaptive_jitter": true,
    "patience": 4,
    "min_delta": 0.001,
    "train_selection": true,
    "rank": 5,
    "seeds": [
      42,
      7,
      123,
      256,
      999
    ],
    "model": "MPO2",
    "L": 3,
    "bond_dim": 4,
    "jitter_start": 1.0,
    "reduction_factor": 0.5
  },
  "hparams": {
    "seed": 256,
    "model": "MPO2",
    "dataset": "breast",
    "output_site": 1,
    "init_strength": 0.01,
    "batch_size": 100,
    "n_epochs": 10,
    "jitter_decay": 0.95,
    "jitter_min": 0.001,
    "adaptive_jitter": true,
    "patience": 4,
    "min_delta": 0.001,
    "train_selection": true,
    "rank": 5,
    "seeds": [
      42,
      7,
      123,
      256,
      999
    ],
    "L": 3,
    "bond_dim": 4,
    "jitter_start": 1.0,
    "reduction_factor": 0.5
  },
  "metrics_log": [
    {
      "step": -1,
      "train_loss": 123.20425615942678,
      "train_quality": 0.36180904522613067,
      "val_loss": 183.7313003927244,
      "val_quality": 0.36470588235294116
    },
    {
      "step": 0,
      "train_loss": 77321305913963.45,
      "train_quality": 0.8919597989949749,
      "val_loss": 68023191067216.61,
      "val_quality": 0.8823529411764706,
      "reg_loss": 1.90732975636531e+28,
      "jitter": 1.0,
      "weight_norm_sq": 1.9073297563653022e+28
    },
    {
      "step": 1,
      "train_loss": 1.3094946894108278e+102,
      "train_quality": 0.7537688442211056,
      "val_loss": 3.33747451388215e+101,
      "val_quality": 0.7294117647058823,
      "reg_loss": 1.4273353189590275e+202,
      "jitter": 0.95,
      "weight_norm_sq": 1.502458230483187e+202
    }
  ],
  "summary": {
    "run_id": "MPO2-L3-d4-init0.01-jit1-rf0.5-seed256",
    "seed": 256,
    "model": "MPO2",
    "grid_params": {
      "model": "MPO2",
      "L": 3,
      "bond_dim": 4,
      "jitter_start": 1.0,
      "reduction_factor": 0.5,
      "init_strength": 0.01
    },
    "train_loss": 77321305913963.45,
    "train_quality": 0.8919597989949749,
    "val_loss": 68023191067216.61,
    "val_quality": 0.8823529411764706,
    "test_loss": 12611759240027.531,
    "test_quality": 0.9302325581395349,
    "success": true
  }
}