{
  "experiment_name": "breast",
  "run_name": "MPO2_L3_d4_j0.1_s42",
  "config": {
    "output_site": 1,
    "init_strength": 0.01,
    "batch_size": 100,
    "n_epochs": 10,
    "jitter_decay": 0.95,
    "jitter_min": 0.001,
    "adaptive_jitter": true,
    "patience": 4,
    "min_delta": 0.001,
    "train_selection": true,
    "rank": 5,
    "seeds": [
      42,
      7,
      123,
      256,
      999
    ],
    "model": "MPO2",
    "L": 3,
    "bond_dim": 4,
    "jitter_start": 0.1,
    "reduction_factor": 0.5
  },
  "hparams": {
    "seed": 42,
    "model": "MPO2",
    "dataset": "breast",
    "output_site": 1,
    "init_strength": 0.01,
    "batch_size": 100,
    "n_epochs": 10,
    "jitter_decay": 0.95,
    "jitter_min": 0.001,
    "adaptive_jitter": true,
    "patience": 4,
    "min_delta": 0.001,
    "train_selection": true,
    "rank": 5,
    "seeds": [
      42,
      7,
      123,
      256,
      999
    ],
    "L": 3,
    "bond_dim": 4,
    "jitter_start": 0.1,
    "reduction_factor": 0.5
  },
  "metrics_log": [
    {
      "step": -1,
      "train_loss": 128.74562168548778,
      "train_quality": 0.3492462311557789,
      "val_loss": 121.95890424416554,
      "val_quality": 0.3058823529411765
    },
    {
      "step": 0,
      "train_loss": 2.470730372771005e+26,
      "train_quality": 0.5577889447236181,
      "val_loss": 1.7613228693411968e+26,
      "val_quality": 0.49411764705882355,
      "reg_loss": 7.173151207834045e+49,
      "jitter": 0.1,
      "weight_norm_sq": 7.173151207834045e+50
    },
    {
      "step": 1,
      "train_loss": 8.387742647886239e+187,
      "train_quality": 0.6934673366834171,
      "val_loss": 2.3673891191615983e+187,
      "val_quality": 0.6941176470588235,
      "reg_loss": Infinity,
      "jitter": 0.095,
      "weight_norm_sq": Infinity
    }
  ],
  "summary": {
    "run_id": "MPO2-L3-d4-init0.01-jit0.1-rf0.5-seed42",
    "seed": 42,
    "model": "MPO2",
    "grid_params": {
      "model": "MPO2",
      "L": 3,
      "bond_dim": 4,
      "jitter_start": 0.1,
      "reduction_factor": 0.5,
      "init_strength": 0.01
    },
    "train_loss": 8.387742647886239e+187,
    "train_quality": 0.6934673366834171,
    "val_loss": 2.3673891191615983e+187,
    "val_quality": 0.6941176470588235,
    "test_loss": 8.629650221036874e+187,
    "test_quality": 0.7906976744186046,
    "success": true
  }
}