{
  "experiment_name": "breast",
  "run_name": "MPO2_L3_d4_j1_s999",
  "config": {
    "output_site": 1,
    "init_strength": 0.01,
    "batch_size": 100,
    "n_epochs": 10,
    "jitter_decay": 0.95,
    "jitter_min": 0.001,
    "adaptive_jitter": true,
    "patience": 4,
    "min_delta": 0.001,
    "train_selection": true,
    "rank": 5,
    "seeds": [
      42,
      7,
      123,
      256,
      999
    ],
    "model": "MPO2",
    "L": 3,
    "bond_dim": 4,
    "jitter_start": 1.0,
    "reduction_factor": 0.5
  },
  "hparams": {
    "seed": 999,
    "model": "MPO2",
    "dataset": "breast",
    "output_site": 1,
    "init_strength": 0.01,
    "batch_size": 100,
    "n_epochs": 10,
    "jitter_decay": 0.95,
    "jitter_min": 0.001,
    "adaptive_jitter": true,
    "patience": 4,
    "min_delta": 0.001,
    "train_selection": true,
    "rank": 5,
    "seeds": [
      42,
      7,
      123,
      256,
      999
    ],
    "L": 3,
    "bond_dim": 4,
    "jitter_start": 1.0,
    "reduction_factor": 0.5
  },
  "metrics_log": [
    {
      "step": -1,
      "train_loss": 127.54427496192588,
      "train_quality": 0.31909547738693467,
      "val_loss": 210.32636869408367,
      "val_quality": 0.36470588235294116
    },
    {
      "step": 0,
      "train_loss": 91439889939.34955,
      "train_quality": 0.8693467336683417,
      "val_loss": 18550545746.750656,
      "val_quality": 0.8705882352941177,
      "reg_loss": 8.512149519471706e+19,
      "jitter": 1.0,
      "weight_norm_sq": 8.512149510327717e+19
    },
    {
      "step": 1,
      "train_loss": 3.519864539892281e+82,
      "train_quality": 0.8241206030150754,
      "val_loss": 8.894351964546627e+81,
      "val_quality": 0.8470588235294118,
      "reg_loss": 2.490255222684417e+162,
      "jitter": 0.95,
      "weight_norm_sq": 2.6213212870362287e+162
    }
  ],
  "summary": {
    "run_id": "MPO2-L3-d4-init0.01-jit1-rf0.5-seed999",
    "seed": 999,
    "model": "MPO2",
    "grid_params": {
      "model": "MPO2",
      "L": 3,
      "bond_dim": 4,
      "jitter_start": 1.0,
      "reduction_factor": 0.5,
      "init_strength": 0.01
    },
    "train_loss": 91439889939.34955,
    "train_quality": 0.8693467336683417,
    "val_loss": 18550545746.750656,
    "val_quality": 0.8705882352941177,
    "test_loss": 104429931262.17012,
    "test_quality": 0.9069767441860465,
    "success": true
  }
}