{
  "experiment_name": "breast",
  "run_name": "MPO2_L3_d4_j5_s42",
  "config": {
    "output_site": 1,
    "init_strength": 0.01,
    "batch_size": 100,
    "n_epochs": 10,
    "jitter_decay": 0.95,
    "jitter_min": 0.001,
    "adaptive_jitter": true,
    "patience": 4,
    "min_delta": 0.001,
    "train_selection": true,
    "rank": 5,
    "seeds": [
      42,
      7,
      123,
      256,
      999
    ],
    "model": "MPO2",
    "L": 3,
    "bond_dim": 4,
    "jitter_start": 5.0,
    "reduction_factor": 0.5
  },
  "hparams": {
    "seed": 42,
    "model": "MPO2",
    "dataset": "breast",
    "output_site": 1,
    "init_strength": 0.01,
    "batch_size": 100,
    "n_epochs": 10,
    "jitter_decay": 0.95,
    "jitter_min": 0.001,
    "adaptive_jitter": true,
    "patience": 4,
    "min_delta": 0.001,
    "train_selection": true,
    "rank": 5,
    "seeds": [
      42,
      7,
      123,
      256,
      999
    ],
    "L": 3,
    "bond_dim": 4,
    "jitter_start": 5.0,
    "reduction_factor": 0.5
  },
  "metrics_log": [
    {
      "step": -1,
      "train_loss": 128.74562168548778,
      "train_quality": 0.3492462311557789,
      "val_loss": 121.95890424416554,
      "val_quality": 0.3058823529411765
    },
    {
      "step": 0,
      "train_loss": 66733.06007260778,
      "train_quality": 0.9095477386934674,
      "val_loss": 20559.859520638805,
      "val_quality": 0.9294117647058824,
      "reg_loss": 9156295639291.885,
      "jitter": 5.0,
      "weight_norm_sq": 1831259114511.7646
    },
    {
      "step": 1,
      "train_loss": 1.2578218160647305e+85,
      "train_quality": 0.9045226130653267,
      "val_loss": 2.582403653862997e+84,
      "val_quality": 0.9176470588235294,
      "reg_loss": 1.01425370792441e+170,
      "jitter": 4.75,
      "weight_norm_sq": 2.1352709640513894e+169
    }
  ],
  "summary": {
    "run_id": "MPO2-L3-d4-init0.01-jit5-rf0.5-seed42",
    "seed": 42,
    "model": "MPO2",
    "grid_params": {
      "model": "MPO2",
      "L": 3,
      "bond_dim": 4,
      "jitter_start": 5.0,
      "reduction_factor": 0.5,
      "init_strength": 0.01
    },
    "train_loss": 66733.06007260778,
    "train_quality": 0.9095477386934674,
    "val_loss": 20559.859520638805,
    "val_quality": 0.9294117647058824,
    "test_loss": 7349.336557173517,
    "test_quality": 0.9302325581395349,
    "success": true
  }
}