{
  "experiment_name": "ntn_breast",
  "run_name": "MPO2_L3_d12_j5_s256",
  "config": {
    "output_site": 1,
    "init_strength": 0.01,
    "batch_size": 1024,
    "n_epochs": 15,
    "jitter_decay": 0.25,
    "adaptive_jitter": false,
    "patience": 4,
    "min_delta": 1e-06,
    "train_selection": true,
    "rank": 5,
    "seeds": [
      42,
      7,
      123,
      256,
      999
    ],
    "model": "MPO2",
    "L": 3,
    "bond_dim": 12,
    "jitter_start": 5.0
  },
  "hparams": {
    "seed": 256,
    "model": "MPO2",
    "dataset": "breast",
    "n_parameters": 9360,
    "output_site": 1,
    "init_strength": 0.01,
    "batch_size": 1024,
    "n_epochs": 15,
    "jitter_decay": 0.25,
    "adaptive_jitter": false,
    "patience": 4,
    "min_delta": 1e-06,
    "train_selection": true,
    "rank": 5,
    "seeds": [
      42,
      7,
      123,
      256,
      999
    ],
    "L": 3,
    "bond_dim": 12,
    "jitter_start": 5.0
  },
  "metrics_log": [
    {
      "step": -1,
      "train_loss": 81.12496788453721,
      "train_quality": 0.30904522613065327,
      "val_loss": 75.58398659571718,
      "val_quality": 0.3764705882352941
    },
    {
      "step": 0,
      "train_loss": 2.5974493165808078e+302,
      "train_quality": 0.8793969849246231,
      "val_loss": 4.676149639633058e+301,
      "val_quality": 0.8470588235294118,
      "reg_loss": NaN,
      "jitter": 5.0,
      "weight_norm_sq": NaN
    }
  ],
  "summary": {
    "run_id": "MPO2-L3-d12-jit5-seed256",
    "seed": 256,
    "model": "MPO2",
    "grid_params": {
      "model": "MPO2",
      "L": 3,
      "bond_dim": 12,
      "jitter_start": 5.0
    },
    "n_parameters": 9360,
    "train_loss": 2.5974493165808078e+302,
    "train_quality": 0.8793969849246231,
    "val_loss": 4.676149639633058e+301,
    "val_quality": 0.8470588235294118,
    "test_loss": 2.8085273833750215e+302,
    "test_quality": 0.8488372093023255,
    "success": true,
    "singular": true
  }
}