{
  "experiment_name": "ntn_mushrooms",
  "run_name": "MPO2_L3_d8_j5_s42",
  "config": {
    "init_strength": 0.01,
    "batch_size": 1024,
    "n_epochs": 15,
    "jitter_decay": 0.25,
    "adaptive_jitter": false,
    "patience": 4,
    "min_delta": 1e-06,
    "train_selection": true,
    "seeds": [
      42,
      7,
      123,
      256,
      999
    ],
    "model": "MPO2",
    "L": 3,
    "bond_dim": 8,
    "jitter_start": 5.0
  },
  "hparams": {
    "seed": 42,
    "model": "MPO2",
    "dataset": "mushrooms",
    "n_parameters": 4400,
    "init_strength": 0.01,
    "batch_size": 1024,
    "n_epochs": 15,
    "jitter_decay": 0.25,
    "adaptive_jitter": false,
    "patience": 4,
    "min_delta": 1e-06,
    "train_selection": true,
    "seeds": [
      42,
      7,
      123,
      256,
      999
    ],
    "L": 3,
    "bond_dim": 8,
    "jitter_start": 5.0
  },
  "metrics_log": [
    {
      "step": -1,
      "train_loss": 37.58232699894706,
      "train_quality": 0.4773126978543792,
      "val_loss": 36.93969209680993,
      "val_quality": 0.4536505332239541
    },
    {
      "step": 0,
      "train_loss": 2.6319354883488272e+17,
      "train_quality": 0.48100597959901514,
      "val_loss": 2.6332515700262448e+17,
      "val_quality": 0.4782608695652174,
      "reg_loss": 1.4819753888560224e+33,
      "jitter": 5.0,
      "weight_norm_sq": 2.9639507777120443e+32
    },
    {
      "step": 1,
      "train_loss": 7.937963234812438e+117,
      "train_quality": 0.48100597959901514,
      "val_loss": 7.961394449069557e+117,
      "val_quality": 0.4782608695652174,
      "reg_loss": 3.0378285991045457e+233,
      "jitter": 1.25,
      "weight_norm_sq": 2.4302628792836366e+233
    }
  ],
  "summary": {
    "run_id": "MPO2-L3-d8-jit5-seed42",
    "seed": 42,
    "model": "MPO2",
    "grid_params": {
      "model": "MPO2",
      "L": 3,
      "bond_dim": 8,
      "jitter_start": 5.0
    },
    "n_parameters": 4400,
    "train_loss": null,
    "train_quality": null,
    "val_loss": null,
    "val_quality": null,
    "test_loss": 2.5472768437620842e+17,
    "test_quality": 0.49056603773584906,
    "success": true,
    "singular": true,
    "singular_epoch": 3
  }
}