{
  "experiment_name": "ntn_iris",
  "run_name": "MPO2_L3_d8_j0.1_s123",
  "config": {
    "init_strength": 0.01,
    "batch_size": 1024,
    "n_epochs": 15,
    "jitter_decay": 0.25,
    "adaptive_jitter": false,
    "patience": 4,
    "min_delta": 1e-06,
    "train_selection": true,
    "seeds": [
      42,
      7,
      123,
      256,
      999
    ],
    "model": "MPO2",
    "L": 3,
    "bond_dim": 8,
    "jitter_start": 0.1
  },
  "hparams": {
    "seed": 123,
    "model": "MPO2",
    "dataset": "iris",
    "n_parameters": 384,
    "init_strength": 0.01,
    "batch_size": 1024,
    "n_epochs": 15,
    "jitter_decay": 0.25,
    "adaptive_jitter": false,
    "patience": 4,
    "min_delta": 1e-06,
    "train_selection": true,
    "seeds": [
      42,
      7,
      123,
      256,
      999
    ],
    "L": 3,
    "bond_dim": 8,
    "jitter_start": 0.1
  },
  "metrics_log": [
    {
      "step": -1,
      "train_loss": 16.341714419264243,
      "train_quality": 0.08571428571428572,
      "val_loss": 29.632868185859497,
      "val_quality": 0.045454545454545456
    },
    {
      "step": 0,
      "train_loss": 5045493526099108.0,
      "train_quality": 0.3523809523809524,
      "val_loss": 7845407824935042.0,
      "val_quality": 0.13636363636363635,
      "reg_loss": 1.3402511927758438e+29,
      "jitter": 0.1,
      "weight_norm_sq": 1.3402511927757933e+30
    },
    {
      "step": 1,
      "train_loss": 4.238967956001471e+111,
      "train_quality": 0.009523809523809525,
      "val_loss": 6.921586964132272e+111,
      "val_quality": 0.0,
      "reg_loss": 8.622094026056428e+219,
      "jitter": 0.025,
      "weight_norm_sq": 3.448837610422571e+221
    }
  ],
  "summary": {
    "run_id": "MPO2-L3-d8-jit0.1-seed123",
    "seed": 123,
    "model": "MPO2",
    "grid_params": {
      "model": "MPO2",
      "L": 3,
      "bond_dim": 8,
      "jitter_start": 0.1
    },
    "n_parameters": 384,
    "train_loss": null,
    "train_quality": null,
    "val_loss": null,
    "val_quality": null,
    "test_loss": 4238462117659598.0,
    "test_quality": 0.3913043478260869,
    "success": true,
    "singular": true,
    "singular_epoch": 3
  }
}