{
  "experiment_name": "ntn_breast",
  "run_name": "MPO2_L3_d8_j5_s256",
  "config": {
    "output_site": 1,
    "init_strength": 0.01,
    "batch_size": 1024,
    "n_epochs": 15,
    "jitter_decay": 0.25,
    "adaptive_jitter": false,
    "patience": 4,
    "min_delta": 1e-06,
    "train_selection": true,
    "rank": 5,
    "seeds": [
      42,
      7,
      123,
      256,
      999
    ],
    "model": "MPO2",
    "L": 3,
    "bond_dim": 8,
    "jitter_start": 5.0
  },
  "hparams": {
    "seed": 256,
    "model": "MPO2",
    "dataset": "breast",
    "n_parameters": 4320,
    "output_site": 1,
    "init_strength": 0.01,
    "batch_size": 1024,
    "n_epochs": 15,
    "jitter_decay": 0.25,
    "adaptive_jitter": false,
    "patience": 4,
    "min_delta": 1e-06,
    "train_selection": true,
    "rank": 5,
    "seeds": [
      42,
      7,
      123,
      256,
      999
    ],
    "L": 3,
    "bond_dim": 8,
    "jitter_start": 5.0
  },
  "metrics_log": [
    {
      "step": -1,
      "train_loss": 52.29770086612279,
      "train_quality": 0.4120603015075377,
      "val_loss": 36.12107706816397,
      "val_quality": 0.5529411764705883
    },
    {
      "step": 0,
      "train_loss": 5.349218294568864e+86,
      "train_quality": 0.8718592964824121,
      "val_loss": 1.270216594894571e+86,
      "val_quality": 0.8588235294117647,
      "reg_loss": 3.0251097977406536e+171,
      "jitter": 5.0,
      "weight_norm_sq": 6.050219595481307e+170
    }
  ],
  "summary": {
    "run_id": "MPO2-L3-d8-jit5-seed256",
    "seed": 256,
    "model": "MPO2",
    "grid_params": {
      "model": "MPO2",
      "L": 3,
      "bond_dim": 8,
      "jitter_start": 5.0
    },
    "n_parameters": 4320,
    "train_loss": 5.349218294568864e+86,
    "train_quality": 0.8718592964824121,
    "val_loss": 1.270216594894571e+86,
    "val_quality": 0.8588235294117647,
    "test_loss": 5.73326463599541e+86,
    "test_quality": 0.9418604651162791,
    "success": true,
    "singular": true
  }
}