{
  "experiment_name": "ntn_winequalityc_lmpo2",
  "run_name": "LMPO2_L3_d8_j5_s7",
  "config": {
    "output_site": 1,
    "init_strength": 0.01,
    "reduction_factor": 0.3,
    "rank": 5,
    "batch_size": 1024,
    "n_epochs": 15,
    "jitter_decay": 0.25,
    "adaptive_jitter": false,
    "patience": 4,
    "min_delta": 1e-06,
    "train_selection": true,
    "seeds": [
      42,
      7,
      123,
      256,
      999
    ],
    "model": "LMPO2",
    "L": 3,
    "bond_dim": 8,
    "jitter_start": 5.0
  },
  "hparams": {
    "seed": 7,
    "model": "LMPO2",
    "dataset": "winequalityc",
    "n_parameters": 6720,
    "output_site": 1,
    "init_strength": 0.01,
    "reduction_factor": 0.3,
    "rank": 5,
    "batch_size": 1024,
    "n_epochs": 15,
    "jitter_decay": 0.25,
    "adaptive_jitter": false,
    "patience": 4,
    "min_delta": 1e-06,
    "train_selection": true,
    "seeds": [
      42,
      7,
      123,
      256,
      999
    ],
    "L": 3,
    "bond_dim": 8,
    "jitter_start": 5.0
  },
  "metrics_log": [
    {
      "step": -1,
      "train_loss": 1.9811056902956456,
      "train_quality": 0.17396085330987465,
      "val_loss": 2.0395279040818153,
      "val_quality": 0.1764102564102564
    },
    {
      "step": 0,
      "train_loss": 8.022255306898825e+117,
      "train_quality": 0.3213107543435232,
      "val_loss": 1.5211236348897943e+118,
      "val_quality": 0.30153846153846153,
      "reg_loss": 5.963012047253498e+234,
      "jitter": 5.0,
      "weight_norm_sq": 1.1926024094506995e+234
    }
  ],
  "summary": {
    "run_id": "LMPO2-L3-d8-jit5-rf0.3-seed7",
    "seed": 7,
    "model": "LMPO2",
    "grid_params": {
      "model": "LMPO2",
      "L": 3,
      "bond_dim": 8,
      "jitter_start": 5.0,
      "reduction_factor": 0.3
    },
    "n_parameters": 6720,
    "train_loss": 8.022255306898825e+117,
    "train_quality": 0.3213107543435232,
    "val_loss": 1.5211236348897943e+118,
    "val_quality": 0.30153846153846153,
    "test_loss": 9.603901889115444e+117,
    "test_quality": 0.31076923076923074,
    "success": true,
    "singular": true
  }
}