{
  "experiment_name": "ntn_breast",
  "run_name": "MPO2_L3_d16_j5_s7",
  "config": {
    "init_strength": 0.01,
    "batch_size": 1024,
    "n_epochs": 15,
    "jitter_decay": 0.25,
    "adaptive_jitter": false,
    "patience": 4,
    "min_delta": 1e-06,
    "train_selection": true,
    "seeds": [
      42,
      7,
      123,
      256,
      999
    ],
    "model": "MPO2",
    "L": 3,
    "bond_dim": 16,
    "jitter_start": 5.0
  },
  "hparams": {
    "seed": 7,
    "model": "MPO2",
    "dataset": "breast",
    "n_parameters": 9120,
    "init_strength": 0.01,
    "batch_size": 1024,
    "n_epochs": 15,
    "jitter_decay": 0.25,
    "adaptive_jitter": false,
    "patience": 4,
    "min_delta": 1e-06,
    "train_selection": true,
    "seeds": [
      42,
      7,
      123,
      256,
      999
    ],
    "L": 3,
    "bond_dim": 16,
    "jitter_start": 5.0
  },
  "metrics_log": [
    {
      "step": -1,
      "train_loss": 271.8176207656536,
      "train_quality": 0.2613065326633166,
      "val_loss": 259.7531388195848,
      "val_quality": 0.27058823529411763
    },
    {
      "step": 0,
      "train_loss": 1493900214353.0886,
      "train_quality": 0.6809045226130653,
      "val_loss": 552447292423.0668,
      "val_quality": 0.6352941176470588,
      "reg_loss": 3.672998113379189e+23,
      "jitter": 5.0,
      "weight_norm_sq": 7.345996226728501e+22
    },
    {
      "step": 1,
      "train_loss": 2.634098401622217e+84,
      "train_quality": 0.7839195979899498,
      "val_loss": 6.437071905621262e+83,
      "val_quality": 0.788235294117647,
      "reg_loss": 1.8683269615724906e+166,
      "jitter": 1.25,
      "weight_norm_sq": 1.4946615692579925e+166
    }
  ],
  "summary": {
    "run_id": "MPO2-L3-d16-jit5-seed7",
    "seed": 7,
    "model": "MPO2",
    "grid_params": {
      "model": "MPO2",
      "L": 3,
      "bond_dim": 16,
      "jitter_start": 5.0
    },
    "n_parameters": 9120,
    "train_loss": null,
    "train_quality": null,
    "val_loss": null,
    "val_quality": null,
    "test_loss": 2.7716448765855765e+84,
    "test_quality": 0.8372093023255813,
    "success": true,
    "singular": true,
    "singular_epoch": 3
  }
}