{
  "experiment_name": "ntn_student_dropout",
  "run_name": "MPO2_L3_d8_j0.1_s7",
  "config": {
    "output_site": 1,
    "init_strength": 0.01,
    "batch_size": 1024,
    "n_epochs": 15,
    "jitter_decay": 0.25,
    "adaptive_jitter": false,
    "patience": 4,
    "min_delta": 1e-06,
    "train_selection": true,
    "rank": 5,
    "seeds": [
      42,
      7,
      123,
      256,
      999
    ],
    "model": "MPO2",
    "L": 3,
    "bond_dim": 8,
    "jitter_start": 0.1
  },
  "hparams": {
    "seed": 7,
    "model": "MPO2",
    "dataset": "student_dropout",
    "n_parameters": 7488,
    "output_site": 1,
    "init_strength": 0.01,
    "batch_size": 1024,
    "n_epochs": 15,
    "jitter_decay": 0.25,
    "adaptive_jitter": false,
    "patience": 4,
    "min_delta": 1e-06,
    "train_selection": true,
    "rank": 5,
    "seeds": [
      42,
      7,
      123,
      256,
      999
    ],
    "L": 3,
    "bond_dim": 8,
    "jitter_start": 0.1
  },
  "metrics_log": [
    {
      "step": -1,
      "train_loss": 78.70956726639132,
      "train_quality": 0.30910852713178294,
      "val_loss": 90.0323949004372,
      "val_quality": 0.32680722891566266
    },
    {
      "step": 0,
      "train_loss": 1.3298038415981827e+22,
      "train_quality": 0.36983204134366926,
      "val_loss": 1.514709969725547e+22,
      "val_quality": 0.35090361445783136,
      "reg_loss": 3.597978475378836e+41,
      "jitter": 0.1,
      "weight_norm_sq": 3.597978475378836e+42
    },
    {
      "step": 1,
      "train_loss": 1.0479504482513085e+169,
      "train_quality": 0.3905038759689923,
      "val_loss": 1.0434424136565836e+169,
      "val_quality": 0.3795180722891566,
      "reg_loss": Infinity,
      "jitter": 0.025,
      "weight_norm_sq": Infinity
    }
  ],
  "summary": {
    "run_id": "MPO2-L3-d8-jit0.1-seed7",
    "seed": 7,
    "model": "MPO2",
    "grid_params": {
      "model": "MPO2",
      "L": 3,
      "bond_dim": 8,
      "jitter_start": 0.1
    },
    "n_parameters": 7488,
    "train_loss": 1.0479504482513085e+169,
    "train_quality": 0.3905038759689923,
    "val_loss": 1.0434424136565836e+169,
    "val_quality": 0.3795180722891566,
    "test_loss": 1.0876496771524842e+169,
    "test_quality": 0.39759036144578314,
    "success": true,
    "singular": true
  }
}