{
  "experiment_name": "ntn_student_dropout",
  "run_name": "MPO2_L3_d12_j0.1_s256",
  "config": {
    "output_site": 1,
    "init_strength": 0.01,
    "batch_size": 1024,
    "n_epochs": 15,
    "jitter_decay": 0.25,
    "adaptive_jitter": false,
    "patience": 4,
    "min_delta": 1e-06,
    "train_selection": true,
    "rank": 5,
    "seeds": [
      42,
      7,
      123,
      256,
      999
    ],
    "model": "MPO2",
    "L": 3,
    "bond_dim": 12,
    "jitter_start": 0.1
  },
  "hparams": {
    "seed": 256,
    "model": "MPO2",
    "dataset": "student_dropout",
    "n_parameters": 16416,
    "output_site": 1,
    "init_strength": 0.01,
    "batch_size": 1024,
    "n_epochs": 15,
    "jitter_decay": 0.25,
    "adaptive_jitter": false,
    "patience": 4,
    "min_delta": 1e-06,
    "train_selection": true,
    "rank": 5,
    "seeds": [
      42,
      7,
      123,
      256,
      999
    ],
    "L": 3,
    "bond_dim": 12,
    "jitter_start": 0.1
  },
  "metrics_log": [
    {
      "step": -1,
      "train_loss": 60.13854237349884,
      "train_quality": 0.34140826873385016,
      "val_loss": 83.62566609831676,
      "val_quality": 0.3072289156626506
    },
    {
      "step": 0,
      "train_loss": 1.942068346013405e+52,
      "train_quality": 0.36337209302325585,
      "val_loss": 2.2941316620763225e+52,
      "val_quality": 0.36445783132530124,
      "reg_loss": 3.0906681587086858e+100,
      "jitter": 0.1,
      "weight_norm_sq": 3.090668158708686e+101
    },
    {
      "step": 1,
      "train_loss": NaN,
      "train_quality": 0.3162144702842377,
      "val_loss": NaN,
      "val_quality": 0.34789156626506024,
      "reg_loss": NaN,
      "jitter": 0.025,
      "weight_norm_sq": Infinity
    }
  ],
  "summary": {
    "run_id": "MPO2-L3-d12-jit0.1-seed256",
    "seed": 256,
    "model": "MPO2",
    "grid_params": {
      "model": "MPO2",
      "L": 3,
      "bond_dim": 12,
      "jitter_start": 0.1
    },
    "n_parameters": 16416,
    "train_loss": 1.942068346013405e+52,
    "train_quality": 0.36337209302325585,
    "val_loss": 2.2941316620763225e+52,
    "val_quality": 0.36445783132530124,
    "test_loss": 1.9855994694385351e+52,
    "test_quality": 0.36445783132530124,
    "success": true,
    "singular": true
  }
}