{
  "experiment_name": "ntn_iris",
  "run_name": "MPO2_L4_d8_j5_s999",
  "config": {
    "output_site": 1,
    "init_strength": 0.01,
    "batch_size": 1024,
    "n_epochs": 15,
    "jitter_decay": 0.25,
    "adaptive_jitter": false,
    "patience": 4,
    "min_delta": 1e-06,
    "train_selection": true,
    "rank": 5,
    "seeds": [
      42,
      7,
      123,
      256,
      999
    ],
    "model": "MPO2",
    "L": 4,
    "bond_dim": 8,
    "jitter_start": 5.0
  },
  "hparams": {
    "seed": 999,
    "model": "MPO2",
    "dataset": "iris",
    "n_parameters": 1088,
    "output_site": 1,
    "init_strength": 0.01,
    "batch_size": 1024,
    "n_epochs": 15,
    "jitter_decay": 0.25,
    "adaptive_jitter": false,
    "patience": 4,
    "min_delta": 1e-06,
    "train_selection": true,
    "rank": 5,
    "seeds": [
      42,
      7,
      123,
      256,
      999
    ],
    "L": 4,
    "bond_dim": 8,
    "jitter_start": 5.0
  },
  "metrics_log": [
    {
      "step": -1,
      "train_loss": 4.940263007744502,
      "train_quality": 0.34285714285714286,
      "val_loss": 4.277645896422721,
      "val_quality": 0.4545454545454546
    },
    {
      "step": 0,
      "train_loss": 1.0942290226363055e+30,
      "train_quality": 0.3047619047619048,
      "val_loss": 9.857892178712574e+29,
      "val_quality": 0.5909090909090909,
      "reg_loss": 1.3353688157051678e+59,
      "jitter": 5.0,
      "weight_norm_sq": 2.6707376314103354e+58
    }
  ],
  "summary": {
    "run_id": "MPO2-L4-d8-jit5-seed999",
    "seed": 999,
    "model": "MPO2",
    "grid_params": {
      "model": "MPO2",
      "L": 4,
      "bond_dim": 8,
      "jitter_start": 5.0
    },
    "n_parameters": 1088,
    "train_loss": 1.0942290226363055e+30,
    "train_quality": 0.3047619047619048,
    "val_loss": 9.857892178712574e+29,
    "val_quality": 0.5909090909090909,
    "test_loss": 1.1077669602144243e+30,
    "test_quality": 0.2608695652173913,
    "success": true,
    "singular": true
  }
}