{
  "experiment_name": "ntn_mushrooms",
  "run_name": "MPO2_L3_d8_j0.1_s42",
  "config": {
    "output_site": 1,
    "init_strength": 0.01,
    "batch_size": 1024,
    "n_epochs": 15,
    "jitter_decay": 0.25,
    "adaptive_jitter": false,
    "patience": 4,
    "min_delta": 1e-06,
    "train_selection": true,
    "rank": 5,
    "seeds": [
      42,
      7,
      123,
      256,
      999
    ],
    "model": "MPO2",
    "L": 3,
    "bond_dim": 8,
    "jitter_start": 0.1
  },
  "hparams": {
    "seed": 42,
    "model": "MPO2",
    "dataset": "mushrooms",
    "n_parameters": 7200,
    "output_site": 1,
    "init_strength": 0.01,
    "batch_size": 1024,
    "n_epochs": 15,
    "jitter_decay": 0.25,
    "adaptive_jitter": false,
    "patience": 4,
    "min_delta": 1e-06,
    "train_selection": true,
    "rank": 5,
    "seeds": [
      42,
      7,
      123,
      256,
      999
    ],
    "L": 3,
    "bond_dim": 8,
    "jitter_start": 0.1
  },
  "metrics_log": [
    {
      "step": -1,
      "train_loss": 9.03111016225091,
      "train_quality": 0.5142455153007387,
      "val_loss": 9.09769646631942,
      "val_quality": 0.5200984413453651
    },
    {
      "step": 0,
      "train_loss": 1.5164063710777313e+37,
      "train_quality": 0.48100597959901514,
      "val_loss": 1.5112528586022698e+37,
      "val_quality": 0.4782608695652174,
      "reg_loss": 1.5438255552217964e+71,
      "jitter": 0.1,
      "weight_norm_sq": 1.5438255552217962e+72
    },
    {
      "step": 1,
      "train_loss": 1.7296476742541555e+273,
      "train_quality": 0.48100597959901514,
      "val_loss": 1.7340842770073673e+273,
      "val_quality": 0.4782608695652174,
      "reg_loss": Infinity,
      "jitter": 0.025,
      "weight_norm_sq": Infinity
    }
  ],
  "summary": {
    "run_id": "MPO2-L3-d8-jit0.1-seed42",
    "seed": 42,
    "model": "MPO2",
    "grid_params": {
      "model": "MPO2",
      "L": 3,
      "bond_dim": 8,
      "jitter_start": 0.1
    },
    "n_parameters": 7200,
    "train_loss": 9.03111016225091,
    "train_quality": 0.5142455153007387,
    "val_loss": 9.09769646631942,
    "val_quality": 0.5200984413453651,
    "test_loss": 8.93145463664824,
    "test_quality": 0.5299425758818704,
    "success": true,
    "singular": true
  }
}