{
  "experiment_name": "ntn_student_dropout",
  "run_name": "MPO2_L3_d8_j0.1_s256",
  "config": {
    "output_site": 1,
    "init_strength": 0.01,
    "batch_size": 1024,
    "n_epochs": 15,
    "jitter_decay": 0.25,
    "adaptive_jitter": false,
    "patience": 4,
    "min_delta": 1e-06,
    "train_selection": true,
    "rank": 5,
    "seeds": [
      42,
      7,
      123,
      256,
      999
    ],
    "model": "MPO2",
    "L": 3,
    "bond_dim": 8,
    "jitter_start": 0.1
  },
  "hparams": {
    "seed": 256,
    "model": "MPO2",
    "dataset": "student_dropout",
    "n_parameters": 7488,
    "output_site": 1,
    "init_strength": 0.01,
    "batch_size": 1024,
    "n_epochs": 15,
    "jitter_decay": 0.25,
    "adaptive_jitter": false,
    "patience": 4,
    "min_delta": 1e-06,
    "train_selection": true,
    "rank": 5,
    "seeds": [
      42,
      7,
      123,
      256,
      999
    ],
    "L": 3,
    "bond_dim": 8,
    "jitter_start": 0.1
  },
  "metrics_log": [
    {
      "step": -1,
      "train_loss": 63.50799708352815,
      "train_quality": 0.3145994832041344,
      "val_loss": 59.6792625966957,
      "val_quality": 0.3237951807228916
    },
    {
      "step": 0,
      "train_loss": 23401756436919.965,
      "train_quality": 0.37467700258397935,
      "val_loss": 12407385654292.568,
      "val_quality": 0.3990963855421687,
      "reg_loss": 1.0804746001663207e+24,
      "jitter": 0.1,
      "weight_norm_sq": 1.0804746001429188e+25
    },
    {
      "step": 1,
      "train_loss": 2.0214947457418397e+104,
      "train_quality": 0.37144702842377264,
      "val_loss": 1.821031404140651e+104,
      "val_quality": 0.375,
      "reg_loss": 6.199106948460459e+204,
      "jitter": 0.025,
      "weight_norm_sq": 2.4796427793841835e+206
    }
  ],
  "summary": {
    "run_id": "MPO2-L3-d8-jit0.1-seed256",
    "seed": 256,
    "model": "MPO2",
    "grid_params": {
      "model": "MPO2",
      "L": 3,
      "bond_dim": 8,
      "jitter_start": 0.1
    },
    "n_parameters": 7488,
    "train_loss": 23401756436919.965,
    "train_quality": 0.37467700258397935,
    "val_loss": 12407385654292.568,
    "val_quality": 0.3990963855421687,
    "test_loss": 19172893186968.074,
    "test_quality": 0.41566265060240964,
    "success": true,
    "singular": true
  }
}