{
  "experiment_name": "ntn_iris",
  "run_name": "MPO2TypeI_L4_d8_j0.1_s999",
  "config": {
    "init_strength": 0.01,
    "batch_size": 1024,
    "n_epochs": 15,
    "jitter_decay": 0.25,
    "adaptive_jitter": false,
    "patience": 4,
    "min_delta": 1e-06,
    "train_selection": true,
    "seeds": [
      42,
      7,
      123,
      256,
      999
    ],
    "model": "MPO2TypeI",
    "L": 4,
    "bond_dim": 8,
    "jitter_start": 0.1
  },
  "hparams": {
    "seed": 999,
    "model": "MPO2TypeI",
    "dataset": "iris",
    "n_parameters": 1164,
    "init_strength": 0.01,
    "batch_size": 1024,
    "n_epochs": 15,
    "jitter_decay": 0.25,
    "adaptive_jitter": false,
    "patience": 4,
    "min_delta": 1e-06,
    "train_selection": true,
    "seeds": [
      42,
      7,
      123,
      256,
      999
    ],
    "L": 4,
    "bond_dim": 8,
    "jitter_start": 0.1
  },
  "metrics_log": [
    {
      "step": -1,
      "train_loss": 1.100012829183589,
      "train_quality": 0.20952380952380956,
      "val_loss": 1.099672948575584,
      "val_quality": 0.13636363636363635
    },
    {
      "step": 0,
      "train_loss": 0.22378683949559416,
      "train_quality": 0.9333333333333335,
      "val_loss": 0.15205165713095445,
      "val_quality": 0.9545454545454546,
      "reg_loss": 0.22378683949559416,
      "jitter": 0.1
    },
    {
      "step": 1,
      "train_loss": 6617951.248907165,
      "train_quality": 0.36190476190476195,
      "val_loss": 3725041.1225108453,
      "val_quality": 0.6363636363636364,
      "reg_loss": 6617951.248907165,
      "jitter": 0.025
    },
    {
      "step": 2,
      "train_loss": 5.990945575788544e+57,
      "train_quality": 0.3238095238095238,
      "val_loss": 4.752293048689213e+57,
      "val_quality": 0.5909090909090909,
      "reg_loss": 5.990945575788544e+57,
      "jitter": 0.00625
    }
  ],
  "summary": {
    "run_id": "MPO2TypeI-L4-d8-jit0.1-seed999",
    "seed": 999,
    "model": "MPO2TypeI",
    "grid_params": {
      "model": "MPO2TypeI",
      "L": 4,
      "bond_dim": 8,
      "jitter_start": 0.1
    },
    "n_parameters": 1164,
    "train_loss": null,
    "train_quality": null,
    "val_loss": null,
    "val_quality": null,
    "test_loss": 1.4286393354984999,
    "test_quality": 0.8260869565217391,
    "success": true,
    "singular": true,
    "singular_epoch": 4
  }
}