{
  "experiment_name": "ntn_bank",
  "run_name": "MPO2_L3_d8_j0.1_s256",
  "config": {
    "init_strength": 0.01,
    "batch_size": 1024,
    "n_epochs": 15,
    "jitter_decay": 0.25,
    "adaptive_jitter": false,
    "patience": 4,
    "min_delta": 1e-06,
    "train_selection": true,
    "seeds": [
      42,
      7,
      123,
      256,
      999
    ],
    "model": "MPO2",
    "L": 3,
    "bond_dim": 8,
    "jitter_start": 0.1
  },
  "hparams": {
    "seed": 256,
    "model": "MPO2",
    "dataset": "bank",
    "n_parameters": 2904,
    "init_strength": 0.01,
    "batch_size": 1024,
    "n_epochs": 15,
    "jitter_decay": 0.25,
    "adaptive_jitter": false,
    "patience": 4,
    "min_delta": 1e-06,
    "train_selection": true,
    "seeds": [
      42,
      7,
      123,
      256,
      999
    ],
    "L": 3,
    "bond_dim": 8,
    "jitter_start": 0.1
  },
  "metrics_log": [
    {
      "step": -1,
      "train_loss": 192.6704932930817,
      "train_quality": 0.537144121085727,
      "val_loss": 33.672084101783874,
      "val_quality": 0.5336184016514303
    },
    {
      "step": 0,
      "train_loss": 9.037711692279976e+26,
      "train_quality": 0.5680159256801592,
      "val_loss": 7.3144175839912785e+25,
      "val_quality": 0.5743143615452669,
      "reg_loss": 2.1827940678333912e+49,
      "jitter": 0.1,
      "weight_norm_sq": 2.182794067833391e+50
    },
    {
      "step": 1,
      "train_loss": 1.3060595232487553e+196,
      "train_quality": 0.49296931778683606,
      "val_loss": 1.133566198907008e+195,
      "val_quality": 0.4970510173989974,
      "reg_loss": Infinity,
      "jitter": 0.025,
      "weight_norm_sq": Infinity
    }
  ],
  "summary": {
    "run_id": "MPO2-L3-d8-jit0.1-seed256",
    "seed": 256,
    "model": "MPO2",
    "grid_params": {
      "model": "MPO2",
      "L": 3,
      "bond_dim": 8,
      "jitter_start": 0.1
    },
    "n_parameters": 2904,
    "train_loss": null,
    "train_quality": null,
    "val_loss": null,
    "val_quality": null,
    "test_loss": 5.9993911452790625e+25,
    "test_quality": 0.5695959893836626,
    "success": true,
    "singular": true,
    "singular_epoch": 3
  }
}