{
  "experiment_name": "ntn_wine",
  "run_name": "MPO2_L3_d8_j5_s7",
  "config": {
    "init_strength": 0.01,
    "batch_size": 1024,
    "n_epochs": 15,
    "jitter_decay": 0.25,
    "adaptive_jitter": false,
    "patience": 4,
    "min_delta": 1e-06,
    "train_selection": true,
    "seeds": [
      42,
      7,
      123,
      256,
      999
    ],
    "model": "MPO2",
    "L": 3,
    "bond_dim": 8,
    "jitter_start": 5.0
  },
  "hparams": {
    "seed": 7,
    "model": "MPO2",
    "dataset": "wine",
    "n_parameters": 1248,
    "init_strength": 0.01,
    "batch_size": 1024,
    "n_epochs": 15,
    "jitter_decay": 0.25,
    "adaptive_jitter": false,
    "patience": 4,
    "min_delta": 1e-06,
    "train_selection": true,
    "seeds": [
      42,
      7,
      123,
      256,
      999
    ],
    "L": 3,
    "bond_dim": 8,
    "jitter_start": 5.0
  },
  "metrics_log": [
    {
      "step": -1,
      "train_loss": 46.19155132311569,
      "train_quality": 0.22580645161290322,
      "val_loss": 36.73185803752914,
      "val_quality": 0.14814814814814814
    },
    {
      "step": 0,
      "train_loss": 3114.830554810784,
      "train_quality": 0.25,
      "val_loss": 2903.829056395269,
      "val_quality": 0.2222222222222222,
      "reg_loss": 2930556.7236397886,
      "jitter": 5.0,
      "weight_norm_sq": 585488.3786169955
    },
    {
      "step": 1,
      "train_loss": 1.2834476565329008e+54,
      "train_quality": 0.10483870967741934,
      "val_loss": 1.0808577816373712e+54,
      "val_quality": 0.14814814814814814,
      "reg_loss": 3.5844641898300785e+106,
      "jitter": 1.25,
      "weight_norm_sq": 2.8675713518640627e+106
    },
    {
      "step": 2,
      "train_loss": NaN,
      "train_quality": 0.4032258064516129,
      "val_loss": NaN,
      "val_quality": 0.4074074074074074,
      "reg_loss": NaN,
      "jitter": 0.3125,
      "weight_norm_sq": NaN
    }
  ],
  "summary": {
    "run_id": "MPO2-L3-d8-jit5-seed7",
    "seed": 7,
    "model": "MPO2",
    "grid_params": {
      "model": "MPO2",
      "L": 3,
      "bond_dim": 8,
      "jitter_start": 5.0
    },
    "n_parameters": 1248,
    "train_loss": null,
    "train_quality": null,
    "val_loss": null,
    "val_quality": null,
    "test_loss": NaN,
    "test_quality": 0.3333333333333333,
    "success": true,
    "singular": true,
    "singular_epoch": 4
  }
}