{
  "experiment_name": "ntn_iris",
  "run_name": "MPO2_L4_d12_j5_s42",
  "config": {
    "output_site": 1,
    "init_strength": 0.01,
    "batch_size": 1024,
    "n_epochs": 15,
    "jitter_decay": 0.25,
    "adaptive_jitter": false,
    "patience": 4,
    "min_delta": 1e-06,
    "train_selection": true,
    "rank": 5,
    "seeds": [
      42,
      7,
      123,
      256,
      999
    ],
    "model": "MPO2",
    "L": 4,
    "bond_dim": 12,
    "jitter_start": 5.0
  },
  "hparams": {
    "seed": 42,
    "model": "MPO2",
    "dataset": "iris",
    "n_parameters": 2400,
    "output_site": 1,
    "init_strength": 0.01,
    "batch_size": 1024,
    "n_epochs": 15,
    "jitter_decay": 0.25,
    "adaptive_jitter": false,
    "patience": 4,
    "min_delta": 1e-06,
    "train_selection": true,
    "rank": 5,
    "seeds": [
      42,
      7,
      123,
      256,
      999
    ],
    "L": 4,
    "bond_dim": 12,
    "jitter_start": 5.0
  },
  "metrics_log": [
    {
      "step": -1,
      "train_loss": 2.37420487721541,
      "train_quality": 0.4761904761904762,
      "val_loss": 1.8092107228730567,
      "val_quality": 0.5
    },
    {
      "step": 0,
      "train_loss": 701542.2694315566,
      "train_quality": 0.4,
      "val_loss": 1131550.8503872177,
      "val_quality": 0.36363636363636365,
      "reg_loss": 78962831357.37457,
      "jitter": 5.0,
      "weight_norm_sq": 15792425963.02103
    },
    {
      "step": 1,
      "train_loss": 1.2423314508303673e+185,
      "train_quality": 0.3523809523809524,
      "val_loss": 2.4603198600283085e+185,
      "val_quality": 0.2727272727272727,
      "reg_loss": NaN,
      "jitter": 1.25,
      "weight_norm_sq": NaN
    }
  ],
  "summary": {
    "run_id": "MPO2-L4-d12-jit5-seed42",
    "seed": 42,
    "model": "MPO2",
    "grid_params": {
      "model": "MPO2",
      "L": 4,
      "bond_dim": 12,
      "jitter_start": 5.0
    },
    "n_parameters": 2400,
    "train_loss": 2.37420487721541,
    "train_quality": 0.4761904761904762,
    "val_loss": 1.8092107228730567,
    "val_quality": 0.5,
    "test_loss": 5.334807211554581,
    "test_quality": 0.34782608695652173,
    "success": true,
    "singular": true
  }
}