{
  "experiment_name": "ntn_breast",
  "run_name": "MMPO2_L3_d12_j5_s256",
  "config": {
    "init_strength": 0.01,
    "batch_size": 512,
    "n_epochs": 100,
    "jitter_decay": 0.25,
    "adaptive_jitter": false,
    "patience": 10,
    "min_delta": 1e-05,
    "train_selection": true,
    "seeds": [
      42,
      7,
      123,
      256,
      999
    ],
    "model": "MMPO2",
    "L": 3,
    "bond_dim": 12,
    "jitter_start": 5.0
  },
  "hparams": {
    "seed": 256,
    "model": "MMPO2",
    "dataset": "breast",
    "n_parameters": 869400,
    "init_strength": 0.01,
    "batch_size": 512,
    "n_epochs": 100,
    "jitter_decay": 0.25,
    "adaptive_jitter": false,
    "patience": 10,
    "min_delta": 1e-05,
    "train_selection": true,
    "seeds": [
      42,
      7,
      123,
      256,
      999
    ],
    "L": 3,
    "bond_dim": 12,
    "jitter_start": 5.0
  },
  "metrics_log": [
    {
      "step": -1,
      "train_loss": 1.0685035514260874,
      "train_quality": 0.5301507537688442,
      "val_loss": 0.7153151419701111,
      "val_quality": 0.6235294117647059
    },
    {
      "step": 0,
      "train_loss": 10119.150069339892,
      "train_quality": 0.7939698492462312,
      "val_loss": 1470.8382806805232,
      "val_quality": 0.7647058823529411,
      "reg_loss": 4215042.653902768,
      "jitter": 5.0,
      "weight_norm_sq": 840984.7007666857
    },
    {
      "step": 1,
      "train_loss": 7.940562231672783e+25,
      "train_quality": 0.6557788944723618,
      "val_loss": 2.299960114622049e+25,
      "val_quality": 0.6235294117647059,
      "reg_loss": 2.978365552389693e+49,
      "jitter": 1.25,
      "weight_norm_sq": 2.382692441911754e+49
    },
    {
      "step": 2,
      "train_loss": 3.9702382795596024e+157,
      "train_quality": 0.6381909547738693,
      "val_loss": 1.3282408147843247e+157,
      "val_quality": 0.611764705882353,
      "reg_loss": Infinity,
      "jitter": 0.3125,
      "weight_norm_sq": Infinity
    }
  ],
  "summary": {
    "run_id": "MMPO2-L3-d12-jit5-seed256",
    "seed": 256,
    "model": "MMPO2",
    "grid_params": {
      "model": "MMPO2",
      "L": 3,
      "bond_dim": 12,
      "jitter_start": 5.0
    },
    "n_parameters": 869400,
    "train_loss": null,
    "train_quality": null,
    "val_loss": null,
    "val_quality": null,
    "test_loss": 12471.70365016052,
    "test_quality": 0.7790697674418604,
    "success": true,
    "singular": true,
    "singular_epoch": 4
  }
}