{
  "experiment_name": "ntn_student_dropout",
  "run_name": "MPO2_L3_d12_j5_s123",
  "config": {
    "init_strength": 0.01,
    "batch_size": 1024,
    "n_epochs": 15,
    "jitter_decay": 0.25,
    "adaptive_jitter": false,
    "patience": 4,
    "min_delta": 1e-06,
    "train_selection": true,
    "seeds": [
      42,
      7,
      123,
      256,
      999
    ],
    "model": "MPO2",
    "L": 3,
    "bond_dim": 12,
    "jitter_start": 5.0
  },
  "hparams": {
    "seed": 123,
    "model": "MPO2",
    "dataset": "student_dropout",
    "n_parameters": 6912,
    "init_strength": 0.01,
    "batch_size": 1024,
    "n_epochs": 15,
    "jitter_decay": 0.25,
    "adaptive_jitter": false,
    "patience": 4,
    "min_delta": 1e-06,
    "train_selection": true,
    "seeds": [
      42,
      7,
      123,
      256,
      999
    ],
    "L": 3,
    "bond_dim": 12,
    "jitter_start": 5.0
  },
  "metrics_log": [
    {
      "step": -1,
      "train_loss": 193.52760149009532,
      "train_quality": 0.289405684754522,
      "val_loss": 235.43766086559424,
      "val_quality": 0.2921686746987952
    },
    {
      "step": 0,
      "train_loss": 107474050765.70915,
      "train_quality": 0.41311369509043927,
      "val_loss": 119866774379.72981,
      "val_quality": 0.4231927710843374,
      "reg_loss": 4.131987894053321e+19,
      "jitter": 5.0,
      "weight_norm_sq": 8.263975766611832e+18
    },
    {
      "step": 1,
      "train_loss": 4.9081098837039824e+79,
      "train_quality": 0.3478682170542636,
      "val_loss": 5.339101752004229e+79,
      "val_quality": 0.37650602409638556,
      "reg_loss": 1.336843433148429e+156,
      "jitter": 1.25,
      "weight_norm_sq": 1.0694747465187432e+156
    }
  ],
  "summary": {
    "run_id": "MPO2-L3-d12-jit5-seed123",
    "seed": 123,
    "model": "MPO2",
    "grid_params": {
      "model": "MPO2",
      "L": 3,
      "bond_dim": 12,
      "jitter_start": 5.0
    },
    "n_parameters": 6912,
    "train_loss": null,
    "train_quality": null,
    "val_loss": null,
    "val_quality": null,
    "test_loss": 111866283514.06583,
    "test_quality": 0.4096385542168675,
    "success": true,
    "singular": true,
    "singular_epoch": 3
  }
}