{
  "experiment_name": "ntn_student_dropout",
  "run_name": "MPO2_L3_d8_j5_s123",
  "config": {
    "init_strength": 0.01,
    "batch_size": 1024,
    "n_epochs": 15,
    "jitter_decay": 0.25,
    "adaptive_jitter": false,
    "patience": 4,
    "min_delta": 1e-06,
    "train_selection": true,
    "seeds": [
      42,
      7,
      123,
      256,
      999
    ],
    "model": "MPO2",
    "L": 3,
    "bond_dim": 8,
    "jitter_start": 5.0
  },
  "hparams": {
    "seed": 123,
    "model": "MPO2",
    "dataset": "student_dropout",
    "n_parameters": 3456,
    "init_strength": 0.01,
    "batch_size": 1024,
    "n_epochs": 15,
    "jitter_decay": 0.25,
    "adaptive_jitter": false,
    "patience": 4,
    "min_delta": 1e-06,
    "train_selection": true,
    "seeds": [
      42,
      7,
      123,
      256,
      999
    ],
    "L": 3,
    "bond_dim": 8,
    "jitter_start": 5.0
  },
  "metrics_log": [
    {
      "step": -1,
      "train_loss": 255.42234420513358,
      "train_quality": 0.30523255813953487,
      "val_loss": 262.08605979787194,
      "val_quality": 0.28915662650602414
    },
    {
      "step": 0,
      "train_loss": 49639447.17856607,
      "train_quality": 0.36563307493540054,
      "val_loss": 38399311.50954001,
      "val_quality": 0.35090361445783136,
      "reg_loss": 68467709465406.63,
      "jitter": 5.0,
      "weight_norm_sq": 13693531965191.89
    },
    {
      "step": 1,
      "train_loss": 9.681455785552838e+99,
      "train_quality": 0.26453488372093026,
      "val_loss": 6.707417612166348e+99,
      "val_quality": 0.26957831325301207,
      "reg_loss": 8.257142064297452e+197,
      "jitter": 1.25,
      "weight_norm_sq": 6.605713651437961e+197
    }
  ],
  "summary": {
    "run_id": "MPO2-L3-d8-jit5-seed123",
    "seed": 123,
    "model": "MPO2",
    "grid_params": {
      "model": "MPO2",
      "L": 3,
      "bond_dim": 8,
      "jitter_start": 5.0
    },
    "n_parameters": 3456,
    "train_loss": null,
    "train_quality": null,
    "val_loss": null,
    "val_quality": null,
    "test_loss": 53201913.89598821,
    "test_quality": 0.4051204819277109,
    "success": true,
    "singular": true,
    "singular_epoch": 3
  }
}