{
  "experiment_name": "ntn_wine",
  "run_name": "MPO2_L3_d8_j0.1_s999",
  "config": {
    "init_strength": 0.01,
    "batch_size": 1024,
    "n_epochs": 15,
    "jitter_decay": 0.25,
    "adaptive_jitter": false,
    "patience": 4,
    "min_delta": 1e-06,
    "train_selection": true,
    "seeds": [
      42,
      7,
      123,
      256,
      999
    ],
    "model": "MPO2",
    "L": 3,
    "bond_dim": 8,
    "jitter_start": 0.1
  },
  "hparams": {
    "seed": 999,
    "model": "MPO2",
    "dataset": "wine",
    "n_parameters": 1248,
    "init_strength": 0.01,
    "batch_size": 1024,
    "n_epochs": 15,
    "jitter_decay": 0.25,
    "adaptive_jitter": false,
    "patience": 4,
    "min_delta": 1e-06,
    "train_selection": true,
    "seeds": [
      42,
      7,
      123,
      256,
      999
    ],
    "L": 3,
    "bond_dim": 8,
    "jitter_start": 0.1
  },
  "metrics_log": [
    {
      "step": -1,
      "train_loss": 33.64744743360292,
      "train_quality": 0.3870967741935484,
      "val_loss": 39.21749932835878,
      "val_quality": 0.2962962962962963
    },
    {
      "step": 0,
      "train_loss": 918732557785643.4,
      "train_quality": 0.18548387096774194,
      "val_loss": 895044804015356.8,
      "val_quality": 0.25925925925925924,
      "reg_loss": 1.3488862377676786e+27,
      "jitter": 0.1,
      "weight_norm_sq": 1.3488862377667598e+28
    },
    {
      "step": 1,
      "train_loss": 5.113187765714096e+109,
      "train_quality": 0.1935483870967742,
      "val_loss": 2.891516983090001e+109,
      "val_quality": 0.14814814814814814,
      "reg_loss": 1.141809780115537e+216,
      "jitter": 0.025,
      "weight_norm_sq": 4.567239120462148e+217
    }
  ],
  "summary": {
    "run_id": "MPO2-L3-d8-jit0.1-seed999",
    "seed": 999,
    "model": "MPO2",
    "grid_params": {
      "model": "MPO2",
      "L": 3,
      "bond_dim": 8,
      "jitter_start": 0.1
    },
    "n_parameters": 1248,
    "train_loss": null,
    "train_quality": null,
    "val_loss": null,
    "val_quality": null,
    "test_loss": 31.88762463131582,
    "test_quality": 0.37037037037037035,
    "success": true,
    "singular": true,
    "singular_epoch": 3
  }
}