{
  "experiment_name": "ntn_car_evaluation",
  "run_name": "MPO2_L3_d16_j5_s7",
  "config": {
    "init_strength": 0.01,
    "batch_size": 1024,
    "n_epochs": 15,
    "jitter_decay": 0.25,
    "adaptive_jitter": false,
    "patience": 4,
    "min_delta": 1e-06,
    "train_selection": true,
    "seeds": [
      42,
      7,
      123,
      256,
      999
    ],
    "model": "MPO2",
    "L": 3,
    "bond_dim": 16,
    "jitter_start": 5.0
  },
  "hparams": {
    "seed": 7,
    "model": "MPO2",
    "dataset": "car_evaluation",
    "n_parameters": 9072,
    "init_strength": 0.01,
    "batch_size": 1024,
    "n_epochs": 15,
    "jitter_decay": 0.25,
    "adaptive_jitter": false,
    "patience": 4,
    "min_delta": 1e-06,
    "train_selection": true,
    "seeds": [
      42,
      7,
      123,
      256,
      999
    ],
    "L": 3,
    "bond_dim": 16,
    "jitter_start": 5.0
  },
  "metrics_log": [
    {
      "step": -1,
      "train_loss": 10.234970809474325,
      "train_quality": 0.28618693134822165,
      "val_loss": 10.205425878976127,
      "val_quality": 0.2857142857142857
    },
    {
      "step": 0,
      "train_loss": 117.91729091592876,
      "train_quality": 0.15715467328370555,
      "val_loss": 110.6734788135038,
      "val_quality": 0.15057915057915058,
      "reg_loss": 171790.3580369227,
      "jitter": 5.0,
      "weight_norm_sq": 34334.48814920135
    },
    {
      "step": 1,
      "train_loss": 1.3479044071108576e+16,
      "train_quality": 0.04466501240694789,
      "val_loss": 1.2820083508492932e+16,
      "val_quality": 0.03861003861003861,
      "reg_loss": 9.148814479086666e+31,
      "jitter": 1.25,
      "weight_norm_sq": 7.319051583269331e+31
    },
    {
      "step": 2,
      "train_loss": 4.942494383325924e+103,
      "train_quality": 0.0413564929693962,
      "val_loss": 4.876016330963e+103,
      "val_quality": 0.03861003861003861,
      "reg_loss": 1.6436313701773753e+206,
      "jitter": 0.3125,
      "weight_norm_sq": 5.2596203845676006e+206
    }
  ],
  "summary": {
    "run_id": "MPO2-L3-d16-jit5-seed7",
    "seed": 7,
    "model": "MPO2",
    "grid_params": {
      "model": "MPO2",
      "L": 3,
      "bond_dim": 16,
      "jitter_start": 5.0
    },
    "n_parameters": 9072,
    "train_loss": null,
    "train_quality": null,
    "val_loss": null,
    "val_quality": null,
    "test_loss": 11.003871100315195,
    "test_quality": 0.28076923076923077,
    "success": true,
    "singular": true,
    "singular_epoch": 4
  }
}