{
  "experiment_name": "ntn_breast_lmpo2",
  "run_name": "LMPO2_L3_d8_j5_s999",
  "config": {
    "output_site": 1,
    "init_strength": 0.01,
    "reduction_factor": 0.3,
    "rank": 5,
    "batch_size": 1024,
    "n_epochs": 15,
    "jitter_decay": 0.25,
    "adaptive_jitter": false,
    "patience": 4,
    "min_delta": 1e-06,
    "train_selection": true,
    "seeds": [
      42,
      7,
      123,
      256,
      999
    ],
    "model": "LMPO2",
    "L": 3,
    "bond_dim": 8,
    "jitter_start": 5.0
  },
  "hparams": {
    "seed": 999,
    "model": "LMPO2",
    "dataset": "breast",
    "n_parameters": 12720,
    "output_site": 1,
    "init_strength": 0.01,
    "reduction_factor": 0.3,
    "rank": 5,
    "batch_size": 1024,
    "n_epochs": 15,
    "jitter_decay": 0.25,
    "adaptive_jitter": false,
    "patience": 4,
    "min_delta": 1e-06,
    "train_selection": true,
    "seeds": [
      42,
      7,
      123,
      256,
      999
    ],
    "L": 3,
    "bond_dim": 8,
    "jitter_start": 5.0
  },
  "metrics_log": [
    {
      "step": -1,
      "train_loss": 0.7496303348647658,
      "train_quality": 0.3944723618090452,
      "val_loss": 0.8208084678643791,
      "val_quality": 0.29411764705882354
    },
    {
      "step": 0,
      "train_loss": 297.324679760068,
      "train_quality": 0.4723618090452261,
      "val_loss": 172.03920885928574,
      "val_quality": 0.4823529411764706,
      "reg_loss": 38786.96378245266,
      "jitter": 5.0,
      "weight_norm_sq": 7697.927820538518
    }
  ],
  "summary": {
    "run_id": "LMPO2-L3-d8-jit5-rf0.3-seed999",
    "seed": 999,
    "model": "LMPO2",
    "grid_params": {
      "model": "LMPO2",
      "L": 3,
      "bond_dim": 8,
      "jitter_start": 5.0,
      "reduction_factor": 0.3
    },
    "n_parameters": 12720,
    "train_loss": 297.324679760068,
    "train_quality": 0.4723618090452261,
    "val_loss": 172.03920885928574,
    "val_quality": 0.4823529411764706,
    "test_loss": 356.70563656468397,
    "test_quality": 0.3953488372093023,
    "success": true,
    "singular": true
  }
}