{
  "experiment_name": "ntn_iris",
  "run_name": "MPO2_L4_d16_j0.1_s123",
  "config": {
    "output_site": 1,
    "init_strength": 0.01,
    "batch_size": 1024,
    "n_epochs": 15,
    "jitter_decay": 0.25,
    "adaptive_jitter": false,
    "patience": 4,
    "min_delta": 1e-06,
    "train_selection": true,
    "rank": 5,
    "seeds": [
      42,
      7,
      123,
      256,
      999
    ],
    "model": "MPO2",
    "L": 4,
    "bond_dim": 16,
    "jitter_start": 0.1
  },
  "hparams": {
    "seed": 123,
    "model": "MPO2",
    "dataset": "iris",
    "n_parameters": 4224,
    "output_site": 1,
    "init_strength": 0.01,
    "batch_size": 1024,
    "n_epochs": 15,
    "jitter_decay": 0.25,
    "adaptive_jitter": false,
    "patience": 4,
    "min_delta": 1e-06,
    "train_selection": true,
    "rank": 5,
    "seeds": [
      42,
      7,
      123,
      256,
      999
    ],
    "L": 4,
    "bond_dim": 16,
    "jitter_start": 0.1
  },
  "metrics_log": [
    {
      "step": -1,
      "train_loss": 8.385775170911439,
      "train_quality": 0.34285714285714286,
      "val_loss": 8.06992167134705,
      "val_quality": 0.09090909090909091
    },
    {
      "step": 0,
      "train_loss": 1.0012879199478418e+100,
      "train_quality": 0.3047619047619048,
      "val_loss": 9.83985913440348e+99,
      "val_quality": 0.5909090909090909,
      "reg_loss": 1.6543260723418214e+197,
      "jitter": 0.1,
      "weight_norm_sq": 1.6543260723418214e+198
    }
  ],
  "summary": {
    "run_id": "MPO2-L4-d16-jit0.1-seed123",
    "seed": 123,
    "model": "MPO2",
    "grid_params": {
      "model": "MPO2",
      "L": 4,
      "bond_dim": 16,
      "jitter_start": 0.1
    },
    "n_parameters": 4224,
    "train_loss": 1.0012879199478418e+100,
    "train_quality": 0.3047619047619048,
    "val_loss": 9.83985913440348e+99,
    "val_quality": 0.5909090909090909,
    "test_loss": 9.808295130347492e+99,
    "test_quality": 0.30434782608695654,
    "success": true,
    "singular": true
  }
}