{
  "experiment_name": "ntn_breast",
  "run_name": "MPO2_L3_d16_j5_s7",
  "config": {
    "output_site": 1,
    "init_strength": 0.01,
    "batch_size": 1024,
    "n_epochs": 15,
    "jitter_decay": 0.25,
    "adaptive_jitter": false,
    "patience": 4,
    "min_delta": 1e-06,
    "train_selection": true,
    "rank": 5,
    "seeds": [
      42,
      7,
      123,
      256,
      999
    ],
    "model": "MPO2",
    "L": 3,
    "bond_dim": 16,
    "jitter_start": 5.0
  },
  "hparams": {
    "seed": 7,
    "model": "MPO2",
    "dataset": "breast",
    "n_parameters": 16320,
    "output_site": 1,
    "init_strength": 0.01,
    "batch_size": 1024,
    "n_epochs": 15,
    "jitter_decay": 0.25,
    "adaptive_jitter": false,
    "patience": 4,
    "min_delta": 1e-06,
    "train_selection": true,
    "rank": 5,
    "seeds": [
      42,
      7,
      123,
      256,
      999
    ],
    "L": 3,
    "bond_dim": 16,
    "jitter_start": 5.0
  },
  "metrics_log": [
    {
      "step": -1,
      "train_loss": 121.42064418565528,
      "train_quality": 0.2989949748743719,
      "val_loss": 144.2677174352296,
      "val_quality": 0.29411764705882354
    },
    {
      "step": 0,
      "train_loss": 2.7965773120622143e+20,
      "train_quality": 0.7688442211055276,
      "val_loss": 5.164397785966507e+19,
      "val_quality": 0.6823529411764706,
      "reg_loss": 1.3356889684613365e+40,
      "jitter": 5.0,
      "weight_norm_sq": 2.671377936922673e+39
    },
    {
      "step": 1,
      "train_loss": 6.738971093981444e+135,
      "train_quality": 0.8065326633165829,
      "val_loss": 1.6270130269568453e+135,
      "val_quality": 0.8117647058823529,
      "reg_loss": 1.2329099526169125e+269,
      "jitter": 1.25,
      "weight_norm_sq": 9.8632796209353e+268
    }
  ],
  "summary": {
    "run_id": "MPO2-L3-d16-jit5-seed7",
    "seed": 7,
    "model": "MPO2",
    "grid_params": {
      "model": "MPO2",
      "L": 3,
      "bond_dim": 16,
      "jitter_start": 5.0
    },
    "n_parameters": 16320,
    "train_loss": 6.738971093981444e+135,
    "train_quality": 0.8065326633165829,
    "val_loss": 1.6270130269568453e+135,
    "val_quality": 0.8117647058823529,
    "test_loss": 7.143655685096129e+135,
    "test_quality": 0.8604651162790697,
    "success": true,
    "singular": true
  }
}