{
  "experiment_name": "ntn_wine",
  "run_name": "MPO2_L3_d8_j0.1_s999",
  "config": {
    "output_site": 1,
    "init_strength": 0.01,
    "batch_size": 1024,
    "n_epochs": 15,
    "jitter_decay": 0.25,
    "adaptive_jitter": false,
    "patience": 4,
    "min_delta": 1e-06,
    "train_selection": true,
    "rank": 5,
    "seeds": [
      42,
      7,
      123,
      256,
      999
    ],
    "model": "MPO2",
    "L": 3,
    "bond_dim": 8,
    "jitter_start": 0.1
  },
  "hparams": {
    "seed": 999,
    "model": "MPO2",
    "dataset": "wine",
    "n_parameters": 2704,
    "output_site": 1,
    "init_strength": 0.01,
    "batch_size": 1024,
    "n_epochs": 15,
    "jitter_decay": 0.25,
    "adaptive_jitter": false,
    "patience": 4,
    "min_delta": 1e-06,
    "train_selection": true,
    "rank": 5,
    "seeds": [
      42,
      7,
      123,
      256,
      999
    ],
    "L": 3,
    "bond_dim": 8,
    "jitter_start": 0.1
  },
  "metrics_log": [
    {
      "step": -1,
      "train_loss": 11.81937745944551,
      "train_quality": 0.3790322580645161,
      "val_loss": 10.642531028618174,
      "val_quality": 0.4074074074074074
    },
    {
      "step": 0,
      "train_loss": 1.4499169288995207e+305,
      "train_quality": 0.6451612903225806,
      "val_loss": 8.373504027497471e+304,
      "val_quality": 0.7777777777777777,
      "reg_loss": NaN,
      "jitter": 0.1,
      "weight_norm_sq": NaN
    }
  ],
  "summary": {
    "run_id": "MPO2-L3-d8-jit0.1-seed999",
    "seed": 999,
    "model": "MPO2",
    "grid_params": {
      "model": "MPO2",
      "L": 3,
      "bond_dim": 8,
      "jitter_start": 0.1
    },
    "n_parameters": 2704,
    "train_loss": 1.4499169288995207e+305,
    "train_quality": 0.6451612903225806,
    "val_loss": 8.373504027497471e+304,
    "val_quality": 0.7777777777777777,
    "test_loss": 1.5521358342245943e+305,
    "test_quality": 0.6666666666666666,
    "success": true,
    "singular": true
  }
}