{
  "experiment_name": "ntn_car_evaluation",
  "run_name": "MPO2_L3_d16_j5_s123",
  "config": {
    "init_strength": 0.01,
    "batch_size": 1024,
    "n_epochs": 15,
    "jitter_decay": 0.25,
    "adaptive_jitter": false,
    "patience": 4,
    "min_delta": 1e-06,
    "train_selection": true,
    "seeds": [
      42,
      7,
      123,
      256,
      999
    ],
    "model": "MPO2",
    "L": 3,
    "bond_dim": 16,
    "jitter_start": 5.0
  },
  "hparams": {
    "seed": 123,
    "model": "MPO2",
    "dataset": "car_evaluation",
    "n_parameters": 9072,
    "init_strength": 0.01,
    "batch_size": 1024,
    "n_epochs": 15,
    "jitter_decay": 0.25,
    "adaptive_jitter": false,
    "patience": 4,
    "min_delta": 1e-06,
    "train_selection": true,
    "seeds": [
      42,
      7,
      123,
      256,
      999
    ],
    "L": 3,
    "bond_dim": 16,
    "jitter_start": 5.0
  },
  "metrics_log": [
    {
      "step": -1,
      "train_loss": 13.167184168187388,
      "train_quality": 0.1513647642679901,
      "val_loss": 13.305845488344776,
      "val_quality": 0.15057915057915058
    },
    {
      "step": 0,
      "train_loss": 5260.977764403828,
      "train_quality": 0.1381306865177833,
      "val_loss": 5286.797573817896,
      "val_quality": 0.1312741312741313,
      "reg_loss": 267152172.7145293,
      "jitter": 5.0,
      "weight_norm_sq": 53429382.34735298
    },
    {
      "step": 1,
      "train_loss": 5.961788821890685e+132,
      "train_quality": 0.03556658395368073,
      "val_loss": 5.702222930089022e+132,
      "val_quality": 0.05791505791505792,
      "reg_loss": 1.5893949626158054e+265,
      "jitter": 1.25,
      "weight_norm_sq": 1.2715159700926443e+265
    }
  ],
  "summary": {
    "run_id": "MPO2-L3-d16-jit5-seed123",
    "seed": 123,
    "model": "MPO2",
    "grid_params": {
      "model": "MPO2",
      "L": 3,
      "bond_dim": 16,
      "jitter_start": 5.0
    },
    "n_parameters": 9072,
    "train_loss": null,
    "train_quality": null,
    "val_loss": null,
    "val_quality": null,
    "test_loss": 14.554647331761318,
    "test_quality": 0.15384615384615385,
    "success": true,
    "singular": true,
    "singular_epoch": 3
  }
}