{
  "experiment_name": "ntn_iris",
  "run_name": "MPO2_L4_d12_j5_s7",
  "config": {
    "output_site": 1,
    "init_strength": 0.01,
    "batch_size": 1024,
    "n_epochs": 15,
    "jitter_decay": 0.25,
    "adaptive_jitter": false,
    "patience": 4,
    "min_delta": 1e-06,
    "train_selection": true,
    "rank": 5,
    "seeds": [
      42,
      7,
      123,
      256,
      999
    ],
    "model": "MPO2",
    "L": 4,
    "bond_dim": 12,
    "jitter_start": 5.0
  },
  "hparams": {
    "seed": 7,
    "model": "MPO2",
    "dataset": "iris",
    "n_parameters": 2400,
    "output_site": 1,
    "init_strength": 0.01,
    "batch_size": 1024,
    "n_epochs": 15,
    "jitter_decay": 0.25,
    "adaptive_jitter": false,
    "patience": 4,
    "min_delta": 1e-06,
    "train_selection": true,
    "rank": 5,
    "seeds": [
      42,
      7,
      123,
      256,
      999
    ],
    "L": 4,
    "bond_dim": 12,
    "jitter_start": 5.0
  },
  "metrics_log": [
    {
      "step": -1,
      "train_loss": 4.138980443382872,
      "train_quality": 0.49523809523809526,
      "val_loss": 4.429547515858592,
      "val_quality": 0.5454545454545454
    },
    {
      "step": 0,
      "train_loss": 1.1152612296243637e+20,
      "train_quality": 0.4,
      "val_loss": 2.309504127406563e+20,
      "val_quality": 0.6363636363636364,
      "reg_loss": 1.4708835264813096e+41,
      "jitter": 5.0,
      "weight_norm_sq": 2.9417670529626193e+40
    }
  ],
  "summary": {
    "run_id": "MPO2-L4-d12-jit5-seed7",
    "seed": 7,
    "model": "MPO2",
    "grid_params": {
      "model": "MPO2",
      "L": 4,
      "bond_dim": 12,
      "jitter_start": 5.0
    },
    "n_parameters": 2400,
    "train_loss": 1.1152612296243637e+20,
    "train_quality": 0.4,
    "val_loss": 2.309504127406563e+20,
    "val_quality": 0.6363636363636364,
    "test_loss": 1.1991086052628264e+20,
    "test_quality": 0.30434782608695654,
    "success": true,
    "singular": true
  }
}