{
  "experiment_name": "ntn_car_evaluation",
  "run_name": "MPO2_L3_d12_j0.1_s42",
  "config": {
    "init_strength": 0.01,
    "batch_size": 1024,
    "n_epochs": 15,
    "jitter_decay": 0.25,
    "adaptive_jitter": false,
    "patience": 4,
    "min_delta": 1e-06,
    "train_selection": true,
    "seeds": [
      42,
      7,
      123,
      256,
      999
    ],
    "model": "MPO2",
    "L": 3,
    "bond_dim": 12,
    "jitter_start": 0.1
  },
  "hparams": {
    "seed": 42,
    "model": "MPO2",
    "dataset": "car_evaluation",
    "n_parameters": 5508,
    "init_strength": 0.01,
    "batch_size": 1024,
    "n_epochs": 15,
    "jitter_decay": 0.25,
    "adaptive_jitter": false,
    "patience": 4,
    "min_delta": 1e-06,
    "train_selection": true,
    "seeds": [
      42,
      7,
      123,
      256,
      999
    ],
    "L": 3,
    "bond_dim": 12,
    "jitter_start": 0.1
  },
  "metrics_log": [
    {
      "step": -1,
      "train_loss": 11.623894917817372,
      "train_quality": 0.30851943755169564,
      "val_loss": 11.383902764475975,
      "val_quality": 0.277992277992278
    },
    {
      "step": 0,
      "train_loss": 844789829669.9327,
      "train_quality": 0.23076923076923078,
      "val_loss": 798015312272.9843,
      "val_quality": 0.23166023166023167,
      "reg_loss": 6.070989790910201e+22,
      "jitter": 0.1,
      "weight_norm_sq": 6.070989790825721e+23
    },
    {
      "step": 1,
      "train_loss": 6.97531337757735e+90,
      "train_quality": 0.22001654259718775,
      "val_loss": 6.768458893789993e+90,
      "val_quality": 0.22007722007722008,
      "reg_loss": 2.942759796587847e+179,
      "jitter": 0.025,
      "weight_norm_sq": 1.1771039186351388e+181
    }
  ],
  "summary": {
    "run_id": "MPO2-L3-d12-jit0.1-seed42",
    "seed": 42,
    "model": "MPO2",
    "grid_params": {
      "model": "MPO2",
      "L": 3,
      "bond_dim": 12,
      "jitter_start": 0.1
    },
    "n_parameters": 5508,
    "train_loss": null,
    "train_quality": null,
    "val_loss": null,
    "val_quality": null,
    "test_loss": 11.534352401208375,
    "test_quality": 0.31923076923076926,
    "success": true,
    "singular": true,
    "singular_epoch": 3
  }
}