{
  "experiment_name": "ntn_breast",
  "run_name": "MPO2_L4_d8_j5_s256",
  "config": {
    "output_site": 1,
    "init_strength": 0.01,
    "batch_size": 1024,
    "n_epochs": 15,
    "jitter_decay": 0.25,
    "adaptive_jitter": false,
    "patience": 4,
    "min_delta": 1e-06,
    "train_selection": true,
    "rank": 5,
    "seeds": [
      42,
      7,
      123,
      256,
      999
    ],
    "model": "MPO2",
    "L": 4,
    "bond_dim": 8,
    "jitter_start": 5.0
  },
  "hparams": {
    "seed": 256,
    "model": "MPO2",
    "dataset": "breast",
    "n_parameters": 6240,
    "output_site": 1,
    "init_strength": 0.01,
    "batch_size": 1024,
    "n_epochs": 15,
    "jitter_decay": 0.25,
    "adaptive_jitter": false,
    "patience": 4,
    "min_delta": 1e-06,
    "train_selection": true,
    "rank": 5,
    "seeds": [
      42,
      7,
      123,
      256,
      999
    ],
    "L": 4,
    "bond_dim": 8,
    "jitter_start": 5.0
  },
  "metrics_log": [
    {
      "step": -1,
      "train_loss": 1335.7503329572644,
      "train_quality": 0.4396984924623116,
      "val_loss": 203.68020345806443,
      "val_quality": 0.5647058823529412
    },
    {
      "step": 0,
      "train_loss": 8.201976835772107e+117,
      "train_quality": 0.6256281407035176,
      "val_loss": 1.048838686500887e+118,
      "val_quality": 0.5529411764705883,
      "reg_loss": 6.035368358362472e+230,
      "jitter": 5.0,
      "weight_norm_sq": 1.2070736716724944e+230
    }
  ],
  "summary": {
    "run_id": "MPO2-L4-d8-jit5-seed256",
    "seed": 256,
    "model": "MPO2",
    "grid_params": {
      "model": "MPO2",
      "L": 4,
      "bond_dim": 8,
      "jitter_start": 5.0
    },
    "n_parameters": 6240,
    "train_loss": 1335.7503329572644,
    "train_quality": 0.4396984924623116,
    "val_loss": 203.68020345806443,
    "val_quality": 0.5647058823529412,
    "test_loss": 379.94025599691986,
    "test_quality": 0.5116279069767442,
    "success": true,
    "singular": true
  }
}