{
  "experiment_name": "ntn_car_evaluation",
  "run_name": "MPO2_L3_d8_j5_s999",
  "config": {
    "init_strength": 0.01,
    "batch_size": 1024,
    "n_epochs": 15,
    "jitter_decay": 0.25,
    "adaptive_jitter": false,
    "patience": 4,
    "min_delta": 1e-06,
    "train_selection": true,
    "seeds": [
      42,
      7,
      123,
      256,
      999
    ],
    "model": "MPO2",
    "L": 3,
    "bond_dim": 8,
    "jitter_start": 5.0
  },
  "hparams": {
    "seed": 999,
    "model": "MPO2",
    "dataset": "car_evaluation",
    "n_parameters": 2808,
    "init_strength": 0.01,
    "batch_size": 1024,
    "n_epochs": 15,
    "jitter_decay": 0.25,
    "adaptive_jitter": false,
    "patience": 4,
    "min_delta": 1e-06,
    "train_selection": true,
    "seeds": [
      42,
      7,
      123,
      256,
      999
    ],
    "L": 3,
    "bond_dim": 8,
    "jitter_start": 5.0
  },
  "metrics_log": [
    {
      "step": -1,
      "train_loss": 16.58266796762157,
      "train_quality": 0.19272125723738626,
      "val_loss": 16.20928850328095,
      "val_quality": 0.15444015444015444
    },
    {
      "step": 0,
      "train_loss": 265.1809264689704,
      "train_quality": 0.20430107526881722,
      "val_loss": 284.0459819641949,
      "val_quality": 0.19305019305019305,
      "reg_loss": 614303.9109715163,
      "jitter": 5.0,
      "weight_norm_sq": 122807.74600900948
    },
    {
      "step": 1,
      "train_loss": 1.600609838607804e+37,
      "train_quality": 0.22001654259718775,
      "val_loss": 1.6331431436842156e+37,
      "val_quality": 0.22007722007722008,
      "reg_loss": 1.0277702709167434e+74,
      "jitter": 1.25,
      "weight_norm_sq": 8.222162167333947e+73
    },
    {
      "step": 2,
      "train_loss": 2.6476375235849966e+242,
      "train_quality": 0.22001654259718775,
      "val_loss": 2.6054176053560565e+242,
      "val_quality": 0.22007722007722008,
      "reg_loss": Infinity,
      "jitter": 0.3125,
      "weight_norm_sq": Infinity
    }
  ],
  "summary": {
    "run_id": "MPO2-L3-d8-jit5-seed999",
    "seed": 999,
    "model": "MPO2",
    "grid_params": {
      "model": "MPO2",
      "L": 3,
      "bond_dim": 8,
      "jitter_start": 5.0
    },
    "n_parameters": 2808,
    "train_loss": null,
    "train_quality": null,
    "val_loss": null,
    "val_quality": null,
    "test_loss": 1.594474056421118e+37,
    "test_quality": 0.23461538461538461,
    "success": true,
    "singular": true,
    "singular_epoch": 4
  }
}