{
  "experiment_name": "ntn_breast",
  "run_name": "MPO2_L3_d8_j5_s256",
  "config": {
    "init_strength": 0.01,
    "batch_size": 1024,
    "n_epochs": 15,
    "jitter_decay": 0.25,
    "adaptive_jitter": false,
    "patience": 4,
    "min_delta": 1e-06,
    "train_selection": true,
    "seeds": [
      42,
      7,
      123,
      256,
      999
    ],
    "model": "MPO2",
    "L": 3,
    "bond_dim": 8,
    "jitter_start": 5.0
  },
  "hparams": {
    "seed": 256,
    "model": "MPO2",
    "dataset": "breast",
    "n_parameters": 2640,
    "init_strength": 0.01,
    "batch_size": 1024,
    "n_epochs": 15,
    "jitter_decay": 0.25,
    "adaptive_jitter": false,
    "patience": 4,
    "min_delta": 1e-06,
    "train_selection": true,
    "seeds": [
      42,
      7,
      123,
      256,
      999
    ],
    "L": 3,
    "bond_dim": 8,
    "jitter_start": 5.0
  },
  "metrics_log": [
    {
      "step": -1,
      "train_loss": 35.08289997380232,
      "train_quality": 0.7060301507537688,
      "val_loss": 29.64595306831958,
      "val_quality": 0.6470588235294118
    },
    {
      "step": 0,
      "train_loss": 1.4123938980707277e+21,
      "train_quality": 0.7939698492462312,
      "val_loss": 1.190889368672139e+21,
      "val_quality": 0.8117647058823529,
      "reg_loss": 1.7838197512096973e+42,
      "jitter": 5.0,
      "weight_norm_sq": 3.567639502419395e+41
    },
    {
      "step": 1,
      "train_loss": 1.0027334339829806e+136,
      "train_quality": 0.40703517587939697,
      "val_loss": 1.2462324098617162e+136,
      "val_quality": 0.4,
      "reg_loss": 1.5535597581944123e+269,
      "jitter": 1.25,
      "weight_norm_sq": 1.2428478065555299e+269
    }
  ],
  "summary": {
    "run_id": "MPO2-L3-d8-jit5-seed256",
    "seed": 256,
    "model": "MPO2",
    "grid_params": {
      "model": "MPO2",
      "L": 3,
      "bond_dim": 8,
      "jitter_start": 5.0
    },
    "n_parameters": 2640,
    "train_loss": null,
    "train_quality": null,
    "val_loss": null,
    "val_quality": null,
    "test_loss": 5.771151474730418e+20,
    "test_quality": 0.8488372093023255,
    "success": true,
    "singular": true,
    "singular_epoch": 3
  }
}