{
  "experiment_name": "ntn_wine",
  "run_name": "MPO2_L3_d16_j5_s42",
  "config": {
    "output_site": 1,
    "init_strength": 0.01,
    "batch_size": 1024,
    "n_epochs": 15,
    "jitter_decay": 0.25,
    "adaptive_jitter": false,
    "patience": 4,
    "min_delta": 1e-06,
    "train_selection": true,
    "rank": 5,
    "seeds": [
      42,
      7,
      123,
      256,
      999
    ],
    "model": "MPO2",
    "L": 3,
    "bond_dim": 16,
    "jitter_start": 5.0
  },
  "hparams": {
    "seed": 42,
    "model": "MPO2",
    "dataset": "wine",
    "n_parameters": 10400,
    "output_site": 1,
    "init_strength": 0.01,
    "batch_size": 1024,
    "n_epochs": 15,
    "jitter_decay": 0.25,
    "adaptive_jitter": false,
    "patience": 4,
    "min_delta": 1e-06,
    "train_selection": true,
    "rank": 5,
    "seeds": [
      42,
      7,
      123,
      256,
      999
    ],
    "L": 3,
    "bond_dim": 16,
    "jitter_start": 5.0
  },
  "metrics_log": [
    {
      "step": -1,
      "train_loss": 7.4697200901672876,
      "train_quality": 0.3951612903225806,
      "val_loss": 4.377066054800124,
      "val_quality": 0.5925925925925926
    },
    {
      "step": 0,
      "train_loss": 1126.8757993125794,
      "train_quality": 0.3387096774193548,
      "val_loss": 189.83883496090797,
      "val_quality": 0.5555555555555556,
      "reg_loss": 1230391.2367713044,
      "jitter": 5.0,
      "weight_norm_sq": 245852.87219439837
    },
    {
      "step": 1,
      "train_loss": 1.9309274700355855e+30,
      "train_quality": 0.7016129032258064,
      "val_loss": 2.9969505658584973e+29,
      "val_quality": 0.7407407407407407,
      "reg_loss": 1.2959507758527255e+60,
      "jitter": 1.25,
      "weight_norm_sq": 1.0367606206821803e+60
    },
    {
      "step": 2,
      "train_loss": 7.800572445877375e+204,
      "train_quality": 0.7580645161290323,
      "val_loss": 6.351163322913853e+203,
      "val_quality": 0.7407407407407407,
      "reg_loss": Infinity,
      "jitter": 0.3125,
      "weight_norm_sq": Infinity
    }
  ],
  "summary": {
    "run_id": "MPO2-L3-d16-jit5-seed42",
    "seed": 42,
    "model": "MPO2",
    "grid_params": {
      "model": "MPO2",
      "L": 3,
      "bond_dim": 16,
      "jitter_start": 5.0
    },
    "n_parameters": 10400,
    "train_loss": 7.800572445877375e+204,
    "train_quality": 0.7580645161290323,
    "val_loss": 6.351163322913853e+203,
    "val_quality": 0.7407407407407407,
    "test_loss": 1.361062588431479e+204,
    "test_quality": 0.8888888888888888,
    "success": true,
    "singular": true
  }
}