{
  "experiment_name": "ntn_breast",
  "run_name": "LMPO2TypeI_L3_d8_j5_s7",
  "config": {
    "init_strength": 0.01,
    "batch_size": 1024,
    "n_epochs": 100,
    "jitter_decay": 0.25,
    "adaptive_jitter": false,
    "patience": 10,
    "min_delta": 1e-06,
    "train_selection": true,
    "bond_dim_mpo": 1,
    "seeds": [
      42,
      7,
      123,
      256,
      999
    ],
    "model": "LMPO2TypeI",
    "L": 3,
    "bond_dim": 8,
    "jitter_start": 5.0,
    "reduction_factor": 0.1
  },
  "hparams": {
    "seed": 7,
    "model": "LMPO2TypeI",
    "dataset": "breast",
    "n_parameters": 9072,
    "init_strength": 0.01,
    "batch_size": 1024,
    "n_epochs": 100,
    "jitter_decay": 0.25,
    "adaptive_jitter": false,
    "patience": 10,
    "min_delta": 1e-06,
    "train_selection": true,
    "bond_dim_mpo": 1,
    "seeds": [
      42,
      7,
      123,
      256,
      999
    ],
    "L": 3,
    "bond_dim": 8,
    "jitter_start": 5.0,
    "reduction_factor": 0.1
  },
  "metrics_log": [
    {
      "step": -1,
      "train_loss": 0.6932403714281861,
      "train_quality": 0.36432160804020103,
      "val_loss": 0.6932042332869897,
      "val_quality": 0.4
    },
    {
      "step": 0,
      "train_loss": 0.09126965714329484,
      "train_quality": 0.9698492462311558,
      "val_loss": 0.14017106617658429,
      "val_quality": 0.9411764705882353,
      "reg_loss": 0.09126965714329484,
      "jitter": 5.0
    },
    {
      "step": 1,
      "train_loss": 0.009030760045757336,
      "train_quality": 1.0,
      "val_loss": 0.07711378505623034,
      "val_quality": 0.9647058823529412,
      "reg_loss": 0.009030760045757336,
      "jitter": 1.25
    },
    {
      "step": 2,
      "train_loss": 8.393537025817925e+64,
      "train_quality": 0.678391959798995,
      "val_loss": 4.291468415118001e+64,
      "val_quality": 0.6588235294117647,
      "reg_loss": 8.393537025817925e+64,
      "jitter": 0.3125
    }
  ],
  "summary": {
    "run_id": "LMPO2TypeI-L3-d8-jit5-rf0.1-seed7",
    "seed": 7,
    "model": "LMPO2TypeI",
    "grid_params": {
      "model": "LMPO2TypeI",
      "L": 3,
      "bond_dim": 8,
      "jitter_start": 5.0,
      "reduction_factor": 0.1
    },
    "n_parameters": 9072,
    "train_loss": null,
    "train_quality": null,
    "val_loss": null,
    "val_quality": null,
    "test_loss": 0.7490994237296389,
    "test_quality": 0.9767441860465116,
    "success": true,
    "singular": true,
    "singular_epoch": 4
  }
}