{
  "experiment_name": "ntn_breast",
  "run_name": "MPO2_L3_d8_j0.1_s256",
  "config": {
    "init_strength": 0.01,
    "batch_size": 1024,
    "n_epochs": 15,
    "jitter_decay": 0.25,
    "adaptive_jitter": false,
    "patience": 4,
    "min_delta": 1e-06,
    "train_selection": true,
    "seeds": [
      42,
      7,
      123,
      256,
      999
    ],
    "model": "MPO2",
    "L": 3,
    "bond_dim": 8,
    "jitter_start": 0.1
  },
  "hparams": {
    "seed": 256,
    "model": "MPO2",
    "dataset": "breast",
    "n_parameters": 2640,
    "init_strength": 0.01,
    "batch_size": 1024,
    "n_epochs": 15,
    "jitter_decay": 0.25,
    "adaptive_jitter": false,
    "patience": 4,
    "min_delta": 1e-06,
    "train_selection": true,
    "seeds": [
      42,
      7,
      123,
      256,
      999
    ],
    "L": 3,
    "bond_dim": 8,
    "jitter_start": 0.1
  },
  "metrics_log": [
    {
      "step": -1,
      "train_loss": 35.08289997380232,
      "train_quality": 0.7060301507537688,
      "val_loss": 29.64595306831958,
      "val_quality": 0.6470588235294118
    },
    {
      "step": 0,
      "train_loss": 4.543737293872052e+25,
      "train_quality": 0.5025125628140703,
      "val_loss": 3.009771200280786e+25,
      "val_quality": 0.47058823529411764,
      "reg_loss": 1.0419250201880719e+48,
      "jitter": 0.1,
      "weight_norm_sq": 1.0419250201880718e+49
    },
    {
      "step": 1,
      "train_loss": 3.686254208641177e+184,
      "train_quality": 0.4321608040201005,
      "val_loss": 2.5162436013546474e+184,
      "val_quality": 0.38823529411764707,
      "reg_loss": NaN,
      "jitter": 0.025,
      "weight_norm_sq": NaN
    }
  ],
  "summary": {
    "run_id": "MPO2-L3-d8-jit0.1-seed256",
    "seed": 256,
    "model": "MPO2",
    "grid_params": {
      "model": "MPO2",
      "L": 3,
      "bond_dim": 8,
      "jitter_start": 0.1
    },
    "n_parameters": 2640,
    "train_loss": null,
    "train_quality": null,
    "val_loss": null,
    "val_quality": null,
    "test_loss": 25.373638416964834,
    "test_quality": 0.7325581395348837,
    "success": true,
    "singular": true,
    "singular_epoch": 3
  }
}