{
  "experiment_name": "ntn_bank",
  "run_name": "MPO2_L3_d8_j0.1_s999",
  "config": {
    "output_site": 1,
    "init_strength": 0.01,
    "batch_size": 1024,
    "n_epochs": 15,
    "jitter_decay": 0.25,
    "adaptive_jitter": false,
    "patience": 4,
    "min_delta": 1e-06,
    "train_selection": true,
    "rank": 5,
    "seeds": [
      42,
      7,
      123,
      256,
      999
    ],
    "model": "MPO2",
    "L": 3,
    "bond_dim": 8,
    "jitter_start": 0.1
  },
  "hparams": {
    "seed": 999,
    "model": "MPO2",
    "dataset": "bank",
    "n_parameters": 4752,
    "output_site": 1,
    "init_strength": 0.01,
    "batch_size": 1024,
    "n_epochs": 15,
    "jitter_decay": 0.25,
    "adaptive_jitter": false,
    "patience": 4,
    "min_delta": 1e-06,
    "train_selection": true,
    "rank": 5,
    "seeds": [
      42,
      7,
      123,
      256,
      999
    ],
    "L": 3,
    "bond_dim": 8,
    "jitter_start": 0.1
  },
  "metrics_log": [
    {
      "step": -1,
      "train_loss": 41.36024677446327,
      "train_quality": 0.4321736657503081,
      "val_loss": 18.088720255729324,
      "val_quality": 0.43335299321734005
    },
    {
      "step": 0,
      "train_loss": 1.4800339194809588e+22,
      "train_quality": 0.444023130154517,
      "val_loss": 1.1334447224962065e+21,
      "val_quality": 0.4354172810380419,
      "reg_loss": 6.83187014512996e+39,
      "jitter": 0.1,
      "weight_norm_sq": 6.831870145129959e+40
    },
    {
      "step": 1,
      "train_loss": 9.049607474563953e+166,
      "train_quality": 0.48867191202957627,
      "val_loss": 7.841318501958625e+165,
      "val_quality": 0.49144795045709233,
      "reg_loss": Infinity,
      "jitter": 0.025,
      "weight_norm_sq": Infinity
    }
  ],
  "summary": {
    "run_id": "MPO2-L3-d8-jit0.1-seed999",
    "seed": 999,
    "model": "MPO2",
    "grid_params": {
      "model": "MPO2",
      "L": 3,
      "bond_dim": 8,
      "jitter_start": 0.1
    },
    "n_parameters": 4752,
    "train_loss": 9.049607474563953e+166,
    "train_quality": 0.48867191202957627,
    "val_loss": 7.841318501958625e+165,
    "val_quality": 0.49144795045709233,
    "test_loss": 6.509521997132468e+165,
    "test_quality": 0.48319079917428487,
    "success": true,
    "singular": true
  }
}