{
  "experiment_name": "ntn_wine",
  "run_name": "MPO2_L3_d16_j5_s999",
  "config": {
    "init_strength": 0.01,
    "batch_size": 1024,
    "n_epochs": 15,
    "jitter_decay": 0.25,
    "adaptive_jitter": false,
    "patience": 4,
    "min_delta": 1e-06,
    "train_selection": true,
    "seeds": [
      42,
      7,
      123,
      256,
      999
    ],
    "model": "MPO2",
    "L": 3,
    "bond_dim": 16,
    "jitter_start": 5.0
  },
  "hparams": {
    "seed": 999,
    "model": "MPO2",
    "dataset": "wine",
    "n_parameters": 4160,
    "init_strength": 0.01,
    "batch_size": 1024,
    "n_epochs": 15,
    "jitter_decay": 0.25,
    "adaptive_jitter": false,
    "patience": 4,
    "min_delta": 1e-06,
    "train_selection": true,
    "seeds": [
      42,
      7,
      123,
      256,
      999
    ],
    "L": 3,
    "bond_dim": 16,
    "jitter_start": 5.0
  },
  "metrics_log": [
    {
      "step": -1,
      "train_loss": 19.767262881730595,
      "train_quality": 0.5564516129032258,
      "val_loss": 32.10380848523202,
      "val_quality": 0.5185185185185185
    },
    {
      "step": 0,
      "train_loss": 5435.34726861994,
      "train_quality": 0.3225806451612903,
      "val_loss": 3539.436095106156,
      "val_quality": 0.2962962962962963,
      "reg_loss": 14249449.30496541,
      "jitter": 5.0,
      "weight_norm_sq": 2848802.791539358
    },
    {
      "step": 1,
      "train_loss": 1.4422040143129982e+97,
      "train_quality": 0.5403225806451613,
      "val_loss": 4.0821073277447836e+96,
      "val_quality": 0.5185185185185185,
      "reg_loss": 7.9078508874834e+193,
      "jitter": 1.25,
      "weight_norm_sq": 6.326280709986721e+193
    }
  ],
  "summary": {
    "run_id": "MPO2-L3-d16-jit5-seed999",
    "seed": 999,
    "model": "MPO2",
    "grid_params": {
      "model": "MPO2",
      "L": 3,
      "bond_dim": 16,
      "jitter_start": 5.0
    },
    "n_parameters": 4160,
    "train_loss": null,
    "train_quality": null,
    "val_loss": null,
    "val_quality": null,
    "test_loss": 32.63518769541872,
    "test_quality": 0.2962962962962963,
    "success": true,
    "singular": true,
    "singular_epoch": 3
  }
}