{
  "experiment_name": "ntn_iris",
  "run_name": "MPO2_L4_d16_j5_s256",
  "config": {
    "output_site": 1,
    "init_strength": 0.01,
    "batch_size": 1024,
    "n_epochs": 15,
    "jitter_decay": 0.25,
    "adaptive_jitter": false,
    "patience": 4,
    "min_delta": 1e-06,
    "train_selection": true,
    "rank": 5,
    "seeds": [
      42,
      7,
      123,
      256,
      999
    ],
    "model": "MPO2",
    "L": 4,
    "bond_dim": 16,
    "jitter_start": 5.0
  },
  "hparams": {
    "seed": 256,
    "model": "MPO2",
    "dataset": "iris",
    "n_parameters": 4224,
    "output_site": 1,
    "init_strength": 0.01,
    "batch_size": 1024,
    "n_epochs": 15,
    "jitter_decay": 0.25,
    "adaptive_jitter": false,
    "patience": 4,
    "min_delta": 1e-06,
    "train_selection": true,
    "rank": 5,
    "seeds": [
      42,
      7,
      123,
      256,
      999
    ],
    "L": 4,
    "bond_dim": 16,
    "jitter_start": 5.0
  },
  "metrics_log": [
    {
      "step": -1,
      "train_loss": 10.467673934227815,
      "train_quality": 0.46666666666666673,
      "val_loss": 18.495307579847317,
      "val_quality": 0.36363636363636365
    },
    {
      "step": 0,
      "train_loss": 1.4385030516262848e+38,
      "train_quality": 0.3523809523809524,
      "val_loss": 3.104081079537922e+38,
      "val_quality": 0.2727272727272727,
      "reg_loss": 9.489807168406423e+74,
      "jitter": 5.0,
      "weight_norm_sq": 1.8979614336812844e+74
    }
  ],
  "summary": {
    "run_id": "MPO2-L4-d16-jit5-seed256",
    "seed": 256,
    "model": "MPO2",
    "grid_params": {
      "model": "MPO2",
      "L": 4,
      "bond_dim": 16,
      "jitter_start": 5.0
    },
    "n_parameters": 4224,
    "train_loss": 10.467673934227815,
    "train_quality": 0.46666666666666673,
    "val_loss": 18.495307579847317,
    "val_quality": 0.36363636363636365,
    "test_loss": 21.028461957018727,
    "test_quality": 0.43478260869565216,
    "success": true,
    "singular": true
  }
}