{
  "experiment_name": "ntn_student_dropout",
  "run_name": "MPO2_L3_d8_j5_s42",
  "config": {
    "output_site": 1,
    "init_strength": 0.01,
    "batch_size": 1024,
    "n_epochs": 15,
    "jitter_decay": 0.25,
    "adaptive_jitter": false,
    "patience": 4,
    "min_delta": 1e-06,
    "train_selection": true,
    "rank": 5,
    "seeds": [
      42,
      7,
      123,
      256,
      999
    ],
    "model": "MPO2",
    "L": 3,
    "bond_dim": 8,
    "jitter_start": 5.0
  },
  "hparams": {
    "seed": 42,
    "model": "MPO2",
    "dataset": "student_dropout",
    "n_parameters": 7488,
    "output_site": 1,
    "init_strength": 0.01,
    "batch_size": 1024,
    "n_epochs": 15,
    "jitter_decay": 0.25,
    "adaptive_jitter": false,
    "patience": 4,
    "min_delta": 1e-06,
    "train_selection": true,
    "rank": 5,
    "seeds": [
      42,
      7,
      123,
      256,
      999
    ],
    "L": 3,
    "bond_dim": 8,
    "jitter_start": 5.0
  },
  "metrics_log": [
    {
      "step": -1,
      "train_loss": 72.86291941658222,
      "train_quality": 0.33171834625323,
      "val_loss": 57.350006802890796,
      "val_quality": 0.33433734939759036
    },
    {
      "step": 0,
      "train_loss": 39488739.79887653,
      "train_quality": 0.4337855297157623,
      "val_loss": 27944192.141854223,
      "val_quality": 0.42168674698795183,
      "reg_loss": 29660959575560.066,
      "jitter": 5.0,
      "weight_norm_sq": 5932184017364.053
    },
    {
      "step": 1,
      "train_loss": 4.219143377374003e+44,
      "train_quality": 0.3107235142118863,
      "val_loss": 4.297250607785929e+44,
      "val_quality": 0.3177710843373494,
      "reg_loss": 2.0459709948695358e+86,
      "jitter": 1.25,
      "weight_norm_sq": 1.6367767958956287e+86
    },
    {
      "step": 2,
      "train_loss": 1.820475248565018e+284,
      "train_quality": 0.3546511627906977,
      "val_loss": 1.985162507593828e+284,
      "val_quality": 0.3780120481927711,
      "reg_loss": NaN,
      "jitter": 0.3125,
      "weight_norm_sq": NaN
    }
  ],
  "summary": {
    "run_id": "MPO2-L3-d8-jit5-seed42",
    "seed": 42,
    "model": "MPO2",
    "grid_params": {
      "model": "MPO2",
      "L": 3,
      "bond_dim": 8,
      "jitter_start": 5.0
    },
    "n_parameters": 7488,
    "train_loss": 39488739.79887653,
    "train_quality": 0.4337855297157623,
    "val_loss": 27944192.141854223,
    "val_quality": 0.42168674698795183,
    "test_loss": 28952681.056406837,
    "test_quality": 0.43373493975903615,
    "success": true,
    "singular": true
  }
}