{
  "experiment_name": "ntn_winequalityc",
  "run_name": "MPO2_L3_d8_j0.1_s123",
  "config": {
    "output_site": 1,
    "init_strength": 0.01,
    "batch_size": 1024,
    "n_epochs": 15,
    "jitter_decay": 0.25,
    "adaptive_jitter": false,
    "patience": 4,
    "min_delta": 1e-06,
    "train_selection": true,
    "rank": 5,
    "seeds": [
      42,
      7,
      123,
      256,
      999
    ],
    "model": "MPO2",
    "L": 3,
    "bond_dim": 8,
    "jitter_start": 0.1
  },
  "hparams": {
    "seed": 123,
    "model": "MPO2",
    "dataset": "winequalityc",
    "n_parameters": 5104,
    "output_site": 1,
    "init_strength": 0.01,
    "batch_size": 1024,
    "n_epochs": 15,
    "jitter_decay": 0.25,
    "adaptive_jitter": false,
    "patience": 4,
    "min_delta": 1e-06,
    "train_selection": true,
    "rank": 5,
    "seeds": [
      42,
      7,
      123,
      256,
      999
    ],
    "L": 3,
    "bond_dim": 8,
    "jitter_start": 0.1
  },
  "metrics_log": [
    {
      "step": -1,
      "train_loss": 4.941256825668468,
      "train_quality": 0.15944578843193313,
      "val_loss": 6.267815883583277,
      "val_quality": 0.14666666666666667
    },
    {
      "step": 0,
      "train_loss": 680729502.2996751,
      "train_quality": 0.3501209588739828,
      "val_loss": 2477120623.6370254,
      "val_quality": 0.3682051282051282,
      "reg_loss": 9205858646926334.0,
      "jitter": 0.1,
      "weight_norm_sq": 9.205857966196832e+16
    },
    {
      "step": 1,
      "train_loss": 1.8519078126660772e+80,
      "train_quality": 0.4418297778755223,
      "val_loss": 5.085408172634819e+80,
      "val_quality": 0.46974358974358976,
      "reg_loss": 4.989502718111765e+157,
      "jitter": 0.025,
      "weight_norm_sq": 1.995801087244706e+159
    }
  ],
  "summary": {
    "run_id": "MPO2-L3-d8-jit0.1-seed123",
    "seed": 123,
    "model": "MPO2",
    "grid_params": {
      "model": "MPO2",
      "L": 3,
      "bond_dim": 8,
      "jitter_start": 0.1
    },
    "n_parameters": 5104,
    "train_loss": 1.8519078126660772e+80,
    "train_quality": 0.4418297778755223,
    "val_loss": 5.085408172634819e+80,
    "val_quality": 0.46974358974358976,
    "test_loss": 1.1143290596443258e+80,
    "test_quality": 0.4543589743589744,
    "success": true,
    "singular": true
  }
}