{
  "experiment_name": "ntn_hearth_lmpo2",
  "run_name": "LMPO2_L3_d8_j0.1_s123",
  "config": {
    "output_site": 1,
    "init_strength": 0.01,
    "reduction_factor": 0.5,
    "rank": 5,
    "batch_size": 1024,
    "n_epochs": 15,
    "jitter_decay": 0.25,
    "adaptive_jitter": false,
    "patience": 4,
    "min_delta": 1e-06,
    "train_selection": true,
    "seeds": [
      42,
      7,
      123,
      256,
      999
    ],
    "model": "LMPO2",
    "L": 3,
    "bond_dim": 8,
    "jitter_start": 0.1
  },
  "hparams": {
    "seed": 123,
    "model": "LMPO2",
    "dataset": "hearth",
    "n_parameters": 6080,
    "output_site": 1,
    "init_strength": 0.01,
    "reduction_factor": 0.5,
    "rank": 5,
    "batch_size": 1024,
    "n_epochs": 15,
    "jitter_decay": 0.25,
    "adaptive_jitter": false,
    "patience": 4,
    "min_delta": 1e-06,
    "train_selection": true,
    "seeds": [
      42,
      7,
      123,
      256,
      999
    ],
    "L": 3,
    "bond_dim": 8,
    "jitter_start": 0.1
  },
  "metrics_log": [
    {
      "step": -1,
      "train_loss": 1.6161149165226698,
      "train_quality": 0.14150943396226415,
      "val_loss": 1.6002405137243245,
      "val_quality": 0.24444444444444446
    },
    {
      "step": 0,
      "train_loss": 0.07886791054516006,
      "train_quality": 0.9905660377358491,
      "val_loss": 4.216252319884427,
      "val_quality": 0.4444444444444445,
      "reg_loss": 7.770936036831665,
      "jitter": 0.1,
      "weight_norm_sq": 76.92068126286505
    }
  ],
  "summary": {
    "run_id": "LMPO2-L3-d8-jit0.1-rf0.5-seed123",
    "seed": 123,
    "model": "LMPO2",
    "grid_params": {
      "model": "LMPO2",
      "L": 3,
      "bond_dim": 8,
      "jitter_start": 0.1,
      "reduction_factor": 0.5
    },
    "n_parameters": 6080,
    "train_loss": 0.07886791054516006,
    "train_quality": 0.9905660377358491,
    "val_loss": 4.216252319884427,
    "val_quality": 0.4444444444444445,
    "test_loss": 3.3612486857782393,
    "test_quality": 0.4782608695652174,
    "success": true,
    "singular": true
  }
}