{
  "experiment_name": "ntn_mushrooms",
  "run_name": "MPO2_L3_d12_j5_s42",
  "config": {
    "init_strength": 0.01,
    "batch_size": 1024,
    "n_epochs": 15,
    "jitter_decay": 0.25,
    "adaptive_jitter": false,
    "patience": 4,
    "min_delta": 1e-06,
    "train_selection": true,
    "seeds": [
      42,
      7,
      123,
      256,
      999
    ],
    "model": "MPO2",
    "L": 3,
    "bond_dim": 12,
    "jitter_start": 5.0
  },
  "hparams": {
    "seed": 42,
    "model": "MPO2",
    "dataset": "mushrooms",
    "n_parameters": 9000,
    "init_strength": 0.01,
    "batch_size": 1024,
    "n_epochs": 15,
    "jitter_decay": 0.25,
    "adaptive_jitter": false,
    "patience": 4,
    "min_delta": 1e-06,
    "train_selection": true,
    "seeds": [
      42,
      7,
      123,
      256,
      999
    ],
    "L": 3,
    "bond_dim": 12,
    "jitter_start": 5.0
  },
  "metrics_log": [
    {
      "step": -1,
      "train_loss": 22.120297666217223,
      "train_quality": 0.49366865986633834,
      "val_loss": 22.628831478347553,
      "val_quality": 0.48564397046759644
    },
    {
      "step": 0,
      "train_loss": 3078676238.7862916,
      "train_quality": 0.48100597959901514,
      "val_loss": 3087771988.8035707,
      "val_quality": 0.4782608695652174,
      "reg_loss": 2.0259379661671587e+17,
      "jitter": 5.0,
      "weight_norm_sq": 4.051875870760793e+16
    },
    {
      "step": 1,
      "train_loss": 3.308992029721131e+70,
      "train_quality": 0.48100597959901514,
      "val_loss": 3.318278490038568e+70,
      "val_quality": 0.4782608695652174,
      "reg_loss": 5.275721616437605e+138,
      "jitter": 1.25,
      "weight_norm_sq": 4.220577293150084e+138
    },
    {
      "step": 2,
      "train_loss": NaN,
      "train_quality": 0.48100597959901514,
      "val_loss": NaN,
      "val_quality": 0.4782608695652174,
      "reg_loss": NaN,
      "jitter": 0.3125,
      "weight_norm_sq": Infinity
    }
  ],
  "summary": {
    "run_id": "MPO2-L3-d12-jit5-seed42",
    "seed": 42,
    "model": "MPO2",
    "grid_params": {
      "model": "MPO2",
      "L": 3,
      "bond_dim": 12,
      "jitter_start": 5.0
    },
    "n_parameters": 9000,
    "train_loss": null,
    "train_quality": null,
    "val_loss": null,
    "val_quality": null,
    "test_loss": 23.8071136725144,
    "test_quality": 0.472518457752256,
    "success": true,
    "singular": true,
    "singular_epoch": 4
  }
}