{
  "experiment_name": "ntn_breast",
  "run_name": "MPO2_L3_d8_j0.1_s123",
  "config": {
    "output_site": 1,
    "init_strength": 0.01,
    "batch_size": 1024,
    "n_epochs": 15,
    "jitter_decay": 0.25,
    "adaptive_jitter": false,
    "patience": 4,
    "min_delta": 1e-06,
    "train_selection": true,
    "rank": 5,
    "seeds": [
      42,
      7,
      123,
      256,
      999
    ],
    "model": "MPO2",
    "L": 3,
    "bond_dim": 8,
    "jitter_start": 0.1
  },
  "hparams": {
    "seed": 123,
    "model": "MPO2",
    "dataset": "breast",
    "n_parameters": 4320,
    "output_site": 1,
    "init_strength": 0.01,
    "batch_size": 1024,
    "n_epochs": 15,
    "jitter_decay": 0.25,
    "adaptive_jitter": false,
    "patience": 4,
    "min_delta": 1e-06,
    "train_selection": true,
    "rank": 5,
    "seeds": [
      42,
      7,
      123,
      256,
      999
    ],
    "L": 3,
    "bond_dim": 8,
    "jitter_start": 0.1
  },
  "metrics_log": [
    {
      "step": -1,
      "train_loss": 24.008080811818253,
      "train_quality": 0.5552763819095478,
      "val_loss": 38.454069286037324,
      "val_quality": 0.5176470588235293
    },
    {
      "step": 0,
      "train_loss": 2.1137111354129717e+129,
      "train_quality": 0.7160804020100503,
      "val_loss": 8.282627939592348e+128,
      "val_quality": 0.6941176470588235,
      "reg_loss": 2.2659560661404547e+255,
      "jitter": 0.1,
      "weight_norm_sq": 2.2659560661404544e+256
    }
  ],
  "summary": {
    "run_id": "MPO2-L3-d8-jit0.1-seed123",
    "seed": 123,
    "model": "MPO2",
    "grid_params": {
      "model": "MPO2",
      "L": 3,
      "bond_dim": 8,
      "jitter_start": 0.1
    },
    "n_parameters": 4320,
    "train_loss": 2.1137111354129717e+129,
    "train_quality": 0.7160804020100503,
    "val_loss": 8.282627939592348e+128,
    "val_quality": 0.6941176470588235,
    "test_loss": 2.0069454188006063e+129,
    "test_quality": 0.7325581395348837,
    "success": true,
    "singular": true
  }
}