{
  "experiment_name": "ntn_car_evaluation",
  "run_name": "MPO2_L3_d12_j5_s256",
  "config": {
    "init_strength": 0.01,
    "batch_size": 1024,
    "n_epochs": 15,
    "jitter_decay": 0.25,
    "adaptive_jitter": false,
    "patience": 4,
    "min_delta": 1e-06,
    "train_selection": true,
    "seeds": [
      42,
      7,
      123,
      256,
      999
    ],
    "model": "MPO2",
    "L": 3,
    "bond_dim": 12,
    "jitter_start": 5.0
  },
  "hparams": {
    "seed": 256,
    "model": "MPO2",
    "dataset": "car_evaluation",
    "n_parameters": 5508,
    "init_strength": 0.01,
    "batch_size": 1024,
    "n_epochs": 15,
    "jitter_decay": 0.25,
    "adaptive_jitter": false,
    "patience": 4,
    "min_delta": 1e-06,
    "train_selection": true,
    "seeds": [
      42,
      7,
      123,
      256,
      999
    ],
    "L": 3,
    "bond_dim": 12,
    "jitter_start": 5.0
  },
  "metrics_log": [
    {
      "step": -1,
      "train_loss": 14.643277270014195,
      "train_quality": 0.18362282878411912,
      "val_loss": 14.777021033048117,
      "val_quality": 0.15444015444015444
    },
    {
      "step": 0,
      "train_loss": 740.7283738386616,
      "train_quality": 0.09511993382961124,
      "val_loss": 683.5494132828795,
      "val_quality": 0.09266409266409267,
      "reg_loss": 2688677.3913890882,
      "jitter": 5.0,
      "weight_norm_sq": 537587.3326030499
    },
    {
      "step": 1,
      "train_loss": 4.261066212081513e+20,
      "train_quality": 0.03391232423490488,
      "val_loss": 4.13832141012174e+20,
      "val_quality": 0.05405405405405406,
      "reg_loss": 5.3449644549173185e+40,
      "jitter": 1.25,
      "weight_norm_sq": 4.275971563933855e+40
    },
    {
      "step": 2,
      "train_loss": 1.303717597125855e+123,
      "train_quality": 0.03391232423490488,
      "val_loss": 1.264649144066402e+123,
      "val_quality": 0.05405405405405406,
      "reg_loss": 9.98863122210686e+244,
      "jitter": 0.3125,
      "weight_norm_sq": 3.196361991074195e+245
    }
  ],
  "summary": {
    "run_id": "MPO2-L3-d12-jit5-seed256",
    "seed": 256,
    "model": "MPO2",
    "grid_params": {
      "model": "MPO2",
      "L": 3,
      "bond_dim": 12,
      "jitter_start": 5.0
    },
    "n_parameters": 5508,
    "train_loss": null,
    "train_quality": null,
    "val_loss": null,
    "val_quality": null,
    "test_loss": 14.593518249876848,
    "test_quality": 0.1807692307692308,
    "success": true,
    "singular": true,
    "singular_epoch": 4
  }
}