{
  "experiment_name": "ntn_iris",
  "run_name": "LMPO2_L4_d12_j0.1_s123",
  "config": {
    "init_strength": 0.01,
    "bond_dim_mpo": 2,
    "batch_size": 1024,
    "n_epochs": 15,
    "jitter_decay": 0.25,
    "adaptive_jitter": false,
    "patience": 4,
    "min_delta": 1e-06,
    "train_selection": true,
    "seeds": [
      42,
      7,
      123,
      256,
      999
    ],
    "model": "LMPO2",
    "L": 4,
    "bond_dim": 12,
    "jitter_start": 0.1,
    "reduction_factor": 0.5
  },
  "hparams": {
    "seed": 123,
    "model": "LMPO2",
    "dataset": "iris",
    "n_parameters": 768,
    "init_strength": 0.01,
    "bond_dim_mpo": 2,
    "batch_size": 1024,
    "n_epochs": 15,
    "jitter_decay": 0.25,
    "adaptive_jitter": false,
    "patience": 4,
    "min_delta": 1e-06,
    "train_selection": true,
    "seeds": [
      42,
      7,
      123,
      256,
      999
    ],
    "L": 4,
    "bond_dim": 12,
    "jitter_start": 0.1,
    "reduction_factor": 0.5
  },
  "metrics_log": [
    {
      "step": -1,
      "train_loss": 1.096415656700947,
      "train_quality": 0.2761904761904762,
      "val_loss": 1.0820060818980175,
      "val_quality": 0.18181818181818182
    },
    {
      "step": 0,
      "train_loss": 0.769679991293313,
      "train_quality": 0.6761904761904762,
      "val_loss": 0.5081984650450988,
      "val_quality": 0.7727272727272727,
      "reg_loss": 0.8496512622752889,
      "jitter": 0.1,
      "weight_norm_sq": 0.7997127098197585
    },
    {
      "step": 1,
      "train_loss": 0.649703885530878,
      "train_quality": 0.6571428571428573,
      "val_loss": 0.5764661046678533,
      "val_quality": 0.6818181818181819,
      "reg_loss": 0.6704989524448395,
      "jitter": 0.025,
      "weight_norm_sq": 0.831802676558458
    }
  ],
  "summary": {
    "run_id": "LMPO2-L4-d12-jit0.1-rf0.5-seed123",
    "seed": 123,
    "model": "LMPO2",
    "grid_params": {
      "model": "LMPO2",
      "L": 4,
      "bond_dim": 12,
      "jitter_start": 0.1,
      "reduction_factor": 0.5
    },
    "n_parameters": 768,
    "train_loss": null,
    "train_quality": null,
    "val_loss": null,
    "val_quality": null,
    "test_loss": 1.2770865962549727,
    "test_quality": 0.6086956521739131,
    "success": true,
    "singular": true,
    "singular_epoch": 3
  }
}