{
  "experiment_name": "ntn_bank",
  "run_name": "MPO2_L3_d8_j5_s42",
  "config": {
    "output_site": 1,
    "init_strength": 0.01,
    "batch_size": 1024,
    "n_epochs": 15,
    "jitter_decay": 0.25,
    "adaptive_jitter": false,
    "patience": 4,
    "min_delta": 1e-06,
    "train_selection": true,
    "rank": 5,
    "seeds": [
      42,
      7,
      123,
      256,
      999
    ],
    "model": "MPO2",
    "L": 3,
    "bond_dim": 8,
    "jitter_start": 5.0
  },
  "hparams": {
    "seed": 42,
    "model": "MPO2",
    "dataset": "bank",
    "n_parameters": 4752,
    "output_site": 1,
    "init_strength": 0.01,
    "batch_size": 1024,
    "n_epochs": 15,
    "jitter_decay": 0.25,
    "adaptive_jitter": false,
    "patience": 4,
    "min_delta": 1e-06,
    "train_selection": true,
    "rank": 5,
    "seeds": [
      42,
      7,
      123,
      256,
      999
    ],
    "L": 3,
    "bond_dim": 8,
    "jitter_start": 5.0
  },
  "metrics_log": [
    {
      "step": -1,
      "train_loss": 13.25405092798667,
      "train_quality": 0.5200492937719216,
      "val_loss": 12.748207916009912,
      "val_quality": 0.517841344736066
    },
    {
      "step": 0,
      "train_loss": 389523.10331169004,
      "train_quality": 0.3997219325686479,
      "val_loss": 277594.19654521893,
      "val_quality": 0.4004718372161604,
      "reg_loss": 54212576307.63477,
      "jitter": 5.0,
      "weight_norm_sq": 10842437356.906292
    },
    {
      "step": 1,
      "train_loss": 9.833241958947552e+63,
      "train_quality": 0.5337630739090593,
      "val_loss": 2.5701876266047832e+63,
      "val_quality": 0.5349454438218815,
      "reg_loss": 1.0657139200393814e+126,
      "jitter": 1.25,
      "weight_norm_sq": 8.52571136031505e+125
    }
  ],
  "summary": {
    "run_id": "MPO2-L3-d8-jit5-seed42",
    "seed": 42,
    "model": "MPO2",
    "grid_params": {
      "model": "MPO2",
      "L": 3,
      "bond_dim": 8,
      "jitter_start": 5.0
    },
    "n_parameters": 4752,
    "train_loss": 9.833241958947552e+63,
    "train_quality": 0.5337630739090593,
    "val_loss": 2.5701876266047832e+63,
    "val_quality": 0.5349454438218815,
    "test_loss": 1.3401796432869917e+63,
    "test_quality": 0.5415806546741374,
    "success": true,
    "singular": true
  }
}