{
  "experiment_name": "ntn_student_dropout",
  "run_name": "MPO2_L3_d8_j5_s999",
  "config": {
    "output_site": 1,
    "init_strength": 0.01,
    "batch_size": 1024,
    "n_epochs": 15,
    "jitter_decay": 0.25,
    "adaptive_jitter": false,
    "patience": 4,
    "min_delta": 1e-06,
    "train_selection": true,
    "rank": 5,
    "seeds": [
      42,
      7,
      123,
      256,
      999
    ],
    "model": "MPO2",
    "L": 3,
    "bond_dim": 8,
    "jitter_start": 5.0
  },
  "hparams": {
    "seed": 999,
    "model": "MPO2",
    "dataset": "student_dropout",
    "n_parameters": 7488,
    "output_site": 1,
    "init_strength": 0.01,
    "batch_size": 1024,
    "n_epochs": 15,
    "jitter_decay": 0.25,
    "adaptive_jitter": false,
    "patience": 4,
    "min_delta": 1e-06,
    "train_selection": true,
    "rank": 5,
    "seeds": [
      42,
      7,
      123,
      256,
      999
    ],
    "L": 3,
    "bond_dim": 8,
    "jitter_start": 5.0
  },
  "metrics_log": [
    {
      "step": -1,
      "train_loss": 81.41846962830562,
      "train_quality": 0.32719638242894056,
      "val_loss": 85.3406636337147,
      "val_quality": 0.32680722891566266
    },
    {
      "step": 0,
      "train_loss": 566747765.710612,
      "train_quality": 0.34011627906976744,
      "val_loss": 565796722.6461699,
      "val_quality": 0.34487951807228917,
      "reg_loss": 2.210289518590632e+16,
      "jitter": 5.0,
      "weight_norm_sq": 4420578923831711.5
    },
    {
      "step": 1,
      "train_loss": 3.8252691151271815e+175,
      "train_quality": 0.3846899224806202,
      "val_loss": 3.7871582081667176e+175,
      "val_quality": 0.3810240963855422,
      "reg_loss": Infinity,
      "jitter": 1.25,
      "weight_norm_sq": Infinity
    }
  ],
  "summary": {
    "run_id": "MPO2-L3-d8-jit5-seed999",
    "seed": 999,
    "model": "MPO2",
    "grid_params": {
      "model": "MPO2",
      "L": 3,
      "bond_dim": 8,
      "jitter_start": 5.0
    },
    "n_parameters": 7488,
    "train_loss": 3.8252691151271815e+175,
    "train_quality": 0.3846899224806202,
    "val_loss": 3.7871582081667176e+175,
    "val_quality": 0.3810240963855422,
    "test_loss": 3.9955255870271516e+175,
    "test_quality": 0.39608433734939763,
    "success": true,
    "singular": true
  }
}