{
  "experiment_name": "ntn_mushrooms",
  "run_name": "MPO2_L3_d8_j5_s256",
  "config": {
    "output_site": 1,
    "init_strength": 0.01,
    "batch_size": 1024,
    "n_epochs": 15,
    "jitter_decay": 0.25,
    "adaptive_jitter": false,
    "patience": 4,
    "min_delta": 1e-06,
    "train_selection": true,
    "rank": 5,
    "seeds": [
      42,
      7,
      123,
      256,
      999
    ],
    "model": "MPO2",
    "L": 3,
    "bond_dim": 8,
    "jitter_start": 5.0
  },
  "hparams": {
    "seed": 256,
    "model": "MPO2",
    "dataset": "mushrooms",
    "n_parameters": 7200,
    "output_site": 1,
    "init_strength": 0.01,
    "batch_size": 1024,
    "n_epochs": 15,
    "jitter_decay": 0.25,
    "adaptive_jitter": false,
    "patience": 4,
    "min_delta": 1e-06,
    "train_selection": true,
    "rank": 5,
    "seeds": [
      42,
      7,
      123,
      256,
      999
    ],
    "L": 3,
    "bond_dim": 8,
    "jitter_start": 5.0
  },
  "metrics_log": [
    {
      "step": -1,
      "train_loss": 6.15399443979924,
      "train_quality": 0.5756243404854028,
      "val_loss": 6.547487029765256,
      "val_quality": 0.5520918785890074
    },
    {
      "step": 0,
      "train_loss": 1852631515.8053508,
      "train_quality": 0.48100597959901514,
      "val_loss": 1862090505.6849282,
      "val_quality": 0.4782608695652174,
      "reg_loss": 1.3088241120733053e+17,
      "jitter": 5.0,
      "weight_norm_sq": 2.61764818709398e+16
    },
    {
      "step": 1,
      "train_loss": 2.8974576901557874e+70,
      "train_quality": 0.48100597959901514,
      "val_loss": 2.9048774111295397e+70,
      "val_quality": 0.4782608695652174,
      "reg_loss": 4.0632090497527136e+138,
      "jitter": 1.25,
      "weight_norm_sq": 3.250567239802171e+138
    },
    {
      "step": 2,
      "train_loss": NaN,
      "train_quality": 0.5189940204009849,
      "val_loss": NaN,
      "val_quality": 0.5127153404429861,
      "reg_loss": NaN,
      "jitter": 0.3125,
      "weight_norm_sq": Infinity
    }
  ],
  "summary": {
    "run_id": "MPO2-L3-d8-jit5-seed256",
    "seed": 256,
    "model": "MPO2",
    "grid_params": {
      "model": "MPO2",
      "L": 3,
      "bond_dim": 8,
      "jitter_start": 5.0
    },
    "n_parameters": 7200,
    "train_loss": 6.15399443979924,
    "train_quality": 0.5756243404854028,
    "val_loss": 6.547487029765256,
    "val_quality": 0.5520918785890074,
    "test_loss": 6.466718440608715,
    "test_quality": 0.5586546349466777,
    "success": true,
    "singular": true
  }
}