{
  "experiment_name": "ntn_wine",
  "run_name": "MPO2_L3_d16_j5_s999",
  "config": {
    "output_site": 1,
    "init_strength": 0.01,
    "batch_size": 1024,
    "n_epochs": 15,
    "jitter_decay": 0.25,
    "adaptive_jitter": false,
    "patience": 4,
    "min_delta": 1e-06,
    "train_selection": true,
    "rank": 5,
    "seeds": [
      42,
      7,
      123,
      256,
      999
    ],
    "model": "MPO2",
    "L": 3,
    "bond_dim": 16,
    "jitter_start": 5.0
  },
  "hparams": {
    "seed": 999,
    "model": "MPO2",
    "dataset": "wine",
    "n_parameters": 10400,
    "output_site": 1,
    "init_strength": 0.01,
    "batch_size": 1024,
    "n_epochs": 15,
    "jitter_decay": 0.25,
    "adaptive_jitter": false,
    "patience": 4,
    "min_delta": 1e-06,
    "train_selection": true,
    "rank": 5,
    "seeds": [
      42,
      7,
      123,
      256,
      999
    ],
    "L": 3,
    "bond_dim": 16,
    "jitter_start": 5.0
  },
  "metrics_log": [
    {
      "step": -1,
      "train_loss": 9.978700668892364,
      "train_quality": 0.282258064516129,
      "val_loss": 9.175468219301118,
      "val_quality": 0.14814814814814814
    },
    {
      "step": 0,
      "train_loss": 35.59055002512911,
      "train_quality": 0.5967741935483871,
      "val_loss": 13.97711836924398,
      "val_quality": 0.5185185185185185,
      "reg_loss": 2340.8417708948555,
      "jitter": 5.0,
      "weight_norm_sq": 461.05024417394526
    },
    {
      "step": 1,
      "train_loss": 6.470694253493315e+66,
      "train_quality": 0.6532258064516129,
      "val_loss": 1.132124879056695e+66,
      "val_quality": 0.6296296296296295,
      "reg_loss": 1.9187068651208025e+133,
      "jitter": 1.25,
      "weight_norm_sq": 1.534965492096642e+133
    }
  ],
  "summary": {
    "run_id": "MPO2-L3-d16-jit5-seed999",
    "seed": 999,
    "model": "MPO2",
    "grid_params": {
      "model": "MPO2",
      "L": 3,
      "bond_dim": 16,
      "jitter_start": 5.0
    },
    "n_parameters": 10400,
    "train_loss": 6.470694253493315e+66,
    "train_quality": 0.6532258064516129,
    "val_loss": 1.132124879056695e+66,
    "val_quality": 0.6296296296296295,
    "test_loss": 1.3681122165690885e+66,
    "test_quality": 0.7777777777777777,
    "success": true,
    "singular": true
  }
}