{
  "experiment_name": "ntn_breast",
  "run_name": "MPO2_L4_d12_j5_s123",
  "config": {
    "output_site": 1,
    "init_strength": 0.01,
    "batch_size": 1024,
    "n_epochs": 15,
    "jitter_decay": 0.25,
    "adaptive_jitter": false,
    "patience": 4,
    "min_delta": 1e-06,
    "train_selection": true,
    "rank": 5,
    "seeds": [
      42,
      7,
      123,
      256,
      999
    ],
    "model": "MPO2",
    "L": 4,
    "bond_dim": 12,
    "jitter_start": 5.0
  },
  "hparams": {
    "seed": 123,
    "model": "MPO2",
    "dataset": "breast",
    "n_parameters": 13680,
    "output_site": 1,
    "init_strength": 0.01,
    "batch_size": 1024,
    "n_epochs": 15,
    "jitter_decay": 0.25,
    "adaptive_jitter": false,
    "patience": 4,
    "min_delta": 1e-06,
    "train_selection": true,
    "rank": 5,
    "seeds": [
      42,
      7,
      123,
      256,
      999
    ],
    "L": 4,
    "bond_dim": 12,
    "jitter_start": 5.0
  },
  "metrics_log": [
    {
      "step": -1,
      "train_loss": 717.4284901958965,
      "train_quality": 0.5402010050251257,
      "val_loss": 472.21023759991084,
      "val_quality": 0.5294117647058824
    },
    {
      "step": 0,
      "train_loss": 7.09834998375479e+119,
      "train_quality": 0.38944723618090454,
      "val_loss": 1.3499181797398702e+119,
      "val_quality": 0.43529411764705883,
      "reg_loss": 8.082374944330749e+235,
      "jitter": 5.0,
      "weight_norm_sq": 1.6164749888661497e+235
    }
  ],
  "summary": {
    "run_id": "MPO2-L4-d12-jit5-seed123",
    "seed": 123,
    "model": "MPO2",
    "grid_params": {
      "model": "MPO2",
      "L": 4,
      "bond_dim": 12,
      "jitter_start": 5.0
    },
    "n_parameters": 13680,
    "train_loss": 717.4284901958965,
    "train_quality": 0.5402010050251257,
    "val_loss": 472.21023759991084,
    "val_quality": 0.5294117647058824,
    "test_loss": 633.9251278758288,
    "test_quality": 0.5348837209302325,
    "success": true,
    "singular": true
  }
}