{
  "experiment_name": "ntn_iris",
  "run_name": "MPO2_L3_d8_j0.1_s123",
  "config": {
    "output_site": 1,
    "init_strength": 0.01,
    "batch_size": 1024,
    "n_epochs": 15,
    "jitter_decay": 0.25,
    "adaptive_jitter": false,
    "patience": 4,
    "min_delta": 1e-06,
    "train_selection": true,
    "rank": 5,
    "seeds": [
      42,
      7,
      123,
      256,
      999
    ],
    "model": "MPO2",
    "L": 3,
    "bond_dim": 8,
    "jitter_start": 0.1
  },
  "hparams": {
    "seed": 123,
    "model": "MPO2",
    "dataset": "iris",
    "n_parameters": 832,
    "output_site": 1,
    "init_strength": 0.01,
    "batch_size": 1024,
    "n_epochs": 15,
    "jitter_decay": 0.25,
    "adaptive_jitter": false,
    "patience": 4,
    "min_delta": 1e-06,
    "train_selection": true,
    "rank": 5,
    "seeds": [
      42,
      7,
      123,
      256,
      999
    ],
    "L": 3,
    "bond_dim": 8,
    "jitter_start": 0.1
  },
  "metrics_log": [
    {
      "step": -1,
      "train_loss": 2.628309826387088,
      "train_quality": 0.09523809523809525,
      "val_loss": 4.347815986953777,
      "val_quality": 0.045454545454545456
    },
    {
      "step": 0,
      "train_loss": 121.54244460185875,
      "train_quality": 0.21904761904761907,
      "val_loss": 209.47974224319893,
      "val_quality": 0.045454545454545456,
      "reg_loss": 1017.9458172554213,
      "jitter": 0.1,
      "weight_norm_sq": 8964.033726535625
    },
    {
      "step": 1,
      "train_loss": 1.2078377058347429e+43,
      "train_quality": 0.6380952380952382,
      "val_loss": 2.2958764199433574e+42,
      "val_quality": 0.8636363636363636,
      "reg_loss": 4.9148911674002394e+86,
      "jitter": 0.025,
      "weight_norm_sq": 1.9659564669600957e+88
    },
    {
      "step": 2,
      "train_loss": 2.2563993956235406e+295,
      "train_quality": 0.6095238095238096,
      "val_loss": 3.713545190086105e+294,
      "val_quality": 0.8636363636363636,
      "reg_loss": Infinity,
      "jitter": 0.00625,
      "weight_norm_sq": Infinity
    }
  ],
  "summary": {
    "run_id": "MPO2-L3-d8-jit0.1-seed123",
    "seed": 123,
    "model": "MPO2",
    "grid_params": {
      "model": "MPO2",
      "L": 3,
      "bond_dim": 8,
      "jitter_start": 0.1
    },
    "n_parameters": 832,
    "train_loss": 1.2078377058347429e+43,
    "train_quality": 0.6380952380952382,
    "val_loss": 2.2958764199433574e+42,
    "val_quality": 0.8636363636363636,
    "test_loss": 2.12306139376982e+43,
    "test_quality": 0.5652173913043478,
    "success": true,
    "singular": true
  }
}