{
  "experiment_name": "ntn_hearth",
  "run_name": "MPO2_L4_d8_j5_s42",
  "config": {
    "init_strength": 0.01,
    "batch_size": 1024,
    "n_epochs": 15,
    "jitter_decay": 0.25,
    "adaptive_jitter": false,
    "patience": 4,
    "min_delta": 1e-06,
    "train_selection": true,
    "seeds": [
      42,
      7,
      123,
      256,
      999
    ],
    "model": "MPO2",
    "L": 4,
    "bond_dim": 8,
    "jitter_start": 5.0
  },
  "hparams": {
    "seed": 42,
    "model": "MPO2",
    "dataset": "hearth",
    "n_parameters": 1936,
    "init_strength": 0.01,
    "batch_size": 1024,
    "n_epochs": 15,
    "jitter_decay": 0.25,
    "adaptive_jitter": false,
    "patience": 4,
    "min_delta": 1e-06,
    "train_selection": true,
    "seeds": [
      42,
      7,
      123,
      256,
      999
    ],
    "L": 4,
    "bond_dim": 8,
    "jitter_start": 5.0
  },
  "metrics_log": [
    {
      "step": -1,
      "train_loss": 126.00684679831289,
      "train_quality": 0.15566037735849056,
      "val_loss": 199.5022613998333,
      "val_quality": 0.22222222222222224
    },
    {
      "step": 0,
      "train_loss": 240222.67177004827,
      "train_quality": 0.27358490566037735,
      "val_loss": 128380.39322417745,
      "val_quality": 0.17777777777777778,
      "reg_loss": 23637702875.55251,
      "jitter": 5.0,
      "weight_norm_sq": 4727492530.576148
    },
    {
      "step": 1,
      "train_loss": 3.088537693703447e+164,
      "train_quality": 0.46226415094339623,
      "val_loss": 7.733394732859557e+163,
      "val_quality": 0.35555555555555557,
      "reg_loss": Infinity,
      "jitter": 1.25,
      "weight_norm_sq": Infinity
    }
  ],
  "summary": {
    "run_id": "MPO2-L4-d8-jit5-seed42",
    "seed": 42,
    "model": "MPO2",
    "grid_params": {
      "model": "MPO2",
      "L": 4,
      "bond_dim": 8,
      "jitter_start": 5.0
    },
    "n_parameters": 1936,
    "train_loss": null,
    "train_quality": null,
    "val_loss": null,
    "val_quality": null,
    "test_loss": 1.5566976139083389e+164,
    "test_quality": 0.3913043478260869,
    "success": true,
    "singular": true,
    "singular_epoch": 3
  }
}