{
  "experiment_name": "ntn_mushrooms",
  "run_name": "MPO2_L3_d12_j5_s999",
  "config": {
    "output_site": 1,
    "init_strength": 0.01,
    "batch_size": 1024,
    "n_epochs": 15,
    "jitter_decay": 0.25,
    "adaptive_jitter": false,
    "patience": 4,
    "min_delta": 1e-06,
    "train_selection": true,
    "rank": 5,
    "seeds": [
      42,
      7,
      123,
      256,
      999
    ],
    "model": "MPO2",
    "L": 3,
    "bond_dim": 12,
    "jitter_start": 5.0
  },
  "hparams": {
    "seed": 999,
    "model": "MPO2",
    "dataset": "mushrooms",
    "n_parameters": 15600,
    "output_site": 1,
    "init_strength": 0.01,
    "batch_size": 1024,
    "n_epochs": 15,
    "jitter_decay": 0.25,
    "adaptive_jitter": false,
    "patience": 4,
    "min_delta": 1e-06,
    "train_selection": true,
    "rank": 5,
    "seeds": [
      42,
      7,
      123,
      256,
      999
    ],
    "L": 3,
    "bond_dim": 12,
    "jitter_start": 5.0
  },
  "metrics_log": [
    {
      "step": -1,
      "train_loss": 7.415637235634468,
      "train_quality": 0.48170946183608865,
      "val_loss": 7.65951450085025,
      "val_quality": 0.4561115668580804
    },
    {
      "step": 0,
      "train_loss": 121787898.79058045,
      "train_quality": 0.5189940204009849,
      "val_loss": 121390733.96912368,
      "val_quality": 0.5217391304347826,
      "reg_loss": 488075663392379.1,
      "jitter": 5.0,
      "weight_norm_sq": 97615108320896.06
    },
    {
      "step": 1,
      "train_loss": 3.8299769535613145e+61,
      "train_quality": 0.5189940204009849,
      "val_loss": 3.821375629896639e+61,
      "val_quality": 0.5217391304347826,
      "reg_loss": 8.620900410784679e+120,
      "jitter": 1.25,
      "weight_norm_sq": 6.896720328627743e+120
    },
    {
      "step": 2,
      "train_loss": NaN,
      "train_quality": 0.5189940204009849,
      "val_loss": NaN,
      "val_quality": 0.5217391304347826,
      "reg_loss": NaN,
      "jitter": 0.3125,
      "weight_norm_sq": Infinity
    }
  ],
  "summary": {
    "run_id": "MPO2-L3-d12-jit5-seed999",
    "seed": 999,
    "model": "MPO2",
    "grid_params": {
      "model": "MPO2",
      "L": 3,
      "bond_dim": 12,
      "jitter_start": 5.0
    },
    "n_parameters": 15600,
    "train_loss": 121787898.79058045,
    "train_quality": 0.5189940204009849,
    "val_loss": 121390733.96912368,
    "val_quality": 0.5217391304347826,
    "test_loss": 123432540.0675127,
    "test_quality": 0.5094339622641509,
    "success": true,
    "singular": true
  }
}