{
  "experiment_name": "ntn_wine",
  "run_name": "MPO2_L3_d16_j0.1_s999",
  "config": {
    "output_site": 1,
    "init_strength": 0.01,
    "batch_size": 1024,
    "n_epochs": 15,
    "jitter_decay": 0.25,
    "adaptive_jitter": false,
    "patience": 4,
    "min_delta": 1e-06,
    "train_selection": true,
    "rank": 5,
    "seeds": [
      42,
      7,
      123,
      256,
      999
    ],
    "model": "MPO2",
    "L": 3,
    "bond_dim": 16,
    "jitter_start": 0.1
  },
  "hparams": {
    "seed": 999,
    "model": "MPO2",
    "dataset": "wine",
    "n_parameters": 10400,
    "output_site": 1,
    "init_strength": 0.01,
    "batch_size": 1024,
    "n_epochs": 15,
    "jitter_decay": 0.25,
    "adaptive_jitter": false,
    "patience": 4,
    "min_delta": 1e-06,
    "train_selection": true,
    "rank": 5,
    "seeds": [
      42,
      7,
      123,
      256,
      999
    ],
    "L": 3,
    "bond_dim": 16,
    "jitter_start": 0.1
  },
  "metrics_log": [
    {
      "step": -1,
      "train_loss": 9.978700668892364,
      "train_quality": 0.282258064516129,
      "val_loss": 9.175468219301118,
      "val_quality": 0.14814814814814814
    },
    {
      "step": 0,
      "train_loss": 25392418768.79092,
      "train_quality": 0.8064516129032258,
      "val_loss": 9573265905.653803,
      "val_quality": 0.7037037037037037,
      "reg_loss": 1.5579251228925487e+20,
      "jitter": 0.1,
      "weight_norm_sq": 1.5579251226386243e+21
    },
    {
      "step": 1,
      "train_loss": 1.0278183199614885e+80,
      "train_quality": 0.6854838709677419,
      "val_loss": 2.2783191065102492e+79,
      "val_quality": 0.6666666666666666,
      "reg_loss": 1.649820865523712e+158,
      "jitter": 0.025,
      "weight_norm_sq": 6.599283462094848e+159
    }
  ],
  "summary": {
    "run_id": "MPO2-L3-d16-jit0.1-seed999",
    "seed": 999,
    "model": "MPO2",
    "grid_params": {
      "model": "MPO2",
      "L": 3,
      "bond_dim": 16,
      "jitter_start": 0.1
    },
    "n_parameters": 10400,
    "train_loss": 25392418768.79092,
    "train_quality": 0.8064516129032258,
    "val_loss": 9573265905.653803,
    "val_quality": 0.7037037037037037,
    "test_loss": 23654032438.59763,
    "test_quality": 0.7777777777777777,
    "success": true,
    "singular": true
  }
}