{
  "experiment_name": "ntn_car_evaluation",
  "run_name": "MPO2_L3_d12_j5_s7",
  "config": {
    "init_strength": 0.01,
    "batch_size": 1024,
    "n_epochs": 15,
    "jitter_decay": 0.25,
    "adaptive_jitter": false,
    "patience": 4,
    "min_delta": 1e-06,
    "train_selection": true,
    "seeds": [
      42,
      7,
      123,
      256,
      999
    ],
    "model": "MPO2",
    "L": 3,
    "bond_dim": 12,
    "jitter_start": 5.0
  },
  "hparams": {
    "seed": 7,
    "model": "MPO2",
    "dataset": "car_evaluation",
    "n_parameters": 5508,
    "init_strength": 0.01,
    "batch_size": 1024,
    "n_epochs": 15,
    "jitter_decay": 0.25,
    "adaptive_jitter": false,
    "patience": 4,
    "min_delta": 1e-06,
    "train_selection": true,
    "seeds": [
      42,
      7,
      123,
      256,
      999
    ],
    "L": 3,
    "bond_dim": 12,
    "jitter_start": 5.0
  },
  "metrics_log": [
    {
      "step": -1,
      "train_loss": 14.000421231487975,
      "train_quality": 0.23904052936311002,
      "val_loss": 13.974565655483422,
      "val_quality": 0.28185328185328185
    },
    {
      "step": 0,
      "train_loss": 1000.3683668206154,
      "train_quality": 0.2555831265508685,
      "val_loss": 993.6747653615995,
      "val_quality": 0.25868725868725867,
      "reg_loss": 8282612.813432351,
      "jitter": 5.0,
      "weight_norm_sq": 1656322.489013106
    },
    {
      "step": 1,
      "train_loss": 7.811595059521213e+33,
      "train_quality": 0.21588089330024815,
      "val_loss": 7.409997378773745e+33,
      "val_quality": 0.21621621621621623,
      "reg_loss": 2.6149084868663002e+67,
      "jitter": 1.25,
      "weight_norm_sq": 2.0919267894930402e+67
    },
    {
      "step": 2,
      "train_loss": 2.1118567497578783e+221,
      "train_quality": 0.22001654259718775,
      "val_loss": 2.0527766281473456e+221,
      "val_quality": 0.22007722007722008,
      "reg_loss": Infinity,
      "jitter": 0.3125,
      "weight_norm_sq": Infinity
    }
  ],
  "summary": {
    "run_id": "MPO2-L3-d12-jit5-seed7",
    "seed": 7,
    "model": "MPO2",
    "grid_params": {
      "model": "MPO2",
      "L": 3,
      "bond_dim": 12,
      "jitter_start": 5.0
    },
    "n_parameters": 5508,
    "train_loss": null,
    "train_quality": null,
    "val_loss": null,
    "val_quality": null,
    "test_loss": 12.559844508561527,
    "test_quality": 0.2846153846153846,
    "success": true,
    "singular": true,
    "singular_epoch": 4
  }
}