{
  "experiment_name": "ntn_iris",
  "run_name": "MPO2_L4_d16_j5_s999",
  "config": {
    "output_site": 1,
    "init_strength": 0.01,
    "batch_size": 1024,
    "n_epochs": 15,
    "jitter_decay": 0.25,
    "adaptive_jitter": false,
    "patience": 4,
    "min_delta": 1e-06,
    "train_selection": true,
    "rank": 5,
    "seeds": [
      42,
      7,
      123,
      256,
      999
    ],
    "model": "MPO2",
    "L": 4,
    "bond_dim": 16,
    "jitter_start": 5.0
  },
  "hparams": {
    "seed": 999,
    "model": "MPO2",
    "dataset": "iris",
    "n_parameters": 4224,
    "output_site": 1,
    "init_strength": 0.01,
    "batch_size": 1024,
    "n_epochs": 15,
    "jitter_decay": 0.25,
    "adaptive_jitter": false,
    "patience": 4,
    "min_delta": 1e-06,
    "train_selection": true,
    "rank": 5,
    "seeds": [
      42,
      7,
      123,
      256,
      999
    ],
    "L": 4,
    "bond_dim": 16,
    "jitter_start": 5.0
  },
  "metrics_log": [
    {
      "step": -1,
      "train_loss": 2.856152681168615,
      "train_quality": 0.33333333333333337,
      "val_loss": 3.5268727462865237,
      "val_quality": 0.5454545454545454
    },
    {
      "step": 0,
      "train_loss": 6.928725549924504e+21,
      "train_quality": 0.3047619047619048,
      "val_loss": 7.539182860412935e+21,
      "val_quality": 0.5909090909090909,
      "reg_loss": 4.0620693167736607e+42,
      "jitter": 5.0,
      "weight_norm_sq": 8.124138633547322e+41
    }
  ],
  "summary": {
    "run_id": "MPO2-L4-d16-jit5-seed999",
    "seed": 999,
    "model": "MPO2",
    "grid_params": {
      "model": "MPO2",
      "L": 4,
      "bond_dim": 16,
      "jitter_start": 5.0
    },
    "n_parameters": 4224,
    "train_loss": 6.928725549924504e+21,
    "train_quality": 0.3047619047619048,
    "val_loss": 7.539182860412935e+21,
    "val_quality": 0.5909090909090909,
    "test_loss": 6.589621236521121e+21,
    "test_quality": 0.2608695652173913,
    "success": true,
    "singular": true
  }
}