{
  "experiment_name": "ntn_student_dropout",
  "run_name": "MPO2_L3_d8_j5_s42",
  "config": {
    "init_strength": 0.01,
    "batch_size": 1024,
    "n_epochs": 15,
    "jitter_decay": 0.25,
    "adaptive_jitter": false,
    "patience": 4,
    "min_delta": 1e-06,
    "train_selection": true,
    "seeds": [
      42,
      7,
      123,
      256,
      999
    ],
    "model": "MPO2",
    "L": 3,
    "bond_dim": 8,
    "jitter_start": 5.0
  },
  "hparams": {
    "seed": 42,
    "model": "MPO2",
    "dataset": "student_dropout",
    "n_parameters": 3456,
    "init_strength": 0.01,
    "batch_size": 1024,
    "n_epochs": 15,
    "jitter_decay": 0.25,
    "adaptive_jitter": false,
    "patience": 4,
    "min_delta": 1e-06,
    "train_selection": true,
    "seeds": [
      42,
      7,
      123,
      256,
      999
    ],
    "L": 3,
    "bond_dim": 8,
    "jitter_start": 5.0
  },
  "metrics_log": [
    {
      "step": -1,
      "train_loss": 212.60024807340798,
      "train_quality": 0.3204134366925065,
      "val_loss": 183.345826936804,
      "val_quality": 0.32680722891566266
    },
    {
      "step": 0,
      "train_loss": 995546689.207345,
      "train_quality": 0.30910852713178294,
      "val_loss": 1104778520.6686935,
      "val_quality": 0.3177710843373494,
      "reg_loss": 2738053388167811.5,
      "jitter": 5.0,
      "weight_norm_sq": 547610478524224.5
    },
    {
      "step": 1,
      "train_loss": 7.308617170729985e+53,
      "train_quality": 0.34593023255813954,
      "val_loss": 7.965828124834525e+53,
      "val_quality": 0.37650602409638556,
      "reg_loss": 2.9669219833140376e+104,
      "jitter": 1.25,
      "weight_norm_sq": 2.37353758665123e+104
    },
    {
      "step": 2,
      "train_loss": NaN,
      "train_quality": 0.21543927648578812,
      "val_loss": NaN,
      "val_quality": 0.27560240963855426,
      "reg_loss": NaN,
      "jitter": 0.3125,
      "weight_norm_sq": Infinity
    }
  ],
  "summary": {
    "run_id": "MPO2-L3-d8-jit5-seed42",
    "seed": 42,
    "model": "MPO2",
    "grid_params": {
      "model": "MPO2",
      "L": 3,
      "bond_dim": 8,
      "jitter_start": 5.0
    },
    "n_parameters": 3456,
    "train_loss": null,
    "train_quality": null,
    "val_loss": null,
    "val_quality": null,
    "test_loss": 7.3616145286820905e+53,
    "test_quality": 0.3433734939759036,
    "success": true,
    "singular": true,
    "singular_epoch": 4
  }
}