{
  "experiment_name": "ntn_hearth",
  "run_name": "MPO2_L3_d8_j0.1_s7",
  "config": {
    "init_strength": 0.01,
    "batch_size": 1024,
    "n_epochs": 15,
    "jitter_decay": 0.25,
    "adaptive_jitter": false,
    "patience": 4,
    "min_delta": 1e-06,
    "train_selection": true,
    "seeds": [
      42,
      7,
      123,
      256,
      999
    ],
    "model": "MPO2",
    "L": 3,
    "bond_dim": 8,
    "jitter_start": 0.1
  },
  "hparams": {
    "seed": 7,
    "model": "MPO2",
    "dataset": "hearth",
    "n_parameters": 1232,
    "init_strength": 0.01,
    "batch_size": 1024,
    "n_epochs": 15,
    "jitter_decay": 0.25,
    "adaptive_jitter": false,
    "patience": 4,
    "min_delta": 1e-06,
    "train_selection": true,
    "seeds": [
      42,
      7,
      123,
      256,
      999
    ],
    "L": 3,
    "bond_dim": 8,
    "jitter_start": 0.1
  },
  "metrics_log": [
    {
      "step": -1,
      "train_loss": 31.088371344452817,
      "train_quality": 0.23113207547169812,
      "val_loss": 30.33077167938099,
      "val_quality": 0.2888888888888889
    },
    {
      "step": 0,
      "train_loss": 117545285664027.4,
      "train_quality": 0.14150943396226415,
      "val_loss": 96493451428936.75,
      "val_quality": 0.15555555555555556,
      "reg_loss": 1.1125821769651519e+26,
      "jitter": 0.1,
      "weight_norm_sq": 1.1125821769639764e+27
    },
    {
      "step": 1,
      "train_loss": 4.4900817375239856e+104,
      "train_quality": 0.15566037735849056,
      "val_loss": 3.344383315178756e+104,
      "val_quality": 0.13333333333333333,
      "reg_loss": 1.2162105258645347e+206,
      "jitter": 0.025,
      "weight_norm_sq": 4.8648421034581384e+207
    }
  ],
  "summary": {
    "run_id": "MPO2-L3-d8-jit0.1-seed7",
    "seed": 7,
    "model": "MPO2",
    "grid_params": {
      "model": "MPO2",
      "L": 3,
      "bond_dim": 8,
      "jitter_start": 0.1
    },
    "n_parameters": 1232,
    "train_loss": null,
    "train_quality": null,
    "val_loss": null,
    "val_quality": null,
    "test_loss": 28.753891257454512,
    "test_quality": 0.2826086956521739,
    "success": true,
    "singular": true,
    "singular_epoch": 3
  }
}