{
  "experiment_name": "ntn_iris",
  "run_name": "MPO2_L3_d16_j5_s999",
  "config": {
    "output_site": 1,
    "init_strength": 0.01,
    "batch_size": 1024,
    "n_epochs": 15,
    "jitter_decay": 0.25,
    "adaptive_jitter": false,
    "patience": 4,
    "min_delta": 1e-06,
    "train_selection": true,
    "rank": 5,
    "seeds": [
      42,
      7,
      123,
      256,
      999
    ],
    "model": "MPO2",
    "L": 3,
    "bond_dim": 16,
    "jitter_start": 5.0
  },
  "hparams": {
    "seed": 999,
    "model": "MPO2",
    "dataset": "iris",
    "n_parameters": 3200,
    "output_site": 1,
    "init_strength": 0.01,
    "batch_size": 1024,
    "n_epochs": 15,
    "jitter_decay": 0.25,
    "adaptive_jitter": false,
    "patience": 4,
    "min_delta": 1e-06,
    "train_selection": true,
    "rank": 5,
    "seeds": [
      42,
      7,
      123,
      256,
      999
    ],
    "L": 3,
    "bond_dim": 16,
    "jitter_start": 5.0
  },
  "metrics_log": [
    {
      "step": -1,
      "train_loss": 2.536337599253913,
      "train_quality": 0.13333333333333336,
      "val_loss": 2.2525726550618317,
      "val_quality": 0.045454545454545456
    },
    {
      "step": 0,
      "train_loss": 59.48711263337951,
      "train_quality": 0.4,
      "val_loss": 27.148877458734272,
      "val_quality": 0.4090909090909091,
      "reg_loss": 13127.19036011865,
      "jitter": 5.0,
      "weight_norm_sq": 2613.540649497054
    },
    {
      "step": 1,
      "train_loss": 3.7009024122670354e+169,
      "train_quality": 0.5333333333333334,
      "val_loss": 4.7639139771287646e+169,
      "val_quality": 0.6818181818181819,
      "reg_loss": NaN,
      "jitter": 1.25,
      "weight_norm_sq": NaN
    }
  ],
  "summary": {
    "run_id": "MPO2-L3-d16-jit5-seed999",
    "seed": 999,
    "model": "MPO2",
    "grid_params": {
      "model": "MPO2",
      "L": 3,
      "bond_dim": 16,
      "jitter_start": 5.0
    },
    "n_parameters": 3200,
    "train_loss": 3.7009024122670354e+169,
    "train_quality": 0.5333333333333334,
    "val_loss": 4.7639139771287646e+169,
    "val_quality": 0.6818181818181819,
    "test_loss": 3.3025001243742544e+169,
    "test_quality": 0.4782608695652174,
    "success": true,
    "singular": true
  }
}