{
  "experiment_name": "ntn_wine",
  "run_name": "MPO2_L3_d12_j0.1_s123",
  "config": {
    "output_site": 1,
    "init_strength": 0.01,
    "batch_size": 1024,
    "n_epochs": 15,
    "jitter_decay": 0.25,
    "adaptive_jitter": false,
    "patience": 4,
    "min_delta": 1e-06,
    "train_selection": true,
    "rank": 5,
    "seeds": [
      42,
      7,
      123,
      256,
      999
    ],
    "model": "MPO2",
    "L": 3,
    "bond_dim": 12,
    "jitter_start": 0.1
  },
  "hparams": {
    "seed": 123,
    "model": "MPO2",
    "dataset": "wine",
    "n_parameters": 5928,
    "output_site": 1,
    "init_strength": 0.01,
    "batch_size": 1024,
    "n_epochs": 15,
    "jitter_decay": 0.25,
    "adaptive_jitter": false,
    "patience": 4,
    "min_delta": 1e-06,
    "train_selection": true,
    "rank": 5,
    "seeds": [
      42,
      7,
      123,
      256,
      999
    ],
    "L": 3,
    "bond_dim": 12,
    "jitter_start": 0.1
  },
  "metrics_log": [
    {
      "step": -1,
      "train_loss": 9.240066275104173,
      "train_quality": 0.3629032258064516,
      "val_loss": 8.597938657821688,
      "val_quality": 0.2962962962962963
    },
    {
      "step": 0,
      "train_loss": 7.955224539669083e+28,
      "train_quality": 0.8709677419354839,
      "val_loss": 7.268422354560978e+28,
      "val_quality": 0.7777777777777777,
      "reg_loss": 9.837462408953523e+56,
      "jitter": 0.1,
      "weight_norm_sq": 9.837462408953523e+57
    },
    {
      "step": 1,
      "train_loss": 1.15513140711088e+185,
      "train_quality": 0.6370967741935484,
      "val_loss": 2.981077615843236e+184,
      "val_quality": 0.5925925925925926,
      "reg_loss": NaN,
      "jitter": 0.025,
      "weight_norm_sq": NaN
    }
  ],
  "summary": {
    "run_id": "MPO2-L3-d12-jit0.1-seed123",
    "seed": 123,
    "model": "MPO2",
    "grid_params": {
      "model": "MPO2",
      "L": 3,
      "bond_dim": 12,
      "jitter_start": 0.1
    },
    "n_parameters": 5928,
    "train_loss": 7.955224539669083e+28,
    "train_quality": 0.8709677419354839,
    "val_loss": 7.268422354560978e+28,
    "val_quality": 0.7777777777777777,
    "test_loss": 8.466607212198391e+28,
    "test_quality": 0.7777777777777777,
    "success": true,
    "singular": true
  }
}