{
  "experiment_name": "ntn_hearth_lmpo2",
  "run_name": "LMPO2_L3_d8_j5_s7",
  "config": {
    "output_site": 1,
    "init_strength": 0.01,
    "reduction_factor": 0.5,
    "rank": 5,
    "batch_size": 1024,
    "n_epochs": 15,
    "jitter_decay": 0.25,
    "adaptive_jitter": false,
    "patience": 4,
    "min_delta": 1e-06,
    "train_selection": true,
    "seeds": [
      42,
      7,
      123,
      256,
      999
    ],
    "model": "LMPO2",
    "L": 3,
    "bond_dim": 8,
    "jitter_start": 5.0
  },
  "hparams": {
    "seed": 7,
    "model": "LMPO2",
    "dataset": "hearth",
    "n_parameters": 6080,
    "output_site": 1,
    "init_strength": 0.01,
    "reduction_factor": 0.5,
    "rank": 5,
    "batch_size": 1024,
    "n_epochs": 15,
    "jitter_decay": 0.25,
    "adaptive_jitter": false,
    "patience": 4,
    "min_delta": 1e-06,
    "train_selection": true,
    "seeds": [
      42,
      7,
      123,
      256,
      999
    ],
    "L": 3,
    "bond_dim": 8,
    "jitter_start": 5.0
  },
  "metrics_log": [
    {
      "step": -1,
      "train_loss": 1.6056054577645966,
      "train_quality": 0.2358490566037736,
      "val_loss": 1.6276913474909005,
      "val_quality": 0.17777777777777778
    },
    {
      "step": 0,
      "train_loss": 0.8407149293055538,
      "train_quality": 0.7783018867924528,
      "val_loss": 1.2581718743857222,
      "val_quality": 0.4444444444444445,
      "reg_loss": 3.7596906575560842,
      "jitter": 5.0,
      "weight_norm_sq": 0.583795145650106
    },
    {
      "step": 1,
      "train_loss": 0.3073172291072988,
      "train_quality": 0.9764150943396226,
      "val_loss": 2.00632172866632,
      "val_quality": 0.4,
      "reg_loss": 9.457564240419929,
      "jitter": 1.25,
      "weight_norm_sq": 7.320197609050104
    },
    {
      "step": 2,
      "train_loss": 106.04101370071123,
      "train_quality": 0.25,
      "val_loss": 130.74377000727486,
      "val_quality": 0.13333333333333333,
      "reg_loss": 2844.153078112865,
      "jitter": 0.3125,
      "weight_norm_sq": 8761.958606118893
    }
  ],
  "summary": {
    "run_id": "LMPO2-L3-d8-jit5-rf0.5-seed7",
    "seed": 7,
    "model": "LMPO2",
    "grid_params": {
      "model": "LMPO2",
      "L": 3,
      "bond_dim": 8,
      "jitter_start": 5.0,
      "reduction_factor": 0.5
    },
    "n_parameters": 6080,
    "train_loss": 0.8407149293055538,
    "train_quality": 0.7783018867924528,
    "val_loss": 1.2581718743857222,
    "val_quality": 0.4444444444444445,
    "test_loss": 1.3522180118634362,
    "test_quality": 0.5434782608695652,
    "success": true,
    "singular": true
  }
}