{
  "experiment_name": "ntn_wine",
  "run_name": "MPO2_L4_d12_j5_s999",
  "config": {
    "output_site": 1,
    "init_strength": 0.01,
    "batch_size": 1024,
    "n_epochs": 15,
    "jitter_decay": 0.25,
    "adaptive_jitter": false,
    "patience": 4,
    "min_delta": 1e-06,
    "train_selection": true,
    "rank": 5,
    "seeds": [
      42,
      7,
      123,
      256,
      999
    ],
    "model": "MPO2",
    "L": 4,
    "bond_dim": 12,
    "jitter_start": 5.0
  },
  "hparams": {
    "seed": 999,
    "model": "MPO2",
    "dataset": "wine",
    "n_parameters": 7800,
    "output_site": 1,
    "init_strength": 0.01,
    "batch_size": 1024,
    "n_epochs": 15,
    "jitter_decay": 0.25,
    "adaptive_jitter": false,
    "patience": 4,
    "min_delta": 1e-06,
    "train_selection": true,
    "rank": 5,
    "seeds": [
      42,
      7,
      123,
      256,
      999
    ],
    "L": 4,
    "bond_dim": 12,
    "jitter_start": 5.0
  },
  "metrics_log": [
    {
      "step": -1,
      "train_loss": 57.11419855915679,
      "train_quality": 0.23387096774193547,
      "val_loss": 62.43266616320066,
      "val_quality": 0.14814814814814814
    },
    {
      "step": 0,
      "train_loss": 2.9478046409177294e+30,
      "train_quality": 0.29032258064516125,
      "val_loss": 2.943530640641847e+30,
      "val_quality": 0.2222222222222222,
      "reg_loss": 1.5749198005129435e+59,
      "jitter": 5.0,
      "weight_norm_sq": 3.149839601025887e+58
    }
  ],
  "summary": {
    "run_id": "MPO2-L4-d12-jit5-seed999",
    "seed": 999,
    "model": "MPO2",
    "grid_params": {
      "model": "MPO2",
      "L": 4,
      "bond_dim": 12,
      "jitter_start": 5.0
    },
    "n_parameters": 7800,
    "train_loss": 2.9478046409177294e+30,
    "train_quality": 0.29032258064516125,
    "val_loss": 2.943530640641847e+30,
    "val_quality": 0.2222222222222222,
    "test_loss": 1.832859505500029e+30,
    "test_quality": 0.25925925925925924,
    "success": true,
    "singular": true
  }
}