{
  "experiment_name": "ntn_iris",
  "run_name": "MPO2_L4_d12_j0.1_s999",
  "config": {
    "output_site": 1,
    "init_strength": 0.01,
    "batch_size": 1024,
    "n_epochs": 15,
    "jitter_decay": 0.25,
    "adaptive_jitter": false,
    "patience": 4,
    "min_delta": 1e-06,
    "train_selection": true,
    "rank": 5,
    "seeds": [
      42,
      7,
      123,
      256,
      999
    ],
    "model": "MPO2",
    "L": 4,
    "bond_dim": 12,
    "jitter_start": 0.1
  },
  "hparams": {
    "seed": 999,
    "model": "MPO2",
    "dataset": "iris",
    "n_parameters": 2400,
    "output_site": 1,
    "init_strength": 0.01,
    "batch_size": 1024,
    "n_epochs": 15,
    "jitter_decay": 0.25,
    "adaptive_jitter": false,
    "patience": 4,
    "min_delta": 1e-06,
    "train_selection": true,
    "rank": 5,
    "seeds": [
      42,
      7,
      123,
      256,
      999
    ],
    "L": 4,
    "bond_dim": 12,
    "jitter_start": 0.1
  },
  "metrics_log": [
    {
      "step": -1,
      "train_loss": 5.9155730919703275,
      "train_quality": 0.20952380952380956,
      "val_loss": 6.015032500426855,
      "val_quality": 0.18181818181818182
    },
    {
      "step": 0,
      "train_loss": 6.15883302758049e+182,
      "train_quality": 0.3047619047619048,
      "val_loss": 4.712987029613013e+182,
      "val_quality": 0.5909090909090909,
      "reg_loss": NaN,
      "jitter": 0.1,
      "weight_norm_sq": NaN
    }
  ],
  "summary": {
    "run_id": "MPO2-L4-d12-jit0.1-seed999",
    "seed": 999,
    "model": "MPO2",
    "grid_params": {
      "model": "MPO2",
      "L": 4,
      "bond_dim": 12,
      "jitter_start": 0.1
    },
    "n_parameters": 2400,
    "train_loss": 6.15883302758049e+182,
    "train_quality": 0.3047619047619048,
    "val_loss": 4.712987029613013e+182,
    "val_quality": 0.5909090909090909,
    "test_loss": 6.48089339884701e+182,
    "test_quality": 0.2608695652173913,
    "success": true,
    "singular": true
  }
}