{
  "experiment_name": "ntn_breast",
  "run_name": "MPO2_L3_d12_j0.1_s123",
  "config": {
    "output_site": 1,
    "init_strength": 0.01,
    "batch_size": 1024,
    "n_epochs": 15,
    "jitter_decay": 0.25,
    "adaptive_jitter": false,
    "patience": 4,
    "min_delta": 1e-06,
    "train_selection": true,
    "rank": 5,
    "seeds": [
      42,
      7,
      123,
      256,
      999
    ],
    "model": "MPO2",
    "L": 3,
    "bond_dim": 12,
    "jitter_start": 0.1
  },
  "hparams": {
    "seed": 123,
    "model": "MPO2",
    "dataset": "breast",
    "n_parameters": 9360,
    "output_site": 1,
    "init_strength": 0.01,
    "batch_size": 1024,
    "n_epochs": 15,
    "jitter_decay": 0.25,
    "adaptive_jitter": false,
    "patience": 4,
    "min_delta": 1e-06,
    "train_selection": true,
    "rank": 5,
    "seeds": [
      42,
      7,
      123,
      256,
      999
    ],
    "L": 3,
    "bond_dim": 12,
    "jitter_start": 0.1
  },
  "metrics_log": [
    {
      "step": -1,
      "train_loss": 15.240464815213034,
      "train_quality": 0.5753768844221105,
      "val_loss": 26.65477280739079,
      "val_quality": 0.6235294117647059
    },
    {
      "step": 0,
      "train_loss": 3.095605980932446e+95,
      "train_quality": 0.4296482412060302,
      "val_loss": 3.335134509732914e+95,
      "val_quality": 0.38823529411764707,
      "reg_loss": 4.0780884084735655e+188,
      "jitter": 0.1,
      "weight_norm_sq": 4.0780884084735654e+189
    }
  ],
  "summary": {
    "run_id": "MPO2-L3-d12-jit0.1-seed123",
    "seed": 123,
    "model": "MPO2",
    "grid_params": {
      "model": "MPO2",
      "L": 3,
      "bond_dim": 12,
      "jitter_start": 0.1
    },
    "n_parameters": 9360,
    "train_loss": 15.240464815213034,
    "train_quality": 0.5753768844221105,
    "val_loss": 26.65477280739079,
    "val_quality": 0.6235294117647059,
    "test_loss": 25.829264750968104,
    "test_quality": 0.627906976744186,
    "success": true,
    "singular": true
  }
}