{
  "experiment_name": "ntn_hearth",
  "run_name": "MPO2_L3_d12_j0.1_s42",
  "config": {
    "init_strength": 0.01,
    "batch_size": 1024,
    "n_epochs": 15,
    "jitter_decay": 0.25,
    "adaptive_jitter": false,
    "patience": 4,
    "min_delta": 1e-06,
    "train_selection": true,
    "seeds": [
      42,
      7,
      123,
      256,
      999
    ],
    "model": "MPO2",
    "L": 3,
    "bond_dim": 12,
    "jitter_start": 0.1
  },
  "hparams": {
    "seed": 42,
    "model": "MPO2",
    "dataset": "hearth",
    "n_parameters": 2376,
    "init_strength": 0.01,
    "batch_size": 1024,
    "n_epochs": 15,
    "jitter_decay": 0.25,
    "adaptive_jitter": false,
    "patience": 4,
    "min_delta": 1e-06,
    "train_selection": true,
    "seeds": [
      42,
      7,
      123,
      256,
      999
    ],
    "L": 3,
    "bond_dim": 12,
    "jitter_start": 0.1
  },
  "metrics_log": [
    {
      "step": -1,
      "train_loss": 28.96608227268022,
      "train_quality": 0.25471698113207547,
      "val_loss": 32.56212114957076,
      "val_quality": 0.24444444444444446
    },
    {
      "step": 0,
      "train_loss": 9.52642272366313e+17,
      "train_quality": 0.12735849056603774,
      "val_loss": 5.743969877677465e+17,
      "val_quality": 0.24444444444444446,
      "reg_loss": 9.185029290912595e+33,
      "jitter": 0.1,
      "weight_norm_sq": 9.185029290912593e+34
    },
    {
      "step": 1,
      "train_loss": 5.591212325989263e+131,
      "train_quality": 0.15566037735849056,
      "val_loss": 3.605904457425785e+131,
      "val_quality": 0.26666666666666666,
      "reg_loss": 2.08953833011159e+260,
      "jitter": 0.025,
      "weight_norm_sq": 8.358153320446359e+261
    }
  ],
  "summary": {
    "run_id": "MPO2-L3-d12-jit0.1-seed42",
    "seed": 42,
    "model": "MPO2",
    "grid_params": {
      "model": "MPO2",
      "L": 3,
      "bond_dim": 12,
      "jitter_start": 0.1
    },
    "n_parameters": 2376,
    "train_loss": null,
    "train_quality": null,
    "val_loss": null,
    "val_quality": null,
    "test_loss": 3.68131934873161e+131,
    "test_quality": 0.15217391304347827,
    "success": true,
    "singular": true,
    "singular_epoch": 3
  }
}