{
  "experiment_name": "ntn_breast",
  "run_name": "MPO2_L3_d16_j0.1_s42",
  "config": {
    "output_site": 1,
    "init_strength": 0.01,
    "batch_size": 1024,
    "n_epochs": 15,
    "jitter_decay": 0.25,
    "adaptive_jitter": false,
    "patience": 4,
    "min_delta": 1e-06,
    "train_selection": true,
    "rank": 5,
    "seeds": [
      42,
      7,
      123,
      256,
      999
    ],
    "model": "MPO2",
    "L": 3,
    "bond_dim": 16,
    "jitter_start": 0.1
  },
  "hparams": {
    "seed": 42,
    "model": "MPO2",
    "dataset": "breast",
    "n_parameters": 16320,
    "output_site": 1,
    "init_strength": 0.01,
    "batch_size": 1024,
    "n_epochs": 15,
    "jitter_decay": 0.25,
    "adaptive_jitter": false,
    "patience": 4,
    "min_delta": 1e-06,
    "train_selection": true,
    "rank": 5,
    "seeds": [
      42,
      7,
      123,
      256,
      999
    ],
    "L": 3,
    "bond_dim": 16,
    "jitter_start": 0.1
  },
  "metrics_log": [
    {
      "step": -1,
      "train_loss": 74.96811981125516,
      "train_quality": 0.21608040201005024,
      "val_loss": 128.65843812158522,
      "val_quality": 0.27058823529411763
    },
    {
      "step": 0,
      "train_loss": 2.701236082531513e+27,
      "train_quality": 0.9371859296482412,
      "val_loss": 1.6864821479197742e+27,
      "val_quality": 0.9294117647058824,
      "reg_loss": 1.7763376698854562e+55,
      "jitter": 0.1,
      "weight_norm_sq": 1.776337669885456e+56
    },
    {
      "step": 1,
      "train_loss": 4.4912657861040854e+190,
      "train_quality": 0.24120603015075376,
      "val_loss": 3.945239795728781e+190,
      "val_quality": 0.29411764705882354,
      "reg_loss": Infinity,
      "jitter": 0.025,
      "weight_norm_sq": Infinity
    }
  ],
  "summary": {
    "run_id": "MPO2-L3-d16-jit0.1-seed42",
    "seed": 42,
    "model": "MPO2",
    "grid_params": {
      "model": "MPO2",
      "L": 3,
      "bond_dim": 16,
      "jitter_start": 0.1
    },
    "n_parameters": 16320,
    "train_loss": 2.701236082531513e+27,
    "train_quality": 0.9371859296482412,
    "val_loss": 1.6864821479197742e+27,
    "val_quality": 0.9294117647058824,
    "test_loss": 3.37324150656154e+26,
    "test_quality": 0.9418604651162791,
    "success": true,
    "singular": true
  }
}