{
  "experiment_name": "ntn_breast",
  "run_name": "MPO2TypeI_L4_d8_j5_s123",
  "config": {
    "init_strength": 0.01,
    "batch_size": 1024,
    "n_epochs": 15,
    "jitter_decay": 0.25,
    "adaptive_jitter": false,
    "patience": 4,
    "min_delta": 1e-06,
    "train_selection": true,
    "seeds": [
      42,
      7,
      123,
      256,
      999
    ],
    "model": "MPO2TypeI",
    "L": 4,
    "bond_dim": 8,
    "jitter_start": 5.0
  },
  "hparams": {
    "seed": 123,
    "model": "MPO2TypeI",
    "dataset": "breast",
    "n_parameters": 7980,
    "init_strength": 0.01,
    "batch_size": 1024,
    "n_epochs": 15,
    "jitter_decay": 0.25,
    "adaptive_jitter": false,
    "patience": 4,
    "min_delta": 1e-06,
    "train_selection": true,
    "seeds": [
      42,
      7,
      123,
      256,
      999
    ],
    "L": 4,
    "bond_dim": 8,
    "jitter_start": 5.0
  },
  "metrics_log": [
    {
      "step": -1,
      "train_loss": 0.6897791025454362,
      "train_quality": 0.577889447236181,
      "val_loss": 0.6895985068509399,
      "val_quality": 0.5647058823529412
    },
    {
      "step": 0,
      "train_loss": 253.90944781230482,
      "train_quality": 0.6582914572864321,
      "val_loss": 188.32084261920537,
      "val_quality": 0.6588235294117647,
      "reg_loss": 253.90944781230482,
      "jitter": 5.0
    },
    {
      "step": 1,
      "train_loss": 1.1779362261708e+124,
      "train_quality": 0.5326633165829145,
      "val_loss": 9.591545518676723e+123,
      "val_quality": 0.5058823529411764,
      "reg_loss": 1.1779362261708e+124,
      "jitter": 1.25
    }
  ],
  "summary": {
    "run_id": "MPO2TypeI-L4-d8-jit5-seed123",
    "seed": 123,
    "model": "MPO2TypeI",
    "grid_params": {
      "model": "MPO2TypeI",
      "L": 4,
      "bond_dim": 8,
      "jitter_start": 5.0
    },
    "n_parameters": 7980,
    "train_loss": null,
    "train_quality": null,
    "val_loss": null,
    "val_quality": null,
    "test_loss": 296.87985173749956,
    "test_quality": 0.6395348837209303,
    "success": true,
    "singular": true,
    "singular_epoch": 3
  }
}