{
  "experiment_name": "ntn_breast",
  "run_name": "MPO2_L3_d8_j5_s7",
  "config": {
    "init_strength": 0.01,
    "batch_size": 1024,
    "n_epochs": 15,
    "jitter_decay": 0.25,
    "adaptive_jitter": false,
    "patience": 4,
    "min_delta": 1e-06,
    "train_selection": true,
    "seeds": [
      42,
      7,
      123,
      256,
      999
    ],
    "model": "MPO2",
    "L": 3,
    "bond_dim": 8,
    "jitter_start": 5.0
  },
  "hparams": {
    "seed": 7,
    "model": "MPO2",
    "dataset": "breast",
    "n_parameters": 2640,
    "init_strength": 0.01,
    "batch_size": 1024,
    "n_epochs": 15,
    "jitter_decay": 0.25,
    "adaptive_jitter": false,
    "patience": 4,
    "min_delta": 1e-06,
    "train_selection": true,
    "seeds": [
      42,
      7,
      123,
      256,
      999
    ],
    "L": 3,
    "bond_dim": 8,
    "jitter_start": 5.0
  },
  "metrics_log": [
    {
      "step": -1,
      "train_loss": 121.42061340063317,
      "train_quality": 0.4899497487437186,
      "val_loss": 161.1598066557962,
      "val_quality": 0.4823529411764706
    },
    {
      "step": 0,
      "train_loss": 2.108728960368429e+19,
      "train_quality": 0.6206030150753769,
      "val_loss": 6.665779918064955e+18,
      "val_quality": 0.6,
      "reg_loss": 7.280463309123253e+36,
      "jitter": 5.0,
      "weight_norm_sq": 1.4560926618246505e+36
    },
    {
      "step": 1,
      "train_loss": 4.0068146424810367e+118,
      "train_quality": 0.5703517587939698,
      "val_loss": 1.2814116772285354e+118,
      "val_quality": 0.5764705882352941,
      "reg_loss": 3.450140800066387e+234,
      "jitter": 1.25,
      "weight_norm_sq": 2.7601126400531098e+234
    }
  ],
  "summary": {
    "run_id": "MPO2-L3-d8-jit5-seed7",
    "seed": 7,
    "model": "MPO2",
    "grid_params": {
      "model": "MPO2",
      "L": 3,
      "bond_dim": 8,
      "jitter_start": 5.0
    },
    "n_parameters": 2640,
    "train_loss": null,
    "train_quality": null,
    "val_loss": null,
    "val_quality": null,
    "test_loss": 2.1620922416230773e+19,
    "test_quality": 0.6744186046511628,
    "success": true,
    "singular": true,
    "singular_epoch": 3
  }
}