{
  "experiment_name": "ntn_student_dropout",
  "run_name": "MPO2_L3_d16_j5_s7",
  "config": {
    "init_strength": 0.01,
    "batch_size": 1024,
    "n_epochs": 15,
    "jitter_decay": 0.25,
    "adaptive_jitter": false,
    "patience": 4,
    "min_delta": 1e-06,
    "train_selection": true,
    "seeds": [
      42,
      7,
      123,
      256,
      999
    ],
    "model": "MPO2",
    "L": 3,
    "bond_dim": 16,
    "jitter_start": 5.0
  },
  "hparams": {
    "seed": 7,
    "model": "MPO2",
    "dataset": "student_dropout",
    "n_parameters": 11520,
    "init_strength": 0.01,
    "batch_size": 1024,
    "n_epochs": 15,
    "jitter_decay": 0.25,
    "adaptive_jitter": false,
    "patience": 4,
    "min_delta": 1e-06,
    "train_selection": true,
    "seeds": [
      42,
      7,
      123,
      256,
      999
    ],
    "L": 3,
    "bond_dim": 16,
    "jitter_start": 5.0
  },
  "metrics_log": [
    {
      "step": -1,
      "train_loss": 252.79739177062723,
      "train_quality": 0.2984496124031008,
      "val_loss": 263.5205148489803,
      "val_quality": 0.2816265060240964
    },
    {
      "step": 0,
      "train_loss": 3.4603950213028297e+21,
      "train_quality": 0.3291343669250646,
      "val_loss": 3.3463308845252776e+21,
      "val_quality": 0.3253012048192771,
      "reg_loss": 3.9403541764602446e+40,
      "jitter": 5.0,
      "weight_norm_sq": 7.880708352920489e+39
    },
    {
      "step": 1,
      "train_loss": 4.929232868619289e+138,
      "train_quality": 0.3475452196382429,
      "val_loss": 5.361490684925275e+138,
      "val_quality": 0.3734939759036145,
      "reg_loss": 1.354841153756996e+274,
      "jitter": 1.25,
      "weight_norm_sq": 1.083872923005597e+274
    }
  ],
  "summary": {
    "run_id": "MPO2-L3-d16-jit5-seed7",
    "seed": 7,
    "model": "MPO2",
    "grid_params": {
      "model": "MPO2",
      "L": 3,
      "bond_dim": 16,
      "jitter_start": 5.0
    },
    "n_parameters": 11520,
    "train_loss": null,
    "train_quality": null,
    "val_loss": null,
    "val_quality": null,
    "test_loss": 4.9436697079480945e+138,
    "test_quality": 0.34487951807228917,
    "success": true,
    "singular": true,
    "singular_epoch": 3
  }
}