{
  "experiment_name": "ntn_breast_lmpo2",
  "run_name": "LMPO2_L3_d8_j5_s7",
  "config": {
    "output_site": 1,
    "init_strength": 0.01,
    "reduction_factor": 0.3,
    "rank": 5,
    "batch_size": 1024,
    "n_epochs": 15,
    "jitter_decay": 0.25,
    "adaptive_jitter": false,
    "patience": 4,
    "min_delta": 1e-06,
    "train_selection": true,
    "seeds": [
      42,
      7,
      123,
      256,
      999
    ],
    "model": "LMPO2",
    "L": 3,
    "bond_dim": 8,
    "jitter_start": 5.0
  },
  "hparams": {
    "seed": 7,
    "model": "LMPO2",
    "dataset": "breast",
    "n_parameters": 12720,
    "output_site": 1,
    "init_strength": 0.01,
    "reduction_factor": 0.3,
    "rank": 5,
    "batch_size": 1024,
    "n_epochs": 15,
    "jitter_decay": 0.25,
    "adaptive_jitter": false,
    "patience": 4,
    "min_delta": 1e-06,
    "train_selection": true,
    "seeds": [
      42,
      7,
      123,
      256,
      999
    ],
    "L": 3,
    "bond_dim": 8,
    "jitter_start": 5.0
  },
  "metrics_log": [
    {
      "step": -1,
      "train_loss": 0.8669737844618562,
      "train_quality": 0.2185929648241206,
      "val_loss": 0.900828921432981,
      "val_quality": 0.18823529411764706
    },
    {
      "step": 0,
      "train_loss": 143.30620139283965,
      "train_quality": 0.5552763819095478,
      "val_loss": 86.53264037463354,
      "val_quality": 0.5882352941176471,
      "reg_loss": 8952.936636139095,
      "jitter": 5.0,
      "weight_norm_sq": 1761.9260869492512
    }
  ],
  "summary": {
    "run_id": "LMPO2-L3-d8-jit5-rf0.3-seed7",
    "seed": 7,
    "model": "LMPO2",
    "grid_params": {
      "model": "LMPO2",
      "L": 3,
      "bond_dim": 8,
      "jitter_start": 5.0,
      "reduction_factor": 0.3
    },
    "n_parameters": 12720,
    "train_loss": 143.30620139283965,
    "train_quality": 0.5552763819095478,
    "val_loss": 86.53264037463354,
    "val_quality": 0.5882352941176471,
    "test_loss": 144.41088695399134,
    "test_quality": 0.4418604651162791,
    "success": true,
    "singular": true
  }
}