{
  "experiment_name": "ntn_breast",
  "run_name": "MPO2_L4_d12_j5_s42",
  "config": {
    "output_site": 1,
    "init_strength": 0.01,
    "batch_size": 1024,
    "n_epochs": 15,
    "jitter_decay": 0.25,
    "adaptive_jitter": false,
    "patience": 4,
    "min_delta": 1e-06,
    "train_selection": true,
    "rank": 5,
    "seeds": [
      42,
      7,
      123,
      256,
      999
    ],
    "model": "MPO2",
    "L": 4,
    "bond_dim": 12,
    "jitter_start": 5.0
  },
  "hparams": {
    "seed": 42,
    "model": "MPO2",
    "dataset": "breast",
    "n_parameters": 13680,
    "output_site": 1,
    "init_strength": 0.01,
    "batch_size": 1024,
    "n_epochs": 15,
    "jitter_decay": 0.25,
    "adaptive_jitter": false,
    "patience": 4,
    "min_delta": 1e-06,
    "train_selection": true,
    "rank": 5,
    "seeds": [
      42,
      7,
      123,
      256,
      999
    ],
    "L": 4,
    "bond_dim": 12,
    "jitter_start": 5.0
  },
  "metrics_log": [
    {
      "step": -1,
      "train_loss": 518.3462111512428,
      "train_quality": 0.457286432160804,
      "val_loss": 153.14972330508442,
      "val_quality": 0.47058823529411764
    },
    {
      "step": 0,
      "train_loss": 5.3749778371683985e+38,
      "train_quality": 0.6507537688442211,
      "val_loss": 5.849568879900346e+38,
      "val_quality": 0.5294117647058824,
      "reg_loss": 6.845708045930509e+72,
      "jitter": 5.0,
      "weight_norm_sq": 1.3691416091861019e+72
    }
  ],
  "summary": {
    "run_id": "MPO2-L4-d12-jit5-seed42",
    "seed": 42,
    "model": "MPO2",
    "grid_params": {
      "model": "MPO2",
      "L": 4,
      "bond_dim": 12,
      "jitter_start": 5.0
    },
    "n_parameters": 13680,
    "train_loss": 5.3749778371683985e+38,
    "train_quality": 0.6507537688442211,
    "val_loss": 5.849568879900346e+38,
    "val_quality": 0.5294117647058824,
    "test_loss": 2.7955399742132235e+38,
    "test_quality": 0.6627906976744186,
    "success": true,
    "singular": true
  }
}