{
  "experiment_name": "ntn_breast",
  "run_name": "MPO2_L4_d12_j5_s999",
  "config": {
    "output_site": 1,
    "init_strength": 0.01,
    "batch_size": 1024,
    "n_epochs": 15,
    "jitter_decay": 0.25,
    "adaptive_jitter": false,
    "patience": 4,
    "min_delta": 1e-06,
    "train_selection": true,
    "rank": 5,
    "seeds": [
      42,
      7,
      123,
      256,
      999
    ],
    "model": "MPO2",
    "L": 4,
    "bond_dim": 12,
    "jitter_start": 5.0
  },
  "hparams": {
    "seed": 999,
    "model": "MPO2",
    "dataset": "breast",
    "n_parameters": 13680,
    "output_site": 1,
    "init_strength": 0.01,
    "batch_size": 1024,
    "n_epochs": 15,
    "jitter_decay": 0.25,
    "adaptive_jitter": false,
    "patience": 4,
    "min_delta": 1e-06,
    "train_selection": true,
    "rank": 5,
    "seeds": [
      42,
      7,
      123,
      256,
      999
    ],
    "L": 4,
    "bond_dim": 12,
    "jitter_start": 5.0
  },
  "metrics_log": [
    {
      "step": -1,
      "train_loss": 801.7951710747016,
      "train_quality": 0.5376884422110553,
      "val_loss": 970.4602588996894,
      "val_quality": 0.4588235294117647
    },
    {
      "step": 0,
      "train_loss": 2.1795538329496754e+100,
      "train_quality": 0.6482412060301508,
      "val_loss": 2.3722947699403375e+100,
      "val_quality": 0.5764705882352941,
      "reg_loss": 3.511762566460793e+195,
      "jitter": 5.0,
      "weight_norm_sq": 7.023525132921587e+194
    }
  ],
  "summary": {
    "run_id": "MPO2-L4-d12-jit5-seed999",
    "seed": 999,
    "model": "MPO2",
    "grid_params": {
      "model": "MPO2",
      "L": 4,
      "bond_dim": 12,
      "jitter_start": 5.0
    },
    "n_parameters": 13680,
    "train_loss": 2.1795538329496754e+100,
    "train_quality": 0.6482412060301508,
    "val_loss": 2.3722947699403375e+100,
    "val_quality": 0.5764705882352941,
    "test_loss": 8.874595526171801e+99,
    "test_quality": 0.7209302325581395,
    "success": true,
    "singular": true
  }
}