{
  "experiment_name": "ntn_winequalityc",
  "run_name": "MPO2_L3_d12_j5_s42",
  "config": {
    "init_strength": 0.01,
    "batch_size": 1024,
    "n_epochs": 15,
    "jitter_decay": 0.25,
    "adaptive_jitter": false,
    "patience": 4,
    "min_delta": 1e-06,
    "train_selection": true,
    "seeds": [
      42,
      7,
      123,
      256,
      999
    ],
    "model": "MPO2",
    "L": 3,
    "bond_dim": 12,
    "jitter_start": 5.0
  },
  "hparams": {
    "seed": 42,
    "model": "MPO2",
    "dataset": "winequalityc",
    "n_parameters": 2640,
    "init_strength": 0.01,
    "batch_size": 1024,
    "n_epochs": 15,
    "jitter_decay": 0.25,
    "adaptive_jitter": false,
    "patience": 4,
    "min_delta": 1e-06,
    "train_selection": true,
    "seeds": [
      42,
      7,
      123,
      256,
      999
    ],
    "L": 3,
    "bond_dim": 12,
    "jitter_start": 5.0
  },
  "metrics_log": [
    {
      "step": -1,
      "train_loss": 69.25157107376705,
      "train_quality": 0.12095887398284583,
      "val_loss": 87.37643059847126,
      "val_quality": 0.14256410256410257
    },
    {
      "step": 0,
      "train_loss": 22546.96732318295,
      "train_quality": 0.2619309434792171,
      "val_loss": 37842.803240295754,
      "val_quality": 0.27487179487179486,
      "reg_loss": 126409300.60923222,
      "jitter": 5.0,
      "weight_norm_sq": 25277350.728381805
    },
    {
      "step": 1,
      "train_loss": 1.6571668446756047e+24,
      "train_quality": 0.2962392786452606,
      "val_loss": 2.8625610855133274e+24,
      "val_quality": 0.321025641025641,
      "reg_loss": 7.44322755725034e+46,
      "jitter": 1.25,
      "weight_norm_sq": 5.954582045800272e+46
    },
    {
      "step": 2,
      "train_loss": 5.6855001286557377e+163,
      "train_quality": 0.27490653177919505,
      "val_loss": 9.426446114981182e+163,
      "val_quality": 0.28615384615384615,
      "reg_loss": Infinity,
      "jitter": 0.3125,
      "weight_norm_sq": Infinity
    }
  ],
  "summary": {
    "run_id": "MPO2-L3-d12-jit5-seed42",
    "seed": 42,
    "model": "MPO2",
    "grid_params": {
      "model": "MPO2",
      "L": 3,
      "bond_dim": 12,
      "jitter_start": 5.0
    },
    "n_parameters": 2640,
    "train_loss": null,
    "train_quality": null,
    "val_loss": null,
    "val_quality": null,
    "test_loss": 1.6780372351632976e+24,
    "test_quality": 0.3241025641025641,
    "success": true,
    "singular": true,
    "singular_epoch": 4
  }
}