{
  "experiment_name": "ntn_iris",
  "run_name": "MPO2_L3_d16_j5_s42",
  "config": {
    "init_strength": 0.01,
    "batch_size": 1024,
    "n_epochs": 15,
    "jitter_decay": 0.25,
    "adaptive_jitter": false,
    "patience": 4,
    "min_delta": 1e-06,
    "train_selection": true,
    "seeds": [
      42,
      7,
      123,
      256,
      999
    ],
    "model": "MPO2",
    "L": 3,
    "bond_dim": 16,
    "jitter_start": 5.0
  },
  "hparams": {
    "seed": 42,
    "model": "MPO2",
    "dataset": "iris",
    "n_parameters": 1280,
    "init_strength": 0.01,
    "batch_size": 1024,
    "n_epochs": 15,
    "jitter_decay": 0.25,
    "adaptive_jitter": false,
    "patience": 4,
    "min_delta": 1e-06,
    "train_selection": true,
    "seeds": [
      42,
      7,
      123,
      256,
      999
    ],
    "L": 3,
    "bond_dim": 16,
    "jitter_start": 5.0
  },
  "metrics_log": [
    {
      "step": -1,
      "train_loss": 11.44557350712832,
      "train_quality": 0.1142857142857143,
      "val_loss": 14.125682081744406,
      "val_quality": 0.09090909090909091
    },
    {
      "step": 0,
      "train_loss": 48071389213132.32,
      "train_quality": 0.1142857142857143,
      "val_loss": 84926500697031.73,
      "val_quality": 0.0,
      "reg_loss": 2.4220011974030543e+26,
      "jitter": 5.0,
      "weight_norm_sq": 4.8440023948051475e+25
    },
    {
      "step": 1,
      "train_loss": 3.799092001001317e+88,
      "train_quality": 0.06666666666666668,
      "val_loss": 6.190384889266305e+88,
      "val_quality": 0.0,
      "reg_loss": 3.290257477019889e+175,
      "jitter": 1.25,
      "weight_norm_sq": 2.632205981615911e+175
    }
  ],
  "summary": {
    "run_id": "MPO2-L3-d16-jit5-seed42",
    "seed": 42,
    "model": "MPO2",
    "grid_params": {
      "model": "MPO2",
      "L": 3,
      "bond_dim": 16,
      "jitter_start": 5.0
    },
    "n_parameters": 1280,
    "train_loss": null,
    "train_quality": null,
    "val_loss": null,
    "val_quality": null,
    "test_loss": 15.004851901420405,
    "test_quality": 0.043478260869565216,
    "success": true,
    "singular": true,
    "singular_epoch": 3
  }
}