{
  "experiment_name": "ntn_wine",
  "run_name": "MPO2_L4_d16_j5_s42",
  "config": {
    "output_site": 1,
    "init_strength": 0.01,
    "batch_size": 1024,
    "n_epochs": 15,
    "jitter_decay": 0.25,
    "adaptive_jitter": false,
    "patience": 4,
    "min_delta": 1e-06,
    "train_selection": true,
    "rank": 5,
    "seeds": [
      42,
      7,
      123,
      256,
      999
    ],
    "model": "MPO2",
    "L": 4,
    "bond_dim": 16,
    "jitter_start": 5.0
  },
  "hparams": {
    "seed": 42,
    "model": "MPO2",
    "dataset": "wine",
    "n_parameters": 13728,
    "output_site": 1,
    "init_strength": 0.01,
    "batch_size": 1024,
    "n_epochs": 15,
    "jitter_decay": 0.25,
    "adaptive_jitter": false,
    "patience": 4,
    "min_delta": 1e-06,
    "train_selection": true,
    "rank": 5,
    "seeds": [
      42,
      7,
      123,
      256,
      999
    ],
    "L": 4,
    "bond_dim": 16,
    "jitter_start": 5.0
  },
  "metrics_log": [
    {
      "step": -1,
      "train_loss": 44.48141002774428,
      "train_quality": 0.3387096774193548,
      "val_loss": 31.068958449551033,
      "val_quality": 0.3333333333333333
    },
    {
      "step": 0,
      "train_loss": 7.50052379065481e+88,
      "train_quality": 0.4032258064516129,
      "val_loss": 2.9753458327725293e+88,
      "val_quality": 0.4444444444444444,
      "reg_loss": 7.468116865792365e+175,
      "jitter": 5.0,
      "weight_norm_sq": 1.493623373158473e+175
    }
  ],
  "summary": {
    "run_id": "MPO2-L4-d16-jit5-seed42",
    "seed": 42,
    "model": "MPO2",
    "grid_params": {
      "model": "MPO2",
      "L": 4,
      "bond_dim": 16,
      "jitter_start": 5.0
    },
    "n_parameters": 13728,
    "train_loss": 7.50052379065481e+88,
    "train_quality": 0.4032258064516129,
    "val_loss": 2.9753458327725293e+88,
    "val_quality": 0.4444444444444444,
    "test_loss": 8.660728243706477e+88,
    "test_quality": 0.4074074074074074,
    "success": true,
    "singular": true
  }
}