{
  "experiment_name": "ntn_wine",
  "run_name": "MPO2_L3_d12_j0.1_s42",
  "config": {
    "output_site": 1,
    "init_strength": 0.01,
    "batch_size": 1024,
    "n_epochs": 15,
    "jitter_decay": 0.25,
    "adaptive_jitter": false,
    "patience": 4,
    "min_delta": 1e-06,
    "train_selection": true,
    "rank": 5,
    "seeds": [
      42,
      7,
      123,
      256,
      999
    ],
    "model": "MPO2",
    "L": 3,
    "bond_dim": 12,
    "jitter_start": 0.1
  },
  "hparams": {
    "seed": 42,
    "model": "MPO2",
    "dataset": "wine",
    "n_parameters": 5928,
    "output_site": 1,
    "init_strength": 0.01,
    "batch_size": 1024,
    "n_epochs": 15,
    "jitter_decay": 0.25,
    "adaptive_jitter": false,
    "patience": 4,
    "min_delta": 1e-06,
    "train_selection": true,
    "rank": 5,
    "seeds": [
      42,
      7,
      123,
      256,
      999
    ],
    "L": 3,
    "bond_dim": 12,
    "jitter_start": 0.1
  },
  "metrics_log": [
    {
      "step": -1,
      "train_loss": 10.506984377091685,
      "train_quality": 0.282258064516129,
      "val_loss": 10.045320773568033,
      "val_quality": 0.1111111111111111
    },
    {
      "step": 0,
      "train_loss": 2.164604127693118e+19,
      "train_quality": 0.5806451612903225,
      "val_loss": 8.127907723481373e+18,
      "val_quality": 0.48148148148148145,
      "reg_loss": 1.107564536902409e+37,
      "jitter": 0.1,
      "weight_norm_sq": 1.107564536902409e+38
    },
    {
      "step": 1,
      "train_loss": 6.740745989981057e+125,
      "train_quality": 0.75,
      "val_loss": 2.14970601161536e+125,
      "val_quality": 0.8148148148148148,
      "reg_loss": 7.326877847060228e+249,
      "jitter": 0.025,
      "weight_norm_sq": 2.930751138824091e+251
    }
  ],
  "summary": {
    "run_id": "MPO2-L3-d12-jit0.1-seed42",
    "seed": 42,
    "model": "MPO2",
    "grid_params": {
      "model": "MPO2",
      "L": 3,
      "bond_dim": 12,
      "jitter_start": 0.1
    },
    "n_parameters": 5928,
    "train_loss": 6.740745989981057e+125,
    "train_quality": 0.75,
    "val_loss": 2.14970601161536e+125,
    "val_quality": 0.8148148148148148,
    "test_loss": 7.453914740931674e+125,
    "test_quality": 0.7777777777777777,
    "success": true,
    "singular": true
  }
}