{
  "experiment_name": "ntn_mushrooms",
  "run_name": "MPO2_L3_d8_j5_s7",
  "config": {
    "init_strength": 0.01,
    "batch_size": 1024,
    "n_epochs": 15,
    "jitter_decay": 0.25,
    "adaptive_jitter": false,
    "patience": 4,
    "min_delta": 1e-06,
    "train_selection": true,
    "seeds": [
      42,
      7,
      123,
      256,
      999
    ],
    "model": "MPO2",
    "L": 3,
    "bond_dim": 8,
    "jitter_start": 5.0
  },
  "hparams": {
    "seed": 7,
    "model": "MPO2",
    "dataset": "mushrooms",
    "n_parameters": 4400,
    "init_strength": 0.01,
    "batch_size": 1024,
    "n_epochs": 15,
    "jitter_decay": 0.25,
    "adaptive_jitter": false,
    "patience": 4,
    "min_delta": 1e-06,
    "train_selection": true,
    "seeds": [
      42,
      7,
      123,
      256,
      999
    ],
    "L": 3,
    "bond_dim": 8,
    "jitter_start": 5.0
  },
  "metrics_log": [
    {
      "step": -1,
      "train_loss": 29.955129113725626,
      "train_quality": 0.4868097080548716,
      "val_loss": 31.269689785521294,
      "val_quality": 0.4667760459392945
    },
    {
      "step": 0,
      "train_loss": 1.28939220660941e+17,
      "train_quality": 0.48100597959901514,
      "val_loss": 1.2943850356351486e+17,
      "val_quality": 0.4782608695652174,
      "reg_loss": 3.493676548297472e+32,
      "jitter": 5.0,
      "weight_norm_sq": 6.987353096594941e+31
    },
    {
      "step": 1,
      "train_loss": 4.938626664083364e+119,
      "train_quality": 0.48100597959901514,
      "val_loss": 4.95329386196169e+119,
      "val_quality": 0.4782608695652174,
      "reg_loss": 1.1759329055136474e+237,
      "jitter": 1.25,
      "weight_norm_sq": 9.407463244109179e+236
    }
  ],
  "summary": {
    "run_id": "MPO2-L3-d8-jit5-seed7",
    "seed": 7,
    "model": "MPO2",
    "grid_params": {
      "model": "MPO2",
      "L": 3,
      "bond_dim": 8,
      "jitter_start": 5.0
    },
    "n_parameters": 4400,
    "train_loss": null,
    "train_quality": null,
    "val_loss": null,
    "val_quality": null,
    "test_loss": 1.2458401327304509e+17,
    "test_quality": 0.49056603773584906,
    "success": true,
    "singular": true,
    "singular_epoch": 3
  }
}