{
  "experiment_name": "ntn_wine",
  "run_name": "MPO2_L3_d16_j5_s7",
  "config": {
    "init_strength": 0.01,
    "batch_size": 1024,
    "n_epochs": 15,
    "jitter_decay": 0.25,
    "adaptive_jitter": false,
    "patience": 4,
    "min_delta": 1e-06,
    "train_selection": true,
    "seeds": [
      42,
      7,
      123,
      256,
      999
    ],
    "model": "MPO2",
    "L": 3,
    "bond_dim": 16,
    "jitter_start": 5.0
  },
  "hparams": {
    "seed": 7,
    "model": "MPO2",
    "dataset": "wine",
    "n_parameters": 4160,
    "init_strength": 0.01,
    "batch_size": 1024,
    "n_epochs": 15,
    "jitter_decay": 0.25,
    "adaptive_jitter": false,
    "patience": 4,
    "min_delta": 1e-06,
    "train_selection": true,
    "seeds": [
      42,
      7,
      123,
      256,
      999
    ],
    "L": 3,
    "bond_dim": 16,
    "jitter_start": 5.0
  },
  "metrics_log": [
    {
      "step": -1,
      "train_loss": 34.51886593699944,
      "train_quality": 0.4838709677419355,
      "val_loss": 39.39543186678275,
      "val_quality": 0.3333333333333333
    },
    {
      "step": 0,
      "train_loss": 1.7745686112256645e+21,
      "train_quality": 0.3629032258064516,
      "val_loss": 1.7884015791806782e+21,
      "val_quality": 0.3333333333333333,
      "reg_loss": 8.085954548498e+41,
      "jitter": 5.0,
      "weight_norm_sq": 1.6171909096996002e+41
    },
    {
      "step": 1,
      "train_loss": 1.9374953833485537e+146,
      "train_quality": 0.25,
      "val_loss": 1.8410609234874522e+146,
      "val_quality": 0.25925925925925924,
      "reg_loss": 5.262926399221991e+290,
      "jitter": 1.25,
      "weight_norm_sq": 4.210341119377593e+290
    }
  ],
  "summary": {
    "run_id": "MPO2-L3-d16-jit5-seed7",
    "seed": 7,
    "model": "MPO2",
    "grid_params": {
      "model": "MPO2",
      "L": 3,
      "bond_dim": 16,
      "jitter_start": 5.0
    },
    "n_parameters": 4160,
    "train_loss": null,
    "train_quality": null,
    "val_loss": null,
    "val_quality": null,
    "test_loss": 28.987973652340756,
    "test_quality": 0.4074074074074074,
    "success": true,
    "singular": true,
    "singular_epoch": 3
  }
}