{
  "experiment_name": "ntn_hearth_lmpo2",
  "run_name": "LMPO2_L3_d12_j5_s42",
  "config": {
    "output_site": 1,
    "init_strength": 0.01,
    "reduction_factor": 0.1,
    "rank": 5,
    "batch_size": 1024,
    "n_epochs": 15,
    "jitter_decay": 0.25,
    "adaptive_jitter": false,
    "patience": 4,
    "min_delta": 1e-06,
    "train_selection": true,
    "seeds": [
      42,
      7,
      123,
      256,
      999
    ],
    "model": "LMPO2",
    "L": 3,
    "bond_dim": 12,
    "jitter_start": 5.0
  },
  "hparams": {
    "seed": 42,
    "model": "LMPO2",
    "dataset": "hearth",
    "n_parameters": 12960,
    "output_site": 1,
    "init_strength": 0.01,
    "reduction_factor": 0.1,
    "rank": 5,
    "batch_size": 1024,
    "n_epochs": 15,
    "jitter_decay": 0.25,
    "adaptive_jitter": false,
    "patience": 4,
    "min_delta": 1e-06,
    "train_selection": true,
    "seeds": [
      42,
      7,
      123,
      256,
      999
    ],
    "L": 3,
    "bond_dim": 12,
    "jitter_start": 5.0
  },
  "metrics_log": [
    {
      "step": -1,
      "train_loss": 1.6084923591970914,
      "train_quality": 0.2783018867924528,
      "val_loss": 1.6240919931152125,
      "val_quality": 0.26666666666666666
    },
    {
      "step": 0,
      "train_loss": 0.6172693196161742,
      "train_quality": 0.8773584905660377,
      "val_loss": 1.3492438903128077,
      "val_quality": 0.5111111111111112,
      "reg_loss": 5.601401872550429,
      "jitter": 5.0,
      "weight_norm_sq": 0.996826510586851
    },
    {
      "step": 1,
      "train_loss": 3.880138129723983,
      "train_quality": 0.5990566037735848,
      "val_loss": 9.702593837209724,
      "val_quality": 0.35555555555555557,
      "reg_loss": 312.746760688614,
      "jitter": 1.25,
      "weight_norm_sq": 247.09329804711203
    },
    {
      "step": 2,
      "train_loss": NaN,
      "train_quality": 0.5330188679245282,
      "val_loss": NaN,
      "val_quality": 0.4666666666666667,
      "reg_loss": NaN,
      "jitter": 0.3125,
      "weight_norm_sq": NaN
    }
  ],
  "summary": {
    "run_id": "LMPO2-L3-d12-jit5-rf0.1-seed42",
    "seed": 42,
    "model": "LMPO2",
    "grid_params": {
      "model": "LMPO2",
      "L": 3,
      "bond_dim": 12,
      "jitter_start": 5.0,
      "reduction_factor": 0.1
    },
    "n_parameters": 12960,
    "train_loss": 0.6172693196161742,
    "train_quality": 0.8773584905660377,
    "val_loss": 1.3492438903128077,
    "val_quality": 0.5111111111111112,
    "test_loss": 1.360084549473681,
    "test_quality": 0.5869565217391304,
    "success": true,
    "singular": true
  }
}