{
  "experiment_name": "ntn_breast",
  "run_name": "MPO2TypeI_L4_d8_j5_s256",
  "config": {
    "init_strength": 0.01,
    "batch_size": 1024,
    "n_epochs": 15,
    "jitter_decay": 0.25,
    "adaptive_jitter": false,
    "patience": 4,
    "min_delta": 1e-06,
    "train_selection": true,
    "seeds": [
      42,
      7,
      123,
      256,
      999
    ],
    "model": "MPO2TypeI",
    "L": 4,
    "bond_dim": 8,
    "jitter_start": 5.0
  },
  "hparams": {
    "seed": 256,
    "model": "MPO2TypeI",
    "dataset": "breast",
    "n_parameters": 7980,
    "init_strength": 0.01,
    "batch_size": 1024,
    "n_epochs": 15,
    "jitter_decay": 0.25,
    "adaptive_jitter": false,
    "patience": 4,
    "min_delta": 1e-06,
    "train_selection": true,
    "seeds": [
      42,
      7,
      123,
      256,
      999
    ],
    "L": 4,
    "bond_dim": 8,
    "jitter_start": 5.0
  },
  "metrics_log": [
    {
      "step": -1,
      "train_loss": 0.6910255634316781,
      "train_quality": 0.550251256281407,
      "val_loss": 0.6914296127913986,
      "val_quality": 0.5294117647058824
    },
    {
      "step": 0,
      "train_loss": 0.8881633394186379,
      "train_quality": 0.8316582914572864,
      "val_loss": 1.7491434804788757,
      "val_quality": 0.7647058823529411,
      "reg_loss": 0.8881633394186379,
      "jitter": 5.0
    },
    {
      "step": 1,
      "train_loss": 5.872645994636547e+46,
      "train_quality": 0.6306532663316583,
      "val_loss": 4.3234988488560874e+46,
      "val_quality": 0.611764705882353,
      "reg_loss": 5.872645994636547e+46,
      "jitter": 1.25
    },
    {
      "step": 2,
      "train_loss": NaN,
      "train_quality": 0.6256281407035176,
      "val_loss": NaN,
      "val_quality": 0.5764705882352941,
      "reg_loss": NaN,
      "jitter": 0.3125
    }
  ],
  "summary": {
    "run_id": "MPO2TypeI-L4-d8-jit5-seed256",
    "seed": 256,
    "model": "MPO2TypeI",
    "grid_params": {
      "model": "MPO2TypeI",
      "L": 4,
      "bond_dim": 8,
      "jitter_start": 5.0
    },
    "n_parameters": 7980,
    "train_loss": null,
    "train_quality": null,
    "val_loss": null,
    "val_quality": null,
    "test_loss": 0.8781599657689095,
    "test_quality": 0.813953488372093,
    "success": true,
    "singular": true,
    "singular_epoch": 4
  }
}