{
  "experiment_name": "ntn_breast",
  "run_name": "MPO2_L3_d12_j5_s7",
  "config": {
    "init_strength": 0.01,
    "batch_size": 1024,
    "n_epochs": 15,
    "jitter_decay": 0.25,
    "adaptive_jitter": false,
    "patience": 4,
    "min_delta": 1e-06,
    "train_selection": true,
    "seeds": [
      42,
      7,
      123,
      256,
      999
    ],
    "model": "MPO2",
    "L": 3,
    "bond_dim": 12,
    "jitter_start": 5.0
  },
  "hparams": {
    "seed": 7,
    "model": "MPO2",
    "dataset": "breast",
    "n_parameters": 5400,
    "init_strength": 0.01,
    "batch_size": 1024,
    "n_epochs": 15,
    "jitter_decay": 0.25,
    "adaptive_jitter": false,
    "patience": 4,
    "min_delta": 1e-06,
    "train_selection": true,
    "seeds": [
      42,
      7,
      123,
      256,
      999
    ],
    "L": 3,
    "bond_dim": 12,
    "jitter_start": 5.0
  },
  "metrics_log": [
    {
      "step": -1,
      "train_loss": 106.31059715331335,
      "train_quality": 0.5577889447236181,
      "val_loss": 112.83091062463872,
      "val_quality": 0.5411764705882353
    },
    {
      "step": 0,
      "train_loss": 21965433866.02094,
      "train_quality": 0.7889447236180904,
      "val_loss": 5627994713.309411,
      "val_quality": 0.788235294117647,
      "reg_loss": 5.5072543613582e+18,
      "jitter": 5.0,
      "weight_norm_sq": 1.1014508678785532e+18
    },
    {
      "step": 1,
      "train_loss": 3.378840061863523e+67,
      "train_quality": 0.8492462311557789,
      "val_loss": 8.558182582914341e+66,
      "val_quality": 0.8352941176470589,
      "reg_loss": 3.002412500039742e+132,
      "jitter": 1.25,
      "weight_norm_sq": 2.4019300000317934e+132
    },
    {
      "step": 2,
      "train_loss": NaN,
      "train_quality": 0.8618090452261307,
      "val_loss": NaN,
      "val_quality": 0.8588235294117647,
      "reg_loss": NaN,
      "jitter": 0.3125,
      "weight_norm_sq": Infinity
    }
  ],
  "summary": {
    "run_id": "MPO2-L3-d12-jit5-seed7",
    "seed": 7,
    "model": "MPO2",
    "grid_params": {
      "model": "MPO2",
      "L": 3,
      "bond_dim": 12,
      "jitter_start": 5.0
    },
    "n_parameters": 5400,
    "train_loss": null,
    "train_quality": null,
    "val_loss": null,
    "val_quality": null,
    "test_loss": NaN,
    "test_quality": 0.8953488372093024,
    "success": true,
    "singular": true,
    "singular_epoch": 4
  }
}