{
  "experiment_name": "ntn_wine",
  "run_name": "MPO2_L3_d12_j5_s256",
  "config": {
    "init_strength": 0.01,
    "batch_size": 1024,
    "n_epochs": 15,
    "jitter_decay": 0.25,
    "adaptive_jitter": false,
    "patience": 4,
    "min_delta": 1e-06,
    "train_selection": true,
    "seeds": [
      42,
      7,
      123,
      256,
      999
    ],
    "model": "MPO2",
    "L": 3,
    "bond_dim": 12,
    "jitter_start": 5.0
  },
  "hparams": {
    "seed": 256,
    "model": "MPO2",
    "dataset": "wine",
    "n_parameters": 2496,
    "init_strength": 0.01,
    "batch_size": 1024,
    "n_epochs": 15,
    "jitter_decay": 0.25,
    "adaptive_jitter": false,
    "patience": 4,
    "min_delta": 1e-06,
    "train_selection": true,
    "seeds": [
      42,
      7,
      123,
      256,
      999
    ],
    "L": 3,
    "bond_dim": 12,
    "jitter_start": 5.0
  },
  "metrics_log": [
    {
      "step": -1,
      "train_loss": 55.64497904059186,
      "train_quality": 0.12096774193548387,
      "val_loss": 53.075602206234365,
      "val_quality": 0.2222222222222222
    },
    {
      "step": 0,
      "train_loss": 849975.6594099227,
      "train_quality": 0.04032258064516129,
      "val_loss": 688084.7058662468,
      "val_quality": 0.1111111111111111,
      "reg_loss": 26125899069.736538,
      "jitter": 5.0,
      "weight_norm_sq": 5225009818.815426
    },
    {
      "step": 1,
      "train_loss": 6.448524556500265e+27,
      "train_quality": 0.6532258064516129,
      "val_loss": 9.394360862594037e+27,
      "val_quality": 0.6296296296296295,
      "reg_loss": 2.5928941081377353e+56,
      "jitter": 1.25,
      "weight_norm_sq": 2.0743152865101883e+56
    },
    {
      "step": 2,
      "train_loss": 4.1489725711290965e+168,
      "train_quality": 0.29032258064516125,
      "val_loss": 4.306475122455811e+168,
      "val_quality": 0.2222222222222222,
      "reg_loss": Infinity,
      "jitter": 0.3125,
      "weight_norm_sq": Infinity
    }
  ],
  "summary": {
    "run_id": "MPO2-L3-d12-jit5-seed256",
    "seed": 256,
    "model": "MPO2",
    "grid_params": {
      "model": "MPO2",
      "L": 3,
      "bond_dim": 12,
      "jitter_start": 5.0
    },
    "n_parameters": 2496,
    "train_loss": null,
    "train_quality": null,
    "val_loss": null,
    "val_quality": null,
    "test_loss": 6.627605001839595e+27,
    "test_quality": 0.5925925925925926,
    "success": true,
    "singular": true,
    "singular_epoch": 4
  }
}