{
  "experiment_name": "ntn_iris",
  "run_name": "MPO2TypeI_L4_d16_j0.1_s7",
  "config": {
    "init_strength": 0.01,
    "batch_size": 1024,
    "n_epochs": 15,
    "jitter_decay": 0.25,
    "adaptive_jitter": false,
    "patience": 4,
    "min_delta": 1e-06,
    "train_selection": true,
    "seeds": [
      42,
      7,
      123,
      256,
      999
    ],
    "model": "MPO2TypeI",
    "L": 4,
    "bond_dim": 16,
    "jitter_start": 0.1
  },
  "hparams": {
    "seed": 7,
    "model": "MPO2TypeI",
    "dataset": "iris",
    "n_parameters": 3852,
    "init_strength": 0.01,
    "batch_size": 1024,
    "n_epochs": 15,
    "jitter_decay": 0.25,
    "adaptive_jitter": false,
    "patience": 4,
    "min_delta": 1e-06,
    "train_selection": true,
    "seeds": [
      42,
      7,
      123,
      256,
      999
    ],
    "L": 4,
    "bond_dim": 16,
    "jitter_start": 0.1
  },
  "metrics_log": [
    {
      "step": -1,
      "train_loss": 1.0916001310574197,
      "train_quality": 0.48571428571428577,
      "val_loss": 1.0801116894570175,
      "val_quality": 0.7272727272727273
    },
    {
      "step": 0,
      "train_loss": 565.1575834275366,
      "train_quality": 0.4761904761904762,
      "val_loss": 101.0212688071097,
      "val_quality": 0.5909090909090909,
      "reg_loss": 565.1575834275366,
      "jitter": 0.1
    },
    {
      "step": 1,
      "train_loss": 4.853612960604751e+29,
      "train_quality": 0.39047619047619053,
      "val_loss": 6.585654887780667e+29,
      "val_quality": 0.36363636363636365,
      "reg_loss": 4.853612960604751e+29,
      "jitter": 0.025
    },
    {
      "step": 2,
      "train_loss": 5.540107762376432e+209,
      "train_quality": 0.33333333333333337,
      "val_loss": 4.606466751278149e+209,
      "val_quality": 0.5909090909090909,
      "reg_loss": 5.540107762376432e+209,
      "jitter": 0.00625
    }
  ],
  "summary": {
    "run_id": "MPO2TypeI-L4-d16-jit0.1-seed7",
    "seed": 7,
    "model": "MPO2TypeI",
    "grid_params": {
      "model": "MPO2TypeI",
      "L": 4,
      "bond_dim": 16,
      "jitter_start": 0.1
    },
    "n_parameters": 3852,
    "train_loss": null,
    "train_quality": null,
    "val_loss": null,
    "val_quality": null,
    "test_loss": 1.091832659443422,
    "test_quality": 0.43478260869565216,
    "success": true,
    "singular": true,
    "singular_epoch": 4
  }
}