{
  "experiment_name": "ntn_wine",
  "run_name": "MPO2_L4_d12_j5_s42",
  "config": {
    "output_site": 1,
    "init_strength": 0.01,
    "batch_size": 1024,
    "n_epochs": 15,
    "jitter_decay": 0.25,
    "adaptive_jitter": false,
    "patience": 4,
    "min_delta": 1e-06,
    "train_selection": true,
    "rank": 5,
    "seeds": [
      42,
      7,
      123,
      256,
      999
    ],
    "model": "MPO2",
    "L": 4,
    "bond_dim": 12,
    "jitter_start": 5.0
  },
  "hparams": {
    "seed": 42,
    "model": "MPO2",
    "dataset": "wine",
    "n_parameters": 7800,
    "output_site": 1,
    "init_strength": 0.01,
    "batch_size": 1024,
    "n_epochs": 15,
    "jitter_decay": 0.25,
    "adaptive_jitter": false,
    "patience": 4,
    "min_delta": 1e-06,
    "train_selection": true,
    "rank": 5,
    "seeds": [
      42,
      7,
      123,
      256,
      999
    ],
    "L": 4,
    "bond_dim": 12,
    "jitter_start": 5.0
  },
  "metrics_log": [
    {
      "step": -1,
      "train_loss": 40.469135857056436,
      "train_quality": 0.3548387096774194,
      "val_loss": 15.806443802540944,
      "val_quality": 0.4444444444444444
    },
    {
      "step": 0,
      "train_loss": 5.045690681215429e+16,
      "train_quality": 0.3064516129032258,
      "val_loss": 2.8943843934845444e+16,
      "val_quality": 0.3333333333333333,
      "reg_loss": 3.3993115743398466e+32,
      "jitter": 5.0,
      "weight_norm_sq": 6.798623148679691e+31
    },
    {
      "step": 1,
      "train_loss": NaN,
      "train_quality": 0.3225806451612903,
      "val_loss": NaN,
      "val_quality": 0.37037037037037035,
      "reg_loss": NaN,
      "jitter": 1.25,
      "weight_norm_sq": NaN
    }
  ],
  "summary": {
    "run_id": "MPO2-L4-d12-jit5-seed42",
    "seed": 42,
    "model": "MPO2",
    "grid_params": {
      "model": "MPO2",
      "L": 4,
      "bond_dim": 12,
      "jitter_start": 5.0
    },
    "n_parameters": 7800,
    "train_loss": 40.469135857056436,
    "train_quality": 0.3548387096774194,
    "val_loss": 15.806443802540944,
    "val_quality": 0.4444444444444444,
    "test_loss": 33.85755471877069,
    "test_quality": 0.2222222222222222,
    "success": true,
    "singular": true
  }
}