{
  "experiment_name": "ntn_car_evaluation",
  "run_name": "MPO2_L3_d8_j5_s42",
  "config": {
    "output_site": 1,
    "init_strength": 0.01,
    "batch_size": 1024,
    "n_epochs": 15,
    "jitter_decay": 0.25,
    "adaptive_jitter": false,
    "patience": 4,
    "min_delta": 1e-06,
    "train_selection": true,
    "rank": 5,
    "seeds": [
      42,
      7,
      123,
      256,
      999
    ],
    "model": "MPO2",
    "L": 3,
    "bond_dim": 8,
    "jitter_start": 5.0
  },
  "hparams": {
    "seed": 42,
    "model": "MPO2",
    "dataset": "car_evaluation",
    "n_parameters": 7344,
    "output_site": 1,
    "init_strength": 0.01,
    "batch_size": 1024,
    "n_epochs": 15,
    "jitter_decay": 0.25,
    "adaptive_jitter": false,
    "patience": 4,
    "min_delta": 1e-06,
    "train_selection": true,
    "rank": 5,
    "seeds": [
      42,
      7,
      123,
      256,
      999
    ],
    "L": 3,
    "bond_dim": 8,
    "jitter_start": 5.0
  },
  "metrics_log": [
    {
      "step": -1,
      "train_loss": 4.831245459673078,
      "train_quality": 0.18610421836228289,
      "val_loss": 4.552125948255932,
      "val_quality": 0.14671814671814673
    },
    {
      "step": 0,
      "train_loss": 31.73780304893796,
      "train_quality": 0.4052936311000827,
      "val_loss": 29.071931435909544,
      "val_quality": 0.40540540540540543,
      "reg_loss": 14458.405042095237,
      "jitter": 5.0,
      "weight_norm_sq": 2885.3334478092597
    },
    {
      "step": 1,
      "train_loss": 1.1154370706950524e+34,
      "train_quality": 0.6708023159636063,
      "val_loss": 1.7404918704922521e+34,
      "val_quality": 0.6640926640926641,
      "reg_loss": 1.0286580224448615e+70,
      "jitter": 1.25,
      "weight_norm_sq": 8.229264179558892e+69
    },
    {
      "step": 2,
      "train_loss": 1.7960013633764277e+222,
      "train_quality": 0.7667493796526055,
      "val_loss": 2.6547601237582845e+222,
      "val_quality": 0.7297297297297297,
      "reg_loss": Infinity,
      "jitter": 0.3125,
      "weight_norm_sq": Infinity
    }
  ],
  "summary": {
    "run_id": "MPO2-L3-d8-jit5-seed42",
    "seed": 42,
    "model": "MPO2",
    "grid_params": {
      "model": "MPO2",
      "L": 3,
      "bond_dim": 8,
      "jitter_start": 5.0
    },
    "n_parameters": 7344,
    "train_loss": 1.7960013633764277e+222,
    "train_quality": 0.7667493796526055,
    "val_loss": 2.6547601237582845e+222,
    "val_quality": 0.7297297297297297,
    "test_loss": 2.2694448788269157e+222,
    "test_quality": 0.75,
    "success": true,
    "singular": true
  }
}