{
  "experiment_name": "ntn_hearth",
  "run_name": "MPO2_L3_d12_j5_s123",
  "config": {
    "output_site": 1,
    "init_strength": 0.01,
    "batch_size": 1024,
    "n_epochs": 15,
    "jitter_decay": 0.25,
    "adaptive_jitter": false,
    "patience": 4,
    "min_delta": 1e-06,
    "train_selection": true,
    "rank": 5,
    "seeds": [
      42,
      7,
      123,
      256,
      999
    ],
    "model": "MPO2",
    "L": 3,
    "bond_dim": 12,
    "jitter_start": 5.0
  },
  "hparams": {
    "seed": 123,
    "model": "MPO2",
    "dataset": "hearth",
    "n_parameters": 8184,
    "output_site": 1,
    "init_strength": 0.01,
    "batch_size": 1024,
    "n_epochs": 15,
    "jitter_decay": 0.25,
    "adaptive_jitter": false,
    "patience": 4,
    "min_delta": 1e-06,
    "train_selection": true,
    "rank": 5,
    "seeds": [
      42,
      7,
      123,
      256,
      999
    ],
    "L": 3,
    "bond_dim": 12,
    "jitter_start": 5.0
  },
  "metrics_log": [
    {
      "step": -1,
      "train_loss": 5.945073701997858,
      "train_quality": 0.20754716981132074,
      "val_loss": 7.9816662998955,
      "val_quality": 0.17777777777777778
    },
    {
      "step": 0,
      "train_loss": 169.41189837743912,
      "train_quality": 0.36792452830188677,
      "val_loss": 137.0901690522913,
      "val_quality": 0.35555555555555557,
      "reg_loss": 56971.24231245911,
      "jitter": 5.0,
      "weight_norm_sq": 11360.366082816334
    },
    {
      "step": 1,
      "train_loss": 86133089740686.36,
      "train_quality": 0.5283018867924528,
      "val_loss": 83102660015577.88,
      "val_quality": 0.4666666666666667,
      "reg_loss": 1.154983962200337e+28,
      "jitter": 1.25,
      "weight_norm_sq": 9.239871697602628e+27
    },
    {
      "step": 2,
      "train_loss": 8.775633304282244e+92,
      "train_quality": 0.5047169811320754,
      "val_loss": 6.599108309141269e+92,
      "val_quality": 0.5111111111111112,
      "reg_loss": 1.2401668315458427e+185,
      "jitter": 0.3125,
      "weight_norm_sq": 3.968533860946697e+185
    }
  ],
  "summary": {
    "run_id": "MPO2-L3-d12-jit5-seed123",
    "seed": 123,
    "model": "MPO2",
    "grid_params": {
      "model": "MPO2",
      "L": 3,
      "bond_dim": 12,
      "jitter_start": 5.0
    },
    "n_parameters": 8184,
    "train_loss": 8.775633304282244e+92,
    "train_quality": 0.5047169811320754,
    "val_loss": 6.599108309141269e+92,
    "val_quality": 0.5111111111111112,
    "test_loss": 6.983331129516667e+92,
    "test_quality": 0.5,
    "success": true,
    "singular": true
  }
}