{
  "experiment_name": "ntn_wine",
  "run_name": "MPO2_L3_d12_j5_s123",
  "config": {
    "output_site": 1,
    "init_strength": 0.01,
    "batch_size": 1024,
    "n_epochs": 15,
    "jitter_decay": 0.25,
    "adaptive_jitter": false,
    "patience": 4,
    "min_delta": 1e-06,
    "train_selection": true,
    "rank": 5,
    "seeds": [
      42,
      7,
      123,
      256,
      999
    ],
    "model": "MPO2",
    "L": 3,
    "bond_dim": 12,
    "jitter_start": 5.0
  },
  "hparams": {
    "seed": 123,
    "model": "MPO2",
    "dataset": "wine",
    "n_parameters": 5928,
    "output_site": 1,
    "init_strength": 0.01,
    "batch_size": 1024,
    "n_epochs": 15,
    "jitter_decay": 0.25,
    "adaptive_jitter": false,
    "patience": 4,
    "min_delta": 1e-06,
    "train_selection": true,
    "rank": 5,
    "seeds": [
      42,
      7,
      123,
      256,
      999
    ],
    "L": 3,
    "bond_dim": 12,
    "jitter_start": 5.0
  },
  "metrics_log": [
    {
      "step": -1,
      "train_loss": 9.240066275104173,
      "train_quality": 0.3629032258064516,
      "val_loss": 8.597938657821688,
      "val_quality": 0.2962962962962963
    },
    {
      "step": 0,
      "train_loss": 225.24997680731119,
      "train_quality": 0.532258064516129,
      "val_loss": 97.44861406036179,
      "val_quality": 0.5185185185185185,
      "reg_loss": 87974.85819609025,
      "jitter": 5.0,
      "weight_norm_sq": 17549.921643856585
    },
    {
      "step": 1,
      "train_loss": 3.875063223308433e+19,
      "train_quality": 0.6129032258064516,
      "val_loss": 1.7045901733319977e+19,
      "val_quality": 0.6296296296296295,
      "reg_loss": 1.0982924017918265e+39,
      "jitter": 1.25,
      "weight_norm_sq": 8.786339214334612e+38
    },
    {
      "step": 2,
      "train_loss": 6.530808648699839e+128,
      "train_quality": 0.41129032258064513,
      "val_loss": 2.9044757102024464e+128,
      "val_quality": 0.48148148148148145,
      "reg_loss": 7.729597934678724e+256,
      "jitter": 0.3125,
      "weight_norm_sq": 2.473471339097192e+257
    }
  ],
  "summary": {
    "run_id": "MPO2-L3-d12-jit5-seed123",
    "seed": 123,
    "model": "MPO2",
    "grid_params": {
      "model": "MPO2",
      "L": 3,
      "bond_dim": 12,
      "jitter_start": 5.0
    },
    "n_parameters": 5928,
    "train_loss": 3.875063223308433e+19,
    "train_quality": 0.6129032258064516,
    "val_loss": 1.7045901733319977e+19,
    "val_quality": 0.6296296296296295,
    "test_loss": 4.049940385337828e+19,
    "test_quality": 0.6296296296296295,
    "success": true,
    "singular": true
  }
}