{
  "experiment_name": "ntn_iris",
  "run_name": "MPO2_L3_d16_j5_s7",
  "config": {
    "output_site": 1,
    "init_strength": 0.01,
    "batch_size": 1024,
    "n_epochs": 15,
    "jitter_decay": 0.25,
    "adaptive_jitter": false,
    "patience": 4,
    "min_delta": 1e-06,
    "train_selection": true,
    "rank": 5,
    "seeds": [
      42,
      7,
      123,
      256,
      999
    ],
    "model": "MPO2",
    "L": 3,
    "bond_dim": 16,
    "jitter_start": 5.0
  },
  "hparams": {
    "seed": 7,
    "model": "MPO2",
    "dataset": "iris",
    "n_parameters": 3200,
    "output_site": 1,
    "init_strength": 0.01,
    "batch_size": 1024,
    "n_epochs": 15,
    "jitter_decay": 0.25,
    "adaptive_jitter": false,
    "patience": 4,
    "min_delta": 1e-06,
    "train_selection": true,
    "rank": 5,
    "seeds": [
      42,
      7,
      123,
      256,
      999
    ],
    "L": 3,
    "bond_dim": 16,
    "jitter_start": 5.0
  },
  "metrics_log": [
    {
      "step": -1,
      "train_loss": 2.0555236371408547,
      "train_quality": 0.33333333333333337,
      "val_loss": 2.7091126867984943,
      "val_quality": 0.18181818181818182
    },
    {
      "step": 0,
      "train_loss": 29.346663892414103,
      "train_quality": 0.4190476190476191,
      "val_loss": 32.41707820188981,
      "val_quality": 0.2272727272727273,
      "reg_loss": 8964.501385180798,
      "jitter": 5.0,
      "weight_norm_sq": 1787.0309442576765
    },
    {
      "step": 1,
      "train_loss": 1.3190004574712234e+21,
      "train_quality": 0.7428571428571429,
      "val_loss": 3.4910973178489124e+20,
      "val_quality": 0.8636363636363636,
      "reg_loss": 1.0812840937697655e+44,
      "jitter": 1.25,
      "weight_norm_sq": 8.650272750158123e+43
    },
    {
      "step": 2,
      "train_loss": 2.2652348395671604e+136,
      "train_quality": 0.6666666666666667,
      "val_loss": 4.156764512117279e+135,
      "val_quality": 0.8636363636363636,
      "reg_loss": 1.0930301234549003e+274,
      "jitter": 0.3125,
      "weight_norm_sq": 3.497696395055681e+274
    }
  ],
  "summary": {
    "run_id": "MPO2-L3-d16-jit5-seed7",
    "seed": 7,
    "model": "MPO2",
    "grid_params": {
      "model": "MPO2",
      "L": 3,
      "bond_dim": 16,
      "jitter_start": 5.0
    },
    "n_parameters": 3200,
    "train_loss": 1.3190004574712234e+21,
    "train_quality": 0.7428571428571429,
    "val_loss": 3.4910973178489124e+20,
    "val_quality": 0.8636363636363636,
    "test_loss": 2.3765861237473825e+21,
    "test_quality": 0.6521739130434783,
    "success": true,
    "singular": true
  }
}