{
  "experiment_name": "ntn_breast",
  "run_name": "MPO2TypeI_L4_d8_j5_s42",
  "config": {
    "init_strength": 0.01,
    "batch_size": 1024,
    "n_epochs": 15,
    "jitter_decay": 0.25,
    "adaptive_jitter": false,
    "patience": 4,
    "min_delta": 1e-06,
    "train_selection": true,
    "seeds": [
      42,
      7,
      123,
      256,
      999
    ],
    "model": "MPO2TypeI",
    "L": 4,
    "bond_dim": 8,
    "jitter_start": 5.0
  },
  "hparams": {
    "seed": 42,
    "model": "MPO2TypeI",
    "dataset": "breast",
    "n_parameters": 7980,
    "init_strength": 0.01,
    "batch_size": 1024,
    "n_epochs": 15,
    "jitter_decay": 0.25,
    "adaptive_jitter": false,
    "patience": 4,
    "min_delta": 1e-06,
    "train_selection": true,
    "seeds": [
      42,
      7,
      123,
      256,
      999
    ],
    "L": 4,
    "bond_dim": 8,
    "jitter_start": 5.0
  },
  "metrics_log": [
    {
      "step": -1,
      "train_loss": 0.6628238472356781,
      "train_quality": 0.864321608040201,
      "val_loss": 0.653801692000539,
      "val_quality": 0.9058823529411765
    },
    {
      "step": 0,
      "train_loss": 30.346906229890976,
      "train_quality": 0.8165829145728644,
      "val_loss": 29.550412909647758,
      "val_quality": 0.7647058823529411,
      "reg_loss": 30.346906229890976,
      "jitter": 5.0
    },
    {
      "step": 1,
      "train_loss": 6.406603583357184e+88,
      "train_quality": 0.7311557788944724,
      "val_loss": 1.984104035517319e+88,
      "val_quality": 0.6823529411764706,
      "reg_loss": 6.406603583357184e+88,
      "jitter": 1.25
    }
  ],
  "summary": {
    "run_id": "MPO2TypeI-L4-d8-jit5-seed42",
    "seed": 42,
    "model": "MPO2TypeI",
    "grid_params": {
      "model": "MPO2TypeI",
      "L": 4,
      "bond_dim": 8,
      "jitter_start": 5.0
    },
    "n_parameters": 7980,
    "train_loss": null,
    "train_quality": null,
    "val_loss": null,
    "val_quality": null,
    "test_loss": 0.6610665615641591,
    "test_quality": 0.9186046511627907,
    "success": true,
    "singular": true,
    "singular_epoch": 3
  }
}