{
  "experiment_name": "ntn_student_dropout",
  "run_name": "MPO2_L3_d16_j5_s999",
  "config": {
    "init_strength": 0.01,
    "batch_size": 512,
    "n_epochs": 100,
    "jitter_decay": 0.25,
    "adaptive_jitter": false,
    "patience": 10,
    "min_delta": 1e-05,
    "train_selection": true,
    "seeds": [
      42,
      7,
      123,
      256,
      999
    ],
    "model": "MPO2",
    "L": 3,
    "bond_dim": 16,
    "jitter_start": 5.0
  },
  "hparams": {
    "seed": 999,
    "model": "MPO2",
    "dataset": "student_dropout",
    "n_parameters": 11520,
    "init_strength": 0.01,
    "batch_size": 512,
    "n_epochs": 100,
    "jitter_decay": 0.25,
    "adaptive_jitter": false,
    "patience": 10,
    "min_delta": 1e-05,
    "train_selection": true,
    "seeds": [
      42,
      7,
      123,
      256,
      999
    ],
    "L": 3,
    "bond_dim": 16,
    "jitter_start": 5.0
  },
  "metrics_log": [
    {
      "step": -1,
      "train_loss": 238.1575022379801,
      "train_quality": 0.34043927648578814,
      "val_loss": 269.986784265873,
      "val_quality": 0.355421686746988
    },
    {
      "step": 0,
      "train_loss": 87548032906.7447,
      "train_quality": 0.3155684754521964,
      "val_loss": 92244947813.93176,
      "val_quality": 0.3358433734939759,
      "reg_loss": 1.8353894012387754e+19,
      "jitter": 5.0,
      "weight_norm_sq": 3.670778784967944e+18
    },
    {
      "step": 1,
      "train_loss": 6.45052417050139e+79,
      "train_quality": 0.3472222222222222,
      "val_loss": 7.069595905535056e+79,
      "val_quality": 0.3674698795180723,
      "reg_loss": 2.2733451994803274e+156,
      "jitter": 1.25,
      "weight_norm_sq": 1.818676159584262e+156
    }
  ],
  "summary": {
    "run_id": "MPO2-L3-d16-jit5-seed999",
    "seed": 999,
    "model": "MPO2",
    "grid_params": {
      "model": "MPO2",
      "L": 3,
      "bond_dim": 16,
      "jitter_start": 5.0
    },
    "n_parameters": 11520,
    "train_loss": null,
    "train_quality": null,
    "val_loss": null,
    "val_quality": null,
    "test_loss": 6.5643121769435e+79,
    "test_quality": 0.34036144578313254,
    "success": true,
    "singular": true,
    "singular_epoch": 3
  }
}