{
  "experiment_name": "ntn_bank",
  "run_name": "MPO2_L3_d8_j0.1_s7",
  "config": {
    "output_site": 1,
    "init_strength": 0.01,
    "batch_size": 1024,
    "n_epochs": 15,
    "jitter_decay": 0.25,
    "adaptive_jitter": false,
    "patience": 4,
    "min_delta": 1e-06,
    "train_selection": true,
    "rank": 5,
    "seeds": [
      42,
      7,
      123,
      256,
      999
    ],
    "model": "MPO2",
    "L": 3,
    "bond_dim": 8,
    "jitter_start": 0.1
  },
  "hparams": {
    "seed": 7,
    "model": "MPO2",
    "dataset": "bank",
    "n_parameters": 4752,
    "output_site": 1,
    "init_strength": 0.01,
    "batch_size": 1024,
    "n_epochs": 15,
    "jitter_decay": 0.25,
    "adaptive_jitter": false,
    "patience": 4,
    "min_delta": 1e-06,
    "train_selection": true,
    "rank": 5,
    "seeds": [
      42,
      7,
      123,
      256,
      999
    ],
    "L": 3,
    "bond_dim": 8,
    "jitter_start": 0.1
  },
  "metrics_log": [
    {
      "step": -1,
      "train_loss": 14.835486087325904,
      "train_quality": 0.6570922994280659,
      "val_loss": 22.21662743606314,
      "val_quality": 0.6598348569743439
    },
    {
      "step": 0,
      "train_loss": 639921366147571.8,
      "train_quality": 0.403640155464973,
      "val_loss": 1597979343096117.8,
      "val_quality": 0.41138307283987025,
      "reg_loss": 1.2597835360398716e+28,
      "jitter": 0.1,
      "weight_norm_sq": 1.2597835360398075e+29
    },
    {
      "step": 1,
      "train_loss": 2.3439743723279774e+124,
      "train_quality": 0.3613612664707555,
      "val_loss": 5.1889665269307e+124,
      "val_quality": 0.36818047773518137,
      "reg_loss": 5.931346031324311e+246,
      "jitter": 0.025,
      "weight_norm_sq": 2.3725384125297243e+248
    }
  ],
  "summary": {
    "run_id": "MPO2-L3-d8-jit0.1-seed7",
    "seed": 7,
    "model": "MPO2",
    "grid_params": {
      "model": "MPO2",
      "L": 3,
      "bond_dim": 8,
      "jitter_start": 0.1
    },
    "n_parameters": 4752,
    "train_loss": 14.835486087325904,
    "train_quality": 0.6570922994280659,
    "val_loss": 22.21662743606314,
    "val_quality": 0.6598348569743439,
    "test_loss": 14.123244180070056,
    "test_quality": 0.6635210852255972,
    "success": true,
    "singular": true
  }
}