{
  "experiment_name": "ntn_iris",
  "run_name": "MPO2_L3_d12_j5_s999",
  "config": {
    "init_strength": 0.01,
    "batch_size": 1024,
    "n_epochs": 15,
    "jitter_decay": 0.25,
    "adaptive_jitter": false,
    "patience": 4,
    "min_delta": 1e-06,
    "train_selection": true,
    "seeds": [
      42,
      7,
      123,
      256,
      999
    ],
    "model": "MPO2",
    "L": 3,
    "bond_dim": 12,
    "jitter_start": 5.0
  },
  "hparams": {
    "seed": 999,
    "model": "MPO2",
    "dataset": "iris",
    "n_parameters": 768,
    "init_strength": 0.01,
    "batch_size": 1024,
    "n_epochs": 15,
    "jitter_decay": 0.25,
    "adaptive_jitter": false,
    "patience": 4,
    "min_delta": 1e-06,
    "train_selection": true,
    "seeds": [
      42,
      7,
      123,
      256,
      999
    ],
    "L": 3,
    "bond_dim": 12,
    "jitter_start": 5.0
  },
  "metrics_log": [
    {
      "step": -1,
      "train_loss": 4.64680684209192,
      "train_quality": 0.12380952380952381,
      "val_loss": 6.696428869966813,
      "val_quality": 0.045454545454545456
    },
    {
      "step": 0,
      "train_loss": 3937420.9094006578,
      "train_quality": 0.12380952380952381,
      "val_loss": 7319403.7614556225,
      "val_quality": 0.045454545454545456,
      "reg_loss": 2948552104570.4346,
      "jitter": 5.0,
      "weight_norm_sq": 589709633429.905
    },
    {
      "step": 1,
      "train_loss": 3.8317584562983963e+59,
      "train_quality": 0.0761904761904762,
      "val_loss": 6.193533355815198e+59,
      "val_quality": 0.0,
      "reg_loss": 3.362270059901591e+117,
      "jitter": 1.25,
      "weight_norm_sq": 2.689816047921273e+117
    },
    {
      "step": 2,
      "train_loss": NaN,
      "train_quality": 0.29523809523809524,
      "val_loss": NaN,
      "val_quality": 0.5909090909090909,
      "reg_loss": NaN,
      "jitter": 0.3125,
      "weight_norm_sq": Infinity
    }
  ],
  "summary": {
    "run_id": "MPO2-L3-d12-jit5-seed999",
    "seed": 999,
    "model": "MPO2",
    "grid_params": {
      "model": "MPO2",
      "L": 3,
      "bond_dim": 12,
      "jitter_start": 5.0
    },
    "n_parameters": 768,
    "train_loss": null,
    "train_quality": null,
    "val_loss": null,
    "val_quality": null,
    "test_loss": NaN,
    "test_quality": 0.2608695652173913,
    "success": true,
    "singular": true,
    "singular_epoch": 4
  }
}