{
  "experiment_name": "ntn_breast",
  "run_name": "MPO2TypeI_L4_d8_j0.1_s42",
  "config": {
    "init_strength": 0.01,
    "batch_size": 1024,
    "n_epochs": 15,
    "jitter_decay": 0.25,
    "adaptive_jitter": false,
    "patience": 4,
    "min_delta": 1e-06,
    "train_selection": true,
    "seeds": [
      42,
      7,
      123,
      256,
      999
    ],
    "model": "MPO2TypeI",
    "L": 4,
    "bond_dim": 8,
    "jitter_start": 0.1
  },
  "hparams": {
    "seed": 42,
    "model": "MPO2TypeI",
    "dataset": "breast",
    "n_parameters": 7980,
    "init_strength": 0.01,
    "batch_size": 1024,
    "n_epochs": 15,
    "jitter_decay": 0.25,
    "adaptive_jitter": false,
    "patience": 4,
    "min_delta": 1e-06,
    "train_selection": true,
    "seeds": [
      42,
      7,
      123,
      256,
      999
    ],
    "L": 4,
    "bond_dim": 8,
    "jitter_start": 0.1
  },
  "metrics_log": [
    {
      "step": -1,
      "train_loss": 0.6628238472356781,
      "train_quality": 0.864321608040201,
      "val_loss": 0.653801692000539,
      "val_quality": 0.9058823529411765
    },
    {
      "step": 0,
      "train_loss": 0.03647867406346851,
      "train_quality": 0.9974874371859297,
      "val_loss": 0.6358446575236811,
      "val_quality": 0.9294117647058824,
      "reg_loss": 0.03647867406346851,
      "jitter": 0.1
    },
    {
      "step": 1,
      "train_loss": 1.309509652874707e+22,
      "train_quality": 0.4271356783919598,
      "val_loss": 1.5382900980406932e+22,
      "val_quality": 0.4235294117647059,
      "reg_loss": 1.309509652874707e+22,
      "jitter": 0.025
    },
    {
      "step": 2,
      "train_loss": 2.5809626352150616e+242,
      "train_quality": 0.3768844221105528,
      "val_loss": 3.6205655227054506e+241,
      "val_quality": 0.38823529411764707,
      "reg_loss": 2.5809626352150616e+242,
      "jitter": 0.00625
    }
  ],
  "summary": {
    "run_id": "MPO2TypeI-L4-d8-jit0.1-seed42",
    "seed": 42,
    "model": "MPO2TypeI",
    "grid_params": {
      "model": "MPO2TypeI",
      "L": 4,
      "bond_dim": 8,
      "jitter_start": 0.1
    },
    "n_parameters": 7980,
    "train_loss": null,
    "train_quality": null,
    "val_loss": null,
    "val_quality": null,
    "test_loss": 1.5764571578038644,
    "test_quality": 0.9651162790697674,
    "success": true,
    "singular": true,
    "singular_epoch": 4
  }
}