{
  "experiment_name": "ntn_iris",
  "run_name": "MPO2_L3_d16_j0.1_s7",
  "config": {
    "output_site": 1,
    "init_strength": 0.01,
    "batch_size": 1024,
    "n_epochs": 15,
    "jitter_decay": 0.25,
    "adaptive_jitter": false,
    "patience": 4,
    "min_delta": 1e-06,
    "train_selection": true,
    "rank": 5,
    "seeds": [
      42,
      7,
      123,
      256,
      999
    ],
    "model": "MPO2",
    "L": 3,
    "bond_dim": 16,
    "jitter_start": 0.1
  },
  "hparams": {
    "seed": 7,
    "model": "MPO2",
    "dataset": "iris",
    "n_parameters": 3200,
    "output_site": 1,
    "init_strength": 0.01,
    "batch_size": 1024,
    "n_epochs": 15,
    "jitter_decay": 0.25,
    "adaptive_jitter": false,
    "patience": 4,
    "min_delta": 1e-06,
    "train_selection": true,
    "rank": 5,
    "seeds": [
      42,
      7,
      123,
      256,
      999
    ],
    "L": 3,
    "bond_dim": 16,
    "jitter_start": 0.1
  },
  "metrics_log": [
    {
      "step": -1,
      "train_loss": 2.0555236371408547,
      "train_quality": 0.33333333333333337,
      "val_loss": 2.7091126867984943,
      "val_quality": 0.18181818181818182
    },
    {
      "step": 0,
      "train_loss": 6.904314066548798e+287,
      "train_quality": 0.6285714285714287,
      "val_loss": 8.430925385492398e+287,
      "val_quality": 0.5454545454545454,
      "reg_loss": NaN,
      "jitter": 0.1,
      "weight_norm_sq": NaN
    }
  ],
  "summary": {
    "run_id": "MPO2-L3-d16-jit0.1-seed7",
    "seed": 7,
    "model": "MPO2",
    "grid_params": {
      "model": "MPO2",
      "L": 3,
      "bond_dim": 16,
      "jitter_start": 0.1
    },
    "n_parameters": 3200,
    "train_loss": 6.904314066548798e+287,
    "train_quality": 0.6285714285714287,
    "val_loss": 8.430925385492398e+287,
    "val_quality": 0.5454545454545454,
    "test_loss": 3.63191599839093e+287,
    "test_quality": 0.6521739130434783,
    "success": true,
    "singular": true
  }
}