{
  "experiment_name": "ntn_hearth",
  "run_name": "MPO2_L3_d16_j0.1_s42",
  "config": {
    "init_strength": 0.01,
    "batch_size": 1024,
    "n_epochs": 15,
    "jitter_decay": 0.25,
    "adaptive_jitter": false,
    "patience": 4,
    "min_delta": 1e-06,
    "train_selection": true,
    "seeds": [
      42,
      7,
      123,
      256,
      999
    ],
    "model": "MPO2",
    "L": 3,
    "bond_dim": 16,
    "jitter_start": 0.1
  },
  "hparams": {
    "seed": 42,
    "model": "MPO2",
    "dataset": "hearth",
    "n_parameters": 3872,
    "init_strength": 0.01,
    "batch_size": 1024,
    "n_epochs": 15,
    "jitter_decay": 0.25,
    "adaptive_jitter": false,
    "patience": 4,
    "min_delta": 1e-06,
    "train_selection": true,
    "seeds": [
      42,
      7,
      123,
      256,
      999
    ],
    "L": 3,
    "bond_dim": 16,
    "jitter_start": 0.1
  },
  "metrics_log": [
    {
      "step": -1,
      "train_loss": 39.82804460624224,
      "train_quality": 0.14622641509433962,
      "val_loss": 41.790098620116915,
      "val_quality": 0.13333333333333333
    },
    {
      "step": 0,
      "train_loss": 14114072226539.89,
      "train_quality": 0.1320754716981132,
      "val_loss": 11623406856829.686,
      "val_quality": 0.17777777777777778,
      "reg_loss": 7.965642350034762e+23,
      "jitter": 0.1,
      "weight_norm_sq": 7.96564234989362e+24
    },
    {
      "step": 1,
      "train_loss": 3.173616403341013e+96,
      "train_quality": 0.1509433962264151,
      "val_loss": 2.43530541715346e+96,
      "val_quality": 0.15555555555555556,
      "reg_loss": 5.720149360128587e+189,
      "jitter": 0.025,
      "weight_norm_sq": 2.2880597440514345e+191
    }
  ],
  "summary": {
    "run_id": "MPO2-L3-d16-jit0.1-seed42",
    "seed": 42,
    "model": "MPO2",
    "grid_params": {
      "model": "MPO2",
      "L": 3,
      "bond_dim": 16,
      "jitter_start": 0.1
    },
    "n_parameters": 3872,
    "train_loss": null,
    "train_quality": null,
    "val_loss": null,
    "val_quality": null,
    "test_loss": 13101310335429.533,
    "test_quality": 0.021739130434782608,
    "success": true,
    "singular": true,
    "singular_epoch": 3
  }
}