{
  "experiment_name": "ntn_mushrooms",
  "run_name": "MPO2_L3_d8_j5_s7",
  "config": {
    "output_site": 1,
    "init_strength": 0.01,
    "batch_size": 1024,
    "n_epochs": 15,
    "jitter_decay": 0.25,
    "adaptive_jitter": false,
    "patience": 4,
    "min_delta": 1e-06,
    "train_selection": true,
    "rank": 5,
    "seeds": [
      42,
      7,
      123,
      256,
      999
    ],
    "model": "MPO2",
    "L": 3,
    "bond_dim": 8,
    "jitter_start": 5.0
  },
  "hparams": {
    "seed": 7,
    "model": "MPO2",
    "dataset": "mushrooms",
    "n_parameters": 7200,
    "output_site": 1,
    "init_strength": 0.01,
    "batch_size": 1024,
    "n_epochs": 15,
    "jitter_decay": 0.25,
    "adaptive_jitter": false,
    "patience": 4,
    "min_delta": 1e-06,
    "train_selection": true,
    "rank": 5,
    "seeds": [
      42,
      7,
      123,
      256,
      999
    ],
    "L": 3,
    "bond_dim": 8,
    "jitter_start": 5.0
  },
  "metrics_log": [
    {
      "step": -1,
      "train_loss": 7.232934463174434,
      "train_quality": 0.5068589518114668,
      "val_loss": 6.461617811368494,
      "val_quality": 0.524200164068909
    },
    {
      "step": 0,
      "train_loss": 14286.646339982693,
      "train_quality": 0.21983819908547308,
      "val_loss": 13837.880679577083,
      "val_quality": 0.23379819524200166,
      "reg_loss": 43992606.83838397,
      "jitter": 5.0,
      "weight_norm_sq": 8795664.038408797
    },
    {
      "step": 1,
      "train_loss": 2.01411499883847e+82,
      "train_quality": 0.5189940204009849,
      "val_loss": 2.0067651439958013e+82,
      "val_quality": 0.5217391304347826,
      "reg_loss": 2.406987968717456e+162,
      "jitter": 1.25,
      "weight_norm_sq": 1.925590374973965e+162
    }
  ],
  "summary": {
    "run_id": "MPO2-L3-d8-jit5-seed7",
    "seed": 7,
    "model": "MPO2",
    "grid_params": {
      "model": "MPO2",
      "L": 3,
      "bond_dim": 8,
      "jitter_start": 5.0
    },
    "n_parameters": 7200,
    "train_loss": 7.232934463174434,
    "train_quality": 0.5068589518114668,
    "val_loss": 6.461617811368494,
    "val_quality": 0.524200164068909,
    "test_loss": 7.406030946765981,
    "test_quality": 0.5028712059064807,
    "success": true,
    "singular": true
  }
}