{
  "experiment_name": "ntn_student_dropout",
  "run_name": "MPO2_L3_d12_j5_s42",
  "config": {
    "init_strength": 0.01,
    "batch_size": 1024,
    "n_epochs": 15,
    "jitter_decay": 0.25,
    "adaptive_jitter": false,
    "patience": 4,
    "min_delta": 1e-06,
    "train_selection": true,
    "seeds": [
      42,
      7,
      123,
      256,
      999
    ],
    "model": "MPO2",
    "L": 3,
    "bond_dim": 12,
    "jitter_start": 5.0
  },
  "hparams": {
    "seed": 42,
    "model": "MPO2",
    "dataset": "student_dropout",
    "n_parameters": 6912,
    "init_strength": 0.01,
    "batch_size": 1024,
    "n_epochs": 15,
    "jitter_decay": 0.25,
    "adaptive_jitter": false,
    "patience": 4,
    "min_delta": 1e-06,
    "train_selection": true,
    "seeds": [
      42,
      7,
      123,
      256,
      999
    ],
    "L": 3,
    "bond_dim": 12,
    "jitter_start": 5.0
  },
  "metrics_log": [
    {
      "step": -1,
      "train_loss": 187.7794588882477,
      "train_quality": 0.35174418604651164,
      "val_loss": 204.25164778124264,
      "val_quality": 0.3358433734939759
    },
    {
      "step": 0,
      "train_loss": 22154821.056843825,
      "train_quality": 0.24127906976744187,
      "val_loss": 25475078.435792636,
      "val_quality": 0.21987951807228917,
      "reg_loss": 1844550737190.8293,
      "jitter": 5.0,
      "weight_norm_sq": 368905716473.95447
    },
    {
      "step": 1,
      "train_loss": 4.0864585551062034e+42,
      "train_quality": 0.20381136950904394,
      "val_loss": 4.4328914336127524e+42,
      "val_quality": 0.20783132530120482,
      "reg_loss": 1.2485250957836274e+82,
      "jitter": 1.25,
      "weight_norm_sq": 9.98820076626902e+81
    },
    {
      "step": 2,
      "train_loss": 5.580373821743365e+271,
      "train_quality": 0.1960594315245478,
      "val_loss": 6.0113044326139525e+271,
      "val_quality": 0.20783132530120482,
      "reg_loss": NaN,
      "jitter": 0.3125,
      "weight_norm_sq": NaN
    }
  ],
  "summary": {
    "run_id": "MPO2-L3-d12-jit5-seed42",
    "seed": 42,
    "model": "MPO2",
    "grid_params": {
      "model": "MPO2",
      "L": 3,
      "bond_dim": 12,
      "jitter_start": 5.0
    },
    "n_parameters": 6912,
    "train_loss": null,
    "train_quality": null,
    "val_loss": null,
    "val_quality": null,
    "test_loss": 191.809932621458,
    "test_quality": 0.3795180722891566,
    "success": true,
    "singular": true,
    "singular_epoch": 4
  }
}