{
  "experiment_name": "ntn_hearth",
  "run_name": "MPO2_L3_d16_j0.1_s7",
  "config": {
    "init_strength": 0.01,
    "batch_size": 1024,
    "n_epochs": 15,
    "jitter_decay": 0.25,
    "adaptive_jitter": false,
    "patience": 4,
    "min_delta": 1e-06,
    "train_selection": true,
    "seeds": [
      42,
      7,
      123,
      256,
      999
    ],
    "model": "MPO2",
    "L": 3,
    "bond_dim": 16,
    "jitter_start": 0.1
  },
  "hparams": {
    "seed": 7,
    "model": "MPO2",
    "dataset": "hearth",
    "n_parameters": 3872,
    "init_strength": 0.01,
    "batch_size": 1024,
    "n_epochs": 15,
    "jitter_decay": 0.25,
    "adaptive_jitter": false,
    "patience": 4,
    "min_delta": 1e-06,
    "train_selection": true,
    "seeds": [
      42,
      7,
      123,
      256,
      999
    ],
    "L": 3,
    "bond_dim": 16,
    "jitter_start": 0.1
  },
  "metrics_log": [
    {
      "step": -1,
      "train_loss": 37.80516883038817,
      "train_quality": 0.10377358490566037,
      "val_loss": 50.37913467966506,
      "val_quality": 0.17777777777777778
    },
    {
      "step": 0,
      "train_loss": 394901527924.39557,
      "train_quality": 0.14622641509433962,
      "val_loss": 310124129700.1417,
      "val_quality": 0.15555555555555556,
      "reg_loss": 4.931656570133036e+20,
      "jitter": 0.1,
      "weight_norm_sq": 4.931656566184021e+21
    },
    {
      "step": 1,
      "train_loss": 8.407587966144078e+87,
      "train_quality": 0.1650943396226415,
      "val_loss": 6.437813573959567e+87,
      "val_quality": 0.15555555555555556,
      "reg_loss": 3.91166254401792e+172,
      "jitter": 0.025,
      "weight_norm_sq": 1.5646650176071679e+174
    }
  ],
  "summary": {
    "run_id": "MPO2-L3-d16-jit0.1-seed7",
    "seed": 7,
    "model": "MPO2",
    "grid_params": {
      "model": "MPO2",
      "L": 3,
      "bond_dim": 16,
      "jitter_start": 0.1
    },
    "n_parameters": 3872,
    "train_loss": null,
    "train_quality": null,
    "val_loss": null,
    "val_quality": null,
    "test_loss": 47.96473721831298,
    "test_quality": 0.13043478260869565,
    "success": true,
    "singular": true,
    "singular_epoch": 3
  }
}