{
  "experiment_name": "ntn_iris",
  "run_name": "MPO2_L3_d16_j0.1_s999",
  "config": {
    "output_site": 1,
    "init_strength": 0.01,
    "batch_size": 1024,
    "n_epochs": 15,
    "jitter_decay": 0.25,
    "adaptive_jitter": false,
    "patience": 4,
    "min_delta": 1e-06,
    "train_selection": true,
    "rank": 5,
    "seeds": [
      42,
      7,
      123,
      256,
      999
    ],
    "model": "MPO2",
    "L": 3,
    "bond_dim": 16,
    "jitter_start": 0.1
  },
  "hparams": {
    "seed": 999,
    "model": "MPO2",
    "dataset": "iris",
    "n_parameters": 3200,
    "output_site": 1,
    "init_strength": 0.01,
    "batch_size": 1024,
    "n_epochs": 15,
    "jitter_decay": 0.25,
    "adaptive_jitter": false,
    "patience": 4,
    "min_delta": 1e-06,
    "train_selection": true,
    "rank": 5,
    "seeds": [
      42,
      7,
      123,
      256,
      999
    ],
    "L": 3,
    "bond_dim": 16,
    "jitter_start": 0.1
  },
  "metrics_log": [
    {
      "step": -1,
      "train_loss": 2.536337599253913,
      "train_quality": 0.13333333333333336,
      "val_loss": 2.2525726550618317,
      "val_quality": 0.045454545454545456
    },
    {
      "step": 0,
      "train_loss": 17964679313395.074,
      "train_quality": 0.6571428571428573,
      "val_loss": 855385440254.6487,
      "val_quality": 0.8636363636363636,
      "reg_loss": 1.0818349964184238e+27,
      "jitter": 0.1,
      "weight_norm_sq": 1.0818349964184057e+28
    },
    {
      "step": 1,
      "train_loss": 4.8907288137209103e+95,
      "train_quality": 0.4761904761904762,
      "val_loss": 6.715316306090806e+95,
      "val_quality": 0.5909090909090909,
      "reg_loss": 3.490925171284442e+190,
      "jitter": 0.025,
      "weight_norm_sq": 1.3963700685137767e+192
    }
  ],
  "summary": {
    "run_id": "MPO2-L3-d16-jit0.1-seed999",
    "seed": 999,
    "model": "MPO2",
    "grid_params": {
      "model": "MPO2",
      "L": 3,
      "bond_dim": 16,
      "jitter_start": 0.1
    },
    "n_parameters": 3200,
    "train_loss": 17964679313395.074,
    "train_quality": 0.6571428571428573,
    "val_loss": 855385440254.6487,
    "val_quality": 0.8636363636363636,
    "test_loss": 6555416606604.4795,
    "test_quality": 0.5652173913043478,
    "success": true,
    "singular": true
  }
}