{
  "experiment_name": "ntn_iris",
  "run_name": "MPO2_L3_d12_j5_s256",
  "config": {
    "init_strength": 0.01,
    "batch_size": 1024,
    "n_epochs": 15,
    "jitter_decay": 0.25,
    "adaptive_jitter": false,
    "patience": 4,
    "min_delta": 1e-06,
    "train_selection": true,
    "seeds": [
      42,
      7,
      123,
      256,
      999
    ],
    "model": "MPO2",
    "L": 3,
    "bond_dim": 12,
    "jitter_start": 5.0
  },
  "hparams": {
    "seed": 256,
    "model": "MPO2",
    "dataset": "iris",
    "n_parameters": 768,
    "init_strength": 0.01,
    "batch_size": 1024,
    "n_epochs": 15,
    "jitter_decay": 0.25,
    "adaptive_jitter": false,
    "patience": 4,
    "min_delta": 1e-06,
    "train_selection": true,
    "seeds": [
      42,
      7,
      123,
      256,
      999
    ],
    "L": 3,
    "bond_dim": 12,
    "jitter_start": 5.0
  },
  "metrics_log": [
    {
      "step": -1,
      "train_loss": 6.917996629159187,
      "train_quality": 0.2571428571428572,
      "val_loss": 8.353097625276405,
      "val_quality": 0.3181818181818182
    },
    {
      "step": 0,
      "train_loss": 115.6985111887179,
      "train_quality": 0.1523809523809524,
      "val_loss": 199.4056373508507,
      "val_quality": 0.18181818181818182,
      "reg_loss": 7704.048838139125,
      "jitter": 5.0,
      "weight_norm_sq": 1517.6700653900814
    },
    {
      "step": 1,
      "train_loss": 5.078708232573125e+17,
      "train_quality": 0.12380952380952381,
      "val_loss": 7.887080387274724e+17,
      "val_quality": 0.18181818181818182,
      "reg_loss": 5.0507026962639275e+34,
      "jitter": 1.25,
      "weight_norm_sq": 4.040562157011142e+34
    },
    {
      "step": 2,
      "train_loss": 6.389675343326515e+112,
      "train_quality": 0.2761904761904762,
      "val_loss": 8.22074374176502e+112,
      "val_quality": 0.2272727272727273,
      "reg_loss": 3.0234011886721756e+224,
      "jitter": 0.3125,
      "weight_norm_sq": 9.674883803750962e+224
    }
  ],
  "summary": {
    "run_id": "MPO2-L3-d12-jit5-seed256",
    "seed": 256,
    "model": "MPO2",
    "grid_params": {
      "model": "MPO2",
      "L": 3,
      "bond_dim": 12,
      "jitter_start": 5.0
    },
    "n_parameters": 768,
    "train_loss": null,
    "train_quality": null,
    "val_loss": null,
    "val_quality": null,
    "test_loss": 16.08558878747769,
    "test_quality": 0.30434782608695654,
    "success": true,
    "singular": true,
    "singular_epoch": 4
  }
}