{
  "experiment_name": "ntn_iris",
  "run_name": "MPO2_L3_d12_j0.1_s7",
  "config": {
    "init_strength": 0.01,
    "batch_size": 1024,
    "n_epochs": 15,
    "jitter_decay": 0.25,
    "adaptive_jitter": false,
    "patience": 4,
    "min_delta": 1e-06,
    "train_selection": true,
    "seeds": [
      42,
      7,
      123,
      256,
      999
    ],
    "model": "MPO2",
    "L": 3,
    "bond_dim": 12,
    "jitter_start": 0.1
  },
  "hparams": {
    "seed": 7,
    "model": "MPO2",
    "dataset": "iris",
    "n_parameters": 768,
    "init_strength": 0.01,
    "batch_size": 1024,
    "n_epochs": 15,
    "jitter_decay": 0.25,
    "adaptive_jitter": false,
    "patience": 4,
    "min_delta": 1e-06,
    "train_selection": true,
    "seeds": [
      42,
      7,
      123,
      256,
      999
    ],
    "L": 3,
    "bond_dim": 12,
    "jitter_start": 0.1
  },
  "metrics_log": [
    {
      "step": -1,
      "train_loss": 1.3663226410576121,
      "train_quality": 0.6476190476190476,
      "val_loss": 0.8082126902493314,
      "val_quality": 0.7272727272727273
    },
    {
      "step": 0,
      "train_loss": 2436439.222502669,
      "train_quality": 0.33333333333333337,
      "val_loss": 2267810.8235044884,
      "val_quality": 0.2727272727272727,
      "reg_loss": 138998690621.20816,
      "jitter": 0.1,
      "weight_norm_sq": 1389962541819.8564
    },
    {
      "step": 1,
      "train_loss": 6.115080855779923e+80,
      "train_quality": 0.13333333333333336,
      "val_loss": 5.905619353709558e+80,
      "val_quality": 0.2272727272727273,
      "reg_loss": 6.169457281041187e+158,
      "jitter": 0.025,
      "weight_norm_sq": 2.4677829124164745e+160
    }
  ],
  "summary": {
    "run_id": "MPO2-L3-d12-jit0.1-seed7",
    "seed": 7,
    "model": "MPO2",
    "grid_params": {
      "model": "MPO2",
      "L": 3,
      "bond_dim": 12,
      "jitter_start": 0.1
    },
    "n_parameters": 768,
    "train_loss": null,
    "train_quality": null,
    "val_loss": null,
    "val_quality": null,
    "test_loss": 0.9573838651298997,
    "test_quality": 0.6086956521739131,
    "success": true,
    "singular": true,
    "singular_epoch": 3
  }
}