{
  "experiment_name": "ntn_wine",
  "run_name": "MPO2_L4_d12_j0.1_s7",
  "config": {
    "output_site": 1,
    "init_strength": 0.01,
    "batch_size": 1024,
    "n_epochs": 15,
    "jitter_decay": 0.25,
    "adaptive_jitter": false,
    "patience": 4,
    "min_delta": 1e-06,
    "train_selection": true,
    "rank": 5,
    "seeds": [
      42,
      7,
      123,
      256,
      999
    ],
    "model": "MPO2",
    "L": 4,
    "bond_dim": 12,
    "jitter_start": 0.1
  },
  "hparams": {
    "seed": 7,
    "model": "MPO2",
    "dataset": "wine",
    "n_parameters": 7800,
    "output_site": 1,
    "init_strength": 0.01,
    "batch_size": 1024,
    "n_epochs": 15,
    "jitter_decay": 0.25,
    "adaptive_jitter": false,
    "patience": 4,
    "min_delta": 1e-06,
    "train_selection": true,
    "rank": 5,
    "seeds": [
      42,
      7,
      123,
      256,
      999
    ],
    "L": 4,
    "bond_dim": 12,
    "jitter_start": 0.1
  },
  "metrics_log": [
    {
      "step": -1,
      "train_loss": 41.18776649795329,
      "train_quality": 0.3548387096774194,
      "val_loss": 39.46295658209481,
      "val_quality": 0.2222222222222222
    },
    {
      "step": 0,
      "train_loss": 1.4961655298175189e+99,
      "train_quality": 0.3064516129032258,
      "val_loss": 1.404163763374142e+99,
      "val_quality": 0.2222222222222222,
      "reg_loss": 7.951541983391635e+194,
      "jitter": 0.1,
      "weight_norm_sq": 7.951541983391633e+195
    }
  ],
  "summary": {
    "run_id": "MPO2-L4-d12-jit0.1-seed7",
    "seed": 7,
    "model": "MPO2",
    "grid_params": {
      "model": "MPO2",
      "L": 4,
      "bond_dim": 12,
      "jitter_start": 0.1
    },
    "n_parameters": 7800,
    "train_loss": 41.18776649795329,
    "train_quality": 0.3548387096774194,
    "val_loss": 39.46295658209481,
    "val_quality": 0.2222222222222222,
    "test_loss": 29.44974037862854,
    "test_quality": 0.4074074074074074,
    "success": true,
    "singular": true
  }
}