{
  "experiment_name": "ntn_car_evaluation",
  "run_name": "MPO2_L3_d12_j5_s999",
  "config": {
    "init_strength": 0.01,
    "batch_size": 1024,
    "n_epochs": 15,
    "jitter_decay": 0.25,
    "adaptive_jitter": false,
    "patience": 4,
    "min_delta": 1e-06,
    "train_selection": true,
    "seeds": [
      42,
      7,
      123,
      256,
      999
    ],
    "model": "MPO2",
    "L": 3,
    "bond_dim": 12,
    "jitter_start": 5.0
  },
  "hparams": {
    "seed": 999,
    "model": "MPO2",
    "dataset": "car_evaluation",
    "n_parameters": 5508,
    "init_strength": 0.01,
    "batch_size": 1024,
    "n_epochs": 15,
    "jitter_decay": 0.25,
    "adaptive_jitter": false,
    "patience": 4,
    "min_delta": 1e-06,
    "train_selection": true,
    "seeds": [
      42,
      7,
      123,
      256,
      999
    ],
    "L": 3,
    "bond_dim": 12,
    "jitter_start": 5.0
  },
  "metrics_log": [
    {
      "step": -1,
      "train_loss": 10.339885872494538,
      "train_quality": 0.29942100909842845,
      "val_loss": 10.602672859337991,
      "val_quality": 0.25096525096525096
    },
    {
      "step": 0,
      "train_loss": 747.3649510288718,
      "train_quality": 0.16046319272125723,
      "val_loss": 717.3704184329235,
      "val_quality": 0.15444015444015444,
      "reg_loss": 4224991.351747745,
      "jitter": 5.0,
      "weight_norm_sq": 844848.7973593432
    },
    {
      "step": 1,
      "train_loss": 3.0496553586967323e+65,
      "train_quality": 0.03391232423490488,
      "val_loss": 2.955536754514893e+65,
      "val_quality": 0.05405405405405406,
      "reg_loss": 3.1703095399777726e+130,
      "jitter": 1.25,
      "weight_norm_sq": 2.536247631982218e+130
    }
  ],
  "summary": {
    "run_id": "MPO2-L3-d12-jit5-seed999",
    "seed": 999,
    "model": "MPO2",
    "grid_params": {
      "model": "MPO2",
      "L": 3,
      "bond_dim": 12,
      "jitter_start": 5.0
    },
    "n_parameters": 5508,
    "train_loss": null,
    "train_quality": null,
    "val_loss": null,
    "val_quality": null,
    "test_loss": 10.620949697572545,
    "test_quality": 0.31923076923076926,
    "success": true,
    "singular": true,
    "singular_epoch": 3
  }
}