{
  "experiment_name": "ntn_wine",
  "run_name": "MPO2_L4_d16_j5_s7",
  "config": {
    "output_site": 1,
    "init_strength": 0.01,
    "batch_size": 1024,
    "n_epochs": 15,
    "jitter_decay": 0.25,
    "adaptive_jitter": false,
    "patience": 4,
    "min_delta": 1e-06,
    "train_selection": true,
    "rank": 5,
    "seeds": [
      42,
      7,
      123,
      256,
      999
    ],
    "model": "MPO2",
    "L": 4,
    "bond_dim": 16,
    "jitter_start": 5.0
  },
  "hparams": {
    "seed": 7,
    "model": "MPO2",
    "dataset": "wine",
    "n_parameters": 13728,
    "output_site": 1,
    "init_strength": 0.01,
    "batch_size": 1024,
    "n_epochs": 15,
    "jitter_decay": 0.25,
    "adaptive_jitter": false,
    "patience": 4,
    "min_delta": 1e-06,
    "train_selection": true,
    "rank": 5,
    "seeds": [
      42,
      7,
      123,
      256,
      999
    ],
    "L": 4,
    "bond_dim": 16,
    "jitter_start": 5.0
  },
  "metrics_log": [
    {
      "step": -1,
      "train_loss": 65.58742078770089,
      "train_quality": 0.20161290322580644,
      "val_loss": 36.34984095314155,
      "val_quality": 0.25925925925925924
    },
    {
      "step": 0,
      "train_loss": 6.0971891707874024e+44,
      "train_quality": 0.33064516129032256,
      "val_loss": 5.901339071365194e+44,
      "val_quality": 0.25925925925925924,
      "reg_loss": 1.153450114027238e+88,
      "jitter": 5.0,
      "weight_norm_sq": 2.3069002280544762e+87
    }
  ],
  "summary": {
    "run_id": "MPO2-L4-d16-jit5-seed7",
    "seed": 7,
    "model": "MPO2",
    "grid_params": {
      "model": "MPO2",
      "L": 4,
      "bond_dim": 16,
      "jitter_start": 5.0
    },
    "n_parameters": 13728,
    "train_loss": 6.0971891707874024e+44,
    "train_quality": 0.33064516129032256,
    "val_loss": 5.901339071365194e+44,
    "val_quality": 0.25925925925925924,
    "test_loss": 3.64723036795563e+44,
    "test_quality": 0.3333333333333333,
    "success": true,
    "singular": true
  }
}