{
  "experiment_name": "ntn_hearth",
  "run_name": "MPO2_L3_d8_j5_s999",
  "config": {
    "init_strength": 0.01,
    "batch_size": 1024,
    "n_epochs": 15,
    "jitter_decay": 0.25,
    "adaptive_jitter": false,
    "patience": 4,
    "min_delta": 1e-06,
    "train_selection": true,
    "seeds": [
      42,
      7,
      123,
      256,
      999
    ],
    "model": "MPO2",
    "L": 3,
    "bond_dim": 8,
    "jitter_start": 5.0
  },
  "hparams": {
    "seed": 999,
    "model": "MPO2",
    "dataset": "hearth",
    "n_parameters": 1232,
    "init_strength": 0.01,
    "batch_size": 1024,
    "n_epochs": 15,
    "jitter_decay": 0.25,
    "adaptive_jitter": false,
    "patience": 4,
    "min_delta": 1e-06,
    "train_selection": true,
    "seeds": [
      42,
      7,
      123,
      256,
      999
    ],
    "L": 3,
    "bond_dim": 8,
    "jitter_start": 5.0
  },
  "metrics_log": [
    {
      "step": -1,
      "train_loss": 31.277646436557323,
      "train_quality": 0.2641509433962264,
      "val_loss": 32.51995956643561,
      "val_quality": 0.33333333333333337
    },
    {
      "step": 0,
      "train_loss": 684.2424017733853,
      "train_quality": 0.1320754716981132,
      "val_loss": 377.7564172530943,
      "val_quality": 0.2888888888888889,
      "reg_loss": 244804.83083813867,
      "jitter": 5.0,
      "weight_norm_sq": 48824.11768727306
    },
    {
      "step": 1,
      "train_loss": 1.6740348076996828e+36,
      "train_quality": 0.11320754716981132,
      "val_loss": 9.28320172944069e+35,
      "val_quality": 0.2,
      "reg_loss": 1.2550143090652931e+71,
      "jitter": 1.25,
      "weight_norm_sq": 1.0040114472522345e+71
    },
    {
      "step": 2,
      "train_loss": 4.775008183134517e+246,
      "train_quality": 0.12735849056603774,
      "val_loss": 3.051229650211409e+246,
      "val_quality": 0.2,
      "reg_loss": Infinity,
      "jitter": 0.3125,
      "weight_norm_sq": Infinity
    }
  ],
  "summary": {
    "run_id": "MPO2-L3-d8-jit5-seed999",
    "seed": 999,
    "model": "MPO2",
    "grid_params": {
      "model": "MPO2",
      "L": 3,
      "bond_dim": 8,
      "jitter_start": 5.0
    },
    "n_parameters": 1232,
    "train_loss": null,
    "train_quality": null,
    "val_loss": null,
    "val_quality": null,
    "test_loss": 39.89172221819381,
    "test_quality": 0.13043478260869565,
    "success": true,
    "singular": true,
    "singular_epoch": 4
  }
}