{
  "experiment_name": "ntn_hearth",
  "run_name": "MPO2_L3_d12_j0.1_s7",
  "config": {
    "init_strength": 0.01,
    "batch_size": 1024,
    "n_epochs": 15,
    "jitter_decay": 0.25,
    "adaptive_jitter": false,
    "patience": 4,
    "min_delta": 1e-06,
    "train_selection": true,
    "seeds": [
      42,
      7,
      123,
      256,
      999
    ],
    "model": "MPO2",
    "L": 3,
    "bond_dim": 12,
    "jitter_start": 0.1
  },
  "hparams": {
    "seed": 7,
    "model": "MPO2",
    "dataset": "hearth",
    "n_parameters": 2376,
    "init_strength": 0.01,
    "batch_size": 1024,
    "n_epochs": 15,
    "jitter_decay": 0.25,
    "adaptive_jitter": false,
    "patience": 4,
    "min_delta": 1e-06,
    "train_selection": true,
    "seeds": [
      42,
      7,
      123,
      256,
      999
    ],
    "L": 3,
    "bond_dim": 12,
    "jitter_start": 0.1
  },
  "metrics_log": [
    {
      "step": -1,
      "train_loss": 42.87581720957417,
      "train_quality": 0.16981132075471697,
      "val_loss": 46.66156574933919,
      "val_quality": 0.17777777777777778
    },
    {
      "step": 0,
      "train_loss": 5.68070077554767e+21,
      "train_quality": 0.12264150943396226,
      "val_loss": 3.753053244322141e+21,
      "val_quality": 0.13333333333333333,
      "reg_loss": 1.4238870559148757e+41,
      "jitter": 0.1,
      "weight_norm_sq": 1.4238870559148756e+42
    },
    {
      "step": 1,
      "train_loss": 1.9738034434653765e+154,
      "train_quality": 0.14150943396226415,
      "val_loss": 1.3230563940655114e+154,
      "val_quality": 0.17777777777777778,
      "reg_loss": 3.2607341050794836e+305,
      "jitter": 0.025,
      "weight_norm_sq": 1.3042936420317934e+307
    }
  ],
  "summary": {
    "run_id": "MPO2-L3-d12-jit0.1-seed7",
    "seed": 7,
    "model": "MPO2",
    "grid_params": {
      "model": "MPO2",
      "L": 3,
      "bond_dim": 12,
      "jitter_start": 0.1
    },
    "n_parameters": 2376,
    "train_loss": null,
    "train_quality": null,
    "val_loss": null,
    "val_quality": null,
    "test_loss": 52.83524465126951,
    "test_quality": 0.17391304347826086,
    "success": true,
    "singular": true,
    "singular_epoch": 3
  }
}