{
  "experiment_name": "ntn_bank",
  "run_name": "MPO2_L3_d8_j0.1_s42",
  "config": {
    "init_strength": 0.01,
    "batch_size": 1024,
    "n_epochs": 15,
    "jitter_decay": 0.25,
    "adaptive_jitter": false,
    "patience": 4,
    "min_delta": 1e-06,
    "train_selection": true,
    "seeds": [
      42,
      7,
      123,
      256,
      999
    ],
    "model": "MPO2",
    "L": 3,
    "bond_dim": 8,
    "jitter_start": 0.1
  },
  "hparams": {
    "seed": 42,
    "model": "MPO2",
    "dataset": "bank",
    "n_parameters": 2904,
    "init_strength": 0.01,
    "batch_size": 1024,
    "n_epochs": 15,
    "jitter_decay": 0.25,
    "adaptive_jitter": false,
    "patience": 4,
    "min_delta": 1e-06,
    "train_selection": true,
    "seeds": [
      42,
      7,
      123,
      256,
      999
    ],
    "L": 3,
    "bond_dim": 8,
    "jitter_start": 0.1
  },
  "metrics_log": [
    {
      "step": -1,
      "train_loss": 53.73363964433387,
      "train_quality": 0.47056593041994504,
      "val_loss": 75.23271441249574,
      "val_quality": 0.46225302270716606
    },
    {
      "step": 0,
      "train_loss": 335519860048931.4,
      "train_quality": 0.6562707365627074,
      "val_loss": 918308977973680.8,
      "val_quality": 0.6523149513417871,
      "reg_loss": 2.0641471319550233e+26,
      "jitter": 0.1,
      "weight_norm_sq": 2.064147131951668e+27
    },
    {
      "step": 1,
      "train_loss": 5.561030951816636e+116,
      "train_quality": 0.5344582424874396,
      "val_loss": 1.4764045112506415e+117,
      "val_quality": 0.5296372751400766,
      "reg_loss": 1.0418658617725353e+230,
      "jitter": 0.025,
      "weight_norm_sq": 4.167463447090141e+231
    }
  ],
  "summary": {
    "run_id": "MPO2-L3-d8-jit0.1-seed42",
    "seed": 42,
    "model": "MPO2",
    "grid_params": {
      "model": "MPO2",
      "L": 3,
      "bond_dim": 8,
      "jitter_start": 0.1
    },
    "n_parameters": 2904,
    "train_loss": null,
    "train_quality": null,
    "val_loss": null,
    "val_quality": null,
    "test_loss": 366265123864053.3,
    "test_quality": 0.6639634326157476,
    "success": true,
    "singular": true,
    "singular_epoch": 3
  }
}