{
  "experiment_name": "ntn_student_dropout",
  "run_name": "MPO2_L3_d8_j5_s123",
  "config": {
    "output_site": 1,
    "init_strength": 0.01,
    "batch_size": 1024,
    "n_epochs": 15,
    "jitter_decay": 0.25,
    "adaptive_jitter": false,
    "patience": 4,
    "min_delta": 1e-06,
    "train_selection": true,
    "rank": 5,
    "seeds": [
      42,
      7,
      123,
      256,
      999
    ],
    "model": "MPO2",
    "L": 3,
    "bond_dim": 8,
    "jitter_start": 5.0
  },
  "hparams": {
    "seed": 123,
    "model": "MPO2",
    "dataset": "student_dropout",
    "n_parameters": 7488,
    "output_site": 1,
    "init_strength": 0.01,
    "batch_size": 1024,
    "n_epochs": 15,
    "jitter_decay": 0.25,
    "adaptive_jitter": false,
    "patience": 4,
    "min_delta": 1e-06,
    "train_selection": true,
    "rank": 5,
    "seeds": [
      42,
      7,
      123,
      256,
      999
    ],
    "L": 3,
    "bond_dim": 8,
    "jitter_start": 5.0
  },
  "metrics_log": [
    {
      "step": -1,
      "train_loss": 53.81428056231538,
      "train_quality": 0.3963178294573644,
      "val_loss": 56.215725418176405,
      "val_quality": 0.3674698795180723
    },
    {
      "step": 0,
      "train_loss": 13380.203943633926,
      "train_quality": 0.4021317829457364,
      "val_loss": 10772.44723641063,
      "val_quality": 0.391566265060241,
      "reg_loss": 13819860.45279922,
      "jitter": 5.0,
      "weight_norm_sq": 2761296.049771117
    },
    {
      "step": 1,
      "train_loss": 6.653817063026247e+26,
      "train_quality": 0.40310077519379844,
      "val_loss": 5.165908637969625e+26,
      "val_quality": 0.34789156626506024,
      "reg_loss": 5.302773011429518e+51,
      "jitter": 1.25,
      "weight_norm_sq": 4.242218409143614e+51
    },
    {
      "step": 2,
      "train_loss": 3.850305234617523e+184,
      "train_quality": 0.48578811369509045,
      "val_loss": 2.9850241016327628e+184,
      "val_quality": 0.43975903614457834,
      "reg_loss": Infinity,
      "jitter": 0.3125,
      "weight_norm_sq": Infinity
    }
  ],
  "summary": {
    "run_id": "MPO2-L3-d8-jit5-seed123",
    "seed": 123,
    "model": "MPO2",
    "grid_params": {
      "model": "MPO2",
      "L": 3,
      "bond_dim": 8,
      "jitter_start": 5.0
    },
    "n_parameters": 7488,
    "train_loss": 3.850305234617523e+184,
    "train_quality": 0.48578811369509045,
    "val_loss": 2.9850241016327628e+184,
    "val_quality": 0.43975903614457834,
    "test_loss": 2.335527878977104e+184,
    "test_quality": 0.47590361445783136,
    "success": true,
    "singular": true
  }
}