{
  "experiment_name": "ntn_breast",
  "run_name": "MPO2_L3_d12_j0.1_s42",
  "config": {
    "init_strength": 0.01,
    "batch_size": 1024,
    "n_epochs": 15,
    "jitter_decay": 0.25,
    "adaptive_jitter": false,
    "patience": 4,
    "min_delta": 1e-06,
    "train_selection": true,
    "seeds": [
      42,
      7,
      123,
      256,
      999
    ],
    "model": "MPO2",
    "L": 3,
    "bond_dim": 12,
    "jitter_start": 0.1
  },
  "hparams": {
    "seed": 42,
    "model": "MPO2",
    "dataset": "breast",
    "n_parameters": 5400,
    "init_strength": 0.01,
    "batch_size": 1024,
    "n_epochs": 15,
    "jitter_decay": 0.25,
    "adaptive_jitter": false,
    "patience": 4,
    "min_delta": 1e-06,
    "train_selection": true,
    "seeds": [
      42,
      7,
      123,
      256,
      999
    ],
    "L": 3,
    "bond_dim": 12,
    "jitter_start": 0.1
  },
  "metrics_log": [
    {
      "step": -1,
      "train_loss": 67.54169174849639,
      "train_quality": 0.5753768844221105,
      "val_loss": 35.8513679406619,
      "val_quality": 0.6352941176470588
    },
    {
      "step": 0,
      "train_loss": 1.4430157993086345e+35,
      "train_quality": 0.7638190954773869,
      "val_loss": 3.644689131515022e+34,
      "val_quality": 0.7294117647058823,
      "reg_loss": 4.127015189346843e+66,
      "jitter": 0.1,
      "weight_norm_sq": 4.127015189346842e+67
    },
    {
      "step": 1,
      "train_loss": 3.2299800133696204e+244,
      "train_quality": 0.8542713567839196,
      "val_loss": 8.320741826920922e+243,
      "val_quality": 0.8470588235294118,
      "reg_loss": Infinity,
      "jitter": 0.025,
      "weight_norm_sq": Infinity
    }
  ],
  "summary": {
    "run_id": "MPO2-L3-d12-jit0.1-seed42",
    "seed": 42,
    "model": "MPO2",
    "grid_params": {
      "model": "MPO2",
      "L": 3,
      "bond_dim": 12,
      "jitter_start": 0.1
    },
    "n_parameters": 5400,
    "train_loss": null,
    "train_quality": null,
    "val_loss": null,
    "val_quality": null,
    "test_loss": 3.37582428140283e+244,
    "test_quality": 0.8604651162790697,
    "success": true,
    "singular": true,
    "singular_epoch": 3
  }
}