{
  "experiment_name": "ntn_iris",
  "run_name": "MPO2_L3_d8_j0.1_s256",
  "config": {
    "init_strength": 0.01,
    "batch_size": 1024,
    "n_epochs": 15,
    "jitter_decay": 0.25,
    "adaptive_jitter": false,
    "patience": 4,
    "min_delta": 1e-06,
    "train_selection": true,
    "seeds": [
      42,
      7,
      123,
      256,
      999
    ],
    "model": "MPO2",
    "L": 3,
    "bond_dim": 8,
    "jitter_start": 0.1
  },
  "hparams": {
    "seed": 256,
    "model": "MPO2",
    "dataset": "iris",
    "n_parameters": 384,
    "init_strength": 0.01,
    "batch_size": 1024,
    "n_epochs": 15,
    "jitter_decay": 0.25,
    "adaptive_jitter": false,
    "patience": 4,
    "min_delta": 1e-06,
    "train_selection": true,
    "seeds": [
      42,
      7,
      123,
      256,
      999
    ],
    "L": 3,
    "bond_dim": 8,
    "jitter_start": 0.1
  },
  "metrics_log": [
    {
      "step": -1,
      "train_loss": 9.743152646967419,
      "train_quality": 0.2285714285714286,
      "val_loss": 11.994008830163203,
      "val_quality": 0.13636363636363635
    },
    {
      "step": 0,
      "train_loss": 5.208141705929942e+19,
      "train_quality": 0.1142857142857143,
      "val_loss": 4.5228378437731975e+19,
      "val_quality": 0.18181818181818182,
      "reg_loss": 1.891770426355272e+37,
      "jitter": 0.1,
      "weight_norm_sq": 1.891770426355272e+38
    },
    {
      "step": 1,
      "train_loss": 1.848768982452725e+139,
      "train_quality": 0.5142857142857143,
      "val_loss": 2.836281523173507e+139,
      "val_quality": 0.3181818181818182,
      "reg_loss": 5.802050798445476e+276,
      "jitter": 0.025,
      "weight_norm_sq": 2.32082031937819e+278
    }
  ],
  "summary": {
    "run_id": "MPO2-L3-d8-jit0.1-seed256",
    "seed": 256,
    "model": "MPO2",
    "grid_params": {
      "model": "MPO2",
      "L": 3,
      "bond_dim": 8,
      "jitter_start": 0.1
    },
    "n_parameters": 384,
    "train_loss": null,
    "train_quality": null,
    "val_loss": null,
    "val_quality": null,
    "test_loss": 1.0135771346927684e+139,
    "test_quality": 0.43478260869565216,
    "success": true,
    "singular": true,
    "singular_epoch": 3
  }
}