{
  "experiment_name": "ntn_mushrooms",
  "run_name": "MPO2_L3_d8_j0.1_s7",
  "config": {
    "output_site": 1,
    "init_strength": 0.01,
    "batch_size": 1024,
    "n_epochs": 15,
    "jitter_decay": 0.25,
    "adaptive_jitter": false,
    "patience": 4,
    "min_delta": 1e-06,
    "train_selection": true,
    "rank": 5,
    "seeds": [
      42,
      7,
      123,
      256,
      999
    ],
    "model": "MPO2",
    "L": 3,
    "bond_dim": 8,
    "jitter_start": 0.1
  },
  "hparams": {
    "seed": 7,
    "model": "MPO2",
    "dataset": "mushrooms",
    "n_parameters": 7200,
    "output_site": 1,
    "init_strength": 0.01,
    "batch_size": 1024,
    "n_epochs": 15,
    "jitter_decay": 0.25,
    "adaptive_jitter": false,
    "patience": 4,
    "min_delta": 1e-06,
    "train_selection": true,
    "rank": 5,
    "seeds": [
      42,
      7,
      123,
      256,
      999
    ],
    "L": 3,
    "bond_dim": 8,
    "jitter_start": 0.1
  },
  "metrics_log": [
    {
      "step": -1,
      "train_loss": 7.232934463174434,
      "train_quality": 0.5068589518114668,
      "val_loss": 6.461617811368494,
      "val_quality": 0.524200164068909
    },
    {
      "step": 0,
      "train_loss": 2.0204826031633795e+49,
      "train_quality": 0.5541681322546606,
      "val_loss": 2.004070043272878e+49,
      "val_quality": 0.5520918785890074,
      "reg_loss": 4.12712434241597e+96,
      "jitter": 0.1,
      "weight_norm_sq": 4.12712434241597e+97
    },
    {
      "step": 1,
      "train_loss": NaN,
      "train_quality": 0.5189940204009849,
      "val_loss": NaN,
      "val_quality": 0.5127153404429861,
      "reg_loss": NaN,
      "jitter": 0.025,
      "weight_norm_sq": Infinity
    }
  ],
  "summary": {
    "run_id": "MPO2-L3-d8-jit0.1-seed7",
    "seed": 7,
    "model": "MPO2",
    "grid_params": {
      "model": "MPO2",
      "L": 3,
      "bond_dim": 8,
      "jitter_start": 0.1
    },
    "n_parameters": 7200,
    "train_loss": 2.0204826031633795e+49,
    "train_quality": 0.5541681322546606,
    "val_loss": 2.004070043272878e+49,
    "val_quality": 0.5520918785890074,
    "test_loss": 1.8856190869718599e+49,
    "test_quality": 0.5643970467596391,
    "success": true,
    "singular": true
  }
}