{
  "experiment_name": "ntn_breast",
  "run_name": "MPO2_L2_d6_j1_s7",
  "config": {
    "output_site": 1,
    "init_strength": 0.01,
    "batch_size": 100,
    "n_epochs": 10,
    "jitter_decay": 0.25,
    "adaptive_jitter": false,
    "patience": 4,
    "min_delta": 0.0001,
    "train_selection": true,
    "rank": 5,
    "seeds": [
      42,
      7,
      123,
      256,
      999
    ],
    "model": "MPO2",
    "L": 2,
    "bond_dim": 6,
    "jitter_start": 1.0,
    "reduction_factor": 0.5
  },
  "hparams": {
    "seed": 7,
    "model": "MPO2",
    "dataset": "breast",
    "output_site": 1,
    "init_strength": 0.01,
    "batch_size": 100,
    "n_epochs": 10,
    "jitter_decay": 0.25,
    "adaptive_jitter": false,
    "patience": 4,
    "min_delta": 0.0001,
    "train_selection": true,
    "rank": 5,
    "seeds": [
      42,
      7,
      123,
      256,
      999
    ],
    "L": 2,
    "bond_dim": 6,
    "jitter_start": 1.0,
    "reduction_factor": 0.5
  },
  "metrics_log": [
    {
      "step": -1,
      "train_loss": 16.656615585056883,
      "train_quality": 0.507537688442211,
      "val_loss": 14.85745236976921,
      "val_quality": 0.49411764705882355
    },
    {
      "step": 0,
      "train_loss": 897.8704655241019,
      "train_quality": 0.43467336683417085,
      "val_loss": 685.7190084840513,
      "val_quality": 0.47058823529411764,
      "reg_loss": 103981.6085437195,
      "jitter": 1.0,
      "weight_norm_sq": 103083.7380781954
    },
    {
      "step": 1,
      "train_loss": 2.0569892395367827e+210,
      "train_quality": 0.3844221105527638,
      "val_loss": 1.459309939972688e+210,
      "val_quality": 0.44705882352941173,
      "reg_loss": NaN,
      "jitter": 0.25,
      "weight_norm_sq": NaN
    }
  ],
  "summary": {
    "run_id": "MPO2-L2-d6-init0.01-jit1-rf0.5-seed7",
    "seed": 7,
    "model": "MPO2",
    "grid_params": {
      "model": "MPO2",
      "L": 2,
      "bond_dim": 6,
      "jitter_start": 1.0,
      "reduction_factor": 0.5,
      "init_strength": 0.01
    },
    "train_loss": 16.656615585056883,
    "train_quality": 0.507537688442211,
    "val_loss": 14.85745236976921,
    "val_quality": 0.49411764705882355,
    "test_loss": 23.94836506039847,
    "test_quality": 0.43023255813953487,
    "success": true,
    "singular": true
  }
}