{
  "experiment_name": "ntn_iris",
  "run_name": "MPO2_L3_d16_j0.1_s7",
  "config": {
    "init_strength": 0.01,
    "batch_size": 1024,
    "n_epochs": 15,
    "jitter_decay": 0.25,
    "adaptive_jitter": false,
    "patience": 4,
    "min_delta": 1e-06,
    "train_selection": true,
    "seeds": [
      42,
      7,
      123,
      256,
      999
    ],
    "model": "MPO2",
    "L": 3,
    "bond_dim": 16,
    "jitter_start": 0.1
  },
  "hparams": {
    "seed": 7,
    "model": "MPO2",
    "dataset": "iris",
    "n_parameters": 1280,
    "init_strength": 0.01,
    "batch_size": 1024,
    "n_epochs": 15,
    "jitter_decay": 0.25,
    "adaptive_jitter": false,
    "patience": 4,
    "min_delta": 1e-06,
    "train_selection": true,
    "seeds": [
      42,
      7,
      123,
      256,
      999
    ],
    "L": 3,
    "bond_dim": 16,
    "jitter_start": 0.1
  },
  "metrics_log": [
    {
      "step": -1,
      "train_loss": 13.34280355597405,
      "train_quality": 0.1904761904761905,
      "val_loss": 20.8546605540517,
      "val_quality": 0.09090909090909091
    },
    {
      "step": 0,
      "train_loss": 1478053696225.2263,
      "train_quality": 0.4761904761904762,
      "val_loss": 1362419875662.4446,
      "val_quality": 0.5909090909090909,
      "reg_loss": 1.7175522155629185e+23,
      "jitter": 0.1,
      "weight_norm_sq": 1.717552215548138e+24
    },
    {
      "step": 1,
      "train_loss": 2.1351486752273527e+82,
      "train_quality": 0.21904761904761907,
      "val_loss": 2.6658698281912133e+82,
      "val_quality": 0.13636363636363635,
      "reg_loss": 3.707781505730283e+161,
      "jitter": 0.025,
      "weight_norm_sq": 1.483112602292113e+163
    }
  ],
  "summary": {
    "run_id": "MPO2-L3-d16-jit0.1-seed7",
    "seed": 7,
    "model": "MPO2",
    "grid_params": {
      "model": "MPO2",
      "L": 3,
      "bond_dim": 16,
      "jitter_start": 0.1
    },
    "n_parameters": 1280,
    "train_loss": null,
    "train_quality": null,
    "val_loss": null,
    "val_quality": null,
    "test_loss": 2489408941554.9805,
    "test_quality": 0.3913043478260869,
    "success": true,
    "singular": true,
    "singular_epoch": 3
  }
}