{
  "experiment_name": "ntn_wine",
  "run_name": "MPO2_L4_d8_j5_s123",
  "config": {
    "output_site": 1,
    "init_strength": 0.01,
    "batch_size": 1024,
    "n_epochs": 15,
    "jitter_decay": 0.25,
    "adaptive_jitter": false,
    "patience": 4,
    "min_delta": 1e-06,
    "train_selection": true,
    "rank": 5,
    "seeds": [
      42,
      7,
      123,
      256,
      999
    ],
    "model": "MPO2",
    "L": 4,
    "bond_dim": 8,
    "jitter_start": 5.0
  },
  "hparams": {
    "seed": 123,
    "model": "MPO2",
    "dataset": "wine",
    "n_parameters": 3536,
    "output_site": 1,
    "init_strength": 0.01,
    "batch_size": 1024,
    "n_epochs": 15,
    "jitter_decay": 0.25,
    "adaptive_jitter": false,
    "patience": 4,
    "min_delta": 1e-06,
    "train_selection": true,
    "rank": 5,
    "seeds": [
      42,
      7,
      123,
      256,
      999
    ],
    "L": 4,
    "bond_dim": 8,
    "jitter_start": 5.0
  },
  "metrics_log": [
    {
      "step": -1,
      "train_loss": 30.601824737109524,
      "train_quality": 0.3548387096774194,
      "val_loss": 30.919491338923656,
      "val_quality": 0.25925925925925924
    },
    {
      "step": 0,
      "train_loss": 1.3776600032516392e+134,
      "train_quality": 0.25,
      "val_loss": 1.5378443955765147e+134,
      "val_quality": 0.1111111111111111,
      "reg_loss": 4.713026655832399e+266,
      "jitter": 5.0,
      "weight_norm_sq": 9.426053311664798e+265
    }
  ],
  "summary": {
    "run_id": "MPO2-L4-d8-jit5-seed123",
    "seed": 123,
    "model": "MPO2",
    "grid_params": {
      "model": "MPO2",
      "L": 4,
      "bond_dim": 8,
      "jitter_start": 5.0
    },
    "n_parameters": 3536,
    "train_loss": 30.601824737109524,
    "train_quality": 0.3548387096774194,
    "val_loss": 30.919491338923656,
    "val_quality": 0.25925925925925924,
    "test_loss": 29.97173460588996,
    "test_quality": 0.3333333333333333,
    "success": true,
    "singular": true
  }
}