{
  "experiment_name": "ntn_wine",
  "run_name": "MPO2_L3_d16_j0.1_s256",
  "config": {
    "output_site": 1,
    "init_strength": 0.01,
    "batch_size": 1024,
    "n_epochs": 15,
    "jitter_decay": 0.25,
    "adaptive_jitter": false,
    "patience": 4,
    "min_delta": 1e-06,
    "train_selection": true,
    "rank": 5,
    "seeds": [
      42,
      7,
      123,
      256,
      999
    ],
    "model": "MPO2",
    "L": 3,
    "bond_dim": 16,
    "jitter_start": 0.1
  },
  "hparams": {
    "seed": 256,
    "model": "MPO2",
    "dataset": "wine",
    "n_parameters": 10400,
    "output_site": 1,
    "init_strength": 0.01,
    "batch_size": 1024,
    "n_epochs": 15,
    "jitter_decay": 0.25,
    "adaptive_jitter": false,
    "patience": 4,
    "min_delta": 1e-06,
    "train_selection": true,
    "rank": 5,
    "seeds": [
      42,
      7,
      123,
      256,
      999
    ],
    "L": 3,
    "bond_dim": 16,
    "jitter_start": 0.1
  },
  "metrics_log": [
    {
      "step": -1,
      "train_loss": 15.278267697953737,
      "train_quality": 0.1774193548387097,
      "val_loss": 16.86371875211876,
      "val_quality": 0.0
    },
    {
      "step": 0,
      "train_loss": 2.9835507522892663e+43,
      "train_quality": 0.5887096774193549,
      "val_loss": 2.515252349187539e+43,
      "val_quality": 0.6296296296296295,
      "reg_loss": 1.001690619371753e+86,
      "jitter": 0.1,
      "weight_norm_sq": 1.0016906193717529e+87
    },
    {
      "step": 1,
      "train_loss": 7.84609277486729e+271,
      "train_quality": 0.7661290322580645,
      "val_loss": 4.9469262909702254e+271,
      "val_quality": 0.8148148148148148,
      "reg_loss": NaN,
      "jitter": 0.025,
      "weight_norm_sq": NaN
    }
  ],
  "summary": {
    "run_id": "MPO2-L3-d16-jit0.1-seed256",
    "seed": 256,
    "model": "MPO2",
    "grid_params": {
      "model": "MPO2",
      "L": 3,
      "bond_dim": 16,
      "jitter_start": 0.1
    },
    "n_parameters": 10400,
    "train_loss": 7.84609277486729e+271,
    "train_quality": 0.7661290322580645,
    "val_loss": 4.9469262909702254e+271,
    "val_quality": 0.8148148148148148,
    "test_loss": 6.073441159421685e+271,
    "test_quality": 0.7407407407407407,
    "success": true,
    "singular": true
  }
}