{
  "experiment_name": "ntn_iris",
  "run_name": "MPO2_L4_d8_j0.1_s7",
  "config": {
    "output_site": 1,
    "init_strength": 0.01,
    "batch_size": 1024,
    "n_epochs": 15,
    "jitter_decay": 0.25,
    "adaptive_jitter": false,
    "patience": 4,
    "min_delta": 1e-06,
    "train_selection": true,
    "rank": 5,
    "seeds": [
      42,
      7,
      123,
      256,
      999
    ],
    "model": "MPO2",
    "L": 4,
    "bond_dim": 8,
    "jitter_start": 0.1
  },
  "hparams": {
    "seed": 7,
    "model": "MPO2",
    "dataset": "iris",
    "n_parameters": 1088,
    "output_site": 1,
    "init_strength": 0.01,
    "batch_size": 1024,
    "n_epochs": 15,
    "jitter_decay": 0.25,
    "adaptive_jitter": false,
    "patience": 4,
    "min_delta": 1e-06,
    "train_selection": true,
    "rank": 5,
    "seeds": [
      42,
      7,
      123,
      256,
      999
    ],
    "L": 4,
    "bond_dim": 8,
    "jitter_start": 0.1
  },
  "metrics_log": [
    {
      "step": -1,
      "train_loss": 7.324394518752904,
      "train_quality": 0.33333333333333337,
      "val_loss": 13.631017811548398,
      "val_quality": 0.18181818181818182
    },
    {
      "step": 0,
      "train_loss": 5.523256359369612e+77,
      "train_quality": 0.34285714285714286,
      "val_loss": 1.1304633582465814e+78,
      "val_quality": 0.2727272727272727,
      "reg_loss": 4.1156260747214182e+152,
      "jitter": 0.1,
      "weight_norm_sq": 4.115626074721418e+153
    }
  ],
  "summary": {
    "run_id": "MPO2-L4-d8-jit0.1-seed7",
    "seed": 7,
    "model": "MPO2",
    "grid_params": {
      "model": "MPO2",
      "L": 4,
      "bond_dim": 8,
      "jitter_start": 0.1
    },
    "n_parameters": 1088,
    "train_loss": 5.523256359369612e+77,
    "train_quality": 0.34285714285714286,
    "val_loss": 1.1304633582465814e+78,
    "val_quality": 0.2727272727272727,
    "test_loss": 2.957843728515401e+77,
    "test_quality": 0.30434782608695654,
    "success": true,
    "singular": true
  }
}