{
  "experiment_name": "ntn_winequalityc",
  "run_name": "MPO2_L3_d8_j5_s7",
  "config": {
    "init_strength": 0.01,
    "batch_size": 1024,
    "n_epochs": 15,
    "jitter_decay": 0.25,
    "adaptive_jitter": false,
    "patience": 4,
    "min_delta": 1e-06,
    "train_selection": true,
    "seeds": [
      42,
      7,
      123,
      256,
      999
    ],
    "model": "MPO2",
    "L": 3,
    "bond_dim": 8,
    "jitter_start": 5.0
  },
  "hparams": {
    "seed": 7,
    "model": "MPO2",
    "dataset": "winequalityc",
    "n_parameters": 1408,
    "init_strength": 0.01,
    "batch_size": 1024,
    "n_epochs": 15,
    "jitter_decay": 0.25,
    "adaptive_jitter": false,
    "patience": 4,
    "min_delta": 1e-06,
    "train_selection": true,
    "seeds": [
      42,
      7,
      123,
      256,
      999
    ],
    "L": 3,
    "bond_dim": 8,
    "jitter_start": 5.0
  },
  "metrics_log": [
    {
      "step": -1,
      "train_loss": 38.131367463583324,
      "train_quality": 0.11216186496591159,
      "val_loss": 47.29600533184261,
      "val_quality": 0.1076923076923077
    },
    {
      "step": 0,
      "train_loss": 2137.545242313821,
      "train_quality": 0.12139872443369254,
      "val_loss": 3493.7174248402775,
      "val_quality": 0.1158974358974359,
      "reg_loss": 581508.449841823,
      "jitter": 5.0,
      "weight_norm_sq": 115874.18091990182
    },
    {
      "step": 1,
      "train_loss": 2.0567202362665992e+22,
      "train_quality": 0.10094567846932043,
      "val_loss": 3.5808780092474625e+22,
      "val_quality": 0.08615384615384615,
      "reg_loss": 8.065382720889082e+42,
      "jitter": 1.25,
      "weight_norm_sq": 6.452306176711266e+42
    },
    {
      "step": 2,
      "train_loss": 2.3562199924494366e+151,
      "train_quality": 0.1601055641082032,
      "val_loss": 3.8096834108837593e+151,
      "val_quality": 0.13333333333333333,
      "reg_loss": 1.9054424733322164e+300,
      "jitter": 0.3125,
      "weight_norm_sq": 6.097415914663092e+300
    }
  ],
  "summary": {
    "run_id": "MPO2-L3-d8-jit5-seed7",
    "seed": 7,
    "model": "MPO2",
    "grid_params": {
      "model": "MPO2",
      "L": 3,
      "bond_dim": 8,
      "jitter_start": 5.0
    },
    "n_parameters": 1408,
    "train_loss": null,
    "train_quality": null,
    "val_loss": null,
    "val_quality": null,
    "test_loss": 2.3736689461485387e+151,
    "test_quality": 0.13948717948717948,
    "success": true,
    "singular": true,
    "singular_epoch": 4
  }
}