{
  "experiment_name": "ntn_student_dropout",
  "run_name": "MPO2_L3_d12_j5_s256",
  "config": {
    "output_site": 1,
    "init_strength": 0.01,
    "batch_size": 1024,
    "n_epochs": 15,
    "jitter_decay": 0.25,
    "adaptive_jitter": false,
    "patience": 4,
    "min_delta": 1e-06,
    "train_selection": true,
    "rank": 5,
    "seeds": [
      42,
      7,
      123,
      256,
      999
    ],
    "model": "MPO2",
    "L": 3,
    "bond_dim": 12,
    "jitter_start": 5.0
  },
  "hparams": {
    "seed": 256,
    "model": "MPO2",
    "dataset": "student_dropout",
    "n_parameters": 16416,
    "output_site": 1,
    "init_strength": 0.01,
    "batch_size": 1024,
    "n_epochs": 15,
    "jitter_decay": 0.25,
    "adaptive_jitter": false,
    "patience": 4,
    "min_delta": 1e-06,
    "train_selection": true,
    "rank": 5,
    "seeds": [
      42,
      7,
      123,
      256,
      999
    ],
    "L": 3,
    "bond_dim": 12,
    "jitter_start": 5.0
  },
  "metrics_log": [
    {
      "step": -1,
      "train_loss": 60.13854237349884,
      "train_quality": 0.34140826873385016,
      "val_loss": 83.62566609831676,
      "val_quality": 0.3072289156626506
    },
    {
      "step": 0,
      "train_loss": 50295954.768206805,
      "train_quality": 0.33139534883720934,
      "val_loss": 58492862.65758643,
      "val_quality": 0.32981927710843373,
      "reg_loss": 9308254414574.633,
      "jitter": 5.0,
      "weight_norm_sq": 1861640823723.9731
    },
    {
      "step": 1,
      "train_loss": 8.158918746426886e+47,
      "train_quality": 0.351421188630491,
      "val_loss": 8.927998746771104e+47,
      "val_quality": 0.3674698795180723,
      "reg_loss": 3.772757551789135e+92,
      "jitter": 1.25,
      "weight_norm_sq": 3.018206041431308e+92
    },
    {
      "step": 2,
      "train_loss": 1.115673759689777e+302,
      "train_quality": 0.35658914728682173,
      "val_loss": 1.2162856101205387e+302,
      "val_quality": 0.37650602409638556,
      "reg_loss": Infinity,
      "jitter": 0.3125,
      "weight_norm_sq": Infinity
    }
  ],
  "summary": {
    "run_id": "MPO2-L3-d12-jit5-seed256",
    "seed": 256,
    "model": "MPO2",
    "grid_params": {
      "model": "MPO2",
      "L": 3,
      "bond_dim": 12,
      "jitter_start": 5.0
    },
    "n_parameters": 16416,
    "train_loss": 1.115673759689777e+302,
    "train_quality": 0.35658914728682173,
    "val_loss": 1.2162856101205387e+302,
    "val_quality": 0.37650602409638556,
    "test_loss": 1.1218212308565838e+302,
    "test_quality": 0.35240963855421686,
    "success": true,
    "singular": true
  }
}