{
  "experiment_name": "ntn_winequalityc",
  "run_name": "MPO2_L3_d16_j5_s42",
  "config": {
    "init_strength": 0.01,
    "batch_size": 512,
    "n_epochs": 100,
    "jitter_decay": 0.25,
    "adaptive_jitter": false,
    "patience": 10,
    "min_delta": 1e-05,
    "train_selection": true,
    "seeds": [
      42,
      7,
      123,
      256,
      999
    ],
    "model": "MPO2",
    "L": 3,
    "bond_dim": 16,
    "jitter_start": 5.0
  },
  "hparams": {
    "seed": 42,
    "model": "MPO2",
    "dataset": "winequalityc",
    "n_parameters": 4224,
    "init_strength": 0.01,
    "batch_size": 512,
    "n_epochs": 100,
    "jitter_decay": 0.25,
    "adaptive_jitter": false,
    "patience": 10,
    "min_delta": 1e-05,
    "train_selection": true,
    "seeds": [
      42,
      7,
      123,
      256,
      999
    ],
    "L": 3,
    "bond_dim": 16,
    "jitter_start": 5.0
  },
  "metrics_log": [
    {
      "step": -1,
      "train_loss": 36.81504586506943,
      "train_quality": 0.21112821640642182,
      "val_loss": 41.65245440512302,
      "val_quality": 0.20307692307692307
    },
    {
      "step": 0,
      "train_loss": 26942.01420976309,
      "train_quality": 0.32504948317572024,
      "val_loss": 59929.107537729345,
      "val_quality": 0.31076923076923074,
      "reg_loss": 246712435.76171616,
      "jitter": 5.0,
      "weight_norm_sq": 49337098.74950127
    },
    {
      "step": 1,
      "train_loss": 1.6561116163621422e+99,
      "train_quality": 0.39498570486034745,
      "val_loss": 3.969004009948285e+99,
      "val_quality": 0.41846153846153844,
      "reg_loss": 1.608064942677135e+197,
      "jitter": 1.25,
      "weight_norm_sq": 1.286451954141708e+197
    }
  ],
  "summary": {
    "run_id": "MPO2-L3-d16-jit5-seed42",
    "seed": 42,
    "model": "MPO2",
    "grid_params": {
      "model": "MPO2",
      "L": 3,
      "bond_dim": 16,
      "jitter_start": 5.0
    },
    "n_parameters": 4224,
    "train_loss": null,
    "train_quality": null,
    "val_loss": null,
    "val_quality": null,
    "success": false,
    "singular": true,
    "singular_epoch": 3
  }
}