{
  "experiment_name": "ntn_iris",
  "run_name": "MPO2TypeI_L4_d12_j0.1_s7",
  "config": {
    "init_strength": 0.01,
    "batch_size": 1024,
    "n_epochs": 15,
    "jitter_decay": 0.25,
    "adaptive_jitter": false,
    "patience": 4,
    "min_delta": 1e-06,
    "train_selection": true,
    "seeds": [
      42,
      7,
      123,
      256,
      999
    ],
    "model": "MPO2TypeI",
    "L": 4,
    "bond_dim": 12,
    "jitter_start": 0.1
  },
  "hparams": {
    "seed": 7,
    "model": "MPO2TypeI",
    "dataset": "iris",
    "n_parameters": 2316,
    "init_strength": 0.01,
    "batch_size": 1024,
    "n_epochs": 15,
    "jitter_decay": 0.25,
    "adaptive_jitter": false,
    "patience": 4,
    "min_delta": 1e-06,
    "train_selection": true,
    "seeds": [
      42,
      7,
      123,
      256,
      999
    ],
    "L": 4,
    "bond_dim": 12,
    "jitter_start": 0.1
  },
  "metrics_log": [
    {
      "step": -1,
      "train_loss": 1.0914593250908224,
      "train_quality": 0.46666666666666673,
      "val_loss": 1.0797795779458732,
      "val_quality": 0.7272727272727273
    },
    {
      "step": 0,
      "train_loss": 0.22530411078372858,
      "train_quality": 0.9333333333333335,
      "val_loss": 0.16178850397917557,
      "val_quality": 0.9090909090909092,
      "reg_loss": 0.22530411078372858,
      "jitter": 0.1
    },
    {
      "step": 1,
      "train_loss": 22273128.204158586,
      "train_quality": 0.4571428571428572,
      "val_loss": 13929546.799291449,
      "val_quality": 0.5909090909090909,
      "reg_loss": 22273128.204158586,
      "jitter": 0.025
    },
    {
      "step": 2,
      "train_loss": 1.5220391339175107e+52,
      "train_quality": 0.3523809523809524,
      "val_loss": 7.875908256759986e+51,
      "val_quality": 0.5454545454545454,
      "reg_loss": 1.5220391339175107e+52,
      "jitter": 0.00625
    }
  ],
  "summary": {
    "run_id": "MPO2TypeI-L4-d12-jit0.1-seed7",
    "seed": 7,
    "model": "MPO2TypeI",
    "grid_params": {
      "model": "MPO2TypeI",
      "L": 4,
      "bond_dim": 12,
      "jitter_start": 0.1
    },
    "n_parameters": 2316,
    "train_loss": null,
    "train_quality": null,
    "val_loss": null,
    "val_quality": null,
    "test_loss": 0.661331351370981,
    "test_quality": 0.8260869565217391,
    "success": true,
    "singular": true,
    "singular_epoch": 4
  }
}