{
  "experiment_name": "ntn_mushrooms",
  "run_name": "MPO2_L3_d8_j5_s123",
  "config": {
    "output_site": 1,
    "init_strength": 0.01,
    "batch_size": 1024,
    "n_epochs": 15,
    "jitter_decay": 0.25,
    "adaptive_jitter": false,
    "patience": 4,
    "min_delta": 1e-06,
    "train_selection": true,
    "rank": 5,
    "seeds": [
      42,
      7,
      123,
      256,
      999
    ],
    "model": "MPO2",
    "L": 3,
    "bond_dim": 8,
    "jitter_start": 5.0
  },
  "hparams": {
    "seed": 123,
    "model": "MPO2",
    "dataset": "mushrooms",
    "n_parameters": 7200,
    "output_site": 1,
    "init_strength": 0.01,
    "batch_size": 1024,
    "n_epochs": 15,
    "jitter_decay": 0.25,
    "adaptive_jitter": false,
    "patience": 4,
    "min_delta": 1e-06,
    "train_selection": true,
    "rank": 5,
    "seeds": [
      42,
      7,
      123,
      256,
      999
    ],
    "L": 3,
    "bond_dim": 8,
    "jitter_start": 5.0
  },
  "metrics_log": [
    {
      "step": -1,
      "train_loss": 9.534195413929309,
      "train_quality": 0.4518114667604643,
      "val_loss": 9.755864060908124,
      "val_quality": 0.42986054142739955
    },
    {
      "step": 0,
      "train_loss": 3031.259150503578,
      "train_quality": 0.4635947942314457,
      "val_loss": 3002.718666327041,
      "val_quality": 0.4700574241181296,
      "reg_loss": 316724.93843120354,
      "jitter": 5.0,
      "weight_norm_sq": 62738.735856139996
    },
    {
      "step": 1,
      "train_loss": 1.14653361266807e+259,
      "train_quality": 0.48100597959901514,
      "val_loss": 1.1456137746718088e+259,
      "val_quality": 0.4782608695652174,
      "reg_loss": Infinity,
      "jitter": 1.25,
      "weight_norm_sq": Infinity
    }
  ],
  "summary": {
    "run_id": "MPO2-L3-d8-jit5-seed123",
    "seed": 123,
    "model": "MPO2",
    "grid_params": {
      "model": "MPO2",
      "L": 3,
      "bond_dim": 8,
      "jitter_start": 5.0
    },
    "n_parameters": 7200,
    "train_loss": 1.14653361266807e+259,
    "train_quality": 0.48100597959901514,
    "val_loss": 1.1456137746718088e+259,
    "val_quality": 0.4782608695652174,
    "test_loss": 1.1072178444547928e+259,
    "test_quality": 0.49056603773584906,
    "success": true,
    "singular": true
  }
}