{
  "experiment_name": "ntn_wine",
  "run_name": "MPO2_L4_d8_j0.1_s256",
  "config": {
    "output_site": 1,
    "init_strength": 0.01,
    "batch_size": 1024,
    "n_epochs": 15,
    "jitter_decay": 0.25,
    "adaptive_jitter": false,
    "patience": 4,
    "min_delta": 1e-06,
    "train_selection": true,
    "rank": 5,
    "seeds": [
      42,
      7,
      123,
      256,
      999
    ],
    "model": "MPO2",
    "L": 4,
    "bond_dim": 8,
    "jitter_start": 0.1
  },
  "hparams": {
    "seed": 256,
    "model": "MPO2",
    "dataset": "wine",
    "n_parameters": 3536,
    "output_site": 1,
    "init_strength": 0.01,
    "batch_size": 1024,
    "n_epochs": 15,
    "jitter_decay": 0.25,
    "adaptive_jitter": false,
    "patience": 4,
    "min_delta": 1e-06,
    "train_selection": true,
    "rank": 5,
    "seeds": [
      42,
      7,
      123,
      256,
      999
    ],
    "L": 4,
    "bond_dim": 8,
    "jitter_start": 0.1
  },
  "metrics_log": [
    {
      "step": -1,
      "train_loss": 49.08565159217282,
      "train_quality": 0.4032258064516129,
      "val_loss": 28.78382155041382,
      "val_quality": 0.4074074074074074
    },
    {
      "step": 0,
      "train_loss": 1.4558141805082347e+105,
      "train_quality": 0.3629032258064516,
      "val_loss": 4.797108927540278e+104,
      "val_quality": 0.4074074074074074,
      "reg_loss": 1.3265272993760211e+207,
      "jitter": 0.1,
      "weight_norm_sq": 1.3265272993760212e+208
    }
  ],
  "summary": {
    "run_id": "MPO2-L4-d8-jit0.1-seed256",
    "seed": 256,
    "model": "MPO2",
    "grid_params": {
      "model": "MPO2",
      "L": 4,
      "bond_dim": 8,
      "jitter_start": 0.1
    },
    "n_parameters": 3536,
    "train_loss": 49.08565159217282,
    "train_quality": 0.4032258064516129,
    "val_loss": 28.78382155041382,
    "val_quality": 0.4074074074074074,
    "test_loss": 33.85329668637104,
    "test_quality": 0.37037037037037035,
    "success": true,
    "singular": true
  }
}