{
  "experiment_name": "ntn_iris",
  "run_name": "LMPO2_L4_d16_j0.1_s999",
  "config": {
    "init_strength": 0.01,
    "bond_dim_mpo": 2,
    "batch_size": 1024,
    "n_epochs": 15,
    "jitter_decay": 0.25,
    "adaptive_jitter": false,
    "patience": 4,
    "min_delta": 1e-06,
    "train_selection": true,
    "seeds": [
      42,
      7,
      123,
      256,
      999
    ],
    "model": "LMPO2",
    "L": 4,
    "bond_dim": 16,
    "jitter_start": 0.1,
    "reduction_factor": 0.5
  },
  "hparams": {
    "seed": 999,
    "model": "LMPO2",
    "dataset": "iris",
    "n_parameters": 1248,
    "init_strength": 0.01,
    "bond_dim_mpo": 2,
    "batch_size": 1024,
    "n_epochs": 15,
    "jitter_decay": 0.25,
    "adaptive_jitter": false,
    "patience": 4,
    "min_delta": 1e-06,
    "train_selection": true,
    "seeds": [
      42,
      7,
      123,
      256,
      999
    ],
    "L": 4,
    "bond_dim": 16,
    "jitter_start": 0.1,
    "reduction_factor": 0.5
  },
  "metrics_log": [
    {
      "step": -1,
      "train_loss": 1.2405683290476046,
      "train_quality": 0.31428571428571433,
      "val_loss": 1.3538218617159627,
      "val_quality": 0.2272727272727273
    },
    {
      "step": 0,
      "train_loss": 0.5709882483478214,
      "train_quality": 0.6857142857142857,
      "val_loss": 0.39581091278837993,
      "val_quality": 0.8181818181818182,
      "reg_loss": 1.035004361372412,
      "jitter": 0.1,
      "weight_norm_sq": 4.6401611302459065
    },
    {
      "step": 1,
      "train_loss": 0.5220090960725958,
      "train_quality": 0.6952380952380953,
      "val_loss": 0.43151961233875474,
      "val_quality": 0.7727272727272727,
      "reg_loss": 0.675061598945054,
      "jitter": 0.025,
      "weight_norm_sq": 6.122100114898329
    },
    {
      "step": 2,
      "train_loss": 1.9511810836227667e+176,
      "train_quality": 0.3047619047619048,
      "val_loss": 4.005627898816271e+176,
      "val_quality": 0.5909090909090909,
      "reg_loss": NaN,
      "jitter": 0.00625,
      "weight_norm_sq": NaN
    }
  ],
  "summary": {
    "run_id": "LMPO2-L4-d16-jit0.1-rf0.5-seed999",
    "seed": 999,
    "model": "LMPO2",
    "grid_params": {
      "model": "LMPO2",
      "L": 4,
      "bond_dim": 16,
      "jitter_start": 0.1,
      "reduction_factor": 0.5
    },
    "n_parameters": 1248,
    "train_loss": null,
    "train_quality": null,
    "val_loss": null,
    "val_quality": null,
    "test_loss": 0.9889813168310528,
    "test_quality": 0.5652173913043478,
    "success": true,
    "singular": true,
    "singular_epoch": 4
  }
}