{
  "experiment_name": "ntn_student_dropout_lmpo2",
  "run_name": "LMPO2_L3_d8_j5_s999",
  "config": {
    "output_site": 1,
    "init_strength": 0.01,
    "reduction_factor": 0.5,
    "rank": 5,
    "batch_size": 1024,
    "n_epochs": 15,
    "jitter_decay": 0.25,
    "adaptive_jitter": false,
    "patience": 4,
    "min_delta": 1e-06,
    "train_selection": true,
    "seeds": [
      42,
      7,
      123,
      256,
      999
    ],
    "model": "LMPO2",
    "L": 3,
    "bond_dim": 8,
    "jitter_start": 5.0
  },
  "hparams": {
    "seed": 999,
    "model": "LMPO2",
    "dataset": "student_dropout",
    "n_parameters": 15440,
    "output_site": 1,
    "init_strength": 0.01,
    "reduction_factor": 0.5,
    "rank": 5,
    "batch_size": 1024,
    "n_epochs": 15,
    "jitter_decay": 0.25,
    "adaptive_jitter": false,
    "patience": 4,
    "min_delta": 1e-06,
    "train_selection": true,
    "seeds": [
      42,
      7,
      123,
      256,
      999
    ],
    "L": 3,
    "bond_dim": 8,
    "jitter_start": 5.0
  },
  "metrics_log": [
    {
      "step": -1,
      "train_loss": 1.1654177622026263,
      "train_quality": 0.3301033591731266,
      "val_loss": 1.2122079151018246,
      "val_quality": 0.2921686746987952
    },
    {
      "step": 0,
      "train_loss": 4.700407015665127e+63,
      "train_quality": 0.38856589147286824,
      "val_loss": 5.634408571250893e+63,
      "val_quality": 0.3493975903614458,
      "reg_loss": 5.695708780042666e+125,
      "jitter": 5.0,
      "weight_norm_sq": 1.1391417560085331e+125
    }
  ],
  "summary": {
    "run_id": "LMPO2-L3-d8-jit5-rf0.5-seed999",
    "seed": 999,
    "model": "LMPO2",
    "grid_params": {
      "model": "LMPO2",
      "L": 3,
      "bond_dim": 8,
      "jitter_start": 5.0,
      "reduction_factor": 0.5
    },
    "n_parameters": 15440,
    "train_loss": 4.700407015665127e+63,
    "train_quality": 0.38856589147286824,
    "val_loss": 5.634408571250893e+63,
    "val_quality": 0.3493975903614458,
    "test_loss": 6.692673162581287e+63,
    "test_quality": 0.3780120481927711,
    "success": true,
    "singular": true
  }
}