{
  "experiment_name": "ntn_winequalityc_lmpo2",
  "run_name": "LMPO2_L3_d8_j5_s123",
  "config": {
    "output_site": 1,
    "init_strength": 0.01,
    "reduction_factor": 0.3,
    "rank": 5,
    "batch_size": 1024,
    "n_epochs": 15,
    "jitter_decay": 0.25,
    "adaptive_jitter": false,
    "patience": 4,
    "min_delta": 1e-06,
    "train_selection": true,
    "seeds": [
      42,
      7,
      123,
      256,
      999
    ],
    "model": "LMPO2",
    "L": 3,
    "bond_dim": 8,
    "jitter_start": 5.0
  },
  "hparams": {
    "seed": 123,
    "model": "LMPO2",
    "dataset": "winequalityc",
    "n_parameters": 6720,
    "output_site": 1,
    "init_strength": 0.01,
    "reduction_factor": 0.3,
    "rank": 5,
    "batch_size": 1024,
    "n_epochs": 15,
    "jitter_decay": 0.25,
    "adaptive_jitter": false,
    "patience": 4,
    "min_delta": 1e-06,
    "train_selection": true,
    "seeds": [
      42,
      7,
      123,
      256,
      999
    ],
    "L": 3,
    "bond_dim": 8,
    "jitter_start": 5.0
  },
  "metrics_log": [
    {
      "step": -1,
      "train_loss": 1.9567932867568019,
      "train_quality": 0.16076533978447327,
      "val_loss": 1.9646502377283162,
      "val_quality": 0.14153846153846153
    },
    {
      "step": 0,
      "train_loss": 6.947187748768607e+32,
      "train_quality": 0.43105344182977784,
      "val_loss": 1.3186798017975454e+33,
      "val_quality": 0.4502564102564103,
      "reg_loss": 7.23284998740833e+64,
      "jitter": 5.0,
      "weight_norm_sq": 1.446569997481666e+64
    }
  ],
  "summary": {
    "run_id": "LMPO2-L3-d8-jit5-rf0.3-seed123",
    "seed": 123,
    "model": "LMPO2",
    "grid_params": {
      "model": "LMPO2",
      "L": 3,
      "bond_dim": 8,
      "jitter_start": 5.0,
      "reduction_factor": 0.3
    },
    "n_parameters": 6720,
    "train_loss": 6.947187748768607e+32,
    "train_quality": 0.43105344182977784,
    "val_loss": 1.3186798017975454e+33,
    "val_quality": 0.4502564102564103,
    "test_loss": 8.33356221556227e+32,
    "test_quality": 0.46564102564102566,
    "success": true,
    "singular": true
  }
}