{
  "experiment_name": "ntn_student_dropout",
  "run_name": "MPO2_L3_d12_j0.1_s42",
  "config": {
    "init_strength": 0.01,
    "batch_size": 1024,
    "n_epochs": 15,
    "jitter_decay": 0.25,
    "adaptive_jitter": false,
    "patience": 4,
    "min_delta": 1e-06,
    "train_selection": true,
    "seeds": [
      42,
      7,
      123,
      256,
      999
    ],
    "model": "MPO2",
    "L": 3,
    "bond_dim": 12,
    "jitter_start": 0.1
  },
  "hparams": {
    "seed": 42,
    "model": "MPO2",
    "dataset": "student_dropout",
    "n_parameters": 6912,
    "init_strength": 0.01,
    "batch_size": 1024,
    "n_epochs": 15,
    "jitter_decay": 0.25,
    "adaptive_jitter": false,
    "patience": 4,
    "min_delta": 1e-06,
    "train_selection": true,
    "seeds": [
      42,
      7,
      123,
      256,
      999
    ],
    "L": 3,
    "bond_dim": 12,
    "jitter_start": 0.1
  },
  "metrics_log": [
    {
      "step": -1,
      "train_loss": 187.7794588882477,
      "train_quality": 0.35174418604651164,
      "val_loss": 204.25164778124264,
      "val_quality": 0.3358433734939759
    },
    {
      "step": 0,
      "train_loss": 5.666611093375058e+21,
      "train_quality": 0.4421834625322998,
      "val_loss": 5.327970920227225e+21,
      "val_quality": 0.41867469879518077,
      "reg_loss": 1.657385097927457e+40,
      "jitter": 0.1,
      "weight_norm_sq": 1.6573850979274568e+41
    },
    {
      "step": 1,
      "train_loss": 7.629022935078778e+166,
      "train_quality": 0.49321705426356593,
      "val_loss": 7.169079109219337e+166,
      "val_quality": 0.4849397590361446,
      "reg_loss": Infinity,
      "jitter": 0.025,
      "weight_norm_sq": Infinity
    }
  ],
  "summary": {
    "run_id": "MPO2-L3-d12-jit0.1-seed42",
    "seed": 42,
    "model": "MPO2",
    "grid_params": {
      "model": "MPO2",
      "L": 3,
      "bond_dim": 12,
      "jitter_start": 0.1
    },
    "n_parameters": 6912,
    "train_loss": null,
    "train_quality": null,
    "val_loss": null,
    "val_quality": null,
    "test_loss": 9.582940903658476e+166,
    "test_quality": 0.5060240963855422,
    "success": true,
    "singular": true,
    "singular_epoch": 3
  }
}