{
  "experiment_name": "ntn_car_evaluation",
  "run_name": "MPO2_L3_d8_j5_s7",
  "config": {
    "init_strength": 0.01,
    "batch_size": 1024,
    "n_epochs": 15,
    "jitter_decay": 0.25,
    "adaptive_jitter": false,
    "patience": 4,
    "min_delta": 1e-06,
    "train_selection": true,
    "seeds": [
      42,
      7,
      123,
      256,
      999
    ],
    "model": "MPO2",
    "L": 3,
    "bond_dim": 8,
    "jitter_start": 5.0
  },
  "hparams": {
    "seed": 7,
    "model": "MPO2",
    "dataset": "car_evaluation",
    "n_parameters": 2808,
    "init_strength": 0.01,
    "batch_size": 1024,
    "n_epochs": 15,
    "jitter_decay": 0.25,
    "adaptive_jitter": false,
    "patience": 4,
    "min_delta": 1e-06,
    "train_selection": true,
    "seeds": [
      42,
      7,
      123,
      256,
      999
    ],
    "L": 3,
    "bond_dim": 8,
    "jitter_start": 5.0
  },
  "metrics_log": [
    {
      "step": -1,
      "train_loss": 16.41359512742875,
      "train_quality": 0.21009098428453268,
      "val_loss": 16.593056831147837,
      "val_quality": 0.22007722007722008
    },
    {
      "step": 0,
      "train_loss": 1434.517677933688,
      "train_quality": 0.06947890818858561,
      "val_loss": 1444.4317717757629,
      "val_quality": 0.07335907335907337,
      "reg_loss": 7856037.658532417,
      "jitter": 5.0,
      "weight_norm_sq": 1570920.6281708968
    },
    {
      "step": 1,
      "train_loss": 1.627667548814207e+26,
      "train_quality": 0.0413564929693962,
      "val_loss": 1.613977547076846e+26,
      "val_quality": 0.03861003861003861,
      "reg_loss": 7.011998409813749e+51,
      "jitter": 1.25,
      "weight_norm_sq": 5.6095987278509996e+51
    },
    {
      "step": 2,
      "train_loss": 4.941577572025479e+155,
      "train_quality": 0.0413564929693962,
      "val_loss": 4.914297788161622e+155,
      "val_quality": 0.03861003861003861,
      "reg_loss": Infinity,
      "jitter": 0.3125,
      "weight_norm_sq": Infinity
    }
  ],
  "summary": {
    "run_id": "MPO2-L3-d8-jit5-seed7",
    "seed": 7,
    "model": "MPO2",
    "grid_params": {
      "model": "MPO2",
      "L": 3,
      "bond_dim": 8,
      "jitter_start": 5.0
    },
    "n_parameters": 2808,
    "train_loss": null,
    "train_quality": null,
    "val_loss": null,
    "val_quality": null,
    "test_loss": 16.310556100116663,
    "test_quality": 0.2076923076923077,
    "success": true,
    "singular": true,
    "singular_epoch": 4
  }
}