{
  "experiment_name": "ntn_iris",
  "run_name": "MPO2_L3_d8_j5_s123",
  "config": {
    "init_strength": 0.01,
    "batch_size": 1024,
    "n_epochs": 15,
    "jitter_decay": 0.25,
    "adaptive_jitter": false,
    "patience": 4,
    "min_delta": 1e-06,
    "train_selection": true,
    "seeds": [
      42,
      7,
      123,
      256,
      999
    ],
    "model": "MPO2",
    "L": 3,
    "bond_dim": 8,
    "jitter_start": 5.0
  },
  "hparams": {
    "seed": 123,
    "model": "MPO2",
    "dataset": "iris",
    "n_parameters": 384,
    "init_strength": 0.01,
    "batch_size": 1024,
    "n_epochs": 15,
    "jitter_decay": 0.25,
    "adaptive_jitter": false,
    "patience": 4,
    "min_delta": 1e-06,
    "train_selection": true,
    "seeds": [
      42,
      7,
      123,
      256,
      999
    ],
    "L": 3,
    "bond_dim": 8,
    "jitter_start": 5.0
  },
  "metrics_log": [
    {
      "step": -1,
      "train_loss": 16.341714419264243,
      "train_quality": 0.08571428571428572,
      "val_loss": 29.632868185859497,
      "val_quality": 0.045454545454545456
    },
    {
      "step": 0,
      "train_loss": 1158.2409376813553,
      "train_quality": 0.06666666666666668,
      "val_loss": 2147.6607727417854,
      "val_quality": 0.045454545454545456,
      "reg_loss": 159826.20105495944,
      "jitter": 5.0,
      "weight_norm_sq": 31733.59202345562
    },
    {
      "step": 1,
      "train_loss": 4.27670437819935e+25,
      "train_quality": 0.05714285714285715,
      "val_loss": 7.595673307836756e+25,
      "val_quality": 0.0,
      "reg_loss": 4.156659896909184e+49,
      "jitter": 1.25,
      "weight_norm_sq": 3.325327917527347e+49
    },
    {
      "step": 2,
      "train_loss": 6.575978771709122e+158,
      "train_quality": 0.05714285714285715,
      "val_loss": 1.0906341446860074e+159,
      "val_quality": 0.0,
      "reg_loss": Infinity,
      "jitter": 0.3125,
      "weight_norm_sq": Infinity
    }
  ],
  "summary": {
    "run_id": "MPO2-L3-d8-jit5-seed123",
    "seed": 123,
    "model": "MPO2",
    "grid_params": {
      "model": "MPO2",
      "L": 3,
      "bond_dim": 8,
      "jitter_start": 5.0
    },
    "n_parameters": 384,
    "train_loss": null,
    "train_quality": null,
    "val_loss": null,
    "val_quality": null,
    "test_loss": 26.542978023901494,
    "test_quality": 0.08695652173913043,
    "success": true,
    "singular": true,
    "singular_epoch": 4
  }
}