{
  "experiment_name": "ntn_wine",
  "run_name": "MPO2_L3_d8_j0.1_s123",
  "config": {
    "output_site": 1,
    "init_strength": 0.01,
    "batch_size": 1024,
    "n_epochs": 15,
    "jitter_decay": 0.25,
    "adaptive_jitter": false,
    "patience": 4,
    "min_delta": 1e-06,
    "train_selection": true,
    "rank": 5,
    "seeds": [
      42,
      7,
      123,
      256,
      999
    ],
    "model": "MPO2",
    "L": 3,
    "bond_dim": 8,
    "jitter_start": 0.1
  },
  "hparams": {
    "seed": 123,
    "model": "MPO2",
    "dataset": "wine",
    "n_parameters": 2704,
    "output_site": 1,
    "init_strength": 0.01,
    "batch_size": 1024,
    "n_epochs": 15,
    "jitter_decay": 0.25,
    "adaptive_jitter": false,
    "patience": 4,
    "min_delta": 1e-06,
    "train_selection": true,
    "rank": 5,
    "seeds": [
      42,
      7,
      123,
      256,
      999
    ],
    "L": 3,
    "bond_dim": 8,
    "jitter_start": 0.1
  },
  "metrics_log": [
    {
      "step": -1,
      "train_loss": 13.942402670790578,
      "train_quality": 0.22580645161290322,
      "val_loss": 10.197991488021017,
      "val_quality": 0.2962962962962963
    },
    {
      "step": 0,
      "train_loss": 8.694346542570721e+291,
      "train_quality": 0.29032258064516125,
      "val_loss": 7.892576791333633e+291,
      "val_quality": 0.2962962962962963,
      "reg_loss": NaN,
      "jitter": 0.1,
      "weight_norm_sq": NaN
    }
  ],
  "summary": {
    "run_id": "MPO2-L3-d8-jit0.1-seed123",
    "seed": 123,
    "model": "MPO2",
    "grid_params": {
      "model": "MPO2",
      "L": 3,
      "bond_dim": 8,
      "jitter_start": 0.1
    },
    "n_parameters": 2704,
    "train_loss": 8.694346542570721e+291,
    "train_quality": 0.29032258064516125,
    "val_loss": 7.892576791333633e+291,
    "val_quality": 0.2962962962962963,
    "test_loss": 8.848478158824695e+291,
    "test_quality": 0.2222222222222222,
    "success": true,
    "singular": true
  }
}