{
  "experiment_name": "ntn_wine",
  "run_name": "MPO2_L3_d12_j5_s999",
  "config": {
    "init_strength": 0.01,
    "batch_size": 1024,
    "n_epochs": 15,
    "jitter_decay": 0.25,
    "adaptive_jitter": false,
    "patience": 4,
    "min_delta": 1e-06,
    "train_selection": true,
    "seeds": [
      42,
      7,
      123,
      256,
      999
    ],
    "model": "MPO2",
    "L": 3,
    "bond_dim": 12,
    "jitter_start": 5.0
  },
  "hparams": {
    "seed": 999,
    "model": "MPO2",
    "dataset": "wine",
    "n_parameters": 2496,
    "init_strength": 0.01,
    "batch_size": 1024,
    "n_epochs": 15,
    "jitter_decay": 0.25,
    "adaptive_jitter": false,
    "patience": 4,
    "min_delta": 1e-06,
    "train_selection": true,
    "seeds": [
      42,
      7,
      123,
      256,
      999
    ],
    "L": 3,
    "bond_dim": 12,
    "jitter_start": 5.0
  },
  "metrics_log": [
    {
      "step": -1,
      "train_loss": 33.791992666844884,
      "train_quality": 0.27419354838709675,
      "val_loss": 32.08695531291211,
      "val_quality": 0.25925925925925924
    },
    {
      "step": 0,
      "train_loss": 66566361.00212269,
      "train_quality": 0.29032258064516125,
      "val_loss": 30856499.144656833,
      "val_quality": 0.3333333333333333,
      "reg_loss": 422766938642071.0,
      "jitter": 5.0,
      "weight_norm_sq": 84553374415142.0
    },
    {
      "step": 1,
      "train_loss": 6.391405993672727e+46,
      "train_quality": 0.24193548387096775,
      "val_loss": 5.596013986205339e+46,
      "val_quality": 0.3333333333333333,
      "reg_loss": 8.492857053981668e+91,
      "jitter": 1.25,
      "weight_norm_sq": 6.794285643185335e+91
    },
    {
      "step": 2,
      "train_loss": 4.963556685521426e+275,
      "train_quality": 0.814516129032258,
      "val_loss": 2.63566641048602e+275,
      "val_quality": 0.7777777777777777,
      "reg_loss": Infinity,
      "jitter": 0.3125,
      "weight_norm_sq": Infinity
    }
  ],
  "summary": {
    "run_id": "MPO2-L3-d12-jit5-seed999",
    "seed": 999,
    "model": "MPO2",
    "grid_params": {
      "model": "MPO2",
      "L": 3,
      "bond_dim": 12,
      "jitter_start": 5.0
    },
    "n_parameters": 2496,
    "train_loss": null,
    "train_quality": null,
    "val_loss": null,
    "val_quality": null,
    "test_loss": 1.5407932671970844e+275,
    "test_quality": 0.8518518518518519,
    "success": true,
    "singular": true,
    "singular_epoch": 4
  }
}