{
  "experiment_name": "ntn_mushrooms",
  "run_name": "MPO2_L3_d12_j0.1_s999",
  "config": {
    "init_strength": 0.01,
    "batch_size": 1024,
    "n_epochs": 15,
    "jitter_decay": 0.25,
    "adaptive_jitter": false,
    "patience": 4,
    "min_delta": 1e-06,
    "train_selection": true,
    "seeds": [
      42,
      7,
      123,
      256,
      999
    ],
    "model": "MPO2",
    "L": 3,
    "bond_dim": 12,
    "jitter_start": 0.1
  },
  "hparams": {
    "seed": 999,
    "model": "MPO2",
    "dataset": "mushrooms",
    "n_parameters": 9000,
    "init_strength": 0.01,
    "batch_size": 1024,
    "n_epochs": 15,
    "jitter_decay": 0.25,
    "adaptive_jitter": false,
    "patience": 4,
    "min_delta": 1e-06,
    "train_selection": true,
    "seeds": [
      42,
      7,
      123,
      256,
      999
    ],
    "L": 3,
    "bond_dim": 12,
    "jitter_start": 0.1
  },
  "metrics_log": [
    {
      "step": -1,
      "train_loss": 11.088946699951281,
      "train_quality": 0.6306718255364052,
      "val_loss": 10.529079161006358,
      "val_quality": 0.6218211648892535
    },
    {
      "step": 0,
      "train_loss": 1.0458976494637916e+26,
      "train_quality": 0.5189940204009849,
      "val_loss": 1.0331441294646736e+26,
      "val_quality": 0.5217391304347826,
      "reg_loss": 1.4188521437728376e+49,
      "jitter": 0.1,
      "weight_norm_sq": 1.4188521437728375e+50
    },
    {
      "step": 1,
      "train_loss": 1.4655815224500202e+193,
      "train_quality": 0.5189940204009849,
      "val_loss": 1.4628071336719595e+193,
      "val_quality": 0.5217391304347826,
      "reg_loss": Infinity,
      "jitter": 0.025,
      "weight_norm_sq": Infinity
    }
  ],
  "summary": {
    "run_id": "MPO2-L3-d12-jit0.1-seed999",
    "seed": 999,
    "model": "MPO2",
    "grid_params": {
      "model": "MPO2",
      "L": 3,
      "bond_dim": 12,
      "jitter_start": 0.1
    },
    "n_parameters": 9000,
    "train_loss": null,
    "train_quality": null,
    "val_loss": null,
    "val_quality": null,
    "test_loss": 10.78740461551797,
    "test_quality": 0.6554552912223134,
    "success": true,
    "singular": true,
    "singular_epoch": 3
  }
}