{
  "experiment_name": "ntn_breast",
  "run_name": "MPO2_L3_d12_j0.1_s256",
  "config": {
    "init_strength": 0.01,
    "batch_size": 1024,
    "n_epochs": 15,
    "jitter_decay": 0.25,
    "adaptive_jitter": false,
    "patience": 4,
    "min_delta": 1e-06,
    "train_selection": true,
    "seeds": [
      42,
      7,
      123,
      256,
      999
    ],
    "model": "MPO2",
    "L": 3,
    "bond_dim": 12,
    "jitter_start": 0.1
  },
  "hparams": {
    "seed": 256,
    "model": "MPO2",
    "dataset": "breast",
    "n_parameters": 5400,
    "init_strength": 0.01,
    "batch_size": 1024,
    "n_epochs": 15,
    "jitter_decay": 0.25,
    "adaptive_jitter": false,
    "patience": 4,
    "min_delta": 1e-06,
    "train_selection": true,
    "seeds": [
      42,
      7,
      123,
      256,
      999
    ],
    "L": 3,
    "bond_dim": 12,
    "jitter_start": 0.1
  },
  "metrics_log": [
    {
      "step": -1,
      "train_loss": 132.78700416338148,
      "train_quality": 0.457286432160804,
      "val_loss": 160.16229919821805,
      "val_quality": 0.4823529411764706
    },
    {
      "step": 0,
      "train_loss": 5.600394586352496e+27,
      "train_quality": 0.8266331658291457,
      "val_loss": 1.8246933170229908e+27,
      "val_quality": 0.788235294117647,
      "reg_loss": 4.938553191969542e+54,
      "jitter": 0.1,
      "weight_norm_sq": 4.938553191969542e+55
    },
    {
      "step": 1,
      "train_loss": 2.5709333235564595e+195,
      "train_quality": 0.4120603015075377,
      "val_loss": 1.8862976126633517e+195,
      "val_quality": 0.4117647058823529,
      "reg_loss": NaN,
      "jitter": 0.025,
      "weight_norm_sq": NaN
    }
  ],
  "summary": {
    "run_id": "MPO2-L3-d12-jit0.1-seed256",
    "seed": 256,
    "model": "MPO2",
    "grid_params": {
      "model": "MPO2",
      "L": 3,
      "bond_dim": 12,
      "jitter_start": 0.1
    },
    "n_parameters": 5400,
    "train_loss": null,
    "train_quality": null,
    "val_loss": null,
    "val_quality": null,
    "test_loss": 1.7951160087681e+27,
    "test_quality": 0.8604651162790697,
    "success": true,
    "singular": true,
    "singular_epoch": 3
  }
}