{
  "experiment_name": "ntn_breast",
  "run_name": "MPO2TypeI_L3_d16_j0.1_s42",
  "config": {
    "init_strength": 0.01,
    "batch_size": 1024,
    "n_epochs": 15,
    "jitter_decay": 0.25,
    "adaptive_jitter": false,
    "patience": 4,
    "min_delta": 1e-06,
    "train_selection": true,
    "seeds": [
      42,
      7,
      123,
      256,
      999
    ],
    "model": "MPO2TypeI",
    "L": 3,
    "bond_dim": 16,
    "jitter_start": 0.1
  },
  "hparams": {
    "seed": 42,
    "model": "MPO2TypeI",
    "dataset": "breast",
    "n_parameters": 10620,
    "init_strength": 0.01,
    "batch_size": 1024,
    "n_epochs": 15,
    "jitter_decay": 0.25,
    "adaptive_jitter": false,
    "patience": 4,
    "min_delta": 1e-06,
    "train_selection": true,
    "seeds": [
      42,
      7,
      123,
      256,
      999
    ],
    "L": 3,
    "bond_dim": 16,
    "jitter_start": 0.1
  },
  "metrics_log": [
    {
      "step": -1,
      "train_loss": 0.6635655992779282,
      "train_quality": 0.8567839195979899,
      "val_loss": 0.6589137399759378,
      "val_quality": 0.8588235294117647
    },
    {
      "step": 0,
      "train_loss": 0.029327522618139843,
      "train_quality": 1.0,
      "val_loss": 0.1533706577607869,
      "val_quality": 0.9294117647058824,
      "reg_loss": 0.029327522618139843,
      "jitter": 0.1
    },
    {
      "step": 1,
      "train_loss": 6.649904584681259e+31,
      "train_quality": 0.6005025125628141,
      "val_loss": 5.221601862043461e+31,
      "val_quality": 0.5529411764705883,
      "reg_loss": 6.649904584681259e+31,
      "jitter": 0.025
    },
    {
      "step": 2,
      "train_loss": 2.211453861711568e+158,
      "train_quality": 0.7839195979899498,
      "val_loss": 2.6272598747273145e+158,
      "val_quality": 0.8470588235294118,
      "reg_loss": 2.211453861711568e+158,
      "jitter": 0.00625
    }
  ],
  "summary": {
    "run_id": "MPO2TypeI-L3-d16-jit0.1-seed42",
    "seed": 42,
    "model": "MPO2TypeI",
    "grid_params": {
      "model": "MPO2TypeI",
      "L": 3,
      "bond_dim": 16,
      "jitter_start": 0.1
    },
    "n_parameters": 10620,
    "train_loss": null,
    "train_quality": null,
    "val_loss": null,
    "val_quality": null,
    "test_loss": 0.10046392260787876,
    "test_quality": 0.9651162790697674,
    "success": true,
    "singular": true,
    "singular_epoch": 4
  }
}