{
  "experiment_name": "ntn_breast",
  "run_name": "MPO2TypeI_L4_d8_j0.1_s256",
  "config": {
    "init_strength": 0.01,
    "batch_size": 1024,
    "n_epochs": 15,
    "jitter_decay": 0.25,
    "adaptive_jitter": false,
    "patience": 4,
    "min_delta": 1e-06,
    "train_selection": true,
    "seeds": [
      42,
      7,
      123,
      256,
      999
    ],
    "model": "MPO2TypeI",
    "L": 4,
    "bond_dim": 8,
    "jitter_start": 0.1
  },
  "hparams": {
    "seed": 256,
    "model": "MPO2TypeI",
    "dataset": "breast",
    "n_parameters": 7980,
    "init_strength": 0.01,
    "batch_size": 1024,
    "n_epochs": 15,
    "jitter_decay": 0.25,
    "adaptive_jitter": false,
    "patience": 4,
    "min_delta": 1e-06,
    "train_selection": true,
    "seeds": [
      42,
      7,
      123,
      256,
      999
    ],
    "L": 4,
    "bond_dim": 8,
    "jitter_start": 0.1
  },
  "metrics_log": [
    {
      "step": -1,
      "train_loss": 0.6910255634316781,
      "train_quality": 0.550251256281407,
      "val_loss": 0.6914296127913986,
      "val_quality": 0.5294117647058824
    },
    {
      "step": 0,
      "train_loss": 0.04422385416286811,
      "train_quality": 0.9949748743718593,
      "val_loss": 0.5148050695742717,
      "val_quality": 0.9176470588235294,
      "reg_loss": 0.04422385416286811,
      "jitter": 0.1
    },
    {
      "step": 1,
      "train_loss": 1.4252726284026176e+44,
      "train_quality": 0.7010050251256281,
      "val_loss": 3.700422163468037e+43,
      "val_quality": 0.7058823529411764,
      "reg_loss": 1.4252726284026176e+44,
      "jitter": 0.025
    },
    {
      "step": 2,
      "train_loss": 1.3354110490937698e+277,
      "train_quality": 0.6231155778894473,
      "val_loss": 1.1862618604470835e+277,
      "val_quality": 0.5647058823529412,
      "reg_loss": 1.3354110490937698e+277,
      "jitter": 0.00625
    }
  ],
  "summary": {
    "run_id": "MPO2TypeI-L4-d8-jit0.1-seed256",
    "seed": 256,
    "model": "MPO2TypeI",
    "grid_params": {
      "model": "MPO2TypeI",
      "L": 4,
      "bond_dim": 8,
      "jitter_start": 0.1
    },
    "n_parameters": 7980,
    "train_loss": null,
    "train_quality": null,
    "val_loss": null,
    "val_quality": null,
    "test_loss": 0.930812123677743,
    "test_quality": 0.9651162790697674,
    "success": true,
    "singular": true,
    "singular_epoch": 4
  }
}