{
  "experiment_name": "ntn_student_dropout",
  "run_name": "MPO2_L3_d8_j0.1_s123",
  "config": {
    "init_strength": 0.01,
    "batch_size": 1024,
    "n_epochs": 15,
    "jitter_decay": 0.25,
    "adaptive_jitter": false,
    "patience": 4,
    "min_delta": 1e-06,
    "train_selection": true,
    "seeds": [
      42,
      7,
      123,
      256,
      999
    ],
    "model": "MPO2",
    "L": 3,
    "bond_dim": 8,
    "jitter_start": 0.1
  },
  "hparams": {
    "seed": 123,
    "model": "MPO2",
    "dataset": "student_dropout",
    "n_parameters": 3456,
    "init_strength": 0.01,
    "batch_size": 1024,
    "n_epochs": 15,
    "jitter_decay": 0.25,
    "adaptive_jitter": false,
    "patience": 4,
    "min_delta": 1e-06,
    "train_selection": true,
    "seeds": [
      42,
      7,
      123,
      256,
      999
    ],
    "L": 3,
    "bond_dim": 8,
    "jitter_start": 0.1
  },
  "metrics_log": [
    {
      "step": -1,
      "train_loss": 255.42234420513358,
      "train_quality": 0.30523255813953487,
      "val_loss": 262.08605979787194,
      "val_quality": 0.28915662650602414
    },
    {
      "step": 0,
      "train_loss": 1.9859274659312102e+17,
      "train_quality": 0.3133074935400517,
      "val_loss": 1.3290225734020312e+17,
      "val_quality": 0.3042168674698795,
      "reg_loss": 3.2366519068179367e+31,
      "jitter": 0.1,
      "weight_norm_sq": 3.236651906817917e+32
    },
    {
      "step": 1,
      "train_loss": 5.555195407467718e+131,
      "train_quality": 0.24741602067183463,
      "val_loss": 2.9314919096313135e+131,
      "val_quality": 0.25903614457831325,
      "reg_loss": 9.141440463917026e+259,
      "jitter": 0.025,
      "weight_norm_sq": 3.65657618556681e+261
    }
  ],
  "summary": {
    "run_id": "MPO2-L3-d8-jit0.1-seed123",
    "seed": 123,
    "model": "MPO2",
    "grid_params": {
      "model": "MPO2",
      "L": 3,
      "bond_dim": 8,
      "jitter_start": 0.1
    },
    "n_parameters": 3456,
    "train_loss": null,
    "train_quality": null,
    "val_loss": null,
    "val_quality": null,
    "test_loss": 2.013116063721604e+17,
    "test_quality": 0.3493975903614458,
    "success": true,
    "singular": true,
    "singular_epoch": 3
  }
}