{
  "experiment_name": "ntn_iris",
  "run_name": "MPO2TypeI_L4_d8_j0.1_s7",
  "config": {
    "init_strength": 0.01,
    "batch_size": 1024,
    "n_epochs": 15,
    "jitter_decay": 0.25,
    "adaptive_jitter": false,
    "patience": 4,
    "min_delta": 1e-06,
    "train_selection": true,
    "seeds": [
      42,
      7,
      123,
      256,
      999
    ],
    "model": "MPO2TypeI",
    "L": 4,
    "bond_dim": 8,
    "jitter_start": 0.1
  },
  "hparams": {
    "seed": 7,
    "model": "MPO2TypeI",
    "dataset": "iris",
    "n_parameters": 1164,
    "init_strength": 0.01,
    "batch_size": 1024,
    "n_epochs": 15,
    "jitter_decay": 0.25,
    "adaptive_jitter": false,
    "patience": 4,
    "min_delta": 1e-06,
    "train_selection": true,
    "seeds": [
      42,
      7,
      123,
      256,
      999
    ],
    "L": 4,
    "bond_dim": 8,
    "jitter_start": 0.1
  },
  "metrics_log": [
    {
      "step": -1,
      "train_loss": 1.0920546529097805,
      "train_quality": 0.4761904761904762,
      "val_loss": 1.081591612833042,
      "val_quality": 0.7272727272727273
    },
    {
      "step": 0,
      "train_loss": 0.23930914491586386,
      "train_quality": 0.9238095238095239,
      "val_loss": 0.16373669044245664,
      "val_quality": 0.9545454545454546,
      "reg_loss": 0.23930914491586386,
      "jitter": 0.1
    },
    {
      "step": 1,
      "train_loss": 31193771383054.594,
      "train_quality": 0.36190476190476195,
      "val_loss": 19579489614268.086,
      "val_quality": 0.2272727272727273,
      "reg_loss": 31193771383054.594,
      "jitter": 0.025
    },
    {
      "step": 2,
      "train_loss": 9.523337052172652e+152,
      "train_quality": 0.4,
      "val_loss": 6.540421953001342e+152,
      "val_quality": 0.4545454545454546,
      "reg_loss": 9.523337052172652e+152,
      "jitter": 0.00625
    }
  ],
  "summary": {
    "run_id": "MPO2TypeI-L4-d8-jit0.1-seed7",
    "seed": 7,
    "model": "MPO2TypeI",
    "grid_params": {
      "model": "MPO2TypeI",
      "L": 4,
      "bond_dim": 8,
      "jitter_start": 0.1
    },
    "n_parameters": 1164,
    "train_loss": null,
    "train_quality": null,
    "val_loss": null,
    "val_quality": null,
    "test_loss": 0.6306894805898637,
    "test_quality": 0.8260869565217391,
    "success": true,
    "singular": true,
    "singular_epoch": 4
  }
}