{
  "experiment_name": "ntn_iris",
  "run_name": "MPO2_L4_d12_j0.1_s7",
  "config": {
    "output_site": 1,
    "init_strength": 0.01,
    "batch_size": 1024,
    "n_epochs": 15,
    "jitter_decay": 0.25,
    "adaptive_jitter": false,
    "patience": 4,
    "min_delta": 1e-06,
    "train_selection": true,
    "rank": 5,
    "seeds": [
      42,
      7,
      123,
      256,
      999
    ],
    "model": "MPO2",
    "L": 4,
    "bond_dim": 12,
    "jitter_start": 0.1
  },
  "hparams": {
    "seed": 7,
    "model": "MPO2",
    "dataset": "iris",
    "n_parameters": 2400,
    "output_site": 1,
    "init_strength": 0.01,
    "batch_size": 1024,
    "n_epochs": 15,
    "jitter_decay": 0.25,
    "adaptive_jitter": false,
    "patience": 4,
    "min_delta": 1e-06,
    "train_selection": true,
    "rank": 5,
    "seeds": [
      42,
      7,
      123,
      256,
      999
    ],
    "L": 4,
    "bond_dim": 12,
    "jitter_start": 0.1
  },
  "metrics_log": [
    {
      "step": -1,
      "train_loss": 4.138980443382872,
      "train_quality": 0.49523809523809526,
      "val_loss": 4.429547515858592,
      "val_quality": 0.5454545454545454
    },
    {
      "step": 0,
      "train_loss": 2.673719353018993e+88,
      "train_quality": 0.43809523809523815,
      "val_loss": 2.5622990269875502e+88,
      "val_quality": 0.6818181818181819,
      "reg_loss": 2.737394920128563e+176,
      "jitter": 0.1,
      "weight_norm_sq": 2.7373949201285633e+177
    }
  ],
  "summary": {
    "run_id": "MPO2-L4-d12-jit0.1-seed7",
    "seed": 7,
    "model": "MPO2",
    "grid_params": {
      "model": "MPO2",
      "L": 4,
      "bond_dim": 12,
      "jitter_start": 0.1
    },
    "n_parameters": 2400,
    "train_loss": 2.673719353018993e+88,
    "train_quality": 0.43809523809523815,
    "val_loss": 2.5622990269875502e+88,
    "val_quality": 0.6818181818181819,
    "test_loss": 2.4268413760511215e+88,
    "test_quality": 0.34782608695652173,
    "success": true,
    "singular": true
  }
}