{
  "experiment_name": "ntn_iris",
  "run_name": "MPO2_L3_d8_j0.1_s7",
  "config": {
    "output_site": 1,
    "init_strength": 0.01,
    "batch_size": 1024,
    "n_epochs": 15,
    "jitter_decay": 0.25,
    "adaptive_jitter": false,
    "patience": 4,
    "min_delta": 1e-06,
    "train_selection": true,
    "rank": 5,
    "seeds": [
      42,
      7,
      123,
      256,
      999
    ],
    "model": "MPO2",
    "L": 3,
    "bond_dim": 8,
    "jitter_start": 0.1
  },
  "hparams": {
    "seed": 7,
    "model": "MPO2",
    "dataset": "iris",
    "n_parameters": 832,
    "output_site": 1,
    "init_strength": 0.01,
    "batch_size": 1024,
    "n_epochs": 15,
    "jitter_decay": 0.25,
    "adaptive_jitter": false,
    "patience": 4,
    "min_delta": 1e-06,
    "train_selection": true,
    "rank": 5,
    "seeds": [
      42,
      7,
      123,
      256,
      999
    ],
    "L": 3,
    "bond_dim": 8,
    "jitter_start": 0.1
  },
  "metrics_log": [
    {
      "step": -1,
      "train_loss": 6.166738115214602,
      "train_quality": 0.05714285714285715,
      "val_loss": 10.033419865533537,
      "val_quality": 0.045454545454545456
    },
    {
      "step": 0,
      "train_loss": 1.7809947231904411e+31,
      "train_quality": 0.5523809523809524,
      "val_loss": 2.302251590069144e+31,
      "val_quality": 0.7272727272727273,
      "reg_loss": 2.2501707267794406e+61,
      "jitter": 0.1,
      "weight_norm_sq": 2.2501707267794404e+62
    },
    {
      "step": 1,
      "train_loss": 1.2265134563460939e+197,
      "train_quality": 0.5619047619047619,
      "val_loss": 1.5994849129709996e+197,
      "val_quality": 0.6818181818181819,
      "reg_loss": Infinity,
      "jitter": 0.025,
      "weight_norm_sq": Infinity
    }
  ],
  "summary": {
    "run_id": "MPO2-L3-d8-jit0.1-seed7",
    "seed": 7,
    "model": "MPO2",
    "grid_params": {
      "model": "MPO2",
      "L": 3,
      "bond_dim": 8,
      "jitter_start": 0.1
    },
    "n_parameters": 832,
    "train_loss": 1.7809947231904411e+31,
    "train_quality": 0.5523809523809524,
    "val_loss": 2.302251590069144e+31,
    "val_quality": 0.7272727272727273,
    "test_loss": 1.784924898358134e+31,
    "test_quality": 0.6521739130434783,
    "success": true,
    "singular": true
  }
}