{
  "experiment_name": "ntn_bank",
  "run_name": "MPO2_L3_d8_j0.1_s256",
  "config": {
    "output_site": 1,
    "init_strength": 0.01,
    "batch_size": 1024,
    "n_epochs": 15,
    "jitter_decay": 0.25,
    "adaptive_jitter": false,
    "patience": 4,
    "min_delta": 1e-06,
    "train_selection": true,
    "rank": 5,
    "seeds": [
      42,
      7,
      123,
      256,
      999
    ],
    "model": "MPO2",
    "L": 3,
    "bond_dim": 8,
    "jitter_start": 0.1
  },
  "hparams": {
    "seed": 256,
    "model": "MPO2",
    "dataset": "bank",
    "n_parameters": 4752,
    "output_site": 1,
    "init_strength": 0.01,
    "batch_size": 1024,
    "n_epochs": 15,
    "jitter_decay": 0.25,
    "adaptive_jitter": false,
    "patience": 4,
    "min_delta": 1e-06,
    "train_selection": true,
    "rank": 5,
    "seeds": [
      42,
      7,
      123,
      256,
      999
    ],
    "L": 3,
    "bond_dim": 8,
    "jitter_start": 0.1
  },
  "metrics_log": [
    {
      "step": -1,
      "train_loss": 46.78297826534978,
      "train_quality": 0.43912535153411064,
      "val_loss": 15.231130569971448,
      "val_quality": 0.44514892362135067
    },
    {
      "step": 0,
      "train_loss": 4.344140638653236e+19,
      "train_quality": 0.7425348374253484,
      "val_loss": 3.269981527948305e+18,
      "val_quality": 0.748894131524624,
      "reg_loss": 5.912634722485269e+34,
      "jitter": 0.1,
      "weight_norm_sq": 5.9126347224852636e+35
    },
    {
      "step": 1,
      "train_loss": 1.5305179809516415e+149,
      "train_quality": 0.5086106108003918,
      "val_loss": 1.3251113399766475e+148,
      "val_quality": 0.5097316425833087,
      "reg_loss": 1.488890759985327e+293,
      "jitter": 0.025,
      "weight_norm_sq": 5.955563039941308e+294
    }
  ],
  "summary": {
    "run_id": "MPO2-L3-d8-jit0.1-seed256",
    "seed": 256,
    "model": "MPO2",
    "grid_params": {
      "model": "MPO2",
      "L": 3,
      "bond_dim": 8,
      "jitter_start": 0.1
    },
    "n_parameters": 4752,
    "train_loss": 4.344140638653236e+19,
    "train_quality": 0.7425348374253484,
    "val_loss": 3.269981527948305e+18,
    "val_quality": 0.748894131524624,
    "test_loss": 2.6255912418824535e+18,
    "test_quality": 0.7404895311117664,
    "success": true,
    "singular": true
  }
}