{
  "experiment_name": "ntn_winequalityc",
  "run_name": "MPO2_L3_d8_j5_s7",
  "config": {
    "output_site": 1,
    "init_strength": 0.01,
    "batch_size": 1024,
    "n_epochs": 15,
    "jitter_decay": 0.25,
    "adaptive_jitter": false,
    "patience": 4,
    "min_delta": 1e-06,
    "train_selection": true,
    "rank": 5,
    "seeds": [
      42,
      7,
      123,
      256,
      999
    ],
    "model": "MPO2",
    "L": 3,
    "bond_dim": 8,
    "jitter_start": 5.0
  },
  "hparams": {
    "seed": 7,
    "model": "MPO2",
    "dataset": "winequalityc",
    "n_parameters": 5104,
    "output_site": 1,
    "init_strength": 0.01,
    "batch_size": 1024,
    "n_epochs": 15,
    "jitter_decay": 0.25,
    "adaptive_jitter": false,
    "patience": 4,
    "min_delta": 1e-06,
    "train_selection": true,
    "rank": 5,
    "seeds": [
      42,
      7,
      123,
      256,
      999
    ],
    "L": 3,
    "bond_dim": 8,
    "jitter_start": 5.0
  },
  "metrics_log": [
    {
      "step": -1,
      "train_loss": 5.750771748474491,
      "train_quality": 0.16692324609632725,
      "val_loss": 6.3623064466506944,
      "val_quality": 0.16512820512820514
    },
    {
      "step": 0,
      "train_loss": 60.12108015506584,
      "train_quality": 0.3213107543435232,
      "val_loss": 205.8427581026549,
      "val_quality": 0.3446153846153846,
      "reg_loss": 3409.3320728702392,
      "jitter": 5.0,
      "weight_norm_sq": 669.8421985430347
    },
    {
      "step": 1,
      "train_loss": 15577059.345788013,
      "train_quality": 0.3747525841213987,
      "val_loss": 52433273.56001865,
      "val_quality": 0.38974358974358975,
      "reg_loss": 42791037708653.32,
      "jitter": 1.25,
      "weight_norm_sq": 34232817705275.18
    }
  ],
  "summary": {
    "run_id": "MPO2-L3-d8-jit5-seed7",
    "seed": 7,
    "model": "MPO2",
    "grid_params": {
      "model": "MPO2",
      "L": 3,
      "bond_dim": 8,
      "jitter_start": 5.0
    },
    "n_parameters": 5104,
    "train_loss": 15577059.345788013,
    "train_quality": 0.3747525841213987,
    "val_loss": 52433273.56001865,
    "val_quality": 0.38974358974358975,
    "test_loss": 5941083.788568096,
    "test_quality": 0.38051282051282054,
    "success": true,
    "singular": true
  }
}