{
  "experiment_name": "ntn_student_dropout_lmpo2",
  "run_name": "LMPO2_L3_d8_j5_s123",
  "config": {
    "output_site": 1,
    "init_strength": 0.01,
    "reduction_factor": 0.5,
    "rank": 5,
    "batch_size": 1024,
    "n_epochs": 15,
    "jitter_decay": 0.25,
    "adaptive_jitter": false,
    "patience": 4,
    "min_delta": 1e-06,
    "train_selection": true,
    "seeds": [
      42,
      7,
      123,
      256,
      999
    ],
    "model": "LMPO2",
    "L": 3,
    "bond_dim": 8,
    "jitter_start": 5.0
  },
  "hparams": {
    "seed": 123,
    "model": "LMPO2",
    "dataset": "student_dropout",
    "n_parameters": 15440,
    "output_site": 1,
    "init_strength": 0.01,
    "reduction_factor": 0.5,
    "rank": 5,
    "batch_size": 1024,
    "n_epochs": 15,
    "jitter_decay": 0.25,
    "adaptive_jitter": false,
    "patience": 4,
    "min_delta": 1e-06,
    "train_selection": true,
    "seeds": [
      42,
      7,
      123,
      256,
      999
    ],
    "L": 3,
    "bond_dim": 8,
    "jitter_start": 5.0
  },
  "metrics_log": [
    {
      "step": -1,
      "train_loss": 1.2460967679455381,
      "train_quality": 0.3133074935400517,
      "val_loss": 1.25199014564458,
      "val_quality": 0.32228915662650603
    },
    {
      "step": 0,
      "train_loss": 9.763315115973922e+54,
      "train_quality": 0.28068475452196384,
      "val_loss": 1.347823676623661e+55,
      "val_quality": 0.2801204819277109,
      "reg_loss": 6.179990708867783e+107,
      "jitter": 5.0,
      "weight_norm_sq": 1.2359981417735568e+107
    }
  ],
  "summary": {
    "run_id": "LMPO2-L3-d8-jit5-rf0.5-seed123",
    "seed": 123,
    "model": "LMPO2",
    "grid_params": {
      "model": "LMPO2",
      "L": 3,
      "bond_dim": 8,
      "jitter_start": 5.0,
      "reduction_factor": 0.5
    },
    "n_parameters": 15440,
    "train_loss": 1.2460967679455381,
    "train_quality": 0.3133074935400517,
    "val_loss": 1.25199014564458,
    "val_quality": 0.32228915662650603,
    "test_loss": 1.3092729511351213,
    "test_quality": 0.3102409638554217,
    "success": true,
    "singular": true
  }
}