{
  "experiment_name": "ntn_iris",
  "run_name": "MPO2_L2_d4_j5_s999",
  "config": {
    "output_site": 1,
    "init_strength": 0.01,
    "batch_size": 100,
    "n_epochs": 10,
    "jitter_decay": 0.25,
    "adaptive_jitter": false,
    "patience": 4,
    "min_delta": 0.0001,
    "train_selection": true,
    "rank": 5,
    "seeds": [
      42,
      7,
      123,
      256,
      999
    ],
    "model": "MPO2",
    "L": 2,
    "bond_dim": 4,
    "jitter_start": 5.0,
    "reduction_factor": 0.5
  },
  "hparams": {
    "seed": 999,
    "model": "MPO2",
    "dataset": "iris",
    "output_site": 1,
    "init_strength": 0.01,
    "batch_size": 100,
    "n_epochs": 10,
    "jitter_decay": 0.25,
    "adaptive_jitter": false,
    "patience": 4,
    "min_delta": 0.0001,
    "train_selection": true,
    "rank": 5,
    "seeds": [
      42,
      7,
      123,
      256,
      999
    ],
    "L": 2,
    "bond_dim": 4,
    "jitter_start": 5.0,
    "reduction_factor": 0.5
  },
  "metrics_log": [
    {
      "step": -1,
      "train_loss": 6.062215993680517,
      "train_quality": 0.2,
      "val_loss": 8.96275388272998,
      "val_quality": 0.13636363636363635
    },
    {
      "step": 0,
      "train_loss": 58.41994454376555,
      "train_quality": 0.39047619047619053,
      "val_loss": 118.0049915279449,
      "val_quality": 0.2727272727272727,
      "reg_loss": 3071.371901561831,
      "jitter": 5.0,
      "weight_norm_sq": 602.590391403613
    },
    {
      "step": 1,
      "train_loss": 2763717.694861853,
      "train_quality": 0.43809523809523815,
      "val_loss": 5509764.893399125,
      "val_quality": 0.2727272727272727,
      "reg_loss": 1785502388859.9727,
      "jitter": 1.25,
      "weight_norm_sq": 1428399700113.8223
    },
    {
      "step": 2,
      "train_loss": NaN,
      "train_quality": 0.2380952380952381,
      "val_loss": NaN,
      "val_quality": 0.13636363636363635,
      "reg_loss": NaN,
      "jitter": 0.3125,
      "weight_norm_sq": NaN
    }
  ],
  "summary": {
    "run_id": "MPO2-L2-d4-init0.01-jit5-rf0.5-seed999",
    "seed": 999,
    "model": "MPO2",
    "grid_params": {
      "model": "MPO2",
      "L": 2,
      "bond_dim": 4,
      "jitter_start": 5.0,
      "reduction_factor": 0.5,
      "init_strength": 0.01
    },
    "train_loss": 2763717.694861853,
    "train_quality": 0.43809523809523815,
    "val_loss": 5509764.893399125,
    "val_quality": 0.2727272727272727,
    "test_loss": 2537402.36095545,
    "test_quality": 0.3913043478260869,
    "success": true,
    "singular": true
  }
}