{
  "experiment_name": "ntn_iris",
  "run_name": "MPO2_L4_d12_j0.1_s256",
  "config": {
    "output_site": 1,
    "init_strength": 0.01,
    "batch_size": 1024,
    "n_epochs": 15,
    "jitter_decay": 0.25,
    "adaptive_jitter": false,
    "patience": 4,
    "min_delta": 1e-06,
    "train_selection": true,
    "rank": 5,
    "seeds": [
      42,
      7,
      123,
      256,
      999
    ],
    "model": "MPO2",
    "L": 4,
    "bond_dim": 12,
    "jitter_start": 0.1
  },
  "hparams": {
    "seed": 256,
    "model": "MPO2",
    "dataset": "iris",
    "n_parameters": 2400,
    "output_site": 1,
    "init_strength": 0.01,
    "batch_size": 1024,
    "n_epochs": 15,
    "jitter_decay": 0.25,
    "adaptive_jitter": false,
    "patience": 4,
    "min_delta": 1e-06,
    "train_selection": true,
    "rank": 5,
    "seeds": [
      42,
      7,
      123,
      256,
      999
    ],
    "L": 4,
    "bond_dim": 12,
    "jitter_start": 0.1
  },
  "metrics_log": [
    {
      "step": -1,
      "train_loss": 5.26152997161161,
      "train_quality": 0.3238095238095238,
      "val_loss": 5.361653167452803,
      "val_quality": 0.3181818181818182
    },
    {
      "step": 0,
      "train_loss": 8.417449883656434e+47,
      "train_quality": 0.29523809523809524,
      "val_loss": 8.539160771466689e+47,
      "val_quality": 0.5909090909090909,
      "reg_loss": 1.8149838806655863e+93,
      "jitter": 0.1,
      "weight_norm_sq": 1.8149838806655863e+94
    }
  ],
  "summary": {
    "run_id": "MPO2-L4-d12-jit0.1-seed256",
    "seed": 256,
    "model": "MPO2",
    "grid_params": {
      "model": "MPO2",
      "L": 4,
      "bond_dim": 12,
      "jitter_start": 0.1
    },
    "n_parameters": 2400,
    "train_loss": 8.417449883656434e+47,
    "train_quality": 0.29523809523809524,
    "val_loss": 8.539160771466689e+47,
    "val_quality": 0.5909090909090909,
    "test_loss": 8.204893361065394e+47,
    "test_quality": 0.2608695652173913,
    "success": true,
    "singular": true
  }
}