{
  "experiment_name": "ntn_mushrooms",
  "run_name": "MPO2_L3_d12_j5_s7",
  "config": {
    "output_site": 1,
    "init_strength": 0.01,
    "batch_size": 1024,
    "n_epochs": 15,
    "jitter_decay": 0.25,
    "adaptive_jitter": false,
    "patience": 4,
    "min_delta": 1e-06,
    "train_selection": true,
    "rank": 5,
    "seeds": [
      42,
      7,
      123,
      256,
      999
    ],
    "model": "MPO2",
    "L": 3,
    "bond_dim": 12,
    "jitter_start": 5.0
  },
  "hparams": {
    "seed": 7,
    "model": "MPO2",
    "dataset": "mushrooms",
    "n_parameters": 15600,
    "output_site": 1,
    "init_strength": 0.01,
    "batch_size": 1024,
    "n_epochs": 15,
    "jitter_decay": 0.25,
    "adaptive_jitter": false,
    "patience": 4,
    "min_delta": 1e-06,
    "train_selection": true,
    "rank": 5,
    "seeds": [
      42,
      7,
      123,
      256,
      999
    ],
    "L": 3,
    "bond_dim": 12,
    "jitter_start": 5.0
  },
  "metrics_log": [
    {
      "step": -1,
      "train_loss": 7.603354344080653,
      "train_quality": 0.42824481181850155,
      "val_loss": 7.661192529175241,
      "val_quality": 0.44708777686628387
    },
    {
      "step": 0,
      "train_loss": 1346789487247.9158,
      "train_quality": 0.5191698909602532,
      "val_loss": 1343319458527.8716,
      "val_quality": 0.5143560295324037,
      "reg_loss": 1.7275069142527558e+23,
      "jitter": 5.0,
      "weight_norm_sq": 3.4550138284785757e+22
    },
    {
      "step": 1,
      "train_loss": 1.749681473693068e+80,
      "train_quality": 0.5189940204009849,
      "val_loss": 1.7459850917058117e+80,
      "val_quality": 0.5217391304347826,
      "reg_loss": 1.9066330275498287e+158,
      "jitter": 1.25,
      "weight_norm_sq": 1.525306422039863e+158
    }
  ],
  "summary": {
    "run_id": "MPO2-L3-d12-jit5-seed7",
    "seed": 7,
    "model": "MPO2",
    "grid_params": {
      "model": "MPO2",
      "L": 3,
      "bond_dim": 12,
      "jitter_start": 5.0
    },
    "n_parameters": 15600,
    "train_loss": 1.749681473693068e+80,
    "train_quality": 0.5189940204009849,
    "val_loss": 1.7459850917058117e+80,
    "val_quality": 0.5217391304347826,
    "test_loss": 1.7914251787444833e+80,
    "test_quality": 0.5094339622641509,
    "success": true,
    "singular": true
  }
}