{
  "experiment_name": "ntn_winequalityc",
  "run_name": "MPO2_L3_d12_j5_s123",
  "config": {
    "init_strength": 0.01,
    "batch_size": 512,
    "n_epochs": 100,
    "jitter_decay": 0.25,
    "adaptive_jitter": false,
    "patience": 10,
    "min_delta": 1e-05,
    "train_selection": true,
    "seeds": [
      42,
      7,
      123,
      256,
      999
    ],
    "model": "MPO2",
    "L": 3,
    "bond_dim": 12,
    "jitter_start": 5.0
  },
  "hparams": {
    "seed": 123,
    "model": "MPO2",
    "dataset": "winequalityc",
    "n_parameters": 2640,
    "init_strength": 0.01,
    "batch_size": 512,
    "n_epochs": 100,
    "jitter_decay": 0.25,
    "adaptive_jitter": false,
    "patience": 10,
    "min_delta": 1e-05,
    "train_selection": true,
    "seeds": [
      42,
      7,
      123,
      256,
      999
    ],
    "L": 3,
    "bond_dim": 12,
    "jitter_start": 5.0
  },
  "metrics_log": [
    {
      "step": -1,
      "train_loss": 40.46082747937477,
      "train_quality": 0.17638003078953154,
      "val_loss": 43.42747062075737,
      "val_quality": 0.17333333333333334
    },
    {
      "step": 0,
      "train_loss": 17267.307863761776,
      "train_quality": 0.25357378491312954,
      "val_loss": 26679.92780426365,
      "val_quality": 0.24307692307692308,
      "reg_loss": 33837734.931881346,
      "jitter": 5.0,
      "weight_norm_sq": 6764093.5248035155
    },
    {
      "step": 1,
      "train_loss": 1.4322698196605467e+28,
      "train_quality": 0.1937541235979767,
      "val_loss": 2.382039115972912e+28,
      "val_quality": 0.1712820512820513,
      "reg_loss": 4.172926861585281e+54,
      "jitter": 1.25,
      "weight_norm_sq": 3.3383414892682245e+54
    },
    {
      "step": 2,
      "train_loss": 2.606059337453883e+194,
      "train_quality": 0.18627666593358258,
      "val_loss": 4.4160274784675153e+194,
      "val_quality": 0.16307692307692306,
      "reg_loss": Infinity,
      "jitter": 0.3125,
      "weight_norm_sq": Infinity
    }
  ],
  "summary": {
    "run_id": "MPO2-L3-d12-jit5-seed123",
    "seed": 123,
    "model": "MPO2",
    "grid_params": {
      "model": "MPO2",
      "L": 3,
      "bond_dim": 12,
      "jitter_start": 5.0
    },
    "n_parameters": 2640,
    "train_loss": null,
    "train_quality": null,
    "val_loss": null,
    "val_quality": null,
    "success": false,
    "singular": true,
    "singular_epoch": 4
  }
}