{
  "experiment_name": "ntn_breast_lmpo2",
  "run_name": "LMPO2_L3_d8_j5_s256",
  "config": {
    "output_site": 1,
    "init_strength": 0.01,
    "reduction_factor": 0.3,
    "rank": 5,
    "batch_size": 1024,
    "n_epochs": 15,
    "jitter_decay": 0.25,
    "adaptive_jitter": false,
    "patience": 4,
    "min_delta": 1e-06,
    "train_selection": true,
    "seeds": [
      42,
      7,
      123,
      256,
      999
    ],
    "model": "LMPO2",
    "L": 3,
    "bond_dim": 8,
    "jitter_start": 5.0
  },
  "hparams": {
    "seed": 256,
    "model": "LMPO2",
    "dataset": "breast",
    "n_parameters": 12720,
    "output_site": 1,
    "init_strength": 0.01,
    "reduction_factor": 0.3,
    "rank": 5,
    "batch_size": 1024,
    "n_epochs": 15,
    "jitter_decay": 0.25,
    "adaptive_jitter": false,
    "patience": 4,
    "min_delta": 1e-06,
    "train_selection": true,
    "seeds": [
      42,
      7,
      123,
      256,
      999
    ],
    "L": 3,
    "bond_dim": 8,
    "jitter_start": 5.0
  },
  "metrics_log": [
    {
      "step": -1,
      "train_loss": 0.6524924363317386,
      "train_quality": 0.7437185929648241,
      "val_loss": 0.6186602512060482,
      "val_quality": 0.8235294117647058
    },
    {
      "step": 0,
      "train_loss": 0.05013560458492075,
      "train_quality": 0.9949748743718593,
      "val_loss": 0.10104832690884268,
      "val_quality": 0.9647058823529412,
      "reg_loss": 4.307931176936695,
      "jitter": 5.0,
      "weight_norm_sq": 0.8515591144703548
    },
    {
      "step": 1,
      "train_loss": 3.4780215766313014,
      "train_quality": 0.949748743718593,
      "val_loss": 7.7615769804498,
      "val_quality": 0.9529411764705882,
      "reg_loss": 14.066014438915476,
      "jitter": 1.25,
      "weight_norm_sq": 8.47039428982734
    }
  ],
  "summary": {
    "run_id": "LMPO2-L3-d8-jit5-rf0.3-seed256",
    "seed": 256,
    "model": "LMPO2",
    "grid_params": {
      "model": "LMPO2",
      "L": 3,
      "bond_dim": 8,
      "jitter_start": 5.0,
      "reduction_factor": 0.3
    },
    "n_parameters": 12720,
    "train_loss": 0.05013560458492075,
    "train_quality": 0.9949748743718593,
    "val_loss": 0.10104832690884268,
    "val_quality": 0.9647058823529412,
    "test_loss": 0.094556003344475,
    "test_quality": 0.9767441860465116,
    "success": true,
    "singular": true
  }
}