{
  "experiment_name": "ntn_wine",
  "run_name": "MPO2_L3_d8_j5_s42",
  "config": {
    "output_site": 1,
    "init_strength": 0.01,
    "batch_size": 1024,
    "n_epochs": 15,
    "jitter_decay": 0.25,
    "adaptive_jitter": false,
    "patience": 4,
    "min_delta": 1e-06,
    "train_selection": true,
    "rank": 5,
    "seeds": [
      42,
      7,
      123,
      256,
      999
    ],
    "model": "MPO2",
    "L": 3,
    "bond_dim": 8,
    "jitter_start": 5.0
  },
  "hparams": {
    "seed": 42,
    "model": "MPO2",
    "dataset": "wine",
    "n_parameters": 2704,
    "output_site": 1,
    "init_strength": 0.01,
    "batch_size": 1024,
    "n_epochs": 15,
    "jitter_decay": 0.25,
    "adaptive_jitter": false,
    "patience": 4,
    "min_delta": 1e-06,
    "train_selection": true,
    "rank": 5,
    "seeds": [
      42,
      7,
      123,
      256,
      999
    ],
    "L": 3,
    "bond_dim": 8,
    "jitter_start": 5.0
  },
  "metrics_log": [
    {
      "step": -1,
      "train_loss": 8.388389766272102,
      "train_quality": 0.34677419354838707,
      "val_loss": 8.028656390870475,
      "val_quality": 0.37037037037037035
    },
    {
      "step": 0,
      "train_loss": 2.236928155456634,
      "train_quality": 0.9032258064516129,
      "val_loss": 0.586706353673755,
      "val_quality": 0.7777777777777777,
      "reg_loss": 22.445200442508167,
      "jitter": 5.0,
      "weight_norm_sq": 4.041654457410306
    },
    {
      "step": 1,
      "train_loss": 401515.1413094678,
      "train_quality": 0.6451612903225806,
      "val_loss": 18376.77302872252,
      "val_quality": 0.6666666666666666,
      "reg_loss": 209769065988.90784,
      "jitter": 1.25,
      "weight_norm_sq": 167814931579.01324
    },
    {
      "step": 2,
      "train_loss": 2.8602969086003437e+131,
      "train_quality": 0.6774193548387096,
      "val_loss": 4.830157754422137e+130,
      "val_quality": 0.6296296296296295,
      "reg_loss": 1.4809010745705562e+262,
      "jitter": 0.3125,
      "weight_norm_sq": 4.73888343862578e+262
    }
  ],
  "summary": {
    "run_id": "MPO2-L3-d8-jit5-seed42",
    "seed": 42,
    "model": "MPO2",
    "grid_params": {
      "model": "MPO2",
      "L": 3,
      "bond_dim": 8,
      "jitter_start": 5.0
    },
    "n_parameters": 2704,
    "train_loss": 2.236928155456634,
    "train_quality": 0.9032258064516129,
    "val_loss": 0.586706353673755,
    "val_quality": 0.7777777777777777,
    "test_loss": 0.5548357070529909,
    "test_quality": 0.8518518518518519,
    "success": true,
    "singular": true
  }
}