{
  "experiment_name": "ntn_winequalityc_lmpo2",
  "run_name": "LMPO2_L3_d8_j5_s999",
  "config": {
    "output_site": 1,
    "init_strength": 0.01,
    "reduction_factor": 0.1,
    "rank": 5,
    "batch_size": 1024,
    "n_epochs": 15,
    "jitter_decay": 0.25,
    "adaptive_jitter": false,
    "patience": 4,
    "min_delta": 1e-06,
    "train_selection": true,
    "seeds": [
      42,
      7,
      123,
      256,
      999
    ],
    "model": "LMPO2",
    "L": 3,
    "bond_dim": 8,
    "jitter_start": 5.0
  },
  "hparams": {
    "seed": 999,
    "model": "LMPO2",
    "dataset": "winequalityc",
    "n_parameters": 6720,
    "output_site": 1,
    "init_strength": 0.01,
    "reduction_factor": 0.1,
    "rank": 5,
    "batch_size": 1024,
    "n_epochs": 15,
    "jitter_decay": 0.25,
    "adaptive_jitter": false,
    "patience": 4,
    "min_delta": 1e-06,
    "train_selection": true,
    "seeds": [
      42,
      7,
      123,
      256,
      999
    ],
    "L": 3,
    "bond_dim": 8,
    "jitter_start": 5.0
  },
  "metrics_log": [
    {
      "step": -1,
      "train_loss": 1.957574309737587,
      "train_quality": 0.1722014515064878,
      "val_loss": 1.950487051035247,
      "val_quality": 0.19076923076923077
    },
    {
      "step": 0,
      "train_loss": 1.5829190397836545e+28,
      "train_quality": 0.3191115020892896,
      "val_loss": 2.7038606583212145e+28,
      "val_quality": 0.3087179487179487,
      "reg_loss": 2.4594844389720373e+55,
      "jitter": 5.0,
      "weight_norm_sq": 4.918968877944074e+54
    }
  ],
  "summary": {
    "run_id": "LMPO2-L3-d8-jit5-rf0.1-seed999",
    "seed": 999,
    "model": "LMPO2",
    "grid_params": {
      "model": "LMPO2",
      "L": 3,
      "bond_dim": 8,
      "jitter_start": 5.0,
      "reduction_factor": 0.1
    },
    "n_parameters": 6720,
    "train_loss": 1.5829190397836545e+28,
    "train_quality": 0.3191115020892896,
    "val_loss": 2.7038606583212145e+28,
    "val_quality": 0.3087179487179487,
    "test_loss": 1.8478869319854826e+28,
    "test_quality": 0.3302564102564103,
    "success": true,
    "singular": true
  }
}