{
  "experiment_name": "ntn_wine",
  "run_name": "MPO2_L3_d16_j0.1_s999",
  "config": {
    "init_strength": 0.01,
    "batch_size": 1024,
    "n_epochs": 15,
    "jitter_decay": 0.25,
    "adaptive_jitter": false,
    "patience": 4,
    "min_delta": 1e-06,
    "train_selection": true,
    "seeds": [
      42,
      7,
      123,
      256,
      999
    ],
    "model": "MPO2",
    "L": 3,
    "bond_dim": 16,
    "jitter_start": 0.1
  },
  "hparams": {
    "seed": 999,
    "model": "MPO2",
    "dataset": "wine",
    "n_parameters": 4160,
    "init_strength": 0.01,
    "batch_size": 1024,
    "n_epochs": 15,
    "jitter_decay": 0.25,
    "adaptive_jitter": false,
    "patience": 4,
    "min_delta": 1e-06,
    "train_selection": true,
    "seeds": [
      42,
      7,
      123,
      256,
      999
    ],
    "L": 3,
    "bond_dim": 16,
    "jitter_start": 0.1
  },
  "metrics_log": [
    {
      "step": -1,
      "train_loss": 19.767262881730595,
      "train_quality": 0.5564516129032258,
      "val_loss": 32.10380848523202,
      "val_quality": 0.5185185185185185
    },
    {
      "step": 0,
      "train_loss": 2.0684849011148887e+18,
      "train_quality": 0.4032258064516129,
      "val_loss": 1.1140333991991832e+18,
      "val_quality": 0.4074074074074074,
      "reg_loss": 5.56980055407456e+34,
      "jitter": 0.1,
      "weight_norm_sq": 5.56980055407456e+35
    },
    {
      "step": 1,
      "train_loss": 6.059695712232921e+134,
      "train_quality": 0.1774193548387097,
      "val_loss": 4.350516683605374e+134,
      "val_quality": 0.18518518518518517,
      "reg_loss": 1.481499590991464e+266,
      "jitter": 0.025,
      "weight_norm_sq": 5.925998363965855e+267
    }
  ],
  "summary": {
    "run_id": "MPO2-L3-d16-jit0.1-seed999",
    "seed": 999,
    "model": "MPO2",
    "grid_params": {
      "model": "MPO2",
      "L": 3,
      "bond_dim": 16,
      "jitter_start": 0.1
    },
    "n_parameters": 4160,
    "train_loss": null,
    "train_quality": null,
    "val_loss": null,
    "val_quality": null,
    "test_loss": 32.63518769541872,
    "test_quality": 0.2962962962962963,
    "success": true,
    "singular": true,
    "singular_epoch": 3
  }
}