{
  "experiment_name": "ntn_mushrooms",
  "run_name": "MPO2_L3_d12_j5_s123",
  "config": {
    "output_site": 1,
    "init_strength": 0.01,
    "batch_size": 1024,
    "n_epochs": 15,
    "jitter_decay": 0.25,
    "adaptive_jitter": false,
    "patience": 4,
    "min_delta": 1e-06,
    "train_selection": true,
    "rank": 5,
    "seeds": [
      42,
      7,
      123,
      256,
      999
    ],
    "model": "MPO2",
    "L": 3,
    "bond_dim": 12,
    "jitter_start": 5.0
  },
  "hparams": {
    "seed": 123,
    "model": "MPO2",
    "dataset": "mushrooms",
    "n_parameters": 15600,
    "output_site": 1,
    "init_strength": 0.01,
    "batch_size": 1024,
    "n_epochs": 15,
    "jitter_decay": 0.25,
    "adaptive_jitter": false,
    "patience": 4,
    "min_delta": 1e-06,
    "train_selection": true,
    "rank": 5,
    "seeds": [
      42,
      7,
      123,
      256,
      999
    ],
    "L": 3,
    "bond_dim": 12,
    "jitter_start": 5.0
  },
  "metrics_log": [
    {
      "step": -1,
      "train_loss": 3.0507118711618806,
      "train_quality": 0.5923320436158986,
      "val_loss": 2.954551080563929,
      "val_quality": 0.601312551271534
    },
    {
      "step": 0,
      "train_loss": 20712.106136474235,
      "train_quality": 0.25096728807597607,
      "val_loss": 20926.746750209582,
      "val_quality": 0.258408531583265,
      "reg_loss": 45697291.14107424,
      "jitter": 5.0,
      "weight_norm_sq": 9135315.806987554
    },
    {
      "step": 1,
      "train_loss": 3.798328013854507e+253,
      "train_quality": 0.48100597959901514,
      "val_loss": 3.7815180353393245e+253,
      "val_quality": 0.4782608695652174,
      "reg_loss": NaN,
      "jitter": 1.25,
      "weight_norm_sq": NaN
    }
  ],
  "summary": {
    "run_id": "MPO2-L3-d12-jit5-seed123",
    "seed": 123,
    "model": "MPO2",
    "grid_params": {
      "model": "MPO2",
      "L": 3,
      "bond_dim": 12,
      "jitter_start": 5.0
    },
    "n_parameters": 15600,
    "train_loss": 3.0507118711618806,
    "train_quality": 0.5923320436158986,
    "val_loss": 2.954551080563929,
    "val_quality": 0.601312551271534,
    "test_loss": 3.1527793386367717,
    "test_quality": 0.5767022149302707,
    "success": true,
    "singular": true
  }
}