{
  "experiment_name": "ntn_iris",
  "run_name": "LMPO2TypeI_L4_d12_j5_s256",
  "config": {
    "init_strength": 0.01,
    "batch_size": 1024,
    "n_epochs": 100,
    "jitter_decay": 0.25,
    "adaptive_jitter": false,
    "patience": 10,
    "min_delta": 1e-06,
    "train_selection": true,
    "bond_dim_mpo": 1,
    "seeds": [
      42,
      7,
      123,
      256,
      999
    ],
    "model": "LMPO2TypeI",
    "L": 4,
    "bond_dim": 12,
    "jitter_start": 5.0,
    "reduction_factor": 0.5
  },
  "hparams": {
    "seed": 256,
    "model": "LMPO2TypeI",
    "dataset": "iris",
    "n_parameters": 5198,
    "init_strength": 0.01,
    "batch_size": 1024,
    "n_epochs": 100,
    "jitter_decay": 0.25,
    "adaptive_jitter": false,
    "patience": 10,
    "min_delta": 1e-06,
    "train_selection": true,
    "bond_dim_mpo": 1,
    "seeds": [
      42,
      7,
      123,
      256,
      999
    ],
    "L": 4,
    "bond_dim": 12,
    "jitter_start": 5.0,
    "reduction_factor": 0.5
  },
  "metrics_log": [
    {
      "step": -1,
      "train_loss": 1.0985479989123712,
      "train_quality": 0.5047619047619049,
      "val_loss": 1.0984858009531142,
      "val_quality": 0.7272727272727273
    },
    {
      "step": 0,
      "train_loss": 0.4032767926444025,
      "train_quality": 0.8095238095238096,
      "val_loss": 0.21145367268019946,
      "val_quality": 0.8636363636363636,
      "reg_loss": 0.4032767926444025,
      "jitter": 5.0
    },
    {
      "step": 1,
      "train_loss": 0.24937070293314156,
      "train_quality": 0.9238095238095239,
      "val_loss": 0.1399258933631192,
      "val_quality": 0.9545454545454546,
      "reg_loss": 0.24937070293314156,
      "jitter": 1.25
    },
    {
      "step": 2,
      "train_loss": 2.343565101721772e+205,
      "train_quality": 0.21904761904761907,
      "val_loss": 1.134321842449551e+205,
      "val_quality": 0.3181818181818182,
      "reg_loss": 2.343565101721772e+205,
      "jitter": 0.3125
    }
  ],
  "summary": {
    "run_id": "LMPO2TypeI-L4-d12-jit5-rf0.5-seed256",
    "seed": 256,
    "model": "LMPO2TypeI",
    "grid_params": {
      "model": "LMPO2TypeI",
      "L": 4,
      "bond_dim": 12,
      "jitter_start": 5.0,
      "reduction_factor": 0.5
    },
    "n_parameters": 5198,
    "train_loss": null,
    "train_quality": null,
    "val_loss": null,
    "val_quality": null,
    "success": false,
    "singular": true,
    "singular_epoch": 4
  }
}