{
  "experiment_name": "ntn_breast",
  "run_name": "MPO2_L3_d16_j0.1_s123",
  "config": {
    "init_strength": 0.01,
    "batch_size": 1024,
    "n_epochs": 15,
    "jitter_decay": 0.25,
    "adaptive_jitter": false,
    "patience": 4,
    "min_delta": 1e-06,
    "train_selection": true,
    "seeds": [
      42,
      7,
      123,
      256,
      999
    ],
    "model": "MPO2",
    "L": 3,
    "bond_dim": 16,
    "jitter_start": 0.1
  },
  "hparams": {
    "seed": 123,
    "model": "MPO2",
    "dataset": "breast",
    "n_parameters": 9120,
    "init_strength": 0.01,
    "batch_size": 1024,
    "n_epochs": 15,
    "jitter_decay": 0.25,
    "adaptive_jitter": false,
    "patience": 4,
    "min_delta": 1e-06,
    "train_selection": true,
    "seeds": [
      42,
      7,
      123,
      256,
      999
    ],
    "L": 3,
    "bond_dim": 16,
    "jitter_start": 0.1
  },
  "metrics_log": [
    {
      "step": -1,
      "train_loss": 162.77873060451938,
      "train_quality": 0.2914572864321608,
      "val_loss": 205.8778073834427,
      "val_quality": 0.24705882352941178
    },
    {
      "step": 0,
      "train_loss": 7.37771745414372e+27,
      "train_quality": 0.6130653266331658,
      "val_loss": 5.21888090616986e+27,
      "val_quality": 0.6470588235294118,
      "reg_loss": 2.0099773763220518e+52,
      "jitter": 0.1,
      "weight_norm_sq": 2.009977376322052e+53
    },
    {
      "step": 1,
      "train_loss": 7.180786683383066e+193,
      "train_quality": 0.9045226130653267,
      "val_loss": 5.419096398149141e+193,
      "val_quality": 0.9176470588235294,
      "reg_loss": Infinity,
      "jitter": 0.025,
      "weight_norm_sq": Infinity
    }
  ],
  "summary": {
    "run_id": "MPO2-L3-d16-jit0.1-seed123",
    "seed": 123,
    "model": "MPO2",
    "grid_params": {
      "model": "MPO2",
      "L": 3,
      "bond_dim": 16,
      "jitter_start": 0.1
    },
    "n_parameters": 9120,
    "train_loss": null,
    "train_quality": null,
    "val_loss": null,
    "val_quality": null,
    "test_loss": 1.6038986499784957e+192,
    "test_quality": 0.9767441860465116,
    "success": true,
    "singular": true,
    "singular_epoch": 3
  }
}