{
  "experiment_name": "ntn_wine",
  "run_name": "MPO2_L3_d12_j0.1_s7",
  "config": {
    "init_strength": 0.01,
    "batch_size": 1024,
    "n_epochs": 15,
    "jitter_decay": 0.25,
    "adaptive_jitter": false,
    "patience": 4,
    "min_delta": 1e-06,
    "train_selection": true,
    "seeds": [
      42,
      7,
      123,
      256,
      999
    ],
    "model": "MPO2",
    "L": 3,
    "bond_dim": 12,
    "jitter_start": 0.1
  },
  "hparams": {
    "seed": 7,
    "model": "MPO2",
    "dataset": "wine",
    "n_parameters": 2496,
    "init_strength": 0.01,
    "batch_size": 1024,
    "n_epochs": 15,
    "jitter_decay": 0.25,
    "adaptive_jitter": false,
    "patience": 4,
    "min_delta": 1e-06,
    "train_selection": true,
    "seeds": [
      42,
      7,
      123,
      256,
      999
    ],
    "L": 3,
    "bond_dim": 12,
    "jitter_start": 0.1
  },
  "metrics_log": [
    {
      "step": -1,
      "train_loss": 41.68112610716793,
      "train_quality": 0.31451612903225806,
      "val_loss": 42.77731571149486,
      "val_quality": 0.18518518518518517
    },
    {
      "step": 0,
      "train_loss": 4.087268730030128e+40,
      "train_quality": 0.3225806451612903,
      "val_loss": 1.9020481774049353e+40,
      "val_quality": 0.3333333333333333,
      "reg_loss": 2.1562479663429295e+79,
      "jitter": 0.1,
      "weight_norm_sq": 2.1562479663429293e+80
    },
    {
      "step": 1,
      "train_loss": 6.227400881711723e+286,
      "train_quality": 0.1935483870967742,
      "val_loss": 3.923155527551044e+286,
      "val_quality": 0.1111111111111111,
      "reg_loss": NaN,
      "jitter": 0.025,
      "weight_norm_sq": NaN
    }
  ],
  "summary": {
    "run_id": "MPO2-L3-d12-jit0.1-seed7",
    "seed": 7,
    "model": "MPO2",
    "grid_params": {
      "model": "MPO2",
      "L": 3,
      "bond_dim": 12,
      "jitter_start": 0.1
    },
    "n_parameters": 2496,
    "train_loss": null,
    "train_quality": null,
    "val_loss": null,
    "val_quality": null,
    "test_loss": 2.4965927892834344e+40,
    "test_quality": 0.4444444444444444,
    "success": true,
    "singular": true,
    "singular_epoch": 3
  }
}