{
  "experiment_name": "ntn_wine",
  "run_name": "MPO2_L3_d12_j0.1_s256",
  "config": {
    "init_strength": 0.01,
    "batch_size": 1024,
    "n_epochs": 15,
    "jitter_decay": 0.25,
    "adaptive_jitter": false,
    "patience": 4,
    "min_delta": 1e-06,
    "train_selection": true,
    "seeds": [
      42,
      7,
      123,
      256,
      999
    ],
    "model": "MPO2",
    "L": 3,
    "bond_dim": 12,
    "jitter_start": 0.1
  },
  "hparams": {
    "seed": 256,
    "model": "MPO2",
    "dataset": "wine",
    "n_parameters": 2496,
    "init_strength": 0.01,
    "batch_size": 1024,
    "n_epochs": 15,
    "jitter_decay": 0.25,
    "adaptive_jitter": false,
    "patience": 4,
    "min_delta": 1e-06,
    "train_selection": true,
    "seeds": [
      42,
      7,
      123,
      256,
      999
    ],
    "L": 3,
    "bond_dim": 12,
    "jitter_start": 0.1
  },
  "metrics_log": [
    {
      "step": -1,
      "train_loss": 55.64497904059186,
      "train_quality": 0.12096774193548387,
      "val_loss": 53.075602206234365,
      "val_quality": 0.2222222222222222
    },
    {
      "step": 0,
      "train_loss": 2.9472666712322175e+19,
      "train_quality": 0.1774193548387097,
      "val_loss": 2.311415964400062e+19,
      "val_quality": 0.25925925925925924,
      "reg_loss": 1.0034090659504933e+36,
      "jitter": 0.1,
      "weight_norm_sq": 1.0034090659504933e+37
    },
    {
      "step": 1,
      "train_loss": 4.5922441214813386e+135,
      "train_quality": 0.6290322580645161,
      "val_loss": 6.084370931924291e+135,
      "val_quality": 0.5555555555555556,
      "reg_loss": 1.636869486539239e+270,
      "jitter": 0.025,
      "weight_norm_sq": 6.547477946156956e+271
    }
  ],
  "summary": {
    "run_id": "MPO2-L3-d12-jit0.1-seed256",
    "seed": 256,
    "model": "MPO2",
    "grid_params": {
      "model": "MPO2",
      "L": 3,
      "bond_dim": 12,
      "jitter_start": 0.1
    },
    "n_parameters": 2496,
    "train_loss": null,
    "train_quality": null,
    "val_loss": null,
    "val_quality": null,
    "test_loss": 4.515877987425884e+135,
    "test_quality": 0.5925925925925926,
    "success": true,
    "singular": true,
    "singular_epoch": 3
  }
}