{
  "experiment_name": "ntn_mushrooms",
  "run_name": "MPO2_L3_d12_j0.1_s42",
  "config": {
    "output_site": 1,
    "init_strength": 0.01,
    "batch_size": 1024,
    "n_epochs": 15,
    "jitter_decay": 0.25,
    "adaptive_jitter": false,
    "patience": 4,
    "min_delta": 1e-06,
    "train_selection": true,
    "rank": 5,
    "seeds": [
      42,
      7,
      123,
      256,
      999
    ],
    "model": "MPO2",
    "L": 3,
    "bond_dim": 12,
    "jitter_start": 0.1
  },
  "hparams": {
    "seed": 42,
    "model": "MPO2",
    "dataset": "mushrooms",
    "n_parameters": 15600,
    "output_site": 1,
    "init_strength": 0.01,
    "batch_size": 1024,
    "n_epochs": 15,
    "jitter_decay": 0.25,
    "adaptive_jitter": false,
    "patience": 4,
    "min_delta": 1e-06,
    "train_selection": true,
    "rank": 5,
    "seeds": [
      42,
      7,
      123,
      256,
      999
    ],
    "L": 3,
    "bond_dim": 12,
    "jitter_start": 0.1
  },
  "metrics_log": [
    {
      "step": -1,
      "train_loss": 3.961470450397709,
      "train_quality": 0.6915230390432642,
      "val_loss": 3.7158492070905322,
      "val_quality": 0.6923707957342085
    },
    {
      "step": 0,
      "train_loss": 9.971454945188455e+114,
      "train_quality": 0.5189940204009849,
      "val_loss": 9.982946122238223e+114,
      "val_quality": 0.5217391304347826,
      "reg_loss": 1.5551513943758767e+227,
      "jitter": 0.1,
      "weight_norm_sq": 1.5551513943758766e+228
    }
  ],
  "summary": {
    "run_id": "MPO2-L3-d12-jit0.1-seed42",
    "seed": 42,
    "model": "MPO2",
    "grid_params": {
      "model": "MPO2",
      "L": 3,
      "bond_dim": 12,
      "jitter_start": 0.1
    },
    "n_parameters": 15600,
    "train_loss": 3.961470450397709,
    "train_quality": 0.6915230390432642,
    "val_loss": 3.7158492070905322,
    "val_quality": 0.6923707957342085,
    "test_loss": 4.143912717174046,
    "test_quality": 0.6800656275635767,
    "success": true,
    "singular": true
  }
}