{
  "experiment_name": "ntn_car_evaluation",
  "run_name": "MPO2_L3_d12_j5_s42",
  "config": {
    "init_strength": 0.01,
    "batch_size": 1024,
    "n_epochs": 15,
    "jitter_decay": 0.25,
    "adaptive_jitter": false,
    "patience": 4,
    "min_delta": 1e-06,
    "train_selection": true,
    "seeds": [
      42,
      7,
      123,
      256,
      999
    ],
    "model": "MPO2",
    "L": 3,
    "bond_dim": 12,
    "jitter_start": 5.0
  },
  "hparams": {
    "seed": 42,
    "model": "MPO2",
    "dataset": "car_evaluation",
    "n_parameters": 5508,
    "init_strength": 0.01,
    "batch_size": 1024,
    "n_epochs": 15,
    "jitter_decay": 0.25,
    "adaptive_jitter": false,
    "patience": 4,
    "min_delta": 1e-06,
    "train_selection": true,
    "seeds": [
      42,
      7,
      123,
      256,
      999
    ],
    "L": 3,
    "bond_dim": 12,
    "jitter_start": 5.0
  },
  "metrics_log": [
    {
      "step": -1,
      "train_loss": 11.623894917817372,
      "train_quality": 0.30851943755169564,
      "val_loss": 11.383902764475975,
      "val_quality": 0.277992277992278
    },
    {
      "step": 0,
      "train_loss": 4418674.26448977,
      "train_quality": 0.1555004135649297,
      "val_loss": 4194271.6577798077,
      "val_quality": 0.13513513513513514,
      "reg_loss": 75801593068318.3,
      "jitter": 5.0,
      "weight_norm_sq": 15160317729928.805
    },
    {
      "step": 1,
      "train_loss": 7.560611380892026e+40,
      "train_quality": 0.0727874276261373,
      "val_loss": 7.484675234365139e+40,
      "val_quality": 0.05791505791505792,
      "reg_loss": 2.216330136909383e+81,
      "jitter": 1.25,
      "weight_norm_sq": 1.7730641095275063e+81
    },
    {
      "step": 2,
      "train_loss": 5.11060848845713e+240,
      "train_quality": 0.0413564929693962,
      "val_loss": 5.10795032773964e+240,
      "val_quality": 0.03861003861003861,
      "reg_loss": Infinity,
      "jitter": 0.3125,
      "weight_norm_sq": Infinity
    }
  ],
  "summary": {
    "run_id": "MPO2-L3-d12-jit5-seed42",
    "seed": 42,
    "model": "MPO2",
    "grid_params": {
      "model": "MPO2",
      "L": 3,
      "bond_dim": 12,
      "jitter_start": 5.0
    },
    "n_parameters": 5508,
    "train_loss": null,
    "train_quality": null,
    "val_loss": null,
    "val_quality": null,
    "test_loss": 11.534352401208375,
    "test_quality": 0.31923076923076926,
    "success": true,
    "singular": true,
    "singular_epoch": 4
  }
}