{
  "experiment_name": "ntn_iris",
  "run_name": "MPO2TypeI_L4_d12_j0.1_s42",
  "config": {
    "init_strength": 0.01,
    "batch_size": 1024,
    "n_epochs": 15,
    "jitter_decay": 0.25,
    "adaptive_jitter": false,
    "patience": 4,
    "min_delta": 1e-06,
    "train_selection": true,
    "seeds": [
      42,
      7,
      123,
      256,
      999
    ],
    "model": "MPO2TypeI",
    "L": 4,
    "bond_dim": 12,
    "jitter_start": 0.1
  },
  "hparams": {
    "seed": 42,
    "model": "MPO2TypeI",
    "dataset": "iris",
    "n_parameters": 2316,
    "init_strength": 0.01,
    "batch_size": 1024,
    "n_epochs": 15,
    "jitter_decay": 0.25,
    "adaptive_jitter": false,
    "patience": 4,
    "min_delta": 1e-06,
    "train_selection": true,
    "seeds": [
      42,
      7,
      123,
      256,
      999
    ],
    "L": 4,
    "bond_dim": 12,
    "jitter_start": 0.1
  },
  "metrics_log": [
    {
      "step": -1,
      "train_loss": 1.1016957011932262,
      "train_quality": 0.17142857142857143,
      "val_loss": 1.1071528887599675,
      "val_quality": 0.0
    },
    {
      "step": 0,
      "train_loss": 0.20257380856137017,
      "train_quality": 0.942857142857143,
      "val_loss": 0.15139758469519196,
      "val_quality": 0.9090909090909092,
      "reg_loss": 0.20257380856137017,
      "jitter": 0.1
    },
    {
      "step": 1,
      "train_loss": 0.10167120073147791,
      "train_quality": 0.9523809523809524,
      "val_loss": 0.10264532135805791,
      "val_quality": 0.9090909090909092,
      "reg_loss": 0.10167120073147791,
      "jitter": 0.025
    },
    {
      "step": 2,
      "train_loss": 2.8489573775155275e+160,
      "train_quality": 0.3047619047619048,
      "val_loss": 1.108106781485079e+160,
      "val_quality": 0.6363636363636364,
      "reg_loss": 2.8489573775155275e+160,
      "jitter": 0.00625
    }
  ],
  "summary": {
    "run_id": "MPO2TypeI-L4-d12-jit0.1-seed42",
    "seed": 42,
    "model": "MPO2TypeI",
    "grid_params": {
      "model": "MPO2TypeI",
      "L": 4,
      "bond_dim": 12,
      "jitter_start": 0.1
    },
    "n_parameters": 2316,
    "train_loss": null,
    "train_quality": null,
    "val_loss": null,
    "val_quality": null,
    "test_loss": 3.3479093592823594,
    "test_quality": 0.8260869565217391,
    "success": true,
    "singular": true,
    "singular_epoch": 4
  }
}