{
  "experiment_name": "ntn_wine",
  "run_name": "MPO2_L4_d8_j0.1_s42",
  "config": {
    "output_site": 1,
    "init_strength": 0.01,
    "batch_size": 1024,
    "n_epochs": 15,
    "jitter_decay": 0.25,
    "adaptive_jitter": false,
    "patience": 4,
    "min_delta": 1e-06,
    "train_selection": true,
    "rank": 5,
    "seeds": [
      42,
      7,
      123,
      256,
      999
    ],
    "model": "MPO2",
    "L": 4,
    "bond_dim": 8,
    "jitter_start": 0.1
  },
  "hparams": {
    "seed": 42,
    "model": "MPO2",
    "dataset": "wine",
    "n_parameters": 3536,
    "output_site": 1,
    "init_strength": 0.01,
    "batch_size": 1024,
    "n_epochs": 15,
    "jitter_decay": 0.25,
    "adaptive_jitter": false,
    "patience": 4,
    "min_delta": 1e-06,
    "train_selection": true,
    "rank": 5,
    "seeds": [
      42,
      7,
      123,
      256,
      999
    ],
    "L": 4,
    "bond_dim": 8,
    "jitter_start": 0.1
  },
  "metrics_log": [
    {
      "step": -1,
      "train_loss": 41.40945490741946,
      "train_quality": 0.24193548387096775,
      "val_loss": 23.909959748848408,
      "val_quality": 0.37037037037037035
    },
    {
      "step": 0,
      "train_loss": 2.1863245481261152e+66,
      "train_quality": 0.3548387096774194,
      "val_loss": 7.006222691742372e+65,
      "val_quality": 0.37037037037037035,
      "reg_loss": 1.4264622154278238e+130,
      "jitter": 0.1,
      "weight_norm_sq": 1.4264622154278236e+131
    }
  ],
  "summary": {
    "run_id": "MPO2-L4-d8-jit0.1-seed42",
    "seed": 42,
    "model": "MPO2",
    "grid_params": {
      "model": "MPO2",
      "L": 4,
      "bond_dim": 8,
      "jitter_start": 0.1
    },
    "n_parameters": 3536,
    "train_loss": 2.1863245481261152e+66,
    "train_quality": 0.3548387096774194,
    "val_loss": 7.006222691742372e+65,
    "val_quality": 0.37037037037037035,
    "test_loss": 2.5428485290145426e+66,
    "test_quality": 0.2222222222222222,
    "success": true,
    "singular": true
  }
}