{
  "experiment_name": "ntn_student_dropout",
  "run_name": "MPO2_L3_d12_j5_s7",
  "config": {
    "output_site": 1,
    "init_strength": 0.01,
    "batch_size": 1024,
    "n_epochs": 15,
    "jitter_decay": 0.25,
    "adaptive_jitter": false,
    "patience": 4,
    "min_delta": 1e-06,
    "train_selection": true,
    "rank": 5,
    "seeds": [
      42,
      7,
      123,
      256,
      999
    ],
    "model": "MPO2",
    "L": 3,
    "bond_dim": 12,
    "jitter_start": 5.0
  },
  "hparams": {
    "seed": 7,
    "model": "MPO2",
    "dataset": "student_dropout",
    "n_parameters": 16416,
    "output_site": 1,
    "init_strength": 0.01,
    "batch_size": 1024,
    "n_epochs": 15,
    "jitter_decay": 0.25,
    "adaptive_jitter": false,
    "patience": 4,
    "min_delta": 1e-06,
    "train_selection": true,
    "rank": 5,
    "seeds": [
      42,
      7,
      123,
      256,
      999
    ],
    "L": 3,
    "bond_dim": 12,
    "jitter_start": 5.0
  },
  "metrics_log": [
    {
      "step": -1,
      "train_loss": 50.66305863100313,
      "train_quality": 0.35400516795865633,
      "val_loss": 52.39095559567594,
      "val_quality": 0.3855421686746988
    },
    {
      "step": 0,
      "train_loss": 46232190.875568055,
      "train_quality": 0.33559431524547806,
      "val_loss": 50617782.93826796,
      "val_quality": 0.3539156626506024,
      "reg_loss": 7914443943232.799,
      "jitter": 5.0,
      "weight_norm_sq": 1582879542208.3845
    },
    {
      "step": 1,
      "train_loss": 1.4264757801705081e+48,
      "train_quality": 0.3507751937984496,
      "val_loss": 1.5628675771780285e+48,
      "val_quality": 0.3734939759036145,
      "reg_loss": 1.1558858933746472e+93,
      "jitter": 1.25,
      "weight_norm_sq": 9.247087146997177e+92
    },
    {
      "step": 2,
      "train_loss": 3.6112957303030526e+303,
      "train_quality": 0.3569121447028424,
      "val_loss": 3.9370025440801613e+303,
      "val_quality": 0.37650602409638556,
      "reg_loss": Infinity,
      "jitter": 0.3125,
      "weight_norm_sq": Infinity
    }
  ],
  "summary": {
    "run_id": "MPO2-L3-d12-jit5-seed7",
    "seed": 7,
    "model": "MPO2",
    "grid_params": {
      "model": "MPO2",
      "L": 3,
      "bond_dim": 12,
      "jitter_start": 5.0
    },
    "n_parameters": 16416,
    "train_loss": 50.66305863100313,
    "train_quality": 0.35400516795865633,
    "val_loss": 52.39095559567594,
    "val_quality": 0.3855421686746988,
    "test_loss": 58.97010408117014,
    "test_quality": 0.35090361445783136,
    "success": true,
    "singular": true
  }
}