{
  "experiment_name": "ntn_breast",
  "run_name": "MPO2_L3_d12_j5_s123",
  "config": {
    "init_strength": 0.01,
    "batch_size": 1024,
    "n_epochs": 15,
    "jitter_decay": 0.25,
    "adaptive_jitter": false,
    "patience": 4,
    "min_delta": 1e-06,
    "train_selection": true,
    "seeds": [
      42,
      7,
      123,
      256,
      999
    ],
    "model": "MPO2",
    "L": 3,
    "bond_dim": 12,
    "jitter_start": 5.0
  },
  "hparams": {
    "seed": 123,
    "model": "MPO2",
    "dataset": "breast",
    "n_parameters": 5400,
    "init_strength": 0.01,
    "batch_size": 1024,
    "n_epochs": 15,
    "jitter_decay": 0.25,
    "adaptive_jitter": false,
    "patience": 4,
    "min_delta": 1e-06,
    "train_selection": true,
    "seeds": [
      42,
      7,
      123,
      256,
      999
    ],
    "L": 3,
    "bond_dim": 12,
    "jitter_start": 5.0
  },
  "metrics_log": [
    {
      "step": -1,
      "train_loss": 90.04354151999621,
      "train_quality": 0.592964824120603,
      "val_loss": 146.11057355589205,
      "val_quality": 0.5764705882352941
    },
    {
      "step": 0,
      "train_loss": 46867912092512.35,
      "train_quality": 0.6080402010050251,
      "val_loss": 36317215332735.32,
      "val_quality": 0.6823529411764706,
      "reg_loss": 2.011189477821028e+26,
      "jitter": 5.0,
      "weight_norm_sq": 4.022378955641119e+25
    },
    {
      "step": 1,
      "train_loss": 3.506159500209598e+88,
      "train_quality": 0.6859296482412061,
      "val_loss": 3.402910930957566e+88,
      "val_quality": 0.7058823529411764,
      "reg_loss": 1.304903981335458e+176,
      "jitter": 1.25,
      "weight_norm_sq": 1.0439231850683663e+176
    }
  ],
  "summary": {
    "run_id": "MPO2-L3-d12-jit5-seed123",
    "seed": 123,
    "model": "MPO2",
    "grid_params": {
      "model": "MPO2",
      "L": 3,
      "bond_dim": 12,
      "jitter_start": 5.0
    },
    "n_parameters": 5400,
    "train_loss": null,
    "train_quality": null,
    "val_loss": null,
    "val_quality": null,
    "test_loss": 2.7158422053212856e+88,
    "test_quality": 0.686046511627907,
    "success": true,
    "singular": true,
    "singular_epoch": 3
  }
}