{
  "experiment_name": "ntn_hearth_lmpo2",
  "run_name": "LMPO2_L3_d8_j0.1_s7",
  "config": {
    "output_site": 1,
    "init_strength": 0.01,
    "reduction_factor": 0.5,
    "rank": 5,
    "batch_size": 1024,
    "n_epochs": 15,
    "jitter_decay": 0.25,
    "adaptive_jitter": false,
    "patience": 4,
    "min_delta": 1e-06,
    "train_selection": true,
    "seeds": [
      42,
      7,
      123,
      256,
      999
    ],
    "model": "LMPO2",
    "L": 3,
    "bond_dim": 8,
    "jitter_start": 0.1
  },
  "hparams": {
    "seed": 7,
    "model": "LMPO2",
    "dataset": "hearth",
    "n_parameters": 6080,
    "output_site": 1,
    "init_strength": 0.01,
    "reduction_factor": 0.5,
    "rank": 5,
    "batch_size": 1024,
    "n_epochs": 15,
    "jitter_decay": 0.25,
    "adaptive_jitter": false,
    "patience": 4,
    "min_delta": 1e-06,
    "train_selection": true,
    "seeds": [
      42,
      7,
      123,
      256,
      999
    ],
    "L": 3,
    "bond_dim": 8,
    "jitter_start": 0.1
  },
  "metrics_log": [
    {
      "step": -1,
      "train_loss": 1.6056054577645966,
      "train_quality": 0.2358490566037736,
      "val_loss": 1.6276913474909005,
      "val_quality": 0.17777777777777778
    },
    {
      "step": 0,
      "train_loss": 0.24158635906371828,
      "train_quality": 0.9622641509433962,
      "val_loss": 3.4828327891955344,
      "val_quality": 0.48888888888888893,
      "reg_loss": 7.66678033268287,
      "jitter": 0.1,
      "weight_norm_sq": 74.25193973619152
    }
  ],
  "summary": {
    "run_id": "LMPO2-L3-d8-jit0.1-rf0.5-seed7",
    "seed": 7,
    "model": "LMPO2",
    "grid_params": {
      "model": "LMPO2",
      "L": 3,
      "bond_dim": 8,
      "jitter_start": 0.1,
      "reduction_factor": 0.5
    },
    "n_parameters": 6080,
    "train_loss": 0.24158635906371828,
    "train_quality": 0.9622641509433962,
    "val_loss": 3.4828327891955344,
    "val_quality": 0.48888888888888893,
    "test_loss": 3.81078360088395,
    "test_quality": 0.5217391304347826,
    "success": true,
    "singular": true
  }
}