{
  "experiment_name": "ntn_iris",
  "run_name": "MPO2_L4_d8_j5_s7",
  "config": {
    "output_site": 1,
    "init_strength": 0.01,
    "batch_size": 1024,
    "n_epochs": 15,
    "jitter_decay": 0.25,
    "adaptive_jitter": false,
    "patience": 4,
    "min_delta": 1e-06,
    "train_selection": true,
    "rank": 5,
    "seeds": [
      42,
      7,
      123,
      256,
      999
    ],
    "model": "MPO2",
    "L": 4,
    "bond_dim": 8,
    "jitter_start": 5.0
  },
  "hparams": {
    "seed": 7,
    "model": "MPO2",
    "dataset": "iris",
    "n_parameters": 1088,
    "output_site": 1,
    "init_strength": 0.01,
    "batch_size": 1024,
    "n_epochs": 15,
    "jitter_decay": 0.25,
    "adaptive_jitter": false,
    "patience": 4,
    "min_delta": 1e-06,
    "train_selection": true,
    "rank": 5,
    "seeds": [
      42,
      7,
      123,
      256,
      999
    ],
    "L": 4,
    "bond_dim": 8,
    "jitter_start": 5.0
  },
  "metrics_log": [
    {
      "step": -1,
      "train_loss": 7.324394518752904,
      "train_quality": 0.33333333333333337,
      "val_loss": 13.631017811548398,
      "val_quality": 0.18181818181818182
    },
    {
      "step": 0,
      "train_loss": 4.565146664902016e+40,
      "train_quality": 0.37142857142857144,
      "val_loss": 9.683637515860203e+40,
      "val_quality": 0.2727272727272727,
      "reg_loss": 8.262333823817983e+79,
      "jitter": 5.0,
      "weight_norm_sq": 1.6524667647635967e+79
    }
  ],
  "summary": {
    "run_id": "MPO2-L4-d8-jit5-seed7",
    "seed": 7,
    "model": "MPO2",
    "grid_params": {
      "model": "MPO2",
      "L": 4,
      "bond_dim": 8,
      "jitter_start": 5.0
    },
    "n_parameters": 1088,
    "train_loss": 4.565146664902016e+40,
    "train_quality": 0.37142857142857144,
    "val_loss": 9.683637515860203e+40,
    "val_quality": 0.2727272727272727,
    "test_loss": 3.337285728388298e+40,
    "test_quality": 0.30434782608695654,
    "success": true,
    "singular": true
  }
}