{
  "experiment_name": "ntn_iris",
  "run_name": "MPO2_L4_d8_j0.1_s42",
  "config": {
    "output_site": 1,
    "init_strength": 0.01,
    "batch_size": 1024,
    "n_epochs": 15,
    "jitter_decay": 0.25,
    "adaptive_jitter": false,
    "patience": 4,
    "min_delta": 1e-06,
    "train_selection": true,
    "rank": 5,
    "seeds": [
      42,
      7,
      123,
      256,
      999
    ],
    "model": "MPO2",
    "L": 4,
    "bond_dim": 8,
    "jitter_start": 0.1
  },
  "hparams": {
    "seed": 42,
    "model": "MPO2",
    "dataset": "iris",
    "n_parameters": 1088,
    "output_site": 1,
    "init_strength": 0.01,
    "batch_size": 1024,
    "n_epochs": 15,
    "jitter_decay": 0.25,
    "adaptive_jitter": false,
    "patience": 4,
    "min_delta": 1e-06,
    "train_selection": true,
    "rank": 5,
    "seeds": [
      42,
      7,
      123,
      256,
      999
    ],
    "L": 4,
    "bond_dim": 8,
    "jitter_start": 0.1
  },
  "metrics_log": [
    {
      "step": -1,
      "train_loss": 4.869173495309296,
      "train_quality": 0.43809523809523815,
      "val_loss": 6.704014627330368,
      "val_quality": 0.6818181818181819
    },
    {
      "step": 0,
      "train_loss": 2.0670750545664447e+102,
      "train_quality": 0.29523809523809524,
      "val_loss": 2.7049388492723443e+102,
      "val_quality": 0.5909090909090909,
      "reg_loss": 1.058585343687443e+202,
      "jitter": 0.1,
      "weight_norm_sq": 1.058585343687443e+203
    }
  ],
  "summary": {
    "run_id": "MPO2-L4-d8-jit0.1-seed42",
    "seed": 42,
    "model": "MPO2",
    "grid_params": {
      "model": "MPO2",
      "L": 4,
      "bond_dim": 8,
      "jitter_start": 0.1
    },
    "n_parameters": 1088,
    "train_loss": 4.869173495309296,
    "train_quality": 0.43809523809523815,
    "val_loss": 6.704014627330368,
    "val_quality": 0.6818181818181819,
    "test_loss": 2.45162187989047,
    "test_quality": 0.3913043478260869,
    "success": true,
    "singular": true
  }
}