{
  "experiment_name": "ntn_hearth",
  "run_name": "MPO2_L3_d12_j5_s7",
  "config": {
    "init_strength": 0.01,
    "batch_size": 1024,
    "n_epochs": 15,
    "jitter_decay": 0.25,
    "adaptive_jitter": false,
    "patience": 4,
    "min_delta": 1e-06,
    "train_selection": true,
    "seeds": [
      42,
      7,
      123,
      256,
      999
    ],
    "model": "MPO2",
    "L": 3,
    "bond_dim": 12,
    "jitter_start": 5.0
  },
  "hparams": {
    "seed": 7,
    "model": "MPO2",
    "dataset": "hearth",
    "n_parameters": 2376,
    "init_strength": 0.01,
    "batch_size": 1024,
    "n_epochs": 15,
    "jitter_decay": 0.25,
    "adaptive_jitter": false,
    "patience": 4,
    "min_delta": 1e-06,
    "train_selection": true,
    "seeds": [
      42,
      7,
      123,
      256,
      999
    ],
    "L": 3,
    "bond_dim": 12,
    "jitter_start": 5.0
  },
  "metrics_log": [
    {
      "step": -1,
      "train_loss": 42.87581720957417,
      "train_quality": 0.16981132075471697,
      "val_loss": 46.66156574933919,
      "val_quality": 0.17777777777777778
    },
    {
      "step": 0,
      "train_loss": 88393.76555230004,
      "train_quality": 0.10849056603773584,
      "val_loss": 57501.46316450048,
      "val_quality": 0.13333333333333333,
      "reg_loss": 1831403746.598869,
      "jitter": 5.0,
      "weight_norm_sq": 366263070.5666634
    },
    {
      "step": 1,
      "train_loss": 3.659152684345309e+43,
      "train_quality": 0.14150943396226415,
      "val_loss": 2.258556321021456e+43,
      "val_quality": 0.2,
      "reg_loss": 5.223044464848684e+85,
      "jitter": 1.25,
      "weight_norm_sq": 4.178435571878947e+85
    },
    {
      "step": 2,
      "train_loss": 1.0820368652275805e+256,
      "train_quality": 0.15566037735849056,
      "val_loss": 6.710932080641409e+255,
      "val_quality": 0.22222222222222224,
      "reg_loss": Infinity,
      "jitter": 0.3125,
      "weight_norm_sq": Infinity
    }
  ],
  "summary": {
    "run_id": "MPO2-L3-d12-jit5-seed7",
    "seed": 7,
    "model": "MPO2",
    "grid_params": {
      "model": "MPO2",
      "L": 3,
      "bond_dim": 12,
      "jitter_start": 5.0
    },
    "n_parameters": 2376,
    "train_loss": null,
    "train_quality": null,
    "val_loss": null,
    "val_quality": null,
    "test_loss": 6.988964323534176e+255,
    "test_quality": 0.13043478260869565,
    "success": true,
    "singular": true,
    "singular_epoch": 4
  }
}