{
  "experiment_name": "ntn_bank",
  "run_name": "MPO2_L3_d8_j5_s999",
  "config": {
    "output_site": 1,
    "init_strength": 0.01,
    "batch_size": 1024,
    "n_epochs": 15,
    "jitter_decay": 0.25,
    "adaptive_jitter": false,
    "patience": 4,
    "min_delta": 1e-06,
    "train_selection": true,
    "rank": 5,
    "seeds": [
      42,
      7,
      123,
      256,
      999
    ],
    "model": "MPO2",
    "L": 3,
    "bond_dim": 8,
    "jitter_start": 5.0
  },
  "hparams": {
    "seed": 999,
    "model": "MPO2",
    "dataset": "bank",
    "n_parameters": 4752,
    "output_site": 1,
    "init_strength": 0.01,
    "batch_size": 1024,
    "n_epochs": 15,
    "jitter_decay": 0.25,
    "adaptive_jitter": false,
    "patience": 4,
    "min_delta": 1e-06,
    "train_selection": true,
    "rank": 5,
    "seeds": [
      42,
      7,
      123,
      256,
      999
    ],
    "L": 3,
    "bond_dim": 8,
    "jitter_start": 5.0
  },
  "metrics_log": [
    {
      "step": -1,
      "train_loss": 41.36024677446327,
      "train_quality": 0.4321736657503081,
      "val_loss": 18.088720255729324,
      "val_quality": 0.43335299321734005
    },
    {
      "step": 0,
      "train_loss": 90084691331.64641,
      "train_quality": 0.5537017726798749,
      "val_loss": 7196549443.672928,
      "val_quality": 0.5648776172220584,
      "reg_loss": 9.994550149330436e+18,
      "jitter": 5.0,
      "weight_norm_sq": 1.9989100118491487e+18
    }
  ],
  "summary": {
    "run_id": "MPO2-L3-d8-jit5-seed999",
    "seed": 999,
    "model": "MPO2",
    "grid_params": {
      "model": "MPO2",
      "L": 3,
      "bond_dim": 8,
      "jitter_start": 5.0
    },
    "n_parameters": 4752,
    "train_loss": 90084691331.64641,
    "train_quality": 0.5537017726798749,
    "val_loss": 7196549443.672928,
    "val_quality": 0.5648776172220584,
    "test_loss": 5886204940.728568,
    "test_quality": 0.554408728988499,
    "success": true,
    "singular": true
  }
}