{
  "experiment_name": "ntn_breast",
  "run_name": "MPO2_L3_d12_j0.1_s42",
  "config": {
    "output_site": 1,
    "init_strength": 0.01,
    "batch_size": 1024,
    "n_epochs": 15,
    "jitter_decay": 0.25,
    "adaptive_jitter": false,
    "patience": 4,
    "min_delta": 1e-06,
    "train_selection": true,
    "rank": 5,
    "seeds": [
      42,
      7,
      123,
      256,
      999
    ],
    "model": "MPO2",
    "L": 3,
    "bond_dim": 12,
    "jitter_start": 0.1
  },
  "hparams": {
    "seed": 42,
    "model": "MPO2",
    "dataset": "breast",
    "n_parameters": 9360,
    "output_site": 1,
    "init_strength": 0.01,
    "batch_size": 1024,
    "n_epochs": 15,
    "jitter_decay": 0.25,
    "adaptive_jitter": false,
    "patience": 4,
    "min_delta": 1e-06,
    "train_selection": true,
    "rank": 5,
    "seeds": [
      42,
      7,
      123,
      256,
      999
    ],
    "L": 3,
    "bond_dim": 12,
    "jitter_start": 0.1
  },
  "metrics_log": [
    {
      "step": -1,
      "train_loss": 104.86083839769415,
      "train_quality": 0.38190954773869346,
      "val_loss": 143.66373596529536,
      "val_quality": 0.4
    },
    {
      "step": 0,
      "train_loss": 1.8130685163803204e+26,
      "train_quality": 0.2814070351758794,
      "val_loss": 2.858678979600528e+26,
      "val_quality": 0.3058823529411765,
      "reg_loss": 2.753896805014809e+48,
      "jitter": 0.1,
      "weight_norm_sq": 2.7538968050148087e+49
    },
    {
      "step": 1,
      "train_loss": 3.7301017481577645e+177,
      "train_quality": 0.8768844221105527,
      "val_loss": 3.5502140914708527e+177,
      "val_quality": 0.8588235294117647,
      "reg_loss": Infinity,
      "jitter": 0.025,
      "weight_norm_sq": Infinity
    }
  ],
  "summary": {
    "run_id": "MPO2-L3-d12-jit0.1-seed42",
    "seed": 42,
    "model": "MPO2",
    "grid_params": {
      "model": "MPO2",
      "L": 3,
      "bond_dim": 12,
      "jitter_start": 0.1
    },
    "n_parameters": 9360,
    "train_loss": 3.7301017481577645e+177,
    "train_quality": 0.8768844221105527,
    "val_loss": 3.5502140914708527e+177,
    "val_quality": 0.8588235294117647,
    "test_loss": 1.7550858982875096e+176,
    "test_quality": 0.9186046511627907,
    "success": true,
    "singular": true
  }
}