{
  "experiment_name": "ntn_iris",
  "run_name": "LMPO2_L3_d16_j0.1_s999",
  "config": {
    "init_strength": 0.01,
    "bond_dim_mpo": 2,
    "batch_size": 1024,
    "n_epochs": 15,
    "jitter_decay": 0.25,
    "adaptive_jitter": false,
    "patience": 4,
    "min_delta": 1e-06,
    "train_selection": true,
    "seeds": [
      42,
      7,
      123,
      256,
      999
    ],
    "model": "LMPO2",
    "L": 3,
    "bond_dim": 16,
    "jitter_start": 0.1,
    "reduction_factor": 0.5
  },
  "hparams": {
    "seed": 999,
    "model": "LMPO2",
    "dataset": "iris",
    "n_parameters": 704,
    "init_strength": 0.01,
    "bond_dim_mpo": 2,
    "batch_size": 1024,
    "n_epochs": 15,
    "jitter_decay": 0.25,
    "adaptive_jitter": false,
    "patience": 4,
    "min_delta": 1e-06,
    "train_selection": true,
    "seeds": [
      42,
      7,
      123,
      256,
      999
    ],
    "L": 3,
    "bond_dim": 16,
    "jitter_start": 0.1,
    "reduction_factor": 0.5
  },
  "metrics_log": [
    {
      "step": -1,
      "train_loss": 1.0890475046365542,
      "train_quality": 0.2666666666666667,
      "val_loss": 1.0466724174390802,
      "val_quality": 0.36363636363636365
    },
    {
      "step": 0,
      "train_loss": 0.36897256329247413,
      "train_quality": 0.8666666666666667,
      "val_loss": 0.2116637599714983,
      "val_quality": 0.8636363636363636,
      "reg_loss": 0.5864458071934553,
      "jitter": 0.1,
      "weight_norm_sq": 2.1747324390098113
    },
    {
      "step": 1,
      "train_loss": 0.25797248753480306,
      "train_quality": 0.8857142857142858,
      "val_loss": 0.15800174034673914,
      "val_quality": 0.8636363636363636,
      "reg_loss": 0.8794186899869519,
      "jitter": 0.025,
      "weight_norm_sq": 24.857848098085952
    },
    {
      "step": 2,
      "train_loss": 0.3501231884906021,
      "train_quality": 0.9238095238095239,
      "val_loss": 0.13878714572049602,
      "val_quality": 0.9090909090909092,
      "reg_loss": 3.2636101365507044,
      "jitter": 0.00625,
      "weight_norm_sq": 466.1579116896163
    }
  ],
  "summary": {
    "run_id": "LMPO2-L3-d16-jit0.1-rf0.5-seed999",
    "seed": 999,
    "model": "LMPO2",
    "grid_params": {
      "model": "LMPO2",
      "L": 3,
      "bond_dim": 16,
      "jitter_start": 0.1,
      "reduction_factor": 0.5
    },
    "n_parameters": 704,
    "train_loss": null,
    "train_quality": null,
    "val_loss": null,
    "val_quality": null,
    "test_loss": 0.4078144080993623,
    "test_quality": 0.8695652173913043,
    "success": true,
    "singular": true,
    "singular_epoch": 4
  }
}