{
  "experiment_name": "ntn_breast",
  "run_name": "MPO2_L2_d4_j1_s42",
  "config": {
    "output_site": 1,
    "init_strength": 0.01,
    "batch_size": 100,
    "n_epochs": 10,
    "jitter_decay": 0.25,
    "adaptive_jitter": false,
    "patience": 4,
    "min_delta": 0.0001,
    "train_selection": true,
    "rank": 5,
    "seeds": [
      42,
      7,
      123,
      256,
      999
    ],
    "model": "MPO2",
    "L": 2,
    "bond_dim": 4,
    "jitter_start": 1.0,
    "reduction_factor": 0.5
  },
  "hparams": {
    "seed": 42,
    "model": "MPO2",
    "dataset": "breast",
    "output_site": 1,
    "init_strength": 0.01,
    "batch_size": 100,
    "n_epochs": 10,
    "jitter_decay": 0.25,
    "adaptive_jitter": false,
    "patience": 4,
    "min_delta": 0.0001,
    "train_selection": true,
    "rank": 5,
    "seeds": [
      42,
      7,
      123,
      256,
      999
    ],
    "L": 2,
    "bond_dim": 4,
    "jitter_start": 1.0,
    "reduction_factor": 0.5
  },
  "metrics_log": [
    {
      "step": -1,
      "train_loss": 14.43268570494013,
      "train_quality": 0.5804020100502513,
      "val_loss": 18.000734149226737,
      "val_quality": 0.5176470588235293
    },
    {
      "step": 0,
      "train_loss": 659.2338678739815,
      "train_quality": 0.6080402010050251,
      "val_loss": 815.8606183888223,
      "val_quality": 0.5058823529411764,
      "reg_loss": 24176.4531053473,
      "jitter": 1.0,
      "weight_norm_sq": 23517.21923747332
    },
    {
      "step": 1,
      "train_loss": 3.1043415834875567e+246,
      "train_quality": 0.6206030150753769,
      "val_loss": 4.9980175924817166e+246,
      "val_quality": 0.5647058823529412,
      "reg_loss": NaN,
      "jitter": 0.25,
      "weight_norm_sq": NaN
    }
  ],
  "summary": {
    "run_id": "MPO2-L2-d4-init0.01-jit1-rf0.5-seed42",
    "seed": 42,
    "model": "MPO2",
    "grid_params": {
      "model": "MPO2",
      "L": 2,
      "bond_dim": 4,
      "jitter_start": 1.0,
      "reduction_factor": 0.5,
      "init_strength": 0.01
    },
    "train_loss": 3.1043415834875567e+246,
    "train_quality": 0.6206030150753769,
    "val_loss": 4.9980175924817166e+246,
    "val_quality": 0.5647058823529412,
    "test_loss": 2.827615443864699e+246,
    "test_quality": 0.6976744186046512,
    "success": true,
    "singular": true
  }
}