{
  "experiment_name": "ntn_breast",
  "run_name": "MPO2_L3_d16_j0.1_s256",
  "config": {
    "init_strength": 0.01,
    "batch_size": 1024,
    "n_epochs": 15,
    "jitter_decay": 0.25,
    "adaptive_jitter": false,
    "patience": 4,
    "min_delta": 1e-06,
    "train_selection": true,
    "seeds": [
      42,
      7,
      123,
      256,
      999
    ],
    "model": "MPO2",
    "L": 3,
    "bond_dim": 16,
    "jitter_start": 0.1
  },
  "hparams": {
    "seed": 256,
    "model": "MPO2",
    "dataset": "breast",
    "n_parameters": 9120,
    "init_strength": 0.01,
    "batch_size": 1024,
    "n_epochs": 15,
    "jitter_decay": 0.25,
    "adaptive_jitter": false,
    "patience": 4,
    "min_delta": 1e-06,
    "train_selection": true,
    "seeds": [
      42,
      7,
      123,
      256,
      999
    ],
    "L": 3,
    "bond_dim": 16,
    "jitter_start": 0.1
  },
  "metrics_log": [
    {
      "step": -1,
      "train_loss": 115.69041350617368,
      "train_quality": 0.6030150753768845,
      "val_loss": 42.057279505492914,
      "val_quality": 0.5647058823529412
    },
    {
      "step": 0,
      "train_loss": 1.0484526659609412e+32,
      "train_quality": 0.2135678391959799,
      "val_loss": 1.2025247171977185e+32,
      "val_quality": 0.16470588235294117,
      "reg_loss": 2.527316543982655e+60,
      "jitter": 0.1,
      "weight_norm_sq": 2.527316543982655e+61
    },
    {
      "step": 1,
      "train_loss": 1.480009192387569e+226,
      "train_quality": 0.8467336683417086,
      "val_loss": 1.3831338977493662e+226,
      "val_quality": 0.8588235294117647,
      "reg_loss": NaN,
      "jitter": 0.025,
      "weight_norm_sq": NaN
    }
  ],
  "summary": {
    "run_id": "MPO2-L3-d16-jit0.1-seed256",
    "seed": 256,
    "model": "MPO2",
    "grid_params": {
      "model": "MPO2",
      "L": 3,
      "bond_dim": 16,
      "jitter_start": 0.1
    },
    "n_parameters": 9120,
    "train_loss": null,
    "train_quality": null,
    "val_loss": null,
    "val_quality": null,
    "test_loss": 1.5253295887683295e+225,
    "test_quality": 0.8488372093023255,
    "success": true,
    "singular": true,
    "singular_epoch": 3
  }
}