{
  "experiment_name": "ntn_iris",
  "run_name": "LMPO2TypeI_L3_d8_j0.1_s123",
  "config": {
    "init_strength": 0.01,
    "batch_size": 1024,
    "n_epochs": 15,
    "jitter_decay": 0.25,
    "adaptive_jitter": false,
    "patience": 4,
    "min_delta": 1e-06,
    "train_selection": true,
    "bond_dim_mpo": 2,
    "seeds": [
      42,
      7,
      123,
      256,
      999
    ],
    "model": "LMPO2TypeI",
    "L": 3,
    "bond_dim": 8,
    "jitter_start": 0.1,
    "reduction_factor": 0.5
  },
  "hparams": {
    "seed": 123,
    "model": "LMPO2TypeI",
    "dataset": "iris",
    "n_parameters": 1038,
    "init_strength": 0.01,
    "batch_size": 1024,
    "n_epochs": 15,
    "jitter_decay": 0.25,
    "adaptive_jitter": false,
    "patience": 4,
    "min_delta": 1e-06,
    "train_selection": true,
    "bond_dim_mpo": 2,
    "seeds": [
      42,
      7,
      123,
      256,
      999
    ],
    "L": 3,
    "bond_dim": 8,
    "jitter_start": 0.1,
    "reduction_factor": 0.5
  },
  "metrics_log": [
    {
      "step": -1,
      "train_loss": 1.0986163923324195,
      "train_quality": 0.29523809523809524,
      "val_loss": 1.0986034912601306,
      "val_quality": 0.3181818181818182
    },
    {
      "step": 0,
      "train_loss": 0.1816595663295204,
      "train_quality": 0.9333333333333335,
      "val_loss": 0.16174516214230314,
      "val_quality": 0.9090909090909092,
      "reg_loss": 0.1816595663295204,
      "jitter": 0.1
    },
    {
      "step": 1,
      "train_loss": 47.06835944677255,
      "train_quality": 0.3523809523809524,
      "val_loss": 90.13328811320338,
      "val_quality": 0.13636363636363635,
      "reg_loss": 47.06835944677255,
      "jitter": 0.025
    },
    {
      "step": 2,
      "train_loss": 3.0671020024633224e+117,
      "train_quality": 0.3523809523809524,
      "val_loss": 6.133939490339289e+117,
      "val_quality": 0.2727272727272727,
      "reg_loss": 3.0671020024633224e+117,
      "jitter": 0.00625
    }
  ],
  "summary": {
    "run_id": "LMPO2TypeI-L3-d8-jit0.1-rf0.5-seed123",
    "seed": 123,
    "model": "LMPO2TypeI",
    "grid_params": {
      "model": "LMPO2TypeI",
      "L": 3,
      "bond_dim": 8,
      "jitter_start": 0.1,
      "reduction_factor": 0.5
    },
    "n_parameters": 1038,
    "train_loss": null,
    "train_quality": null,
    "val_loss": null,
    "val_quality": null,
    "test_loss": 0.2843284933320685,
    "test_quality": 0.9130434782608695,
    "success": true,
    "singular": true,
    "singular_epoch": 4
  }
}