{
  "experiment_name": "ntn_hearth",
  "run_name": "MPO2_L3_d16_j5_s123",
  "config": {
    "init_strength": 0.01,
    "batch_size": 1024,
    "n_epochs": 15,
    "jitter_decay": 0.25,
    "adaptive_jitter": false,
    "patience": 4,
    "min_delta": 1e-06,
    "train_selection": true,
    "seeds": [
      42,
      7,
      123,
      256,
      999
    ],
    "model": "MPO2",
    "L": 3,
    "bond_dim": 16,
    "jitter_start": 5.0
  },
  "hparams": {
    "seed": 123,
    "model": "MPO2",
    "dataset": "hearth",
    "n_parameters": 3872,
    "init_strength": 0.01,
    "batch_size": 1024,
    "n_epochs": 15,
    "jitter_decay": 0.25,
    "adaptive_jitter": false,
    "patience": 4,
    "min_delta": 1e-06,
    "train_selection": true,
    "seeds": [
      42,
      7,
      123,
      256,
      999
    ],
    "L": 3,
    "bond_dim": 16,
    "jitter_start": 5.0
  },
  "metrics_log": [
    {
      "step": -1,
      "train_loss": 27.34470902275049,
      "train_quality": 0.2641509433962264,
      "val_loss": 39.98216231796734,
      "val_quality": 0.2888888888888889
    },
    {
      "step": 0,
      "train_loss": 7353.691460108372,
      "train_quality": 0.1650943396226415,
      "val_loss": 4886.317821403665,
      "val_quality": 0.2888888888888889,
      "reg_loss": 19807877.048224602,
      "jitter": 5.0,
      "weight_norm_sq": 3960104.671352899
    },
    {
      "step": 1,
      "train_loss": 5.748076807816113e+27,
      "train_quality": 0.16037735849056603,
      "val_loss": 3.358971672733362e+27,
      "val_quality": 0.24444444444444446,
      "reg_loss": 1.1792371290260451e+54,
      "jitter": 1.25,
      "weight_norm_sq": 9.433897032208361e+53
    },
    {
      "step": 2,
      "train_loss": 1.1499083996829826e+186,
      "train_quality": 0.1650943396226415,
      "val_loss": 7.329476688520882e+185,
      "val_quality": 0.2,
      "reg_loss": Infinity,
      "jitter": 0.3125,
      "weight_norm_sq": Infinity
    }
  ],
  "summary": {
    "run_id": "MPO2-L3-d16-jit5-seed123",
    "seed": 123,
    "model": "MPO2",
    "grid_params": {
      "model": "MPO2",
      "L": 3,
      "bond_dim": 16,
      "jitter_start": 5.0
    },
    "n_parameters": 3872,
    "train_loss": null,
    "train_quality": null,
    "val_loss": null,
    "val_quality": null,
    "test_loss": 29.088647926954486,
    "test_quality": 0.2608695652173913,
    "success": true,
    "singular": true,
    "singular_epoch": 4
  }
}