{
  "experiment_name": "ntn_wine",
  "run_name": "MPO2_L4_d8_j5_s999",
  "config": {
    "output_site": 1,
    "init_strength": 0.01,
    "batch_size": 1024,
    "n_epochs": 15,
    "jitter_decay": 0.25,
    "adaptive_jitter": false,
    "patience": 4,
    "min_delta": 1e-06,
    "train_selection": true,
    "rank": 5,
    "seeds": [
      42,
      7,
      123,
      256,
      999
    ],
    "model": "MPO2",
    "L": 4,
    "bond_dim": 8,
    "jitter_start": 5.0
  },
  "hparams": {
    "seed": 999,
    "model": "MPO2",
    "dataset": "wine",
    "n_parameters": 3536,
    "output_site": 1,
    "init_strength": 0.01,
    "batch_size": 1024,
    "n_epochs": 15,
    "jitter_decay": 0.25,
    "adaptive_jitter": false,
    "patience": 4,
    "min_delta": 1e-06,
    "train_selection": true,
    "rank": 5,
    "seeds": [
      42,
      7,
      123,
      256,
      999
    ],
    "L": 4,
    "bond_dim": 8,
    "jitter_start": 5.0
  },
  "metrics_log": [
    {
      "step": -1,
      "train_loss": 56.87089610274662,
      "train_quality": 0.31451612903225806,
      "val_loss": 32.21227722987355,
      "val_quality": 0.48148148148148145
    },
    {
      "step": 0,
      "train_loss": 4.001640012816604e+22,
      "train_quality": 0.43548387096774194,
      "val_loss": 3.46039928367011e+22,
      "val_quality": 0.4074074074074074,
      "reg_loss": 1.3795244473005223e+45,
      "jitter": 5.0,
      "weight_norm_sq": 2.7590488946010444e+44
    }
  ],
  "summary": {
    "run_id": "MPO2-L4-d8-jit5-seed999",
    "seed": 999,
    "model": "MPO2",
    "grid_params": {
      "model": "MPO2",
      "L": 4,
      "bond_dim": 8,
      "jitter_start": 5.0
    },
    "n_parameters": 3536,
    "train_loss": 56.87089610274662,
    "train_quality": 0.31451612903225806,
    "val_loss": 32.21227722987355,
    "val_quality": 0.48148148148148145,
    "test_loss": 44.762132206930495,
    "test_quality": 0.25925925925925924,
    "success": true,
    "singular": true
  }
}