{
  "experiment_name": "ntn_wine",
  "run_name": "MPO2_L3_d8_j5_s999",
  "config": {
    "output_site": 1,
    "init_strength": 0.01,
    "batch_size": 1024,
    "n_epochs": 15,
    "jitter_decay": 0.25,
    "adaptive_jitter": false,
    "patience": 4,
    "min_delta": 1e-06,
    "train_selection": true,
    "rank": 5,
    "seeds": [
      42,
      7,
      123,
      256,
      999
    ],
    "model": "MPO2",
    "L": 3,
    "bond_dim": 8,
    "jitter_start": 5.0
  },
  "hparams": {
    "seed": 999,
    "model": "MPO2",
    "dataset": "wine",
    "n_parameters": 2704,
    "output_site": 1,
    "init_strength": 0.01,
    "batch_size": 1024,
    "n_epochs": 15,
    "jitter_decay": 0.25,
    "adaptive_jitter": false,
    "patience": 4,
    "min_delta": 1e-06,
    "train_selection": true,
    "rank": 5,
    "seeds": [
      42,
      7,
      123,
      256,
      999
    ],
    "L": 3,
    "bond_dim": 8,
    "jitter_start": 5.0
  },
  "metrics_log": [
    {
      "step": -1,
      "train_loss": 11.81937745944551,
      "train_quality": 0.3790322580645161,
      "val_loss": 10.642531028618174,
      "val_quality": 0.4074074074074074
    },
    {
      "step": 0,
      "train_loss": 90.61144240905273,
      "train_quality": 0.3709677419354839,
      "val_loss": 49.29111460700944,
      "val_quality": 0.3333333333333333,
      "reg_loss": 33905.074625990965,
      "jitter": 5.0,
      "weight_norm_sq": 6762.892636716381
    },
    {
      "step": 1,
      "train_loss": 1.5206287774546942e+175,
      "train_quality": 0.6451612903225806,
      "val_loss": 7.128624599102854e+174,
      "val_quality": 0.7037037037037037,
      "reg_loss": NaN,
      "jitter": 1.25,
      "weight_norm_sq": NaN
    }
  ],
  "summary": {
    "run_id": "MPO2-L3-d8-jit5-seed999",
    "seed": 999,
    "model": "MPO2",
    "grid_params": {
      "model": "MPO2",
      "L": 3,
      "bond_dim": 8,
      "jitter_start": 5.0
    },
    "n_parameters": 2704,
    "train_loss": 1.5206287774546942e+175,
    "train_quality": 0.6451612903225806,
    "val_loss": 7.128624599102854e+174,
    "val_quality": 0.7037037037037037,
    "test_loss": 2.3178482604071945e+175,
    "test_quality": 0.6296296296296295,
    "success": true,
    "singular": true
  }
}