{
  "experiment_name": "ntn_wine",
  "run_name": "MPO2_L3_d16_j0.1_s42",
  "config": {
    "output_site": 1,
    "init_strength": 0.01,
    "batch_size": 1024,
    "n_epochs": 15,
    "jitter_decay": 0.25,
    "adaptive_jitter": false,
    "patience": 4,
    "min_delta": 1e-06,
    "train_selection": true,
    "rank": 5,
    "seeds": [
      42,
      7,
      123,
      256,
      999
    ],
    "model": "MPO2",
    "L": 3,
    "bond_dim": 16,
    "jitter_start": 0.1
  },
  "hparams": {
    "seed": 42,
    "model": "MPO2",
    "dataset": "wine",
    "n_parameters": 10400,
    "output_site": 1,
    "init_strength": 0.01,
    "batch_size": 1024,
    "n_epochs": 15,
    "jitter_decay": 0.25,
    "adaptive_jitter": false,
    "patience": 4,
    "min_delta": 1e-06,
    "train_selection": true,
    "rank": 5,
    "seeds": [
      42,
      7,
      123,
      256,
      999
    ],
    "L": 3,
    "bond_dim": 16,
    "jitter_start": 0.1
  },
  "metrics_log": [
    {
      "step": -1,
      "train_loss": 7.4697200901672876,
      "train_quality": 0.3951612903225806,
      "val_loss": 4.377066054800124,
      "val_quality": 0.5925925925925926
    },
    {
      "step": 0,
      "train_loss": 6.047875112505591e+27,
      "train_quality": 0.6129032258064516,
      "val_loss": 1.1264775627704436e+27,
      "val_quality": 0.5925925925925926,
      "reg_loss": 2.253426524103054e+54,
      "jitter": 0.1,
      "weight_norm_sq": 2.253426524103054e+55
    },
    {
      "step": 1,
      "train_loss": 6.405248471651136e+199,
      "train_quality": 0.6129032258064516,
      "val_loss": 2.686817787323963e+199,
      "val_quality": 0.6666666666666666,
      "reg_loss": NaN,
      "jitter": 0.025,
      "weight_norm_sq": NaN
    }
  ],
  "summary": {
    "run_id": "MPO2-L3-d16-jit0.1-seed42",
    "seed": 42,
    "model": "MPO2",
    "grid_params": {
      "model": "MPO2",
      "L": 3,
      "bond_dim": 16,
      "jitter_start": 0.1
    },
    "n_parameters": 10400,
    "train_loss": 6.405248471651136e+199,
    "train_quality": 0.6129032258064516,
    "val_loss": 2.686817787323963e+199,
    "val_quality": 0.6666666666666666,
    "test_loss": 7.166880094142474e+199,
    "test_quality": 0.7407407407407407,
    "success": true,
    "singular": true
  }
}