{
  "experiment_name": "ntn_wine",
  "run_name": "MPO2_L4_d8_j0.1_s7",
  "config": {
    "output_site": 1,
    "init_strength": 0.01,
    "batch_size": 1024,
    "n_epochs": 15,
    "jitter_decay": 0.25,
    "adaptive_jitter": false,
    "patience": 4,
    "min_delta": 1e-06,
    "train_selection": true,
    "rank": 5,
    "seeds": [
      42,
      7,
      123,
      256,
      999
    ],
    "model": "MPO2",
    "L": 4,
    "bond_dim": 8,
    "jitter_start": 0.1
  },
  "hparams": {
    "seed": 7,
    "model": "MPO2",
    "dataset": "wine",
    "n_parameters": 3536,
    "output_site": 1,
    "init_strength": 0.01,
    "batch_size": 1024,
    "n_epochs": 15,
    "jitter_decay": 0.25,
    "adaptive_jitter": false,
    "patience": 4,
    "min_delta": 1e-06,
    "train_selection": true,
    "rank": 5,
    "seeds": [
      42,
      7,
      123,
      256,
      999
    ],
    "L": 4,
    "bond_dim": 8,
    "jitter_start": 0.1
  },
  "metrics_log": [
    {
      "step": -1,
      "train_loss": 39.21463894508772,
      "train_quality": 0.4032258064516129,
      "val_loss": 47.30176772085711,
      "val_quality": 0.37037037037037035
    },
    {
      "step": 0,
      "train_loss": 4.966964328492565e+115,
      "train_quality": 0.27419354838709675,
      "val_loss": 4.7789939011214215e+115,
      "val_quality": 0.2222222222222222,
      "reg_loss": 1.2337759537987927e+228,
      "jitter": 0.1,
      "weight_norm_sq": 1.2337759537987925e+229
    }
  ],
  "summary": {
    "run_id": "MPO2-L4-d8-jit0.1-seed7",
    "seed": 7,
    "model": "MPO2",
    "grid_params": {
      "model": "MPO2",
      "L": 4,
      "bond_dim": 8,
      "jitter_start": 0.1
    },
    "n_parameters": 3536,
    "train_loss": 39.21463894508772,
    "train_quality": 0.4032258064516129,
    "val_loss": 47.30176772085711,
    "val_quality": 0.37037037037037035,
    "test_loss": 50.27053199704262,
    "test_quality": 0.4074074074074074,
    "success": true,
    "singular": true
  }
}