{
  "experiment_name": "ntn_hearth",
  "run_name": "MPO2_L3_d12_j5_s7",
  "config": {
    "output_site": 1,
    "init_strength": 0.01,
    "batch_size": 1024,
    "n_epochs": 15,
    "jitter_decay": 0.25,
    "adaptive_jitter": false,
    "patience": 4,
    "min_delta": 1e-06,
    "train_selection": true,
    "rank": 5,
    "seeds": [
      42,
      7,
      123,
      256,
      999
    ],
    "model": "MPO2",
    "L": 3,
    "bond_dim": 12,
    "jitter_start": 5.0
  },
  "hparams": {
    "seed": 7,
    "model": "MPO2",
    "dataset": "hearth",
    "n_parameters": 8184,
    "output_site": 1,
    "init_strength": 0.01,
    "batch_size": 1024,
    "n_epochs": 15,
    "jitter_decay": 0.25,
    "adaptive_jitter": false,
    "patience": 4,
    "min_delta": 1e-06,
    "train_selection": true,
    "rank": 5,
    "seeds": [
      42,
      7,
      123,
      256,
      999
    ],
    "L": 3,
    "bond_dim": 12,
    "jitter_start": 5.0
  },
  "metrics_log": [
    {
      "step": -1,
      "train_loss": 4.53045239710704,
      "train_quality": 0.38679245283018865,
      "val_loss": 5.890252642798028,
      "val_quality": 0.35555555555555557
    },
    {
      "step": 0,
      "train_loss": 850.4034427962969,
      "train_quality": 0.33490566037735847,
      "val_loss": 213.88177213678594,
      "val_quality": 0.35555555555555557,
      "reg_loss": 537624.7105974263,
      "jitter": 5.0,
      "weight_norm_sq": 107354.861430926
    },
    {
      "step": 1,
      "train_loss": 7.402341463645078e+19,
      "train_quality": 0.5141509433962264,
      "val_loss": 4.441376803689141e+19,
      "val_quality": 0.4222222222222222,
      "reg_loss": 7.312994082494164e+39,
      "jitter": 1.25,
      "weight_norm_sq": 5.850395265995331e+39
    },
    {
      "step": 2,
      "train_loss": 1.0626971316678621e+130,
      "train_quality": 0.4858490566037736,
      "val_loss": 6.505586829118547e+129,
      "val_quality": 0.4666666666666667,
      "reg_loss": 2.565322641945549e+259,
      "jitter": 0.3125,
      "weight_norm_sq": 8.209032454225756e+259
    }
  ],
  "summary": {
    "run_id": "MPO2-L3-d12-jit5-seed7",
    "seed": 7,
    "model": "MPO2",
    "grid_params": {
      "model": "MPO2",
      "L": 3,
      "bond_dim": 12,
      "jitter_start": 5.0
    },
    "n_parameters": 8184,
    "train_loss": 1.0626971316678621e+130,
    "train_quality": 0.4858490566037736,
    "val_loss": 6.505586829118547e+129,
    "val_quality": 0.4666666666666667,
    "test_loss": 6.375107091264984e+129,
    "test_quality": 0.5652173913043478,
    "success": true,
    "singular": true
  }
}