{
  "experiment_name": "ntn_breast",
  "run_name": "MPO2_L2_d6_j5_s7",
  "config": {
    "output_site": 1,
    "init_strength": 0.01,
    "batch_size": 100,
    "n_epochs": 10,
    "jitter_decay": 0.25,
    "adaptive_jitter": false,
    "patience": 4,
    "min_delta": 0.0001,
    "train_selection": true,
    "rank": 5,
    "seeds": [
      42,
      7,
      123,
      256,
      999
    ],
    "model": "MPO2",
    "L": 2,
    "bond_dim": 6,
    "jitter_start": 5.0,
    "reduction_factor": 0.5
  },
  "hparams": {
    "seed": 7,
    "model": "MPO2",
    "dataset": "breast",
    "output_site": 1,
    "init_strength": 0.01,
    "batch_size": 100,
    "n_epochs": 10,
    "jitter_decay": 0.25,
    "adaptive_jitter": false,
    "patience": 4,
    "min_delta": 0.0001,
    "train_selection": true,
    "rank": 5,
    "seeds": [
      42,
      7,
      123,
      256,
      999
    ],
    "L": 2,
    "bond_dim": 6,
    "jitter_start": 5.0,
    "reduction_factor": 0.5
  },
  "metrics_log": [
    {
      "step": -1,
      "train_loss": 16.656615585056883,
      "train_quality": 0.507537688442211,
      "val_loss": 14.85745236976921,
      "val_quality": 0.49411764705882355
    },
    {
      "step": 0,
      "train_loss": 122.8315260951082,
      "train_quality": 0.38944723618090454,
      "val_loss": 88.51278960788211,
      "val_quality": 0.4588235294117647,
      "reg_loss": 3263.452174512102,
      "jitter": 5.0,
      "weight_norm_sq": 628.1241296833988
    },
    {
      "step": 1,
      "train_loss": 1.1495806483440834e+291,
      "train_quality": 0.4020100502512563,
      "val_loss": 8.210443291135977e+290,
      "val_quality": 0.44705882352941173,
      "reg_loss": NaN,
      "jitter": 1.25,
      "weight_norm_sq": NaN
    }
  ],
  "summary": {
    "run_id": "MPO2-L2-d6-init0.01-jit5-rf0.5-seed7",
    "seed": 7,
    "model": "MPO2",
    "grid_params": {
      "model": "MPO2",
      "L": 2,
      "bond_dim": 6,
      "jitter_start": 5.0,
      "reduction_factor": 0.5,
      "init_strength": 0.01
    },
    "train_loss": 16.656615585056883,
    "train_quality": 0.507537688442211,
    "val_loss": 14.85745236976921,
    "val_quality": 0.49411764705882355,
    "test_loss": 23.94836506039847,
    "test_quality": 0.43023255813953487,
    "success": true,
    "singular": true
  }
}