{
  "experiment_name": "ntn_mushrooms",
  "run_name": "MPO2_L3_d12_j5_s256",
  "config": {
    "output_site": 1,
    "init_strength": 0.01,
    "batch_size": 1024,
    "n_epochs": 15,
    "jitter_decay": 0.25,
    "adaptive_jitter": false,
    "patience": 4,
    "min_delta": 1e-06,
    "train_selection": true,
    "rank": 5,
    "seeds": [
      42,
      7,
      123,
      256,
      999
    ],
    "model": "MPO2",
    "L": 3,
    "bond_dim": 12,
    "jitter_start": 5.0
  },
  "hparams": {
    "seed": 256,
    "model": "MPO2",
    "dataset": "mushrooms",
    "n_parameters": 15600,
    "output_site": 1,
    "init_strength": 0.01,
    "batch_size": 1024,
    "n_epochs": 15,
    "jitter_decay": 0.25,
    "adaptive_jitter": false,
    "patience": 4,
    "min_delta": 1e-06,
    "train_selection": true,
    "rank": 5,
    "seeds": [
      42,
      7,
      123,
      256,
      999
    ],
    "L": 3,
    "bond_dim": 12,
    "jitter_start": 5.0
  },
  "metrics_log": [
    {
      "step": -1,
      "train_loss": 5.829191795260788,
      "train_quality": 0.593387266971509,
      "val_loss": 5.942296044345591,
      "val_quality": 0.6029532403609517
    },
    {
      "step": 0,
      "train_loss": 336.5293039338056,
      "train_quality": 0.3527963418923672,
      "val_loss": 336.9859294079427,
      "val_quality": 0.3355209187858901,
      "reg_loss": 81488.38445073696,
      "jitter": 5.0,
      "weight_norm_sq": 16230.371029360633
    },
    {
      "step": 1,
      "train_loss": 5.95649918878016e+36,
      "train_quality": 0.5189940204009849,
      "val_loss": 5.95092905478889e+36,
      "val_quality": 0.5217391304347826,
      "reg_loss": 2.283550346137383e+71,
      "jitter": 1.25,
      "weight_norm_sq": 1.8268402769099066e+71
    },
    {
      "step": 2,
      "train_loss": 1.0915819679764657e+257,
      "train_quality": 0.5189940204009849,
      "val_loss": 1.0895341538281363e+257,
      "val_quality": 0.5217391304347826,
      "reg_loss": Infinity,
      "jitter": 0.3125,
      "weight_norm_sq": Infinity
    }
  ],
  "summary": {
    "run_id": "MPO2-L3-d12-jit5-seed256",
    "seed": 256,
    "model": "MPO2",
    "grid_params": {
      "model": "MPO2",
      "L": 3,
      "bond_dim": 12,
      "jitter_start": 5.0
    },
    "n_parameters": 15600,
    "train_loss": 5.829191795260788,
    "train_quality": 0.593387266971509,
    "val_loss": 5.942296044345591,
    "val_quality": 0.6029532403609517,
    "test_loss": 6.314831416310231,
    "test_quality": 0.5898277276456112,
    "success": true,
    "singular": true
  }
}