{
  "experiment_name": "ntn_breast_lmpo2",
  "run_name": "LMPO2_L3_d8_j5_s123",
  "config": {
    "output_site": 1,
    "init_strength": 0.01,
    "reduction_factor": 0.3,
    "rank": 5,
    "batch_size": 1024,
    "n_epochs": 15,
    "jitter_decay": 0.25,
    "adaptive_jitter": false,
    "patience": 4,
    "min_delta": 1e-06,
    "train_selection": true,
    "seeds": [
      42,
      7,
      123,
      256,
      999
    ],
    "model": "LMPO2",
    "L": 3,
    "bond_dim": 8,
    "jitter_start": 5.0
  },
  "hparams": {
    "seed": 123,
    "model": "LMPO2",
    "dataset": "breast",
    "n_parameters": 12720,
    "output_site": 1,
    "init_strength": 0.01,
    "reduction_factor": 0.3,
    "rank": 5,
    "batch_size": 1024,
    "n_epochs": 15,
    "jitter_decay": 0.25,
    "adaptive_jitter": false,
    "patience": 4,
    "min_delta": 1e-06,
    "train_selection": true,
    "seeds": [
      42,
      7,
      123,
      256,
      999
    ],
    "L": 3,
    "bond_dim": 8,
    "jitter_start": 5.0
  },
  "metrics_log": [
    {
      "step": -1,
      "train_loss": 0.6690589454231165,
      "train_quality": 0.6959798994974874,
      "val_loss": 0.6162046298816047,
      "val_quality": 0.611764705882353
    },
    {
      "step": 0,
      "train_loss": 0.04774670039521248,
      "train_quality": 0.9949748743718593,
      "val_loss": 0.08606464948463112,
      "val_quality": 0.9764705882352941,
      "reg_loss": 1.5154884895778724,
      "jitter": 5.0,
      "weight_norm_sq": 0.293548357836532
    },
    {
      "step": 1,
      "train_loss": 7705.442076883069,
      "train_quality": 0.535175879396985,
      "val_loss": 4959.94147473535,
      "val_quality": 0.5176470588235293,
      "reg_loss": 2220037.7535277046,
      "jitter": 1.25,
      "weight_norm_sq": 1769865.8491606573
    }
  ],
  "summary": {
    "run_id": "LMPO2-L3-d8-jit5-rf0.3-seed123",
    "seed": 123,
    "model": "LMPO2",
    "grid_params": {
      "model": "LMPO2",
      "L": 3,
      "bond_dim": 8,
      "jitter_start": 5.0,
      "reduction_factor": 0.3
    },
    "n_parameters": 12720,
    "train_loss": 0.04774670039521248,
    "train_quality": 0.9949748743718593,
    "val_loss": 0.08606464948463112,
    "val_quality": 0.9764705882352941,
    "test_loss": 0.06938662620477476,
    "test_quality": 1.0,
    "success": true,
    "singular": true
  }
}