{
  "run_id": "MPO2-L2-d4-init0.1-jit1-rf0.3-seed7",
  "seed": 7,
  "model": "MPO2",
  "grid_params": {
    "model": "MPO2",
    "L": 2,
    "bond_dim": 4,
    "jitter_start": 1.0,
    "reduction_factor": 0.3,
    "init_strength": 0.1
  },
  "train_loss": 5.183425513674974e+19,
  "train_quality": 0.7047146401985112,
  "val_loss": 5.411495675133797e+19,
  "val_quality": 0.6872586872586873,
  "test_loss": 5.106691224707343e+19,
  "test_quality": 0.6923076923076923,
  "success": true,
  "singular": false
}