{
  "run_id": "MPO2TypeI-L3-d8-jit5-seed256",
  "seed": 256,
  "model": "MPO2TypeI",
  "grid_params": {
    "model": "MPO2TypeI",
    "L": 3,
    "bond_dim": 8,
    "jitter_start": 5.0
  },
  "n_parameters": 3996,
  "train_loss": 0.001048791299134675,
  "train_quality": 1.0,
  "val_loss": 0.04486781114215148,
  "val_quality": 0.9806949806949807,
  "test_loss": 0.061377615440669706,
  "test_quality": 0.976923076923077,
  "success": true,
  "singular": false
}