{
  "run_id": "MPO2-L2-d4-init0.1-jit5-rf0.3-seed7",
  "seed": 7,
  "model": "MPO2",
  "grid_params": {
    "model": "MPO2",
    "L": 2,
    "bond_dim": 4,
    "jitter_start": 5.0,
    "reduction_factor": 0.3,
    "init_strength": 0.1
  },
  "train_loss": 0.00014941594496851627,
  "train_quality": 1.0,
  "val_loss": 0.1257621010591528,
  "val_quality": 0.972972972972973,
  "test_loss": 0.09967111141615705,
  "test_quality": 0.9653846153846154,
  "success": true,
  "singular": false
}