{
  "run_id": "MPO2-L2-d4-init1-jit5-rf0.5-seed123",
  "seed": 123,
  "model": "MPO2",
  "grid_params": {
    "model": "MPO2",
    "L": 2,
    "bond_dim": 4,
    "jitter_start": 5.0,
    "reduction_factor": 0.5,
    "init_strength": 1.0
  },
  "train_loss": 0.00265724429178879,
  "train_quality": 1.0,
  "val_loss": 0.08763592238352545,
  "val_quality": 0.9768339768339769,
  "test_loss": 0.05793826478927748,
  "test_quality": 0.9653846153846154,
  "success": true,
  "singular": false
}