{
  "run_id": "MPO2-L3-d8-jit5-seed42",
  "seed": 42,
  "model": "MPO2",
  "grid_params": {
    "model": "MPO2",
    "L": 3,
    "bond_dim": 8,
    "jitter_start": 5.0
  },
  "n_parameters": 7344,
  "train_loss": 1.7960013633764277e+222,
  "train_quality": 0.7667493796526055,
  "val_loss": 2.6547601237582845e+222,
  "val_quality": 0.7297297297297297,
  "test_loss": 2.2694448788269157e+222,
  "test_quality": 0.75,
  "success": true,
  "singular": true
}