{
  "run_id": "LMPO2-L4-d16-rf0.3-seed256",
  "seed": 256,
  "model": "LMPO2",
  "dataset": "energy_efficiency",
  "task": "regression",
  "params": {
    "init_strength": 0.01,
    "bond_dim_mpo": 2,
    "batch_size": 64,
    "n_epochs": 1000,
    "patience": 40,
    "min_delta": 1e-08,
    "optimizer": "adamw",
    "seeds": [
      42,
      7,
      123,
      256,
      999
    ],
    "model": "LMPO2",
    "L": 4,
    "bond_dim": 16,
    "lr": 0.001,
    "reduction_factor": 0.3
  },
  "n_parameters": 1280,
  "train_loss": 10.225093942400024,
  "train_quality": 0.8993414768457124,
  "val_loss": 12.402775600833476,
  "val_quality": 0.8833457567795943,
  "test_loss": 13.109753138958578,
  "test_quality": 0.8661623857001255,
  "best_epoch": 993,
  "stopped_early": false,
  "patience_counter": 3,
  "success": true
}