{
  "run_id": "LMPO2-L3-d16-rf0.5-seed42",
  "seed": 42,
  "model": "LMPO2",
  "dataset": "energy_efficiency",
  "task": "regression",
  "params": {
    "init_strength": 0.01,
    "bond_dim_mpo": 2,
    "batch_size": 64,
    "n_epochs": 1000,
    "patience": 40,
    "min_delta": 1e-08,
    "optimizer": "adamw",
    "seeds": [
      42,
      7,
      123,
      256,
      999
    ],
    "model": "LMPO2",
    "L": 3,
    "bond_dim": 16,
    "lr": 0.001,
    "reduction_factor": 0.5
  },
  "n_parameters": 1408,
  "train_loss": 1.2108065389799727,
  "train_quality": 0.9880805009004473,
  "val_loss": 1.9884946529762881,
  "val_quality": 0.9888292443533653,
  "test_loss": 1.5608415898306505,
  "test_quality": 0.9840653510048053,
  "best_epoch": 807,
  "stopped_early": true,
  "patience_counter": 40,
  "success": true
}