{
  "run_id": "LMPO2-L3-d12-rf0.5-seed123",
  "seed": 123,
  "model": "LMPO2",
  "dataset": "energy_efficiency",
  "task": "regression",
  "params": {
    "init_strength": 0.01,
    "bond_dim_mpo": 2,
    "batch_size": 64,
    "n_epochs": 1000,
    "patience": 40,
    "min_delta": 1e-08,
    "optimizer": "adamw",
    "seeds": [
      42,
      7,
      123,
      256,
      999
    ],
    "model": "LMPO2",
    "L": 3,
    "bond_dim": 12,
    "lr": 0.001,
    "reduction_factor": 0.5
  },
  "n_parameters": 928,
  "train_loss": 1.5052669957538862,
  "train_quality": 0.9851817544563397,
  "val_loss": 1.9842236330619973,
  "val_quality": 0.9873197734731823,
  "test_loss": 1.8205318822445264,
  "test_quality": 0.9814141699470763,
  "best_epoch": 991,
  "stopped_early": true,
  "patience_counter": 40,
  "success": true
}