{
  "run_id": "LMPO2-L4-d16-rf0.5-seed256",
  "seed": 256,
  "model": "LMPO2",
  "dataset": "energy_efficiency",
  "task": "regression",
  "params": {
    "init_strength": 0.01,
    "bond_dim_mpo": 2,
    "batch_size": 64,
    "n_epochs": 1000,
    "patience": 40,
    "min_delta": 1e-08,
    "optimizer": "adamw",
    "seeds": [
      42,
      7,
      123,
      256,
      999
    ],
    "model": "LMPO2",
    "L": 4,
    "bond_dim": 16,
    "lr": 0.001,
    "reduction_factor": 0.5
  },
  "n_parameters": 2560,
  "train_loss": 2.1473904333982077,
  "train_quality": 0.9788605218808607,
  "val_loss": 3.09463710265896,
  "val_quality": 0.9804208222637135,
  "test_loss": 3.6238345660023525,
  "test_quality": 0.9630042329714147,
  "best_epoch": 751,
  "stopped_early": true,
  "patience_counter": 40,
  "success": true
}