{
  "run_id": "LMPO2-L3-d12-rf0.1-seed256",
  "seed": 256,
  "model": "LMPO2",
  "dataset": "energy_efficiency",
  "task": "regression",
  "params": {
    "init_strength": 0.01,
    "bond_dim_mpo": 2,
    "batch_size": 64,
    "n_epochs": 1000,
    "patience": 40,
    "min_delta": 1e-08,
    "optimizer": "adamw",
    "seeds": [
      42,
      7,
      123,
      256,
      999
    ],
    "model": "LMPO2",
    "L": 3,
    "bond_dim": 12,
    "lr": 0.001,
    "reduction_factor": 0.1
  },
  "n_parameters": 464,
  "train_loss": 117.13419858111351,
  "train_quality": -0.1530999623528606,
  "val_loss": 142.31600659917746,
  "val_quality": -0.37036541547397306,
  "test_loss": 165.29985148274693,
  "test_quality": -0.6875480058300985,
  "best_epoch": 998,
  "stopped_early": false,
  "patience_counter": 0,
  "success": true
}