{
  "run_id": "LMPO2-L4-d8-rf0.5-seed7",
  "seed": 7,
  "model": "LMPO2",
  "dataset": "bank",
  "task": "classification",
  "params": {
    "init_strength": 0.01,
    "bond_dim_mpo": 2,
    "batch_size": 64,
    "n_epochs": 1000,
    "patience": 40,
    "min_delta": 1e-08,
    "optimizer": "adamw",
    "seeds": [
      42,
      7,
      123,
      256,
      999
    ],
    "model": "LMPO2",
    "L": 4,
    "bond_dim": 8,
    "lr": 0.001,
    "reduction_factor": 0.5
  },
  "n_parameters": 8768,
  "train_loss": 0.17882283019529688,
  "train_quality": 0.9221095206496667,
  "val_loss": 0.49513700932372023,
  "val_quality": 0.8979652020053082,
  "test_loss": 0.25708528166113603,
  "test_quality": 0.9007667354762607,
  "best_epoch": 144,
  "stopped_early": true,
  "patience_counter": 40,
  "success": true
}