{
  "run_id": "LMPO2-L4-d8-rf0.1-seed7",
  "seed": 7,
  "model": "LMPO2",
  "dataset": "bank",
  "task": "classification",
  "params": {
    "init_strength": 0.01,
    "bond_dim_mpo": 2,
    "batch_size": 64,
    "n_epochs": 1000,
    "patience": 40,
    "min_delta": 1e-08,
    "optimizer": "adamw",
    "seeds": [
      42,
      7,
      123,
      256,
      999
    ],
    "model": "LMPO2",
    "L": 4,
    "bond_dim": 8,
    "lr": 0.001,
    "reduction_factor": 0.1
  },
  "n_parameters": 1644,
  "train_loss": 0.18414245612397137,
  "train_quality": 0.9189812620469555,
  "val_loss": 0.40891086914851693,
  "val_quality": 0.8991447950457092,
  "test_loss": 0.2620971908050625,
  "test_quality": 0.8998820406959599,
  "best_epoch": 252,
  "stopped_early": true,
  "patience_counter": 40,
  "success": true
}