{
  "run_id": "LMPO2-L4-d16-rf0.5-seed7",
  "seed": 7,
  "model": "LMPO2",
  "dataset": "bank",
  "task": "classification",
  "params": {
    "init_strength": 0.01,
    "bond_dim_mpo": 2,
    "batch_size": 64,
    "n_epochs": 1000,
    "patience": 40,
    "min_delta": 1e-08,
    "optimizer": "adamw",
    "seeds": [
      42,
      7,
      123,
      256,
      999
    ],
    "model": "LMPO2",
    "L": 4,
    "bond_dim": 16,
    "lr": 0.001,
    "reduction_factor": 0.5
  },
  "n_parameters": 15296,
  "train_loss": 0.16928241986122622,
  "train_quality": 0.9285872278573009,
  "val_loss": 0.40842107051660576,
  "val_quality": 0.8967856089649071,
  "test_loss": 0.2713539782688225,
  "test_quality": 0.8964907107048068,
  "best_epoch": 141,
  "stopped_early": true,
  "patience_counter": 40,
  "success": true
}