{
  "run_id": "LMPO2-L3-d8-rf0.1-seed42",
  "seed": 42,
  "model": "LMPO2",
  "dataset": "bank",
  "task": "classification",
  "params": {
    "init_strength": 0.01,
    "bond_dim_mpo": 2,
    "batch_size": 64,
    "n_epochs": 1000,
    "patience": 40,
    "min_delta": 1e-08,
    "optimizer": "adamw",
    "seeds": [
      42,
      7,
      123,
      256,
      999
    ],
    "model": "LMPO2",
    "L": 3,
    "bond_dim": 8,
    "lr": 0.001,
    "reduction_factor": 0.1
  },
  "n_parameters": 1056,
  "train_loss": 0.20061294626748477,
  "train_quality": 0.9101020633867349,
  "val_loss": 0.24878323896189722,
  "val_quality": 0.8979652020053082,
  "test_loss": 0.219207405835591,
  "test_quality": 0.9054851076378649,
  "best_epoch": 179,
  "stopped_early": true,
  "patience_counter": 40,
  "success": true
}