{
  "run_id": "LMPO2-L3-d16-rf0.5-seed999",
  "seed": 999,
  "model": "LMPO2",
  "dataset": "bank",
  "task": "classification",
  "params": {
    "output_site": 1,
    "init_strength": 0.01,
    "reduction_factor": 0.5,
    "rank": 5,
    "batch_size": 64,
    "n_epochs": 1000,
    "patience": 40,
    "min_delta": 1e-08,
    "optimizer": "adamw",
    "seeds": [
      42,
      7,
      123,
      256,
      999
    ],
    "model": "LMPO2",
    "L": 3,
    "bond_dim": 16,
    "lr": 0.01
  },
  "n_parameters": 50240,
  "train_loss": 66.53563854026763,
  "train_quality": 0.871709798717098,
  "val_loss": 143.26375512670177,
  "val_quality": 0.8941315246240047,
  "test_loss": 48.307991254149066,
  "test_quality": 0.8730462990268357,
  "best_epoch": 37,
  "stopped_early": true,
  "patience_counter": 40,
  "success": true
}