{
  "run_id": "LMPO2-L4-d12-rf0.1-seed123",
  "seed": 123,
  "model": "LMPO2",
  "dataset": "bank",
  "task": "classification",
  "params": {
    "init_strength": 0.01,
    "bond_dim_mpo": 2,
    "batch_size": 64,
    "n_epochs": 1000,
    "patience": 40,
    "min_delta": 1e-08,
    "optimizer": "adamw",
    "seeds": [
      42,
      7,
      123,
      256,
      999
    ],
    "model": "LMPO2",
    "L": 4,
    "bond_dim": 12,
    "lr": 0.001,
    "reduction_factor": 0.1
  },
  "n_parameters": 2160,
  "train_loss": 0.18401669299004658,
  "train_quality": 0.9192656491926565,
  "val_loss": 0.31560459815768527,
  "val_quality": 0.8992922441757594,
  "test_loss": 0.24233231240625086,
  "test_quality": 0.9003243880861103,
  "best_epoch": 369,
  "stopped_early": true,
  "patience_counter": 40,
  "success": true
}