{
  "run_id": "LMPO2-L3-d12-rf0.3-seed256",
  "seed": 256,
  "model": "LMPO2",
  "dataset": "bank",
  "task": "classification",
  "params": {
    "output_site": 1,
    "init_strength": 0.01,
    "reduction_factor": 0.3,
    "rank": 5,
    "batch_size": 64,
    "n_epochs": 1000,
    "patience": 40,
    "min_delta": 1e-08,
    "optimizer": "adamw",
    "seeds": [
      42,
      7,
      123,
      256,
      999
    ],
    "model": "LMPO2",
    "L": 3,
    "bond_dim": 12,
    "lr": 0.01
  },
  "n_parameters": 29280,
  "train_loss": 1.929712963470363,
  "train_quality": 0.8810313773817423,
  "val_loss": 2.777083289698365,
  "val_quality": 0.8969330580949573,
  "test_loss": 1.8566640603519646,
  "test_quality": 0.8824830433500442,
  "best_epoch": 6,
  "stopped_early": true,
  "patience_counter": 40,
  "success": true
}