{
  "run_id": "LMPO2-L3-d16-rf0.5-seed256",
  "seed": 256,
  "model": "LMPO2",
  "dataset": "bank",
  "task": "classification",
  "params": {
    "output_site": 1,
    "init_strength": 0.01,
    "reduction_factor": 0.5,
    "rank": 5,
    "batch_size": 64,
    "n_epochs": 1000,
    "patience": 40,
    "min_delta": 1e-08,
    "optimizer": "adamw",
    "seeds": [
      42,
      7,
      123,
      256,
      999
    ],
    "model": "LMPO2",
    "L": 3,
    "bond_dim": 16,
    "lr": 0.01
  },
  "n_parameters": 50240,
  "train_loss": 71.07123159931638,
  "train_quality": 0.8883938445982241,
  "val_loss": 2.9832425666816103,
  "val_quality": 0.8963432615747567,
  "test_loss": 2.2000848096424988,
  "test_quality": 0.8876437629017989,
  "best_epoch": 41,
  "stopped_early": true,
  "patience_counter": 40,
  "success": true
}