{
  "run_id": "LMPO2-L3-d16-rf0.3-seed256",
  "seed": 256,
  "model": "LMPO2",
  "dataset": "bank",
  "task": "classification",
  "params": {
    "init_strength": 0.01,
    "bond_dim_mpo": 2,
    "batch_size": 64,
    "n_epochs": 1000,
    "patience": 40,
    "min_delta": 1e-08,
    "optimizer": "adamw",
    "seeds": [
      42,
      7,
      123,
      256,
      999
    ],
    "model": "LMPO2",
    "L": 3,
    "bond_dim": 16,
    "lr": 0.001,
    "reduction_factor": 0.3
  },
  "n_parameters": 5112,
  "train_loss": 0.19509400477340294,
  "train_quality": 0.91402028628306,
  "val_loss": 0.26780022347126603,
  "val_quality": 0.8969330580949573,
  "test_loss": 0.22986148065321235,
  "test_quality": 0.9046004128575641,
  "best_epoch": 112,
  "stopped_early": true,
  "patience_counter": 40,
  "success": true
}