{
  "run_id": "LMPO2-L3-d12-rf0.1-seed7",
  "seed": 7,
  "model": "LMPO2",
  "dataset": "bank",
  "task": "classification",
  "params": {
    "output_site": 1,
    "init_strength": 0.01,
    "reduction_factor": 0.1,
    "rank": 5,
    "batch_size": 64,
    "n_epochs": 1000,
    "patience": 40,
    "min_delta": 1e-08,
    "optimizer": "adamw",
    "seeds": [
      42,
      7,
      123,
      256,
      999
    ],
    "model": "LMPO2",
    "L": 3,
    "bond_dim": 12,
    "lr": 0.01
  },
  "n_parameters": 29280,
  "train_loss": 0.2119640221352985,
  "train_quality": 0.9053622776250514,
  "val_loss": 0.23966004206353989,
  "val_quality": 0.8964907107048068,
  "test_loss": 0.2180977684313331,
  "test_quality": 0.9043055145974639,
  "best_epoch": 62,
  "stopped_early": true,
  "patience_counter": 40,
  "success": true
}