{
  "run_id": "LMPO2-L3-d8-rf0.3-seed999",
  "seed": 999,
  "model": "LMPO2",
  "dataset": "bank",
  "task": "classification",
  "params": {
    "init_strength": 0.01,
    "bond_dim_mpo": 2,
    "batch_size": 64,
    "n_epochs": 1000,
    "patience": 40,
    "min_delta": 1e-08,
    "optimizer": "adamw",
    "seeds": [
      42,
      7,
      123,
      256,
      999
    ],
    "model": "LMPO2",
    "L": 3,
    "bond_dim": 8,
    "lr": 0.001,
    "reduction_factor": 0.3
  },
  "n_parameters": 3168,
  "train_loss": 0.19415084136098967,
  "train_quality": 0.915094637722375,
  "val_loss": 0.29088862223581013,
  "val_quality": 0.896638159834857,
  "test_loss": 0.23137077888398,
  "test_quality": 0.9062223532881156,
  "best_epoch": 91,
  "stopped_early": true,
  "patience_counter": 40,
  "success": true
}