{
  "run_id": "LMPO2-L3-d12-rf0.3-seed42",
  "seed": 42,
  "model": "LMPO2",
  "dataset": "bank",
  "task": "classification",
  "params": {
    "init_strength": 0.01,
    "bond_dim_mpo": 2,
    "batch_size": 64,
    "n_epochs": 1000,
    "patience": 40,
    "min_delta": 1e-08,
    "optimizer": "adamw",
    "seeds": [
      42,
      7,
      123,
      256,
      999
    ],
    "model": "LMPO2",
    "L": 3,
    "bond_dim": 12,
    "lr": 0.001,
    "reduction_factor": 0.3
  },
  "n_parameters": 3996,
  "train_loss": 0.19756237683354524,
  "train_quality": 0.9131355262742124,
  "val_loss": 0.2968752959871083,
  "val_quality": 0.8981126511353583,
  "test_loss": 0.22769004826518074,
  "test_quality": 0.9060749041580655,
  "best_epoch": 109,
  "stopped_early": true,
  "patience_counter": 40,
  "success": true
}