{
  "run_id": "LMPO2-L4-d8-rf0.1-seed999",
  "seed": 999,
  "model": "LMPO2",
  "dataset": "bank",
  "task": "classification",
  "params": {
    "init_strength": 0.01,
    "bond_dim_mpo": 2,
    "batch_size": 64,
    "n_epochs": 1000,
    "patience": 40,
    "min_delta": 1e-08,
    "optimizer": "adamw",
    "seeds": [
      42,
      7,
      123,
      256,
      999
    ],
    "model": "LMPO2",
    "L": 4,
    "bond_dim": 8,
    "lr": 0.001,
    "reduction_factor": 0.1
  },
  "n_parameters": 1644,
  "train_loss": 0.18893474250272718,
  "train_quality": 0.9164849748791355,
  "val_loss": 0.34719052556268,
  "val_quality": 0.898997345915659,
  "test_loss": 0.2297070204178054,
  "test_quality": 0.9029784724270127,
  "best_epoch": 302,
  "stopped_early": true,
  "patience_counter": 40,
  "success": true
}