{
  "run_id": "LMPO2-L3-d12-rf0.3-seed7",
  "seed": 7,
  "model": "LMPO2",
  "dataset": "bank",
  "task": "classification",
  "params": {
    "init_strength": 0.01,
    "bond_dim_mpo": 2,
    "batch_size": 64,
    "n_epochs": 1000,
    "patience": 40,
    "min_delta": 1e-08,
    "optimizer": "adamw",
    "seeds": [
      42,
      7,
      123,
      256,
      999
    ],
    "model": "LMPO2",
    "L": 3,
    "bond_dim": 12,
    "lr": 0.001,
    "reduction_factor": 0.3
  },
  "n_parameters": 3996,
  "train_loss": 0.19678047858892908,
  "train_quality": 0.9132619205611906,
  "val_loss": 0.31603255036578126,
  "val_quality": 0.8960483633146564,
  "test_loss": 0.23368694329432527,
  "test_quality": 0.9037157180772634,
  "best_epoch": 137,
  "stopped_early": true,
  "patience_counter": 40,
  "success": true
}