{
  "run_id": "LMPO2-L4-d8-rf0.1-seed123",
  "seed": 123,
  "model": "LMPO2",
  "dataset": "bank",
  "task": "classification",
  "params": {
    "init_strength": 0.01,
    "bond_dim_mpo": 2,
    "batch_size": 64,
    "n_epochs": 1000,
    "patience": 40,
    "min_delta": 1e-08,
    "optimizer": "adamw",
    "seeds": [
      42,
      7,
      123,
      256,
      999
    ],
    "model": "LMPO2",
    "L": 4,
    "bond_dim": 8,
    "lr": 0.001,
    "reduction_factor": 0.1
  },
  "n_parameters": 1644,
  "train_loss": 0.1903693631852289,
  "train_quality": 0.9155054191550542,
  "val_loss": 0.297682147681595,
  "val_quality": 0.8950162194043055,
  "test_loss": 0.22982095834528232,
  "test_quality": 0.9038631672073135,
  "best_epoch": 167,
  "stopped_early": true,
  "patience_counter": 40,
  "success": true
}