{
  "run_id": "LMPO2-L4-d8-rf0.1-seed42",
  "seed": 42,
  "model": "LMPO2",
  "dataset": "bank",
  "task": "classification",
  "params": {
    "init_strength": 0.01,
    "bond_dim_mpo": 2,
    "batch_size": 64,
    "n_epochs": 1000,
    "patience": 40,
    "min_delta": 1e-08,
    "optimizer": "adamw",
    "seeds": [
      42,
      7,
      123,
      256,
      999
    ],
    "model": "LMPO2",
    "L": 4,
    "bond_dim": 8,
    "lr": 0.001,
    "reduction_factor": 0.1
  },
  "n_parameters": 1644,
  "train_loss": 0.18691633717179817,
  "train_quality": 0.9171485448857711,
  "val_loss": 0.30419466037603626,
  "val_quality": 0.897817752875258,
  "test_loss": 0.24354299092499862,
  "test_quality": 0.9038631672073135,
  "best_epoch": 344,
  "stopped_early": true,
  "patience_counter": 40,
  "success": true
}