{
  "run_id": "LMPO2-L3-d16-rf0.1-seed42",
  "seed": 42,
  "model": "LMPO2",
  "dataset": "bank",
  "task": "classification",
  "params": {
    "init_strength": 0.01,
    "bond_dim_mpo": 2,
    "batch_size": 64,
    "n_epochs": 1000,
    "patience": 40,
    "min_delta": 1e-08,
    "optimizer": "adamw",
    "seeds": [
      42,
      7,
      123,
      256,
      999
    ],
    "model": "LMPO2",
    "L": 3,
    "bond_dim": 16,
    "lr": 0.001,
    "reduction_factor": 0.1
  },
  "n_parameters": 1704,
  "train_loss": 0.2006773281665615,
  "train_quality": 0.9110184219673271,
  "val_loss": 0.24471727001471416,
  "val_quality": 0.8985549985255087,
  "test_loss": 0.22089244089779775,
  "test_quality": 0.9068121498083161,
  "best_epoch": 351,
  "stopped_early": true,
  "patience_counter": 40,
  "success": true
}