{
  "run_id": "LMPO2-L4-d12-rf0.3-seed7",
  "seed": 7,
  "model": "LMPO2",
  "dataset": "bank",
  "task": "classification",
  "params": {
    "init_strength": 0.01,
    "bond_dim_mpo": 2,
    "batch_size": 64,
    "n_epochs": 1000,
    "patience": 40,
    "min_delta": 1e-08,
    "optimizer": "adamw",
    "seeds": [
      42,
      7,
      123,
      256,
      999
    ],
    "model": "LMPO2",
    "L": 4,
    "bond_dim": 12,
    "lr": 0.001,
    "reduction_factor": 0.3
  },
  "n_parameters": 6480,
  "train_loss": 0.16458496883231483,
  "train_quality": 0.9293771921509147,
  "val_loss": 0.3753086386248914,
  "val_quality": 0.8964907107048068,
  "test_loss": 0.275564800317928,
  "test_quality": 0.9001769389560602,
  "best_epoch": 188,
  "stopped_early": true,
  "patience_counter": 40,
  "success": true
}