{
  "run_id": "LMPO2-L4-d16-rf0.5-seed42",
  "seed": 42,
  "model": "LMPO2",
  "dataset": "bank",
  "task": "classification",
  "params": {
    "output_site": 1,
    "init_strength": 0.01,
    "reduction_factor": 0.5,
    "rank": 5,
    "batch_size": 64,
    "n_epochs": 1000,
    "patience": 40,
    "min_delta": 1e-08,
    "optimizer": "adamw",
    "seeds": [
      42,
      7,
      123,
      256,
      999
    ],
    "model": "LMPO2",
    "L": 4,
    "bond_dim": 16,
    "lr": 0.01
  },
  "n_parameters": 93760,
  "train_loss": 0.24084872242837116,
  "train_quality": 0.900748886150346,
  "val_loss": 0.3975899200335662,
  "val_quality": 0.897670303745208,
  "test_loss": 0.2570136580938555,
  "test_quality": 0.8969330580949573,
  "best_epoch": 82,
  "stopped_early": true,
  "patience_counter": 40,
  "success": true
}