{
  "run_id": "LMPO2-L4-d8-rf0.5-seed999",
  "seed": 999,
  "model": "LMPO2",
  "dataset": "bank",
  "task": "classification",
  "params": {
    "init_strength": 0.01,
    "bond_dim_mpo": 2,
    "batch_size": 64,
    "n_epochs": 1000,
    "patience": 40,
    "min_delta": 1e-08,
    "optimizer": "adamw",
    "seeds": [
      42,
      7,
      123,
      256,
      999
    ],
    "model": "LMPO2",
    "L": 4,
    "bond_dim": 8,
    "lr": 0.001,
    "reduction_factor": 0.5
  },
  "n_parameters": 8768,
  "train_loss": 0.17876576579693698,
  "train_quality": 0.9263121306916927,
  "val_loss": 0.3974191197273627,
  "val_quality": 0.8981126511353583,
  "test_loss": 0.31660939246817466,
  "test_quality": 0.8969330580949573,
  "best_epoch": 143,
  "stopped_early": true,
  "patience_counter": 40,
  "success": true
}