{
  "run_id": "LMPO2-L3-d8-rf0.5-seed7",
  "seed": 7,
  "model": "LMPO2",
  "dataset": "bank",
  "task": "classification",
  "params": {
    "init_strength": 0.01,
    "bond_dim_mpo": 2,
    "batch_size": 64,
    "n_epochs": 1000,
    "patience": 40,
    "min_delta": 1e-08,
    "optimizer": "adamw",
    "seeds": [
      42,
      7,
      123,
      256,
      999
    ],
    "model": "LMPO2",
    "L": 3,
    "bond_dim": 8,
    "lr": 0.001,
    "reduction_factor": 0.5
  },
  "n_parameters": 5632,
  "train_loss": 0.19545933682949665,
  "train_quality": 0.9139886877113155,
  "val_loss": 0.24780276542612664,
  "val_quality": 0.8961958124447066,
  "test_loss": 0.23037510238797013,
  "test_quality": 0.9062223532881156,
  "best_epoch": 31,
  "stopped_early": true,
  "patience_counter": 40,
  "success": true
}