{
  "run_id": "LMPO2-L3-d8-rf0.1-seed999",
  "seed": 999,
  "model": "LMPO2",
  "dataset": "bank",
  "task": "classification",
  "params": {
    "init_strength": 0.01,
    "bond_dim_mpo": 2,
    "batch_size": 64,
    "n_epochs": 1000,
    "patience": 40,
    "min_delta": 1e-08,
    "optimizer": "adamw",
    "seeds": [
      42,
      7,
      123,
      256,
      999
    ],
    "model": "LMPO2",
    "L": 3,
    "bond_dim": 8,
    "lr": 0.001,
    "reduction_factor": 0.1
  },
  "n_parameters": 1056,
  "train_loss": 0.20072911811811908,
  "train_quality": 0.9089645148039308,
  "val_loss": 0.25952430850995983,
  "val_quality": 0.897817752875258,
  "test_loss": 0.22298236760251278,
  "test_quality": 0.9050427602477146,
  "best_epoch": 203,
  "stopped_early": true,
  "patience_counter": 40,
  "success": true
}