{
  "run_id": "LMPO2-L3-d12-rf0.3-seed123",
  "seed": 123,
  "model": "LMPO2",
  "dataset": "bank",
  "task": "classification",
  "params": {
    "init_strength": 0.01,
    "bond_dim_mpo": 2,
    "batch_size": 64,
    "n_epochs": 1000,
    "patience": 40,
    "min_delta": 1e-08,
    "optimizer": "adamw",
    "seeds": [
      42,
      7,
      123,
      256,
      999
    ],
    "model": "LMPO2",
    "L": 3,
    "bond_dim": 12,
    "lr": 0.001,
    "reduction_factor": 0.3
  },
  "n_parameters": 3996,
  "train_loss": 0.19508732955111446,
  "train_quality": 0.9141466805700382,
  "val_loss": 0.2955811624973952,
  "val_quality": 0.897670303745208,
  "test_loss": 0.2301595012887595,
  "test_quality": 0.9060749041580655,
  "best_epoch": 108,
  "stopped_early": true,
  "patience_counter": 40,
  "success": true
}