{
  "run_id": "LMPO2-L4-d12-rf0.5-seed256",
  "seed": 256,
  "model": "LMPO2",
  "dataset": "bank",
  "task": "classification",
  "params": {
    "init_strength": 0.01,
    "bond_dim_mpo": 2,
    "batch_size": 64,
    "n_epochs": 1000,
    "patience": 40,
    "min_delta": 1e-08,
    "optimizer": "adamw",
    "seeds": [
      42,
      7,
      123,
      256,
      999
    ],
    "model": "LMPO2",
    "L": 4,
    "bond_dim": 12,
    "lr": 0.001,
    "reduction_factor": 0.5
  },
  "n_parameters": 11520,
  "train_loss": 0.17002272114137587,
  "train_quality": 0.9265649192656492,
  "val_loss": 0.3474056248563112,
  "val_quality": 0.896638159834857,
  "test_loss": 0.2613999619951789,
  "test_quality": 0.9025361250368623,
  "best_epoch": 130,
  "stopped_early": true,
  "patience_counter": 40,
  "success": true
}