{
  "run_id": "LMPO2-L4-d16-rf0.5-seed42",
  "seed": 42,
  "model": "LMPO2",
  "dataset": "bank",
  "task": "classification",
  "params": {
    "init_strength": 0.01,
    "bond_dim_mpo": 2,
    "batch_size": 64,
    "n_epochs": 1000,
    "patience": 40,
    "min_delta": 1e-08,
    "optimizer": "adamw",
    "seeds": [
      42,
      7,
      123,
      256,
      999
    ],
    "model": "LMPO2",
    "L": 4,
    "bond_dim": 16,
    "lr": 0.001,
    "reduction_factor": 0.5
  },
  "n_parameters": 15296,
  "train_loss": 0.1738429523334503,
  "train_quality": 0.925300976395867,
  "val_loss": 0.3035466871110573,
  "val_quality": 0.8964907107048068,
  "test_loss": 0.2762531927907444,
  "test_quality": 0.9009141846063108,
  "best_epoch": 173,
  "stopped_early": true,
  "patience_counter": 40,
  "success": true
}