{
  "run_id": "LMPO2-L3-d8-rf0.5-seed999",
  "seed": 999,
  "model": "LMPO2",
  "dataset": "bank",
  "task": "classification",
  "params": {
    "init_strength": 0.01,
    "bond_dim_mpo": 2,
    "batch_size": 64,
    "n_epochs": 1000,
    "patience": 40,
    "min_delta": 1e-08,
    "optimizer": "adamw",
    "seeds": [
      42,
      7,
      123,
      256,
      999
    ],
    "model": "LMPO2",
    "L": 3,
    "bond_dim": 8,
    "lr": 0.001,
    "reduction_factor": 0.5
  },
  "n_parameters": 5632,
  "train_loss": 0.210252737213656,
  "train_quality": 0.9127247448415332,
  "val_loss": 0.3602613843736703,
  "val_quality": 0.8979652020053082,
  "test_loss": 0.23562706406871275,
  "test_quality": 0.9035682689472132,
  "best_epoch": 125,
  "stopped_early": true,
  "patience_counter": 40,
  "success": true
}