{
  "run_id": "LMPO2-L4-d16-rf0.5-seed123",
  "seed": 123,
  "model": "LMPO2",
  "dataset": "bank",
  "task": "classification",
  "params": {
    "init_strength": 0.01,
    "bond_dim_mpo": 2,
    "batch_size": 64,
    "n_epochs": 1000,
    "patience": 40,
    "min_delta": 1e-08,
    "optimizer": "adamw",
    "seeds": [
      42,
      7,
      123,
      256,
      999
    ],
    "model": "LMPO2",
    "L": 4,
    "bond_dim": 16,
    "lr": 0.001,
    "reduction_factor": 0.5
  },
  "n_parameters": 15296,
  "train_loss": 0.17192181345335972,
  "train_quality": 0.9254589692545897,
  "val_loss": 0.29663698770553715,
  "val_quality": 0.896638159834857,
  "test_loss": 0.2580443858130383,
  "test_quality": 0.8995871424358596,
  "best_epoch": 104,
  "stopped_early": true,
  "patience_counter": 40,
  "success": true
}