{
  "run_id": "LMPO2-L4-d12-rf0.5-seed256",
  "seed": 256,
  "model": "LMPO2",
  "dataset": "bank",
  "task": "classification",
  "params": {
    "output_site": 1,
    "init_strength": 0.01,
    "reduction_factor": 0.5,
    "rank": 5,
    "batch_size": 64,
    "n_epochs": 1000,
    "patience": 40,
    "min_delta": 1e-08,
    "optimizer": "adamw",
    "seeds": [
      42,
      7,
      123,
      256,
      999
    ],
    "model": "LMPO2",
    "L": 4,
    "bond_dim": 12,
    "lr": 0.01
  },
  "n_parameters": 53760,
  "train_loss": 0.2470548830796935,
  "train_quality": 0.9069738047840238,
  "val_loss": 1.0075870100742899,
  "val_quality": 0.8967856089649071,
  "test_loss": 0.341102843120094,
  "test_quality": 0.8994396933058095,
  "best_epoch": 76,
  "stopped_early": true,
  "patience_counter": 40,
  "success": true
}