{
  "run_id": "LMPO2-L3-d16-rf0.3-seed123",
  "seed": 123,
  "model": "LMPO2",
  "dataset": "bank",
  "task": "classification",
  "params": {
    "init_strength": 0.01,
    "bond_dim_mpo": 2,
    "batch_size": 64,
    "n_epochs": 1000,
    "patience": 40,
    "min_delta": 1e-08,
    "optimizer": "adamw",
    "seeds": [
      42,
      7,
      123,
      256,
      999
    ],
    "model": "LMPO2",
    "L": 3,
    "bond_dim": 16,
    "lr": 0.001,
    "reduction_factor": 0.3
  },
  "n_parameters": 5112,
  "train_loss": 0.19615963092952318,
  "train_quality": 0.9138938919960817,
  "val_loss": 0.28156884780137315,
  "val_quality": 0.8972279563550575,
  "test_loss": 0.2302283877214177,
  "test_quality": 0.9053376585078148,
  "best_epoch": 127,
  "stopped_early": true,
  "patience_counter": 40,
  "success": true
}