{
  "run_id": "LMPO2-L3-d8-rf0.1-seed256",
  "seed": 256,
  "model": "LMPO2",
  "dataset": "bank",
  "task": "classification",
  "params": {
    "init_strength": 0.01,
    "bond_dim_mpo": 2,
    "batch_size": 64,
    "n_epochs": 1000,
    "patience": 40,
    "min_delta": 1e-08,
    "optimizer": "adamw",
    "seeds": [
      42,
      7,
      123,
      256,
      999
    ],
    "model": "LMPO2",
    "L": 3,
    "bond_dim": 8,
    "lr": 0.001,
    "reduction_factor": 0.1
  },
  "n_parameters": 1056,
  "train_loss": 0.2005855564839592,
  "train_quality": 0.9097228805258002,
  "val_loss": 0.2596208038356011,
  "val_quality": 0.8979652020053082,
  "test_loss": 0.22165138406088392,
  "test_quality": 0.9046004128575641,
  "best_epoch": 349,
  "stopped_early": true,
  "patience_counter": 40,
  "success": true
}