{
  "run_id": "LMPO2-L3-d12-rf0.5-seed123",
  "seed": 123,
  "model": "LMPO2",
  "dataset": "bank",
  "task": "classification",
  "params": {
    "init_strength": 0.01,
    "bond_dim_mpo": 2,
    "batch_size": 64,
    "n_epochs": 1000,
    "patience": 40,
    "min_delta": 1e-08,
    "optimizer": "adamw",
    "seeds": [
      42,
      7,
      123,
      256,
      999
    ],
    "model": "LMPO2",
    "L": 3,
    "bond_dim": 12,
    "lr": 0.001,
    "reduction_factor": 0.5
  },
  "n_parameters": 7104,
  "train_loss": 0.193588036968212,
  "train_quality": 0.9144626662874838,
  "val_loss": 0.27553621407661416,
  "val_quality": 0.8967856089649071,
  "test_loss": 0.2296182575884075,
  "test_quality": 0.9047478619876143,
  "best_epoch": 64,
  "stopped_early": true,
  "patience_counter": 40,
  "success": true
}