{
  "run_id": "LMPO2-L3-d12-rf0.5-seed999",
  "seed": 999,
  "model": "LMPO2",
  "dataset": "bank",
  "task": "classification",
  "params": {
    "init_strength": 0.01,
    "bond_dim_mpo": 2,
    "batch_size": 64,
    "n_epochs": 1000,
    "patience": 40,
    "min_delta": 1e-08,
    "optimizer": "adamw",
    "seeds": [
      42,
      7,
      123,
      256,
      999
    ],
    "model": "LMPO2",
    "L": 3,
    "bond_dim": 12,
    "lr": 0.001,
    "reduction_factor": 0.5
  },
  "n_parameters": 7104,
  "train_loss": 0.19367500291249218,
  "train_quality": 0.9143994691439947,
  "val_loss": 0.3005771778366294,
  "val_quality": 0.897670303745208,
  "test_loss": 0.22997494726788925,
  "test_quality": 0.9048953111176644,
  "best_epoch": 64,
  "stopped_early": true,
  "patience_counter": 40,
  "success": true
}