{
  "run_id": "LMPO2-L3-d16-rf0.5-seed123",
  "seed": 123,
  "model": "LMPO2",
  "dataset": "bank",
  "task": "classification",
  "params": {
    "init_strength": 0.01,
    "bond_dim_mpo": 2,
    "batch_size": 64,
    "n_epochs": 1000,
    "patience": 40,
    "min_delta": 1e-08,
    "optimizer": "adamw",
    "seeds": [
      42,
      7,
      123,
      256,
      999
    ],
    "model": "LMPO2",
    "L": 3,
    "bond_dim": 16,
    "lr": 0.001,
    "reduction_factor": 0.5
  },
  "n_parameters": 9088,
  "train_loss": 0.19680676752400786,
  "train_quality": 0.9156318134420324,
  "val_loss": 0.27397498682883176,
  "val_quality": 0.897670303745208,
  "test_loss": 0.23520434031531798,
  "test_quality": 0.9029784724270127,
  "best_epoch": 169,
  "stopped_early": true,
  "patience_counter": 40,
  "success": true
}