{
  "run_id": "LMPO2-L4-d12-rf0.1-seed999",
  "seed": 999,
  "model": "LMPO2",
  "dataset": "bank",
  "task": "classification",
  "params": {
    "output_site": 1,
    "init_strength": 0.01,
    "reduction_factor": 0.1,
    "rank": 5,
    "batch_size": 64,
    "n_epochs": 1000,
    "patience": 40,
    "min_delta": 1e-08,
    "optimizer": "adamw",
    "seeds": [
      42,
      7,
      123,
      256,
      999
    ],
    "model": "LMPO2",
    "L": 4,
    "bond_dim": 12,
    "lr": 0.01
  },
  "n_parameters": 53760,
  "train_loss": 0.25579057087048196,
  "train_quality": 0.8947767560906247,
  "val_loss": 0.2863830667730193,
  "val_quality": 0.8936891772338543,
  "test_loss": 0.2564401208107664,
  "test_quality": 0.8941315246240047,
  "best_epoch": 60,
  "stopped_early": true,
  "patience_counter": 40,
  "success": true
}