{
  "run_id": "LMPO2-L4-d16-rf0.3-seed42",
  "seed": 42,
  "model": "LMPO2",
  "dataset": "bank",
  "task": "classification",
  "params": {
    "init_strength": 0.01,
    "bond_dim_mpo": 2,
    "batch_size": 64,
    "n_epochs": 1000,
    "patience": 40,
    "min_delta": 1e-08,
    "optimizer": "adamw",
    "seeds": [
      42,
      7,
      123,
      256,
      999
    ],
    "model": "LMPO2",
    "L": 4,
    "bond_dim": 16,
    "lr": 0.001,
    "reduction_factor": 0.3
  },
  "n_parameters": 8604,
  "train_loss": 0.16576225504649175,
  "train_quality": 0.9286188264290454,
  "val_loss": 0.38123432135338337,
  "val_quality": 0.8961958124447066,
  "test_loss": 0.28952816593252567,
  "test_quality": 0.8973754054851076,
  "best_epoch": 111,
  "stopped_early": true,
  "patience_counter": 40,
  "success": true
}