{
  "run_id": "LMPO2-L3-d12-rf0.3-seed123",
  "seed": 123,
  "model": "LMPO2",
  "dataset": "bank",
  "task": "classification",
  "params": {
    "output_site": 1,
    "init_strength": 0.01,
    "reduction_factor": 0.3,
    "rank": 5,
    "batch_size": 64,
    "n_epochs": 1000,
    "patience": 40,
    "min_delta": 1e-08,
    "optimizer": "adamw",
    "seeds": [
      42,
      7,
      123,
      256,
      999
    ],
    "model": "LMPO2",
    "L": 3,
    "bond_dim": 12,
    "lr": 0.01
  },
  "n_parameters": 29280,
  "train_loss": 63.56633091386207,
  "train_quality": 0.8749328530350429,
  "val_loss": 10.053393504318024,
  "val_quality": 0.8963432615747567,
  "test_loss": 7.774729351419554,
  "test_quality": 0.8662636390445296,
  "best_epoch": 75,
  "stopped_early": true,
  "patience_counter": 40,
  "success": true
}