{
  "run_id": "LMPO2-L4-d16-rf0.1-seed123",
  "seed": 123,
  "model": "LMPO2",
  "dataset": "bank",
  "task": "classification",
  "params": {
    "init_strength": 0.01,
    "bond_dim_mpo": 2,
    "batch_size": 64,
    "n_epochs": 1000,
    "patience": 40,
    "min_delta": 1e-08,
    "optimizer": "adamw",
    "seeds": [
      42,
      7,
      123,
      256,
      999
    ],
    "model": "LMPO2",
    "L": 4,
    "bond_dim": 16,
    "lr": 0.001,
    "reduction_factor": 0.1
  },
  "n_parameters": 2868,
  "train_loss": 0.18393611486028139,
  "train_quality": 0.9187916706164881,
  "val_loss": 0.31163090497934565,
  "val_quality": 0.90002948982601,
  "test_loss": 0.23899060589465884,
  "test_quality": 0.903273370687113,
  "best_epoch": 145,
  "stopped_early": true,
  "patience_counter": 40,
  "success": true
}