{
  "run_id": "LMPO2-L3-d16-rf0.5-seed7",
  "seed": 7,
  "model": "LMPO2",
  "dataset": "bank",
  "task": "classification",
  "params": {
    "init_strength": 0.01,
    "bond_dim_mpo": 2,
    "batch_size": 64,
    "n_epochs": 1000,
    "patience": 40,
    "min_delta": 1e-08,
    "optimizer": "adamw",
    "seeds": [
      42,
      7,
      123,
      256,
      999
    ],
    "model": "LMPO2",
    "L": 3,
    "bond_dim": 16,
    "lr": 0.001,
    "reduction_factor": 0.5
  },
  "n_parameters": 9088,
  "train_loss": 0.19900193569269822,
  "train_quality": 0.9125667519828103,
  "val_loss": 0.23524065710214792,
  "val_quality": 0.8973754054851076,
  "test_loss": 0.2259520890005437,
  "test_quality": 0.9056325567679151,
  "best_epoch": 86,
  "stopped_early": true,
  "patience_counter": 40,
  "success": true
}