{
  "run_id": "LMPO2-L3-d16-rf0.5-seed42",
  "seed": 42,
  "model": "LMPO2",
  "dataset": "bank",
  "task": "classification",
  "params": {
    "init_strength": 0.01,
    "bond_dim_mpo": 2,
    "batch_size": 64,
    "n_epochs": 1000,
    "patience": 40,
    "min_delta": 1e-08,
    "optimizer": "adamw",
    "seeds": [
      42,
      7,
      123,
      256,
      999
    ],
    "model": "LMPO2",
    "L": 3,
    "bond_dim": 16,
    "lr": 0.001,
    "reduction_factor": 0.5
  },
  "n_parameters": 9088,
  "train_loss": 0.19439590962493125,
  "train_quality": 0.9141150819982937,
  "val_loss": 0.24953304444438656,
  "val_quality": 0.896638159834857,
  "test_loss": 0.22575486623749058,
  "test_quality": 0.9063698024181658,
  "best_epoch": 75,
  "stopped_early": true,
  "patience_counter": 40,
  "success": true
}