{
  "run_id": "LMPO2-L4-d8-rf0.5-seed123",
  "seed": 123,
  "model": "LMPO2",
  "dataset": "bank",
  "task": "classification",
  "params": {
    "init_strength": 0.01,
    "bond_dim_mpo": 2,
    "batch_size": 64,
    "n_epochs": 1000,
    "patience": 40,
    "min_delta": 1e-08,
    "optimizer": "adamw",
    "seeds": [
      42,
      7,
      123,
      256,
      999
    ],
    "model": "LMPO2",
    "L": 4,
    "bond_dim": 8,
    "lr": 0.001,
    "reduction_factor": 0.5
  },
  "n_parameters": 8768,
  "train_loss": 0.16091457855555483,
  "train_quality": 0.9311783107403545,
  "val_loss": 0.3911702569833182,
  "val_quality": 0.8959009141846063,
  "test_loss": 0.31292042811017745,
  "test_quality": 0.8982601002654085,
  "best_epoch": 325,
  "stopped_early": true,
  "patience_counter": 40,
  "success": true
}