{
  "run_id": "LMPO2-L4-d8-rf0.3-seed999",
  "seed": 999,
  "model": "LMPO2",
  "dataset": "bank",
  "task": "classification",
  "params": {
    "init_strength": 0.01,
    "bond_dim_mpo": 2,
    "batch_size": 64,
    "n_epochs": 1000,
    "patience": 40,
    "min_delta": 1e-08,
    "optimizer": "adamw",
    "seeds": [
      42,
      7,
      123,
      256,
      999
    ],
    "model": "LMPO2",
    "L": 4,
    "bond_dim": 8,
    "lr": 0.001,
    "reduction_factor": 0.3
  },
  "n_parameters": 4932,
  "train_loss": 0.16412383509145748,
  "train_quality": 0.9281764464246216,
  "val_loss": 0.3838965297093782,
  "val_quality": 0.8969330580949573,
  "test_loss": 0.27519037634981736,
  "test_quality": 0.9013565319964613,
  "best_epoch": 182,
  "stopped_early": true,
  "patience_counter": 40,
  "success": true
}