{
  "run_id": "LMPO2-L4-d16-rf0.3-seed123",
  "seed": 123,
  "model": "LMPO2",
  "dataset": "bank",
  "task": "classification",
  "params": {
    "init_strength": 0.01,
    "bond_dim_mpo": 2,
    "batch_size": 64,
    "n_epochs": 1000,
    "patience": 40,
    "min_delta": 1e-08,
    "optimizer": "adamw",
    "seeds": [
      42,
      7,
      123,
      256,
      999
    ],
    "model": "LMPO2",
    "L": 4,
    "bond_dim": 16,
    "lr": 0.001,
    "reduction_factor": 0.3
  },
  "n_parameters": 8604,
  "train_loss": 0.16719399007532323,
  "train_quality": 0.9278288621354315,
  "val_loss": 0.3865462360676896,
  "val_quality": 0.8967856089649071,
  "test_loss": 0.26547488313006223,
  "test_quality": 0.9004718372161604,
  "best_epoch": 151,
  "stopped_early": true,
  "patience_counter": 40,
  "success": true
}