{
  "run_id": "LMPO2-L4-d12-rf0.3-seed256",
  "seed": 256,
  "model": "LMPO2",
  "dataset": "bank",
  "task": "classification",
  "params": {
    "init_strength": 0.01,
    "bond_dim_mpo": 2,
    "batch_size": 64,
    "n_epochs": 1000,
    "patience": 40,
    "min_delta": 1e-08,
    "optimizer": "adamw",
    "seeds": [
      42,
      7,
      123,
      256,
      999
    ],
    "model": "LMPO2",
    "L": 4,
    "bond_dim": 12,
    "lr": 0.001,
    "reduction_factor": 0.3
  },
  "n_parameters": 6480,
  "train_loss": 0.16947832542778354,
  "train_quality": 0.9276708692767087,
  "val_loss": 0.5256427347982924,
  "val_quality": 0.8963432615747567,
  "test_loss": 0.27500135866495834,
  "test_quality": 0.897670303745208,
  "best_epoch": 147,
  "stopped_early": true,
  "patience_counter": 40,
  "success": true
}