{
  "run_id": "LMPO2-L4-d8-rf0.1-seed123",
  "seed": 123,
  "model": "LMPO2",
  "dataset": "bank",
  "task": "classification",
  "params": {
    "output_site": 1,
    "init_strength": 0.01,
    "reduction_factor": 0.1,
    "rank": 5,
    "batch_size": 64,
    "n_epochs": 1000,
    "patience": 40,
    "min_delta": 1e-08,
    "optimizer": "adamw",
    "seeds": [
      42,
      7,
      123,
      256,
      999
    ],
    "model": "LMPO2",
    "L": 4,
    "bond_dim": 8,
    "lr": 0.01
  },
  "n_parameters": 24800,
  "train_loss": 0.26825575383968525,
  "train_quality": 0.893828798938288,
  "val_loss": 0.41281660502152445,
  "val_quality": 0.8929519315836036,
  "test_loss": 0.27659123069039726,
  "test_quality": 0.8926570333235034,
  "best_epoch": 2,
  "stopped_early": true,
  "patience_counter": 40,
  "success": true
}