{
  "run_id": "LMPO2-L4-d12-rf0.3-seed123",
  "seed": 123,
  "model": "LMPO2",
  "dataset": "bank",
  "task": "classification",
  "params": {
    "init_strength": 0.01,
    "bond_dim_mpo": 2,
    "batch_size": 64,
    "n_epochs": 1000,
    "patience": 40,
    "min_delta": 1e-08,
    "optimizer": "adamw",
    "seeds": [
      42,
      7,
      123,
      256,
      999
    ],
    "model": "LMPO2",
    "L": 4,
    "bond_dim": 12,
    "lr": 0.001,
    "reduction_factor": 0.3
  },
  "n_parameters": 6480,
  "train_loss": 0.16177368773993553,
  "train_quality": 0.9313047050273328,
  "val_loss": 0.7295519319038553,
  "val_quality": 0.8975228546151578,
  "test_loss": 0.28939973725403484,
  "test_quality": 0.8985549985255087,
  "best_epoch": 174,
  "stopped_early": true,
  "patience_counter": 40,
  "success": true
}