{
  "run_id": "LMPO2-L4-d8-rf0.5-seed42",
  "seed": 42,
  "model": "LMPO2",
  "dataset": "bank",
  "task": "classification",
  "params": {
    "output_site": 1,
    "init_strength": 0.01,
    "reduction_factor": 0.5,
    "rank": 5,
    "batch_size": 64,
    "n_epochs": 1000,
    "patience": 40,
    "min_delta": 1e-08,
    "optimizer": "adamw",
    "seeds": [
      42,
      7,
      123,
      256,
      999
    ],
    "model": "LMPO2",
    "L": 4,
    "bond_dim": 8,
    "lr": 0.01
  },
  "n_parameters": 24800,
  "train_loss": 0.22949788771004032,
  "train_quality": 0.9006856890068569,
  "val_loss": 0.5695551716283308,
  "val_quality": 0.8959009141846063,
  "test_loss": 0.24736833282933202,
  "test_quality": 0.8970805072250073,
  "best_epoch": 62,
  "stopped_early": true,
  "patience_counter": 40,
  "success": true
}