{
  "run_id": "LMPO2-L3-d16-rf0.3-seed42",
  "seed": 42,
  "model": "LMPO2",
  "dataset": "bank",
  "task": "classification",
  "params": {
    "init_strength": 0.01,
    "bond_dim_mpo": 2,
    "batch_size": 64,
    "n_epochs": 1000,
    "patience": 40,
    "min_delta": 1e-08,
    "optimizer": "adamw",
    "seeds": [
      42,
      7,
      123,
      256,
      999
    ],
    "model": "LMPO2",
    "L": 3,
    "bond_dim": 16,
    "lr": 0.001,
    "reduction_factor": 0.3
  },
  "n_parameters": 5112,
  "train_loss": 0.19539612267570453,
  "train_quality": 0.9134831105634026,
  "val_loss": 0.24709279239634388,
  "val_quality": 0.8973754054851076,
  "test_loss": 0.22579203357889124,
  "test_quality": 0.9051902093777646,
  "best_epoch": 107,
  "stopped_early": true,
  "patience_counter": 40,
  "success": true
}