{
  "run_id": "LMPO2-L4-d8-jit5-rf0.1-seed256",
  "seed": 256,
  "model": "LMPO2",
  "grid_params": {
    "model": "LMPO2",
    "L": 4,
    "bond_dim": 8,
    "jitter_start": 5.0,
    "reduction_factor": 0.1
  },
  "n_parameters": 480,
  "train_loss": 5.295965062263496,
  "train_quality": 0.9478651223306979,
  "val_loss": 5.634958914930925,
  "val_quality": 0.9448715511949659,
  "test_loss": 7.6346675616075865,
  "test_quality": 0.9220575947092645,
  "success": true,
  "singular": false
}