{
  "run_id": "LMPO2-L3-d8-jit0.1-rf0.1-seed256",
  "seed": 256,
  "model": "LMPO2",
  "grid_params": {
    "model": "LMPO2",
    "L": 3,
    "bond_dim": 8,
    "jitter_start": 0.1,
    "reduction_factor": 0.1
  },
  "n_parameters": 288,
  "train_loss": 4.76682104584212,
  "train_quality": 0.9530741556685766,
  "val_loss": 5.5672125903296905,
  "val_quality": 0.9455343332744612,
  "test_loss": 6.062991528522953,
  "test_quality": 0.9381028526550635,
  "success": true,
  "singular": false
}