{
  "run_id": "LMPO2-L3-d12-jit0.1-rf0.1-seed7",
  "seed": 7,
  "model": "LMPO2",
  "grid_params": {
    "model": "LMPO2",
    "L": 3,
    "bond_dim": 12,
    "jitter_start": 0.1,
    "reduction_factor": 0.1
  },
  "n_parameters": 464,
  "train_loss": 15.38595800921373,
  "train_quality": 0.8485365690285462,
  "val_loss": 17.120324370677764,
  "val_quality": 0.8325068665374544,
  "test_loss": 18.63118016101865,
  "test_quality": 0.8097940763711455,
  "success": true,
  "singular": false
}