{
  "run_id": "LMPO2-L3-d8-jit5-rf0.1-seed7",
  "seed": 7,
  "model": "LMPO2",
  "grid_params": {
    "model": "LMPO2",
    "L": 3,
    "bond_dim": 8,
    "jitter_start": 5.0,
    "reduction_factor": 0.1
  },
  "n_parameters": 288,
  "train_loss": 6.531337075740735,
  "train_quality": 0.9357037942174061,
  "val_loss": 6.630346665517091,
  "val_quality": 0.9351333821190659,
  "test_loss": 8.630078835428336,
  "test_quality": 0.9118954300427564,
  "success": true,
  "singular": false
}