{
  "run_id": "LMPO2-L3-d16-jit0.1-rf0.5-seed42",
  "seed": 42,
  "model": "LMPO2",
  "grid_params": {
    "model": "LMPO2",
    "L": 3,
    "bond_dim": 16,
    "jitter_start": 0.1,
    "reduction_factor": 0.5
  },
  "n_parameters": 1408,
  "train_loss": 3.3986231818984978,
  "train_quality": 0.9665430565063805,
  "val_loss": 3.7499340877012877,
  "val_quality": 0.9633132996181523,
  "test_loss": 4.205428676740195,
  "test_quality": 0.9570667322841826,
  "success": true,
  "singular": false
}