{
  "run_id": "LMPO2-L3-d12-jit0.1-rf0.5-seed256",
  "seed": 256,
  "model": "LMPO2",
  "grid_params": {
    "model": "LMPO2",
    "L": 3,
    "bond_dim": 12,
    "jitter_start": 0.1,
    "reduction_factor": 0.5
  },
  "n_parameters": 928,
  "train_loss": 2.5233744479340063,
  "train_quality": 0.9751592360202136,
  "val_loss": 3.0003604425159276,
  "val_quality": 0.9706465975087032,
  "test_loss": 3.7496903320420207,
  "test_quality": 0.9617193700686514,
  "success": true,
  "singular": false
}