{
  "run_id": "LMPO2-L4-d8-jit5-rf0.1-seed42",
  "seed": 42,
  "model": "LMPO2",
  "grid_params": {
    "model": "LMPO2",
    "L": 4,
    "bond_dim": 8,
    "jitter_start": 5.0,
    "reduction_factor": 0.1
  },
  "n_parameters": 480,
  "train_loss": 5.396100536064313,
  "train_quality": 0.9468793623010174,
  "val_loss": 5.88337620784044,
  "val_quality": 0.9424412122659349,
  "test_loss": 7.385145474969325,
  "test_quality": 0.9246049684421497,
  "success": true,
  "singular": false
}