{
  "run_id": "LMPO2-L3-d8-jit0.1-rf0.5-seed999",
  "seed": 999,
  "model": "LMPO2",
  "grid_params": {
    "model": "LMPO2",
    "L": 3,
    "bond_dim": 8,
    "jitter_start": 0.1,
    "reduction_factor": 0.5
  },
  "n_parameters": 576,
  "train_loss": 1.81537119828235,
  "train_quality": 0.9821290068506657,
  "val_loss": 2.1222537624642537,
  "val_quality": 0.9792373716185763,
  "test_loss": 2.5633651156290926,
  "test_quality": 0.973830577279461,
  "success": true,
  "singular": false
}