{
  "run_id": "LMPO2-L3-d8-jit0.1-rf0.5-seed7",
  "seed": 7,
  "model": "LMPO2",
  "grid_params": {
    "model": "LMPO2",
    "L": 3,
    "bond_dim": 8,
    "jitter_start": 0.1,
    "reduction_factor": 0.5
  },
  "n_parameters": 576,
  "train_loss": 4.5575457160764055,
  "train_quality": 0.9551343172422021,
  "val_loss": 5.4926854289294695,
  "val_quality": 0.9462634542607652,
  "test_loss": 6.002658569601855,
  "test_quality": 0.9387187924977183,
  "success": true,
  "singular": false
}