{
  "run_id": "LMPO2-L3-d12-jit5-rf0.5-seed42",
  "seed": 42,
  "model": "LMPO2",
  "grid_params": {
    "model": "LMPO2",
    "L": 3,
    "bond_dim": 12,
    "jitter_start": 5.0,
    "reduction_factor": 0.5
  },
  "n_parameters": 928,
  "train_loss": 16.802348611008306,
  "train_quality": 0.8345932461613541,
  "val_loss": 18.57152540332152,
  "val_quality": 0.81830934299883,
  "test_loss": 19.51327230462653,
  "test_quality": 0.800788787954058,
  "success": true,
  "singular": false
}