{
  "run_id": "LMPO2-L3-d12-jit5-rf0.1-seed42",
  "seed": 42,
  "model": "LMPO2",
  "grid_params": {
    "model": "LMPO2",
    "L": 3,
    "bond_dim": 12,
    "jitter_start": 5.0,
    "reduction_factor": 0.1
  },
  "n_parameters": 464,
  "train_loss": 21.54528015691121,
  "train_quality": 0.7879025763717316,
  "val_loss": 22.82474340425397,
  "val_quality": 0.7766988691052633,
  "test_loss": 26.638374098876902,
  "test_quality": 0.7280485451990384,
  "success": true,
  "singular": false
}