{
  "run_id": "LMPO2-L3-d8-jit0.1-rf0.3-seed7",
  "seed": 7,
  "model": "LMPO2",
  "grid_params": {
    "model": "LMPO2",
    "L": 3,
    "bond_dim": 8,
    "jitter_start": 0.1,
    "reduction_factor": 0.3
  },
  "n_parameters": 288,
  "train_loss": 4.9480555468052065,
  "train_quality": 0.9512900354136122,
  "val_loss": 5.771923620837387,
  "val_quality": 0.9435315854753129,
  "test_loss": 6.8638761861886,
  "test_quality": 0.9299266123570821,
  "success": true,
  "singular": false
}