{
  "run_id": "LMPO2-L3-d8-jit5-rf0.1-seed42",
  "seed": 42,
  "model": "LMPO2",
  "grid_params": {
    "model": "LMPO2",
    "L": 3,
    "bond_dim": 8,
    "jitter_start": 5.0,
    "reduction_factor": 0.1
  },
  "n_parameters": 288,
  "train_loss": 5.818564454868999,
  "train_quality": 0.9427205159967779,
  "val_loss": 5.802637079721199,
  "val_quality": 0.9432311067369116,
  "test_loss": 7.193644866221931,
  "test_quality": 0.9265600002676964,
  "success": true,
  "singular": false
}