{
  "run_id": "LMPO2-L3-d12-jit0.1-rf0.5-seed42",
  "seed": 42,
  "model": "LMPO2",
  "grid_params": {
    "model": "LMPO2",
    "L": 3,
    "bond_dim": 12,
    "jitter_start": 0.1,
    "reduction_factor": 0.5
  },
  "n_parameters": 928,
  "train_loss": 2.1462532407004966,
  "train_quality": 0.9788717167058802,
  "val_loss": 2.4696088673433776,
  "val_quality": 0.9758390951793716,
  "test_loss": 2.7813170122549775,
  "test_quality": 0.9716055039643994,
  "success": true,
  "singular": false
}