{
  "run_id": "LMPO2-L3-d16-jit0.1-rf0.5-seed123",
  "seed": 123,
  "model": "LMPO2",
  "grid_params": {
    "model": "LMPO2",
    "L": 3,
    "bond_dim": 16,
    "jitter_start": 0.1,
    "reduction_factor": 0.5
  },
  "n_parameters": 1408,
  "train_loss": 2.013549661587893,
  "train_quality": 0.9801780857589187,
  "val_loss": 2.2959534375287722,
  "val_quality": 0.9775380169668729,
  "test_loss": 3.017327892144356,
  "test_quality": 0.969196066290143,
  "success": true,
  "singular": false
}