{
  "run_id": "LMPO2-L3-d8-jit5-rf0.5-seed7",
  "seed": 7,
  "model": "LMPO2",
  "grid_params": {
    "model": "LMPO2",
    "L": 3,
    "bond_dim": 8,
    "jitter_start": 5.0,
    "reduction_factor": 0.5
  },
  "n_parameters": 576,
  "train_loss": 9.078754633004388,
  "train_quality": 0.9106263435244422,
  "val_loss": 9.518888850393171,
  "val_quality": 0.9068739302997842,
  "test_loss": 10.471766886111165,
  "test_quality": 0.893093616433049,
  "success": true,
  "singular": false
}