{
  "run_id": "LMPO2-L3-d12-jit5-rf0.1-seed999",
  "seed": 999,
  "model": "LMPO2",
  "grid_params": {
    "model": "LMPO2",
    "L": 3,
    "bond_dim": 12,
    "jitter_start": 5.0,
    "reduction_factor": 0.1
  },
  "n_parameters": 464,
  "train_loss": 39.08029885542692,
  "train_quality": 0.6152832248412441,
  "val_loss": 39.264030210338454,
  "val_quality": 0.6158685250402597,
  "test_loss": 50.64130695009795,
  "test_quality": 0.48300233914494717,
  "success": true,
  "singular": false
}