{
  "run_id": "LMPO2-L3-d12-jit0.1-rf0.5-seed999",
  "seed": 999,
  "model": "LMPO2",
  "grid_params": {
    "model": "LMPO2",
    "L": 3,
    "bond_dim": 12,
    "jitter_start": 0.1,
    "reduction_factor": 0.5
  },
  "n_parameters": 928,
  "train_loss": 1.9156224936190445,
  "train_quality": 0.981142106643221,
  "val_loss": 2.2307078611157896,
  "val_quality": 0.9781763334964766,
  "test_loss": 2.6320743165358342,
  "test_quality": 0.9731291242900465,
  "success": true,
  "singular": false
}