{
  "run_id": "LMPO2-L3-d16-jit5-rf0.3-seed256",
  "seed": 256,
  "model": "LMPO2",
  "grid_params": {
    "model": "LMPO2",
    "L": 3,
    "bond_dim": 16,
    "jitter_start": 5.0,
    "reduction_factor": 0.3
  },
  "n_parameters": 704,
  "train_loss": 11.82768747206116,
  "train_quality": 0.8835651232179585,
  "val_loss": 14.058886094446931,
  "val_quality": 0.8624578113143131,
  "test_loss": 16.384280671546172,
  "test_quality": 0.8327326980259612,
  "success": true,
  "singular": false
}