{
  "run_id": "LMPO2-L3-d12-jit0.1-rf0.3-seed42",
  "seed": 42,
  "model": "LMPO2",
  "grid_params": {
    "model": "LMPO2",
    "L": 3,
    "bond_dim": 12,
    "jitter_start": 0.1,
    "reduction_factor": 0.3
  },
  "n_parameters": 464,
  "train_loss": 4.3733684794117424,
  "train_quality": 0.9569474065639958,
  "val_loss": 5.253162479634644,
  "val_quality": 0.9486067772285409,
  "test_loss": 6.340487420563226,
  "test_quality": 0.9352698940344837,
  "success": true,
  "singular": false
}