{
  "run_id": "MPO2-L3-d16-jit5-seed256",
  "seed": 256,
  "model": "MPO2",
  "grid_params": {
    "model": "MPO2",
    "L": 3,
    "bond_dim": 16,
    "jitter_start": 5.0
  },
  "n_parameters": 2304,
  "train_loss": 0.8323597172304369,
  "train_quality": 0.9918060312852373,
  "val_loss": 0.9503086027950066,
  "val_quality": 0.9907028533927101,
  "test_loss": 1.0955621660151478,
  "test_quality": 0.9888153937711509,
  "success": true,
  "singular": false
}