{
  "run_id": "MPO2-L3-d8-jit0.1-seed7",
  "seed": 7,
  "model": "MPO2",
  "grid_params": {
    "model": "MPO2",
    "L": 3,
    "bond_dim": 8,
    "jitter_start": 0.1
  },
  "n_parameters": 640,
  "train_loss": 3.4318527001508308,
  "train_quality": 0.9662159363594899,
  "val_loss": 3.901543838519953,
  "val_quality": 0.9618300571469065,
  "test_loss": 4.323459412579622,
  "test_quality": 0.9558617552009862,
  "success": true,
  "singular": false
}