{
  "run_id": "MPO2-L2-d4-init0.01-jit1-rf0.1-seed123",
  "seed": 123,
  "model": "MPO2",
  "grid_params": {
    "model": "MPO2",
    "L": 2,
    "bond_dim": 4,
    "jitter_start": 1.0,
    "reduction_factor": 0.1,
    "init_strength": 0.01
  },
  "train_loss": 29.351703187867958,
  "train_quality": 0.7110540879529268,
  "val_loss": 34.436129758087105,
  "val_quality": 0.6631012851962407,
  "test_loss": 33.54521002251089,
  "test_quality": 0.6575365811230103,
  "success": true,
  "singular": false
}