{
  "run_id": "MPO2-L3-d8-jit0.1-seed42",
  "seed": 42,
  "model": "MPO2",
  "grid_params": {
    "model": "MPO2",
    "L": 3,
    "bond_dim": 8,
    "jitter_start": 0.1
  },
  "n_parameters": 640,
  "train_loss": 2.411002957092128,
  "train_quality": 0.9762654506307108,
  "val_loss": 2.823346709814662,
  "val_quality": 0.9723783745541671,
  "test_loss": 2.8253279265643285,
  "test_quality": 0.9711561960550983,
  "success": true,
  "singular": false
}