{
  "run_id": "MPO2-L4-d8-jit5-seed42",
  "seed": 42,
  "model": "MPO2",
  "grid_params": {
    "model": "MPO2",
    "L": 4,
    "bond_dim": 8,
    "jitter_start": 5.0
  },
  "n_parameters": 1152,
  "train_loss": 0.48353656823698804,
  "train_quality": 0.9952399384177781,
  "val_loss": 0.6489633199803454,
  "val_quality": 0.9936510023050772,
  "test_loss": 0.6933213488595747,
  "test_quality": 0.9929218747072527,
  "success": true,
  "singular": false
}