{
  "run_id": "MPO2TypeI-L3-d12-jit5-seed123",
  "seed": 123,
  "model": "MPO2TypeI",
  "grid_params": {
    "model": "MPO2TypeI",
    "L": 3,
    "bond_dim": 12,
    "jitter_start": 5.0
  },
  "n_parameters": 1544,
  "train_loss": 0.29736581110030696,
  "train_quality": 0.9970726524811852,
  "val_loss": 0.33700100467355293,
  "val_quality": 0.9967030207471143,
  "success": true,
  "singular": false
}