{
  "run_id": "MPO2-L3-d12-jit5-seed7",
  "seed": 7,
  "model": "MPO2",
  "grid_params": {
    "model": "MPO2",
    "L": 3,
    "bond_dim": 12,
    "jitter_start": 5.0
  },
  "n_parameters": 1344,
  "train_loss": 3.0282743463794546,
  "train_quality": 0.9701888681776724,
  "val_loss": 3.447531132749528,
  "val_quality": 0.9662717960459392,
  "test_loss": 4.480732727582817,
  "test_quality": 0.9542561501945495,
  "success": true,
  "singular": false
}