{
  "run_id": "MPO2-L3-d8-jit5-seed7",
  "seed": 7,
  "model": "MPO2",
  "grid_params": {
    "model": "MPO2",
    "L": 3,
    "bond_dim": 8,
    "jitter_start": 5.0
  },
  "n_parameters": 640,
  "train_loss": 4.958934670019606,
  "train_quality": 0.9511829384537072,
  "val_loss": 5.428039931511571,
  "val_quality": 0.9468959000423015,
  "test_loss": 5.855475675740175,
  "test_quality": 0.9402213842834979,
  "success": true,
  "singular": false
}