{
  "run_id": "MPO2-L3-d12-jit5-seed256",
  "seed": 256,
  "model": "MPO2",
  "grid_params": {
    "model": "MPO2",
    "L": 3,
    "bond_dim": 12,
    "jitter_start": 5.0
  },
  "n_parameters": 1344,
  "train_loss": 1.3114130295562538,
  "train_quality": 0.9870901040573288,
  "val_loss": 1.5659532560172975,
  "val_quality": 0.9846798219456966,
  "test_loss": 1.6778151186781967,
  "test_quality": 0.9828711669594421,
  "success": true,
  "singular": false
}