{
  "run_id": "MPO2-L4-d12-jit5-seed123",
  "seed": 123,
  "model": "MPO2",
  "grid_params": {
    "model": "MPO2",
    "L": 4,
    "bond_dim": 12,
    "jitter_start": 5.0
  },
  "n_parameters": 2496,
  "train_loss": 0.33095343421682827,
  "train_quality": 0.9967420070555082,
  "val_loss": 0.4858580246571762,
  "val_quality": 0.9952467090455873,
  "test_loss": 0.522140622361556,
  "test_quality": 0.9946694606309365,
  "success": true,
  "singular": false
}