{
  "run_id": "MPO2-L3-d16-jit5-seed123",
  "seed": 123,
  "model": "MPO2",
  "grid_params": {
    "model": "MPO2",
    "L": 3,
    "bond_dim": 16,
    "jitter_start": 5.0
  },
  "n_parameters": 2304,
  "train_loss": 0.7382297099116276,
  "train_quality": 0.9927326719180362,
  "val_loss": 0.8507973642453134,
  "val_quality": 0.991676400902591,
  "test_loss": 1.0910810389406245,
  "test_quality": 0.9888611416468486,
  "success": true,
  "singular": false
}