{
  "run_id": "MPO2-L3-d8-jit0.1-seed256",
  "seed": 256,
  "model": "MPO2",
  "grid_params": {
    "model": "MPO2",
    "L": 3,
    "bond_dim": 8,
    "jitter_start": 0.1
  },
  "n_parameters": 640,
  "train_loss": 1.8952642547273364,
  "train_quality": 0.9813425185193764,
  "val_loss": 2.228386566248094,
  "val_quality": 0.9781990434021222,
  "test_loss": 2.3581333250757366,
  "test_quality": 0.9759257908914188,
  "success": true,
  "singular": false
}