{
  "run_id": "MPO2TypeI-L3-d8-jit5-seed42",
  "seed": 42,
  "model": "MPO2TypeI",
  "grid_params": {
    "model": "MPO2TypeI",
    "L": 3,
    "bond_dim": 8,
    "jitter_start": 5.0
  },
  "n_parameters": 776,
  "train_loss": 0.39849456402276573,
  "train_quality": 0.9960771143497066,
  "val_loss": 0.4414312427355054,
  "val_quality": 0.9956813492283669,
  "test_loss": 0.6352099140531391,
  "test_quality": 0.9935151349857336,
  "success": true,
  "singular": false
}