{
  "run_id": "MPO2-L4-d8-jit5-seed123",
  "seed": 123,
  "model": "MPO2",
  "grid_params": {
    "model": "MPO2",
    "L": 4,
    "bond_dim": 8,
    "jitter_start": 5.0
  },
  "n_parameters": 1152,
  "train_loss": 1.0140538383402409,
  "train_quality": 0.9900173864082557,
  "val_loss": 1.492995327055536,
  "val_quality": 0.9853935906727467,
  "test_loss": 1.5623323604834873,
  "test_quality": 0.9840501317107782,
  "success": true,
  "singular": false
}