{
  "run_id": "MPO2-L3-d12-jit0.1-seed999",
  "seed": 999,
  "model": "MPO2",
  "grid_params": {
    "model": "MPO2",
    "L": 3,
    "bond_dim": 12,
    "jitter_start": 0.1
  },
  "n_parameters": 1344,
  "train_loss": 1.6995753381132508,
  "train_quality": 0.9832689318565054,
  "val_loss": 2.010635388966035,
  "val_quality": 0.9803293667656559,
  "test_loss": 2.287179197925421,
  "test_quality": 0.976650162357599,
  "success": true,
  "singular": false
}