{
  "run_id": "MPO2-L3-d16-jit5-seed42",
  "seed": 42,
  "model": "MPO2",
  "grid_params": {
    "model": "MPO2",
    "L": 3,
    "bond_dim": 16,
    "jitter_start": 5.0
  },
  "n_parameters": 2304,
  "train_loss": 0.5050995111640234,
  "train_quality": 0.9950276671171796,
  "val_loss": 0.6178502910707222,
  "val_quality": 0.993955390153739,
  "test_loss": 0.7841441645868324,
  "test_quality": 0.9919946635803848,
  "success": true,
  "singular": false
}