{
  "run_id": "MPO2-L4-d8-jit0.1-seed123",
  "seed": 123,
  "model": "MPO2",
  "grid_params": {
    "model": "MPO2",
    "L": 4,
    "bond_dim": 8,
    "jitter_start": 0.1
  },
  "n_parameters": 1152,
  "train_loss": 0.42710949982053403,
  "train_quality": 0.9957954213702793,
  "val_loss": 0.6318442309202106,
  "val_quality": 0.9938184833531358,
  "test_loss": 0.602496561852826,
  "test_quality": 0.9938491059589346,
  "success": true,
  "singular": false
}