{
  "run_id": "MPO2-L3-d16-jit5-seed999",
  "seed": 999,
  "model": "MPO2",
  "grid_params": {
    "model": "MPO2",
    "L": 3,
    "bond_dim": 16,
    "jitter_start": 5.0
  },
  "n_parameters": 2304,
  "train_loss": 1.1359246984355034,
  "train_quality": 0.9888176574999604,
  "val_loss": 1.307381955447624,
  "val_quality": 0.987209500497236,
  "test_loss": 1.410750116787909,
  "test_quality": 0.9855976365075046,
  "success": true,
  "singular": false
}