{
  "run_id": "MPO2-L3-d16-jit0.1-seed123",
  "seed": 123,
  "model": "MPO2",
  "grid_params": {
    "model": "MPO2",
    "L": 3,
    "bond_dim": 16,
    "jitter_start": 0.1
  },
  "n_parameters": 2304,
  "train_loss": 0.4243752158050716,
  "train_quality": 0.9958223383837006,
  "val_loss": 0.5347476029358537,
  "val_quality": 0.9947684080226474,
  "test_loss": 0.6814183087797097,
  "test_quality": 0.9930433929746311,
  "success": true,
  "singular": false
}