{
  "run_id": "MPO2-L3-d8-jit5-seed123",
  "seed": 123,
  "model": "MPO2",
  "grid_params": {
    "model": "MPO2",
    "L": 3,
    "bond_dim": 8,
    "jitter_start": 5.0
  },
  "n_parameters": 640,
  "train_loss": 1.1609990633461165,
  "train_quality": 0.9885708188346971,
  "val_loss": 1.4801494983616152,
  "val_quality": 0.9855192651665987,
  "test_loss": 1.5461460680292332,
  "test_quality": 0.9842153777488595,
  "success": true,
  "singular": false
}