{
  "run_id": "MPO2TypeI-L3-d8-jit5-seed999",
  "seed": 999,
  "model": "MPO2TypeI",
  "grid_params": {
    "model": "MPO2TypeI",
    "L": 3,
    "bond_dim": 8,
    "jitter_start": 5.0
  },
  "n_parameters": 776,
  "train_loss": 0.41344547914864715,
  "train_quality": 0.9959299335956857,
  "val_loss": 0.44860861639644417,
  "val_quality": 0.9956111308856257,
  "success": true,
  "singular": false
}