{
  "run_id": "MPO2-L4-d12-jit5-seed7",
  "seed": 7,
  "model": "MPO2",
  "grid_params": {
    "model": "MPO2",
    "L": 4,
    "bond_dim": 12,
    "jitter_start": 5.0
  },
  "n_parameters": 2496,
  "train_loss": 0.386350751238789,
  "train_quality": 0.9961966612474841,
  "val_loss": 0.5574478894665055,
  "val_quality": 0.9945463244896959,
  "test_loss": 0.5479044346728073,
  "test_quality": 0.9944064375870654,
  "success": true,
  "singular": false
}