{
  "run_id": "MPO2TypeI-L3-d16-jit5-seed42",
  "seed": 42,
  "model": "MPO2TypeI",
  "grid_params": {
    "model": "MPO2TypeI",
    "L": 3,
    "bond_dim": 16,
    "jitter_start": 5.0
  },
  "n_parameters": 2568,
  "train_loss": 0.30743536178646685,
  "train_quality": 0.9969735251668929,
  "val_loss": 0.3616583144002602,
  "val_quality": 0.9964617910846695,
  "success": true,
  "singular": false
}