{
  "run_id": "MPO2-L3-d8-jit0.1-seed123",
  "seed": 123,
  "model": "MPO2",
  "grid_params": {
    "model": "MPO2",
    "L": 3,
    "bond_dim": 8,
    "jitter_start": 0.1
  },
  "n_parameters": 640,
  "train_loss": 0.9884407221916366,
  "train_quality": 0.9902695286828813,
  "val_loss": 1.106224271236965,
  "val_quality": 0.9891774848717738,
  "test_loss": 1.404527365346036,
  "test_quality": 0.985661164645566,
  "success": true,
  "singular": false
}