{
  "run_id": "MPO2-L3-d12-jit0.1-seed42",
  "seed": 42,
  "model": "MPO2",
  "grid_params": {
    "model": "MPO2",
    "L": 3,
    "bond_dim": 12,
    "jitter_start": 0.1
  },
  "n_parameters": 1344,
  "train_loss": 0.5191772430414726,
  "train_quality": 0.9948890822094879,
  "val_loss": 0.6063085492128952,
  "val_quality": 0.9940683063852033,
  "test_loss": 0.8387381032276953,
  "test_quality": 0.9914373134590302,
  "success": true,
  "singular": false
}