{
  "run_id": "MPO2-L4-d8-jit5-seed256",
  "seed": 256,
  "model": "MPO2",
  "grid_params": {
    "model": "MPO2",
    "L": 4,
    "bond_dim": 8,
    "jitter_start": 5.0
  },
  "n_parameters": 1152,
  "train_loss": 1.4727794291834233,
  "train_quality": 0.9855015706350742,
  "val_loss": 1.9038692606087162,
  "val_quality": 0.9813738909813804,
  "test_loss": 1.9222213862353636,
  "test_quality": 0.9803760206799458,
  "success": true,
  "singular": false
}