{
  "run_id": "MPO2-L3-d16-jit0.1-seed999",
  "seed": 999,
  "model": "MPO2",
  "grid_params": {
    "model": "MPO2",
    "L": 3,
    "bond_dim": 16,
    "jitter_start": 0.1
  },
  "n_parameters": 2304,
  "train_loss": 0.4456187774824927,
  "train_quality": 0.9956132111564074,
  "val_loss": 0.5335574538426117,
  "val_quality": 0.9947800515988203,
  "test_loss": 0.7065050350953084,
  "test_quality": 0.9927872823091529,
  "success": true,
  "singular": false
}