{
  "run_id": "MPO2TypeI-L3-d16-jit5-seed7",
  "seed": 7,
  "model": "MPO2TypeI",
  "grid_params": {
    "model": "MPO2TypeI",
    "L": 3,
    "bond_dim": 16,
    "jitter_start": 5.0
  },
  "n_parameters": 2568,
  "train_loss": 0.2894084453300639,
  "train_quality": 0.997150986889763,
  "val_loss": 0.3573717737509812,
  "val_quality": 0.996503727563764,
  "success": true,
  "singular": false
}