{
  "run_id": "MPO2TypeI-L3-d12-jit5-seed42",
  "seed": 42,
  "model": "MPO2TypeI",
  "grid_params": {
    "model": "MPO2TypeI",
    "L": 3,
    "bond_dim": 12,
    "jitter_start": 5.0
  },
  "n_parameters": 1544,
  "train_loss": 0.8567016808439575,
  "train_quality": 0.991566402571622,
  "val_loss": 1.0235303658113124,
  "val_quality": 0.9899865035000494,
  "success": true,
  "singular": false
}