{
  "run_id": "MPO2-L3-d8-jit0.1-seed256",
  "seed": 256,
  "model": "MPO2",
  "grid_params": {
    "model": "MPO2",
    "L": 3,
    "bond_dim": 8,
    "jitter_start": 0.1
  },
  "n_parameters": 640,
  "train_loss": 1.8952642547259562,
  "train_quality": 0.98134251851939,
  "val_loss": 2.2283865662461912,
  "val_quality": 0.9781990434021408,
  "test_loss": 2.3581333250741108,
  "test_quality": 0.9759257908914354,
  "success": true,
  "singular": false
}