{
  "run_id": "MPO2TypeI-L3-d16-jit5-seed123",
  "seed": 123,
  "model": "MPO2TypeI",
  "grid_params": {
    "model": "MPO2TypeI",
    "L": 3,
    "bond_dim": 16,
    "jitter_start": 5.0
  },
  "n_parameters": 2568,
  "train_loss": 0.30006078527155866,
  "train_quality": 0.9970461224442441,
  "val_loss": 0.35809648076208944,
  "val_quality": 0.9964966375434172,
  "success": true,
  "singular": false
}