{
  "run_id": "MPO2-L3-d8-jit5-seed42",
  "seed": 42,
  "model": "MPO2",
  "grid_params": {
    "model": "MPO2",
    "L": 3,
    "bond_dim": 8,
    "jitter_start": 5.0
  },
  "n_parameters": 640,
  "train_loss": 2.469255614711342,
  "train_quality": 0.9756919960963276,
  "val_loss": 2.7595292109620697,
  "val_quality": 0.9730027197839146,
  "test_loss": 3.0200152353445477,
  "test_quality": 0.9691686311737906,
  "success": true,
  "singular": false
}