{
  "run_id": "MPO2-L3-d16-jit0.1-seed256",
  "seed": 256,
  "model": "MPO2",
  "grid_params": {
    "model": "MPO2",
    "L": 3,
    "bond_dim": 16,
    "jitter_start": 0.1
  },
  "n_parameters": 2304,
  "train_loss": 0.5442042298473744,
  "train_quality": 0.9946427099467904,
  "val_loss": 0.5906013990825606,
  "val_quality": 0.9942219740223424,
  "test_loss": 0.8564662922072052,
  "test_quality": 0.9912563261823267,
  "success": true,
  "singular": false
}