{
  "run_id": "MPO2-L3-d8-jit5-seed7",
  "seed": 7,
  "model": "MPO2",
  "grid_params": {
    "model": "MPO2",
    "L": 3,
    "bond_dim": 8,
    "jitter_start": 5.0
  },
  "n_parameters": 640,
  "train_loss": 4.958934669991686,
  "train_quality": 0.951182938453982,
  "val_loss": 5.428039931479545,
  "val_quality": 0.9468959000426148,
  "test_loss": 5.855475675701988,
  "test_quality": 0.9402213842838878,
  "success": true,
  "singular": false
}