{
  "run_id": "MPO2-L2-d4-init1-jit1-rf0.3-seed7",
  "seed": 7,
  "model": "MPO2",
  "grid_params": {
    "model": "MPO2",
    "L": 2,
    "bond_dim": 4,
    "jitter_start": 1.0,
    "reduction_factor": 0.3,
    "init_strength": 1.0
  },
  "train_loss": 29.378196158237245,
  "train_quality": 0.7107932841611607,
  "val_loss": 34.62773935187275,
  "val_quality": 0.6612267125789362,
  "test_loss": 33.27348351575004,
  "test_quality": 0.6603106400256786,
  "success": true,
  "singular": false
}