{
  "run_id": "MPO2-L4-d12-jit5-seed42",
  "seed": 42,
  "model": "MPO2",
  "grid_params": {
    "model": "MPO2",
    "L": 4,
    "bond_dim": 12,
    "jitter_start": 5.0
  },
  "n_parameters": 2496,
  "train_loss": 0.3820112344930671,
  "train_quality": 0.9962393805955202,
  "val_loss": 0.5663225883300853,
  "val_quality": 0.9944595007187781,
  "test_loss": 0.5756824255732232,
  "test_quality": 0.994122851771776,
  "success": true,
  "singular": false
}