{
  "run_id": "MPO2-L2-d4-init0.01-jit5-rf0.1-seed42",
  "seed": 42,
  "model": "MPO2",
  "grid_params": {
    "model": "MPO2",
    "L": 2,
    "bond_dim": 4,
    "jitter_start": 5.0,
    "reduction_factor": 0.1,
    "init_strength": 0.01
  },
  "train_loss": 26.49228006566481,
  "train_quality": 0.7392030037649053,
  "val_loss": 31.54920777489223,
  "val_quality": 0.6913448861092807,
  "test_loss": 29.013579252863174,
  "test_quality": 0.7038000496009327,
  "success": true,
  "singular": false
}