{
  "run_id": "MPO2-L2-d4-init0.1-jit5-rf0.3-seed256",
  "seed": 256,
  "model": "MPO2",
  "grid_params": {
    "model": "MPO2",
    "L": 2,
    "bond_dim": 4,
    "jitter_start": 5.0,
    "reduction_factor": 0.3,
    "init_strength": 0.1
  },
  "train_loss": 26.493272635277552,
  "train_quality": 0.7391932326477001,
  "val_loss": 31.82892080357345,
  "val_quality": 0.6886083718569949,
  "test_loss": 29.360540959426615,
  "test_quality": 0.7002579137141884,
  "success": true,
  "singular": false
}