{
  "run_id": "MPO2-L4-d8-jit0.1-seed7",
  "seed": 7,
  "model": "MPO2",
  "grid_params": {
    "model": "MPO2",
    "L": 4,
    "bond_dim": 8,
    "jitter_start": 0.1
  },
  "n_parameters": 1152,
  "train_loss": 0.5407606221650142,
  "train_quality": 0.9946766097295779,
  "val_loss": 0.8889536377682629,
  "val_quality": 0.9913031069348343,
  "test_loss": 1.0149176540080636,
  "test_quality": 0.9896386944831476,
  "success": true,
  "singular": false
}