{
  "run_id": "MPO2-L3-d12-jit0.1-seed42",
  "seed": 42,
  "model": "MPO2",
  "grid_params": {
    "model": "MPO2",
    "L": 3,
    "bond_dim": 12,
    "jitter_start": 0.1
  },
  "n_parameters": 1344,
  "train_loss": 0.5191772430415701,
  "train_quality": 0.994889082209487,
  "val_loss": 0.6063085492130296,
  "val_quality": 0.9940683063852019,
  "test_loss": 0.8387381032278979,
  "test_quality": 0.9914373134590282,
  "success": true,
  "singular": false
}