{
  "run_id": "MPO2-L3-d8-jit0.1-seed999",
  "seed": 999,
  "model": "MPO2",
  "grid_params": {
    "model": "MPO2",
    "L": 3,
    "bond_dim": 8,
    "jitter_start": 0.1
  },
  "n_parameters": 640,
  "train_loss": 1.0484533620904697,
  "train_quality": 0.9896787484184812,
  "val_loss": 1.1439696413398457,
  "val_quality": 0.9888082108921836,
  "test_loss": 1.4623813632823548,
  "test_quality": 0.9850705325429296,
  "success": true,
  "singular": false
}