{
  "run_id": "MPO2-L4-d8-jit5-seed999",
  "seed": 999,
  "model": "MPO2",
  "grid_params": {
    "model": "MPO2",
    "L": 4,
    "bond_dim": 8,
    "jitter_start": 5.0
  },
  "n_parameters": 1152,
  "train_loss": 1.3115420601605532,
  "train_quality": 0.9870888338460091,
  "val_loss": 1.8086151524253384,
  "val_quality": 0.9823057897415546,
  "test_loss": 1.7589363766697452,
  "test_quality": 0.982042999142435,
  "success": true,
  "singular": false
}