{
  "run_id": "MPO2-L3-d8-jit5-seed999",
  "seed": 999,
  "model": "MPO2",
  "grid_params": {
    "model": "MPO2",
    "L": 3,
    "bond_dim": 8,
    "jitter_start": 5.0
  },
  "n_parameters": 640,
  "train_loss": 3.250132431377175,
  "train_quality": 0.9680048386409748,
  "val_loss": 4.029345888409081,
  "val_quality": 0.9605797323671068,
  "test_loss": 4.241190897105788,
  "test_quality": 0.9567016353822757,
  "success": true,
  "singular": false
}