{
  "run_id": "MPO2-L2-d4-init0.1-jit5-rf0.5-seed123",
  "seed": 123,
  "model": "MPO2",
  "grid_params": {
    "model": "MPO2",
    "L": 2,
    "bond_dim": 4,
    "jitter_start": 5.0,
    "reduction_factor": 0.5,
    "init_strength": 0.1
  },
  "train_loss": 27.659921346872448,
  "train_quality": 0.7277084348541034,
  "val_loss": 32.518258422473764,
  "val_quality": 0.681864380604062,
  "test_loss": 31.08497812469368,
  "test_quality": 0.6826531156861062,
  "success": true,
  "singular": false
}