{
  "run_id": "MPO2-L3-d8-jit0.1-seed123",
  "seed": 123,
  "model": "MPO2",
  "grid_params": {
    "model": "MPO2",
    "L": 3,
    "bond_dim": 8,
    "jitter_start": 0.1
  },
  "n_parameters": 640,
  "train_loss": 0.9884407221917838,
  "train_quality": 0.9902695286828799,
  "val_loss": 1.1062242712371317,
  "val_quality": 0.9891774848717722,
  "test_loss": 1.4045273653461718,
  "test_quality": 0.9856611646455645,
  "success": true,
  "singular": false
}