{
  "run_id": "MPO2-L2-d4-init0.1-jit5-rf0.5-seed7",
  "seed": 7,
  "model": "MPO2",
  "grid_params": {
    "model": "MPO2",
    "L": 2,
    "bond_dim": 4,
    "jitter_start": 5.0,
    "reduction_factor": 0.5,
    "init_strength": 0.1
  },
  "train_loss": 26.688667963330072,
  "train_quality": 0.7372697094738487,
  "val_loss": 31.45214404942336,
  "val_quality": 0.6922944888838738,
  "test_loss": 28.91104045987177,
  "test_quality": 0.7048468692688314,
  "success": true,
  "singular": false
}