{
  "run_id": "MPO2-L3-d16-jit5-seed7",
  "seed": 7,
  "model": "MPO2",
  "grid_params": {
    "model": "MPO2",
    "L": 3,
    "bond_dim": 16,
    "jitter_start": 5.0
  },
  "n_parameters": 2304,
  "train_loss": 0.5963733270984892,
  "train_quality": 0.9941291435861124,
  "val_loss": 0.7033166483925849,
  "val_quality": 0.9931192478188434,
  "test_loss": 0.801083635013695,
  "test_quality": 0.9918217283400791,
  "success": true,
  "singular": false
}