{
  "run_id": "MPO2-L2-d6-jit5-seed0",
  "seed": 0,
  "model": "MPO2",
  "grid_params": {
    "model": "MPO2",
    "L": 2,
    "bond_dim": 6,
    "jitter_start": 5.0
  },
  "train_loss": 9.247381012589042e+16,
  "train_quality": 0.5555555555555556,
  "val_loss": 7.925896357967381e+16,
  "val_quality": 0.5666666666666667,
  "test_loss": 7.572058107089429e+16,
  "test_quality": 0.6,
  "success": true
}