{
  "run_id": "MMPO2-L3-d4-seed42",
  "seed": 42,
  "model": "MMPO2",
  "grid_params": {
    "model": "MMPO2",
    "L": 3,
    "bond_dim": 4
  },
  "n_parameters": 608,
  "train_loss": 0.32431076504661266,
  "train_quality": 0.8761904761904762,
  "val_loss": 0.20501411334681816,
  "val_quality": 0.8636363636363636,
  "test_loss": 0.3796597475643403,
  "test_quality": 0.8260869565217391,
  "success": true,
  "singular": false
}