{
  "run_id": "MPO2-L3-d8-seed42",
  "seed": 42,
  "model": "MPO2",
  "dataset": "popularity",
  "task": "regression",
  "params": {
    "output_site": 1,
    "init_strength": 0.01,
    "batch_size": 64,
    "n_epochs": 1000,
    "patience": 40,
    "min_delta": 1e-08,
    "optimizer": "adamw",
    "rank": 5,
    "seeds": [
      42,
      7,
      123,
      256,
      999
    ],
    "model": "MPO2",
    "L": 3,
    "bond_dim": 8,
    "lr": 0.01
  },
  "n_parameters": 4640,
  "train_loss": 129913137.32605131,
  "train_quality": -0.08904960625675051,
  "val_loss": 246034987.89602152,
  "val_quality": -0.008761821128227876,
  "test_loss": 122052343.62276305,
  "test_quality": -0.0804262409892127,
  "best_epoch": 46,
  "stopped_early": true,
  "patience_counter": 40,
  "success": true
}