{
  "run_id": "MPO2-L3-d12-seed42",
  "seed": 42,
  "model": "MPO2",
  "dataset": "popularity",
  "task": "regression",
  "params": {
    "init_strength": 0.01,
    "batch_size": 64,
    "n_epochs": 1000,
    "patience": 40,
    "min_delta": 1e-08,
    "optimizer": "adamw",
    "seeds": [
      42,
      7,
      123,
      256,
      999
    ],
    "model": "MPO2",
    "L": 3,
    "bond_dim": 12,
    "lr": 0.001
  },
  "n_parameters": 9744,
  "train_loss": 75836429.34947494,
  "train_quality": 0.3642703484584229,
  "val_loss": 297676284.0984983,
  "val_quality": -0.021122863790454582,
  "test_loss": 153421559.18920654,
  "test_quality": -0.3581113935331566,
  "best_epoch": 74,
  "stopped_early": false,
  "patience_counter": 17,
  "success": true
}