{
  "run_id": "MPO2TypeI_GTN-L3-d8-seed999",
  "seed": 999,
  "model": "MPO2TypeI_GTN",
  "dataset": "popularity",
  "task": "regression",
  "params": {
    "init_strength": 0.01,
    "batch_size": 64,
    "n_epochs": 1000,
    "patience": 40,
    "min_delta": 1e-08,
    "optimizer": "adamw",
    "seeds": [
      42,
      7,
      123,
      256,
      999
    ],
    "model": "MPO2TypeI_GTN",
    "L": 3,
    "bond_dim": 8,
    "lr": 0.001
  },
  "n_parameters": 5626,
  "train_loss": 85102511.74997678,
  "train_quality": 0.2865936515706977,
  "val_loss": 267845105.17074826,
  "val_quality": -0.006703197610065548,
  "test_loss": 140055307.70470986,
  "test_quality": -0.2397912661282624,
  "best_epoch": 9,
  "stopped_early": true,
  "patience_counter": 40,
  "success": true
}