{
  "run_id": "MPO2-L3-d12-seed256",
  "seed": 256,
  "model": "MPO2",
  "dataset": "popularity",
  "task": "regression",
  "params": {
    "output_site": 1,
    "init_strength": 0.01,
    "batch_size": 64,
    "n_epochs": 1000,
    "patience": 40,
    "min_delta": 1e-08,
    "optimizer": "adamw",
    "rank": 5,
    "seeds": [
      42,
      7,
      123,
      256,
      999
    ],
    "model": "MPO2",
    "L": 3,
    "bond_dim": 12,
    "lr": 0.01
  },
  "n_parameters": 9744,
  "train_loss": 130009911.20400113,
  "train_quality": -0.08986085256983611,
  "val_loss": 244571173.9259749,
  "val_quality": -0.010421369039322892,
  "test_loss": 122465620.89571975,
  "test_quality": -0.08408463538995403,
  "best_epoch": 55,
  "stopped_early": true,
  "patience_counter": 40,
  "success": true
}