{
  "run_id": "MPO2TypeI_GTN-L3-d16-seed7",
  "seed": 7,
  "model": "MPO2TypeI_GTN",
  "dataset": "popularity",
  "task": "regression",
  "params": {
    "init_strength": 0.01,
    "batch_size": 64,
    "n_epochs": 1000,
    "patience": 40,
    "min_delta": 1e-08,
    "optimizer": "adamw",
    "seeds": [
      42,
      7,
      123,
      256,
      999
    ],
    "model": "MPO2TypeI_GTN",
    "L": 3,
    "bond_dim": 16,
    "lr": 0.001
  },
  "n_parameters": 18618,
  "train_loss": 71187036.41107307,
  "train_quality": 0.40324577198461764,
  "val_loss": 288643901.3786541,
  "val_quality": 0.0006367360180746795,
  "test_loss": 158238996.3877411,
  "test_quality": -0.40075609341455753,
  "best_epoch": 32,
  "stopped_early": true,
  "patience_counter": 40,
  "success": true
}