{
  "run_id": "MPO2-L4-d12-seed999",
  "seed": 999,
  "model": "MPO2",
  "dataset": "popularity",
  "task": "regression",
  "params": {
    "output_site": 1,
    "init_strength": 0.01,
    "batch_size": 64,
    "n_epochs": 1000,
    "patience": 40,
    "min_delta": 1e-08,
    "optimizer": "adamw",
    "rank": 5,
    "seeds": [
      42,
      7,
      123,
      256,
      999
    ],
    "model": "MPO2",
    "L": 4,
    "bond_dim": 12,
    "lr": 0.01
  },
  "n_parameters": 18096,
  "train_loss": 472757452.05605793,
  "train_quality": -2.9630812373072546,
  "val_loss": 2985260129.7939453,
  "val_quality": -0.05922471557847486,
  "test_loss": 183006253.46354437,
  "test_quality": -0.6199996873330018,
  "best_epoch": 94,
  "stopped_early": true,
  "patience_counter": 40,
  "success": true
}