{
  "run_id": "MPO2-L3-d12-seed7",
  "seed": 7,
  "model": "MPO2",
  "dataset": "popularity",
  "task": "regression",
  "params": {
    "init_strength": 0.01,
    "batch_size": 64,
    "n_epochs": 1000,
    "patience": 40,
    "min_delta": 1e-08,
    "optimizer": "adamw",
    "seeds": [
      42,
      7,
      123,
      256,
      999
    ],
    "model": "MPO2",
    "L": 3,
    "bond_dim": 12,
    "lr": 0.001
  },
  "n_parameters": 9744,
  "train_loss": 278588099.5556618,
  "train_quality": -1.3353778253192132,
  "val_loss": 246749936.39682305,
  "val_quality": -0.05052465540711926,
  "test_loss": 120552330.4751517,
  "test_quality": -0.06714789238562346,
  "best_epoch": 39,
  "stopped_early": true,
  "patience_counter": 40,
  "success": true
}