{
  "run_id": "MPO2-L3-d8-seed123",
  "seed": 123,
  "model": "MPO2",
  "dataset": "popularity",
  "task": "regression",
  "params": {
    "init_strength": 0.01,
    "batch_size": 64,
    "n_epochs": 1000,
    "patience": 40,
    "min_delta": 1e-08,
    "optimizer": "adamw",
    "seeds": [
      42,
      7,
      123,
      256,
      999
    ],
    "model": "MPO2",
    "L": 3,
    "bond_dim": 8,
    "lr": 0.001
  },
  "n_parameters": 4640,
  "train_loss": 235129580.97807553,
  "train_quality": -0.9710691532359683,
  "val_loss": 251641002.31395578,
  "val_quality": -0.06251045619161988,
  "test_loss": 123282906.86013365,
  "test_quality": -0.09131937727311024,
  "best_epoch": 34,
  "stopped_early": true,
  "patience_counter": 40,
  "success": true
}