{
  "run_id": "MPO2TypeI_GTN-L4-d12-seed999",
  "seed": 999,
  "model": "MPO2TypeI_GTN",
  "dataset": "popularity",
  "task": "regression",
  "params": {
    "init_strength": 0.01,
    "batch_size": 64,
    "n_epochs": 1000,
    "patience": 40,
    "min_delta": 1e-08,
    "optimizer": "adamw",
    "seeds": [
      42,
      7,
      123,
      256,
      999
    ],
    "model": "MPO2TypeI_GTN",
    "L": 4,
    "bond_dim": 12,
    "lr": 0.001
  },
  "n_parameters": 29290,
  "train_loss": 151181283.60889792,
  "train_quality": -0.26733847535713817,
  "val_loss": 232365668.9013385,
  "val_quality": 0.0005936029962370082,
  "test_loss": 108363359.55241768,
  "test_quality": 0.04075076522868459,
  "best_epoch": 55,
  "stopped_early": true,
  "patience_counter": 40,
  "success": true
}