{
  "run_id": "MPO2-L3-d16-seed7",
  "seed": 7,
  "model": "MPO2",
  "dataset": "popularity",
  "task": "regression",
  "params": {
    "output_site": 1,
    "init_strength": 0.01,
    "batch_size": 64,
    "n_epochs": 1000,
    "patience": 40,
    "min_delta": 1e-08,
    "optimizer": "adamw",
    "rank": 5,
    "seeds": [
      42,
      7,
      123,
      256,
      999
    ],
    "model": "MPO2",
    "L": 3,
    "bond_dim": 16,
    "lr": 0.01
  },
  "n_parameters": 16704,
  "train_loss": 130269256.51552248,
  "train_quality": -0.09203491991368162,
  "val_loss": 244835961.56058234,
  "val_quality": -0.01354699526162051,
  "test_loss": 122840940.62276869,
  "test_quality": -0.08740702371801379,
  "best_epoch": 55,
  "stopped_early": true,
  "patience_counter": 40,
  "success": true
}