{
  "run_id": "MPO2TypeI_GTN-L3-d8-seed123",
  "seed": 123,
  "model": "MPO2TypeI_GTN",
  "dataset": "popularity",
  "task": "regression",
  "params": {
    "output_site": 1,
    "init_strength": 0.01,
    "batch_size": 64,
    "n_epochs": 1000,
    "patience": 40,
    "min_delta": 1e-08,
    "optimizer": "adamw",
    "rank": 5,
    "seeds": [
      42,
      7,
      123,
      256,
      999
    ],
    "model": "MPO2TypeI_GTN",
    "L": 3,
    "bond_dim": 8,
    "lr": 0.01
  },
  "n_parameters": 5626,
  "train_loss": 116710243.02275847,
  "train_quality": 0.021629014384698664,
  "val_loss": 230995050.77683643,
  "val_quality": 0.0026679977846518765,
  "test_loss": 110935248.16746193,
  "test_quality": 0.017984009047552374,
  "best_epoch": 31,
  "stopped_early": true,
  "patience_counter": 40,
  "success": true
}