{
  "run_id": "MPO2TypeI_GTN-L4-d16-seed256",
  "seed": 256,
  "model": "MPO2TypeI_GTN",
  "dataset": "popularity",
  "task": "regression",
  "params": {
    "init_strength": 0.01,
    "batch_size": 64,
    "n_epochs": 1000,
    "patience": 40,
    "min_delta": 1e-08,
    "optimizer": "adamw",
    "seeds": [
      42,
      7,
      123,
      256,
      999
    ],
    "model": "MPO2TypeI_GTN",
    "L": 4,
    "bond_dim": 16,
    "lr": 0.001
  },
  "n_parameters": 50170,
  "train_loss": 241271404.59051308,
  "train_quality": -1.0225554826749708,
  "val_loss": 236354616.27107567,
  "val_quality": 0.0012181445497378984,
  "test_loss": 109482388.30795483,
  "test_quality": 0.030844949444919667,
  "best_epoch": 132,
  "stopped_early": true,
  "patience_counter": 40,
  "success": true
}