{
  "run_id": "MPO2TypeI_GTN-L3-d16-seed999",
  "seed": 999,
  "model": "MPO2TypeI_GTN",
  "dataset": "popularity",
  "task": "regression",
  "params": {
    "init_strength": 0.01,
    "batch_size": 64,
    "n_epochs": 1000,
    "patience": 40,
    "min_delta": 1e-08,
    "optimizer": "adamw",
    "seeds": [
      42,
      7,
      123,
      256,
      999
    ],
    "model": "MPO2TypeI_GTN",
    "L": 3,
    "bond_dim": 16,
    "lr": 0.001
  },
  "n_parameters": 18618,
  "train_loss": 71508098.29034485,
  "train_quality": 0.40055434046043337,
  "val_loss": 277607962.2184547,
  "val_quality": 0.001301755598941856,
  "test_loss": 164040827.80521142,
  "test_quality": -0.45211480331860443,
  "best_epoch": 38,
  "stopped_early": true,
  "patience_counter": 40,
  "success": true
}