{
  "run_id": "MPO2-L4-d12-seed123",
  "seed": 123,
  "model": "MPO2",
  "dataset": "popularity",
  "task": "regression",
  "params": {
    "init_strength": 0.01,
    "batch_size": 64,
    "n_epochs": 1000,
    "patience": 40,
    "min_delta": 1e-08,
    "optimizer": "adamw",
    "seeds": [
      42,
      7,
      123,
      256,
      999
    ],
    "model": "MPO2",
    "L": 4,
    "bond_dim": 12,
    "lr": 0.001
  },
  "n_parameters": 18096,
  "train_loss": 2289261263.794217,
  "train_quality": -18.190661770385734,
  "val_loss": 254025564.51063362,
  "val_quality": -0.06606103302605315,
  "test_loss": 122263258.32230727,
  "test_quality": -0.08229329056183099,
  "best_epoch": 174,
  "stopped_early": true,
  "patience_counter": 40,
  "success": true
}