{
  "run_id": "MPO2-L4-d8-seed42",
  "seed": 42,
  "model": "MPO2",
  "dataset": "popularity",
  "task": "regression",
  "params": {
    "init_strength": 0.01,
    "batch_size": 64,
    "n_epochs": 1000,
    "patience": 40,
    "min_delta": 1e-08,
    "optimizer": "adamw",
    "seeds": [
      42,
      7,
      123,
      256,
      999
    ],
    "model": "MPO2",
    "L": 4,
    "bond_dim": 8,
    "lr": 0.001
  },
  "n_parameters": 8352,
  "train_loss": 127294926.15263262,
  "train_quality": -0.06710138834594526,
  "val_loss": 246172731.16244128,
  "val_quality": -0.05825480719877785,
  "test_loss": 122267735.89188647,
  "test_quality": -0.08233292670093051,
  "best_epoch": 194,
  "stopped_early": true,
  "patience_counter": 40,
  "success": true
}