{
  "run_id": "MPO2-L4-d8-seed7",
  "seed": 7,
  "model": "MPO2",
  "dataset": "popularity",
  "task": "regression",
  "params": {
    "init_strength": 0.01,
    "batch_size": 64,
    "n_epochs": 1000,
    "patience": 40,
    "min_delta": 1e-08,
    "optimizer": "adamw",
    "seeds": [
      42,
      7,
      123,
      256,
      999
    ],
    "model": "MPO2",
    "L": 4,
    "bond_dim": 8,
    "lr": 0.001
  },
  "n_parameters": 8352,
  "train_loss": 98263189.94916376,
  "train_quality": 0.17626892455771825,
  "val_loss": 264892273.74063522,
  "val_quality": -0.0382806956522721,
  "test_loss": 148108068.6371802,
  "test_quality": -0.31107555257133823,
  "best_epoch": 473,
  "stopped_early": true,
  "patience_counter": 40,
  "success": true
}