{
  "run_id": "MPO2-L3-d12-seed123",
  "seed": 123,
  "model": "MPO2",
  "dataset": "popularity",
  "task": "regression",
  "params": {
    "init_strength": 0.01,
    "batch_size": 64,
    "n_epochs": 1000,
    "patience": 40,
    "min_delta": 1e-08,
    "optimizer": "adamw",
    "seeds": [
      42,
      7,
      123,
      256,
      999
    ],
    "model": "MPO2",
    "L": 3,
    "bond_dim": 12,
    "lr": 0.001
  },
  "n_parameters": 9744,
  "train_loss": 76519558.41832523,
  "train_quality": 0.35854374175207604,
  "val_loss": 297848138.6679656,
  "val_quality": -0.05100681096146853,
  "test_loss": 143729928.82791296,
  "test_quality": -0.2723195811885022,
  "best_epoch": 77,
  "stopped_early": true,
  "patience_counter": 40,
  "success": true
}