{
  "run_id": "MPO2TypeI_GTN-L3-d8-seed123",
  "seed": 123,
  "model": "MPO2TypeI_GTN",
  "dataset": "popularity",
  "task": "regression",
  "params": {
    "init_strength": 0.01,
    "batch_size": 64,
    "n_epochs": 1000,
    "patience": 40,
    "min_delta": 1e-08,
    "optimizer": "adamw",
    "seeds": [
      42,
      7,
      123,
      256,
      999
    ],
    "model": "MPO2TypeI_GTN",
    "L": 3,
    "bond_dim": 8,
    "lr": 0.001
  },
  "n_parameters": 5626,
  "train_loss": 84164267.64235823,
  "train_quality": 0.29445886364243856,
  "val_loss": 267037152.10026264,
  "val_quality": 0.002050743824466017,
  "test_loss": 150470005.50854906,
  "test_quality": -0.3319837834142809,
  "best_epoch": 45,
  "stopped_early": false,
  "patience_counter": 28,
  "success": true
}