{
  "run_id": "MPO2-L3-d12-seed999",
  "seed": 999,
  "model": "MPO2",
  "dataset": "popularity",
  "task": "regression",
  "params": {
    "init_strength": 0.01,
    "batch_size": 64,
    "n_epochs": 1000,
    "patience": 40,
    "min_delta": 1e-08,
    "optimizer": "adamw",
    "seeds": [
      42,
      7,
      123,
      256,
      999
    ],
    "model": "MPO2",
    "L": 3,
    "bond_dim": 12,
    "lr": 0.001
  },
  "n_parameters": 9744,
  "train_loss": 76744598.93107437,
  "train_quality": 0.35665724830849077,
  "val_loss": 284510554.1325367,
  "val_quality": -0.03492142695561551,
  "test_loss": 154061134.92254472,
  "test_quality": -0.36377301693904784,
  "best_epoch": 103,
  "stopped_early": true,
  "patience_counter": 40,
  "success": true
}