{
  "run_id": "MPO2TypeI_GTN-L3-d12-seed123",
  "seed": 123,
  "model": "MPO2TypeI_GTN",
  "dataset": "popularity",
  "task": "regression",
  "params": {
    "init_strength": 0.01,
    "batch_size": 64,
    "n_epochs": 1000,
    "patience": 40,
    "min_delta": 1e-08,
    "optimizer": "adamw",
    "seeds": [
      42,
      7,
      123,
      256,
      999
    ],
    "model": "MPO2TypeI_GTN",
    "L": 3,
    "bond_dim": 12,
    "lr": 0.001
  },
  "n_parameters": 11194,
  "train_loss": 76546531.99490602,
  "train_quality": 0.35831762479763096,
  "val_loss": 329538125.2390557,
  "val_quality": -0.0071919643243254505,
  "test_loss": 154345652.6049908,
  "test_quality": -0.366291611510982,
  "best_epoch": 8,
  "stopped_early": true,
  "patience_counter": 40,
  "success": true
}