{
  "run_id": "MPO2TypeI_GTN-L4-d12-seed42",
  "seed": 42,
  "model": "MPO2TypeI_GTN",
  "dataset": "popularity",
  "task": "regression",
  "params": {
    "init_strength": 0.01,
    "batch_size": 64,
    "n_epochs": 1000,
    "patience": 40,
    "min_delta": 1e-08,
    "optimizer": "adamw",
    "seeds": [
      42,
      7,
      123,
      256,
      999
    ],
    "model": "MPO2TypeI_GTN",
    "L": 4,
    "bond_dim": 12,
    "lr": 0.001
  },
  "n_parameters": 29290,
  "train_loss": 112700545.67016533,
  "train_quality": 0.05524193000608635,
  "val_loss": 240835539.73782068,
  "val_quality": -0.0008261918596201845,
  "test_loss": 107367003.76444769,
  "test_quality": 0.04957066091222384,
  "best_epoch": 32,
  "stopped_early": true,
  "patience_counter": 40,
  "success": true
}