{
  "run_id": "MPO2TypeI_GTN-L3-d8-seed42",
  "seed": 42,
  "model": "MPO2TypeI_GTN",
  "dataset": "popularity",
  "task": "regression",
  "params": {
    "output_site": 1,
    "init_strength": 0.01,
    "batch_size": 64,
    "n_epochs": 1000,
    "patience": 40,
    "min_delta": 1e-08,
    "optimizer": "adamw",
    "rank": 5,
    "seeds": [
      42,
      7,
      123,
      256,
      999
    ],
    "model": "MPO2TypeI_GTN",
    "L": 3,
    "bond_dim": 8,
    "lr": 0.01
  },
  "n_parameters": 5626,
  "train_loss": 116179519.77893905,
  "train_quality": 0.02607801740016913,
  "val_loss": 231407318.42658198,
  "val_quality": 0.0013894157092387838,
  "test_loss": 110278842.14003679,
  "test_quality": 0.023794616822242487,
  "best_epoch": 129,
  "stopped_early": true,
  "patience_counter": 40,
  "success": true
}