{
  "run_id": "MPO2-L4-d16-seed42",
  "seed": 42,
  "model": "MPO2",
  "dataset": "popularity",
  "task": "regression",
  "params": {
    "init_strength": 0.01,
    "batch_size": 64,
    "n_epochs": 1000,
    "patience": 40,
    "min_delta": 1e-08,
    "optimizer": "adamw",
    "seeds": [
      42,
      7,
      123,
      256,
      999
    ],
    "model": "MPO2",
    "L": 4,
    "bond_dim": 16,
    "lr": 0.001
  },
  "n_parameters": 31552,
  "train_loss": 170429466014.23105,
  "train_quality": -1427.6941773372755,
  "val_loss": 11640703048.542805,
  "val_quality": -0.14468639127348193,
  "test_loss": 137268130.37705955,
  "test_quality": -0.2151187409337365,
  "best_epoch": 102,
  "stopped_early": true,
  "patience_counter": 40,
  "success": true
}