{
  "run_id": "MPO2-L4-d12-seed42",
  "seed": 42,
  "model": "MPO2",
  "dataset": "popularity",
  "task": "regression",
  "params": {
    "init_strength": 0.01,
    "batch_size": 64,
    "n_epochs": 1000,
    "patience": 40,
    "min_delta": 1e-08,
    "optimizer": "adamw",
    "seeds": [
      42,
      7,
      123,
      256,
      999
    ],
    "model": "MPO2",
    "L": 4,
    "bond_dim": 12,
    "lr": 0.001
  },
  "n_parameters": 18096,
  "train_loss": 129561965.93035114,
  "train_quality": -0.08610576948944981,
  "val_loss": 260178136.5343862,
  "val_quality": -0.05656648716365176,
  "test_loss": 122338925.65236309,
  "test_quality": -0.0829631094817409,
  "best_epoch": 235,
  "stopped_early": true,
  "patience_counter": 40,
  "success": true
}