{
  "run_id": "MPO2TypeI_GTN-L4-d16-seed123",
  "seed": 123,
  "model": "MPO2TypeI_GTN",
  "dataset": "popularity",
  "task": "regression",
  "params": {
    "init_strength": 0.01,
    "batch_size": 64,
    "n_epochs": 1000,
    "patience": 40,
    "min_delta": 1e-08,
    "optimizer": "adamw",
    "seeds": [
      42,
      7,
      123,
      256,
      999
    ],
    "model": "MPO2TypeI_GTN",
    "L": 4,
    "bond_dim": 16,
    "lr": 0.001
  },
  "n_parameters": 50170,
  "train_loss": 2462494337.437484,
  "train_quality": -19.642858326676695,
  "val_loss": 252501145.66741025,
  "val_quality": 0.0016429269965405613,
  "test_loss": 108552289.21809593,
  "test_quality": 0.039078330579407794,
  "best_epoch": 66,
  "stopped_early": true,
  "patience_counter": 40,
  "success": true
}