{
  "run_id": "MPO2TypeI_GTN-L3-d16-seed42",
  "seed": 42,
  "model": "MPO2TypeI_GTN",
  "dataset": "popularity",
  "task": "regression",
  "params": {
    "init_strength": 0.01,
    "batch_size": 64,
    "n_epochs": 1000,
    "patience": 40,
    "min_delta": 1e-08,
    "optimizer": "adamw",
    "seeds": [
      42,
      7,
      123,
      256,
      999
    ],
    "model": "MPO2TypeI_GTN",
    "L": 3,
    "bond_dim": 16,
    "lr": 0.001
  },
  "n_parameters": 18618,
  "train_loss": 71151799.29787879,
  "train_quality": 0.403541161388951,
  "val_loss": 295202923.0573131,
  "val_quality": -0.0043313820059549535,
  "test_loss": 173199132.20340598,
  "test_quality": -0.533185531672328,
  "best_epoch": 11,
  "stopped_early": true,
  "patience_counter": 40,
  "success": true
}