{
  "run_id": "MPO2TypeI_GTN-L3-d12-seed42",
  "seed": 42,
  "model": "MPO2TypeI_GTN",
  "dataset": "popularity",
  "task": "regression",
  "params": {
    "init_strength": 0.01,
    "batch_size": 64,
    "n_epochs": 1000,
    "patience": 40,
    "min_delta": 1e-08,
    "optimizer": "adamw",
    "seeds": [
      42,
      7,
      123,
      256,
      999
    ],
    "model": "MPO2TypeI_GTN",
    "L": 3,
    "bond_dim": 12,
    "lr": 0.001
  },
  "n_parameters": 11194,
  "train_loss": 75292980.18882261,
  "train_quality": 0.36882603163728156,
  "val_loss": 304270157.4370851,
  "val_quality": 0.00083875040181558,
  "test_loss": 159226886.72247213,
  "test_quality": -0.40950105159546646,
  "best_epoch": 44,
  "stopped_early": false,
  "patience_counter": 2,
  "success": true
}