{
  "run_id": "MPO2-L4-d8-seed999",
  "seed": 999,
  "model": "MPO2",
  "dataset": "popularity",
  "task": "regression",
  "params": {
    "init_strength": 0.01,
    "batch_size": 64,
    "n_epochs": 1000,
    "patience": 40,
    "min_delta": 1e-08,
    "optimizer": "adamw",
    "seeds": [
      42,
      7,
      123,
      256,
      999
    ],
    "model": "MPO2",
    "L": 4,
    "bond_dim": 8,
    "lr": 0.001
  },
  "n_parameters": 8352,
  "train_loss": 1165393360.760893,
  "train_quality": -8.769382887625618,
  "val_loss": 349926528.76547563,
  "val_quality": -0.049992619968528995,
  "test_loss": 256487669.27116248,
  "test_quality": -1.2704685559109876,
  "best_epoch": 287,
  "stopped_early": true,
  "patience_counter": 40,
  "success": true
}