{
  "run_id": "MPO2-L3-d16-seed999",
  "seed": 999,
  "model": "MPO2",
  "dataset": "popularity",
  "task": "regression",
  "params": {
    "output_site": 1,
    "init_strength": 0.01,
    "batch_size": 64,
    "n_epochs": 1000,
    "patience": 40,
    "min_delta": 1e-08,
    "optimizer": "adamw",
    "rank": 5,
    "seeds": [
      42,
      7,
      123,
      256,
      999
    ],
    "model": "MPO2",
    "L": 3,
    "bond_dim": 16,
    "lr": 0.01
  },
  "n_parameters": 16704,
  "train_loss": 128518818.64413697,
  "train_quality": -0.07736116394221848,
  "val_loss": 242981455.6241074,
  "val_quality": -0.048836217398368964,
  "test_loss": 121975562.49639526,
  "test_quality": -0.07974656257191914,
  "best_epoch": 7,
  "stopped_early": true,
  "patience_counter": 40,
  "success": true
}