{
  "run_id": "MPO2-L4-d8-seed256",
  "seed": 256,
  "model": "MPO2",
  "dataset": "popularity",
  "task": "regression",
  "params": {
    "init_strength": 0.01,
    "batch_size": 64,
    "n_epochs": 1000,
    "patience": 40,
    "min_delta": 1e-08,
    "optimizer": "adamw",
    "seeds": [
      42,
      7,
      123,
      256,
      999
    ],
    "model": "MPO2",
    "L": 4,
    "bond_dim": 8,
    "lr": 0.001
  },
  "n_parameters": 8352,
  "train_loss": 123080464.20235036,
  "train_quality": -0.03177195036909386,
  "val_loss": 351731768.5022322,
  "val_quality": -0.07021989715163213,
  "test_loss": 159958054.41702244,
  "test_quality": -0.41597346122159684,
  "best_epoch": 253,
  "stopped_early": true,
  "patience_counter": 40,
  "success": true
}