{
  "run_id": "MPO2-L4-d16-seed42",
  "seed": 42,
  "model": "MPO2",
  "dataset": "popularity",
  "task": "regression",
  "params": {
    "output_site": 1,
    "init_strength": 0.01,
    "batch_size": 64,
    "n_epochs": 1000,
    "patience": 40,
    "min_delta": 1e-08,
    "optimizer": "adamw",
    "rank": 5,
    "seeds": [
      42,
      7,
      123,
      256,
      999
    ],
    "model": "MPO2",
    "L": 4,
    "bond_dim": 16,
    "lr": 0.01
  },
  "n_parameters": 31552,
  "train_loss": 1798538202896566.2,
  "train_quality": -15076975.524601677,
  "val_loss": 10988354232940.406,
  "val_quality": -0.05921911330398011,
  "test_loss": 9036830730190.64,
  "test_quality": -79994.42463889845,
  "best_epoch": 96,
  "stopped_early": true,
  "patience_counter": 40,
  "success": true
}