{
  "run_id": "MPO2-L3-d16-seed7",
  "seed": 7,
  "model": "MPO2",
  "dataset": "popularity",
  "task": "regression",
  "params": {
    "init_strength": 0.01,
    "batch_size": 64,
    "n_epochs": 1000,
    "patience": 40,
    "min_delta": 1e-08,
    "optimizer": "adamw",
    "seeds": [
      42,
      7,
      123,
      256,
      999
    ],
    "model": "MPO2",
    "L": 3,
    "bond_dim": 16,
    "lr": 0.001
  },
  "n_parameters": 16704,
  "train_loss": 72754292.12192379,
  "train_quality": 0.39010761482871814,
  "val_loss": 291066301.64776033,
  "val_quality": -0.03558784729771758,
  "test_loss": 158963208.70150688,
  "test_quality": -0.4071669329332024,
  "best_epoch": 77,
  "stopped_early": true,
  "patience_counter": 40,
  "success": true
}