{
  "run_id": "MPO2TypeI_GTN-L4-d12-seed256",
  "seed": 256,
  "model": "MPO2TypeI_GTN",
  "dataset": "popularity",
  "task": "regression",
  "params": {
    "output_site": 1,
    "init_strength": 0.01,
    "batch_size": 64,
    "n_epochs": 1000,
    "patience": 40,
    "min_delta": 1e-08,
    "optimizer": "adamw",
    "rank": 5,
    "seeds": [
      42,
      7,
      123,
      256,
      999
    ],
    "model": "MPO2TypeI_GTN",
    "L": 4,
    "bond_dim": 12,
    "lr": 0.01
  },
  "n_parameters": 29290,
  "train_loss": 14981355245.459984,
  "train_quality": -124.58729137849095,
  "val_loss": 304742211.5726844,
  "val_quality": 0.0011631328573744604,
  "test_loss": 175589954.29443446,
  "test_quality": -0.5543494589514932,
  "best_epoch": 83,
  "stopped_early": true,
  "patience_counter": 40,
  "success": true
}