{
  "run_id": "MPO2-L3-d8-seed123",
  "seed": 123,
  "model": "MPO2",
  "dataset": "popularity",
  "task": "regression",
  "params": {
    "output_site": 1,
    "init_strength": 0.01,
    "batch_size": 64,
    "n_epochs": 1000,
    "patience": 40,
    "min_delta": 1e-08,
    "optimizer": "adamw",
    "rank": 5,
    "seeds": [
      42,
      7,
      123,
      256,
      999
    ],
    "model": "MPO2",
    "L": 3,
    "bond_dim": 8,
    "lr": 0.01
  },
  "n_parameters": 4640,
  "train_loss": 121432352.88168786,
  "train_quality": -0.017955988244106935,
  "val_loss": 237809241.69751555,
  "val_quality": -0.006193836221913385,
  "test_loss": 118332455.29060842,
  "test_quality": -0.047497213587399445,
  "best_epoch": 90,
  "stopped_early": true,
  "patience_counter": 40,
  "success": true
}