{
  "run_id": "MPO2-L3-d8-seed999",
  "seed": 999,
  "model": "MPO2",
  "dataset": "popularity",
  "task": "regression",
  "params": {
    "output_site": 1,
    "init_strength": 0.01,
    "batch_size": 64,
    "n_epochs": 1000,
    "patience": 40,
    "min_delta": 1e-08,
    "optimizer": "adamw",
    "rank": 5,
    "seeds": [
      42,
      7,
      123,
      256,
      999
    ],
    "model": "MPO2",
    "L": 3,
    "bond_dim": 8,
    "lr": 0.01
  },
  "n_parameters": 4640,
  "train_loss": 128886956.80806181,
  "train_quality": -0.08044723153109135,
  "val_loss": 244734018.7719808,
  "val_quality": -0.00776962331138531,
  "test_loss": 121667494.96875086,
  "test_quality": -0.07701950112447653,
  "best_epoch": 43,
  "stopped_early": true,
  "patience_counter": 40,
  "success": true
}