{
  "run_id": "MPO2-L3-d12-seed42",
  "seed": 42,
  "model": "MPO2",
  "dataset": "popularity",
  "task": "regression",
  "params": {
    "output_site": 1,
    "init_strength": 0.01,
    "batch_size": 64,
    "n_epochs": 1000,
    "patience": 40,
    "min_delta": 1e-08,
    "optimizer": "adamw",
    "rank": 5,
    "seeds": [
      42,
      7,
      123,
      256,
      999
    ],
    "model": "MPO2",
    "L": 3,
    "bond_dim": 12,
    "lr": 0.01
  },
  "n_parameters": 9744,
  "train_loss": 129301957.11166753,
  "train_quality": -0.08392614002749732,
  "val_loss": 243912184.0012737,
  "val_quality": -0.01027449101608413,
  "test_loss": 121906812.84048495,
  "test_quality": -0.07913797997448846,
  "best_epoch": 49,
  "stopped_early": true,
  "patience_counter": 40,
  "success": true
}