{
  "run_id": "MPO2TypeI_GTN-L3-d16-seed42",
  "seed": 42,
  "model": "MPO2TypeI_GTN",
  "dataset": "popularity",
  "task": "regression",
  "params": {
    "output_site": 1,
    "init_strength": 0.01,
    "batch_size": 64,
    "n_epochs": 1000,
    "patience": 40,
    "min_delta": 1e-08,
    "optimizer": "adamw",
    "rank": 5,
    "seeds": [
      42,
      7,
      123,
      256,
      999
    ],
    "model": "MPO2TypeI_GTN",
    "L": 3,
    "bond_dim": 16,
    "lr": 0.01
  },
  "n_parameters": 18618,
  "train_loss": 117199440.73251554,
  "train_quality": 0.01752811601400106,
  "val_loss": 231835900.81131408,
  "val_quality": 0.0024414574913428355,
  "test_loss": 111578043.0135425,
  "test_quality": 0.012293889557305926,
  "best_epoch": 53,
  "stopped_early": true,
  "patience_counter": 40,
  "success": true
}