{
  "run_id": "MPO2TypeI_GTN-L3-d12-seed123",
  "seed": 123,
  "model": "MPO2TypeI_GTN",
  "dataset": "popularity",
  "task": "regression",
  "params": {
    "output_site": 1,
    "init_strength": 0.01,
    "batch_size": 64,
    "n_epochs": 1000,
    "patience": 40,
    "min_delta": 1e-08,
    "optimizer": "adamw",
    "rank": 5,
    "seeds": [
      42,
      7,
      123,
      256,
      999
    ],
    "model": "MPO2TypeI_GTN",
    "L": 3,
    "bond_dim": 12,
    "lr": 0.01
  },
  "n_parameters": 11194,
  "train_loss": 115886983.63926694,
  "train_quality": 0.02853032033336822,
  "val_loss": 231454033.307131,
  "val_quality": 0.0021463514366779624,
  "test_loss": 111139784.29620342,
  "test_quality": 0.01617342357116247,
  "best_epoch": 38,
  "stopped_early": true,
  "patience_counter": 40,
  "success": true
}