{
  "run_id": "MPO2-L3-d8-seed7",
  "seed": 7,
  "model": "MPO2",
  "dataset": "popularity",
  "task": "regression",
  "params": {
    "output_site": 1,
    "init_strength": 0.01,
    "batch_size": 64,
    "n_epochs": 1000,
    "patience": 40,
    "min_delta": 1e-08,
    "optimizer": "adamw",
    "rank": 5,
    "seeds": [
      42,
      7,
      123,
      256,
      999
    ],
    "model": "MPO2",
    "L": 3,
    "bond_dim": 8,
    "lr": 0.01
  },
  "n_parameters": 4640,
  "train_loss": 122542617.635513,
  "train_quality": -0.02726323320701951,
  "val_loss": 238287813.13196674,
  "val_quality": -0.00635619302325563,
  "test_loss": 115682186.13584208,
  "test_quality": -0.024036620734352754,
  "best_epoch": 57,
  "stopped_early": true,
  "patience_counter": 40,
  "success": true
}