{
  "run_id": "MPO2-L3-d16-seed256",
  "seed": 256,
  "model": "MPO2",
  "dataset": "popularity",
  "task": "regression",
  "params": {
    "init_strength": 0.01,
    "batch_size": 64,
    "n_epochs": 1000,
    "patience": 40,
    "min_delta": 1e-08,
    "optimizer": "adamw",
    "seeds": [
      42,
      7,
      123,
      256,
      999
    ],
    "model": "MPO2",
    "L": 3,
    "bond_dim": 16,
    "lr": 0.001
  },
  "n_parameters": 16704,
  "train_loss": 82324056.1746078,
  "train_quality": 0.30988518322513947,
  "val_loss": 288216411.14764726,
  "val_quality": -0.02898614508854558,
  "test_loss": 165282704.0670177,
  "test_quality": -0.4631080842462052,
  "best_epoch": 100,
  "stopped_early": true,
  "patience_counter": 40,
  "success": true
}