{
  "run_id": "MPO2-L4-d8-seed123",
  "seed": 123,
  "model": "MPO2",
  "dataset": "popularity",
  "task": "regression",
  "params": {
    "init_strength": 0.01,
    "batch_size": 64,
    "n_epochs": 1000,
    "patience": 40,
    "min_delta": 1e-08,
    "optimizer": "adamw",
    "seeds": [
      42,
      7,
      123,
      256,
      999
    ],
    "model": "MPO2",
    "L": 4,
    "bond_dim": 8,
    "lr": 0.001
  },
  "n_parameters": 8352,
  "train_loss": 130920883.0998368,
  "train_quality": -0.09749744425633455,
  "val_loss": 267297617.8151885,
  "val_quality": -0.0745842190414927,
  "test_loss": 123865223.12824456,
  "test_quality": -0.09647413102832259,
  "best_epoch": 151,
  "stopped_early": true,
  "patience_counter": 40,
  "success": true
}