{
  "run_id": "MPO2-L3-d8-seed999",
  "seed": 999,
  "model": "MPO2",
  "dataset": "popularity",
  "task": "regression",
  "params": {
    "init_strength": 0.01,
    "batch_size": 64,
    "n_epochs": 1000,
    "patience": 40,
    "min_delta": 1e-08,
    "optimizer": "adamw",
    "seeds": [
      42,
      7,
      123,
      256,
      999
    ],
    "model": "MPO2",
    "L": 3,
    "bond_dim": 8,
    "lr": 0.001
  },
  "n_parameters": 4640,
  "train_loss": 85898668.45064224,
  "train_quality": 0.2799195448619799,
  "val_loss": 277239573.0877281,
  "val_quality": -0.029969659553004346,
  "test_loss": 129744266.17605574,
  "test_quality": -0.14851633023748056,
  "best_epoch": 70,
  "stopped_early": true,
  "patience_counter": 40,
  "success": true
}