{
  "run_id": "MPO2TypeI_GTN-L3-d16-seed256",
  "seed": 256,
  "model": "MPO2TypeI_GTN",
  "dataset": "popularity",
  "task": "regression",
  "params": {
    "init_strength": 0.01,
    "batch_size": 64,
    "n_epochs": 1000,
    "patience": 40,
    "min_delta": 1e-08,
    "optimizer": "adamw",
    "seeds": [
      42,
      7,
      123,
      256,
      999
    ],
    "model": "MPO2TypeI_GTN",
    "L": 3,
    "bond_dim": 16,
    "lr": 0.001
  },
  "n_parameters": 18618,
  "train_loss": 69438270.27010804,
  "train_quality": 0.4179055139972615,
  "val_loss": 278117530.5882988,
  "val_quality": 0.0017870792314459427,
  "test_loss": 174140201.44121188,
  "test_quality": -0.5415160222547601,
  "best_epoch": 21,
  "stopped_early": false,
  "patience_counter": 19,
  "success": true
}