{
  "run_id": "MPO2TypeI_GTN-L3-d16-seed999",
  "seed": 999,
  "model": "MPO2TypeI_GTN",
  "dataset": "popularity",
  "task": "regression",
  "params": {
    "output_site": 1,
    "init_strength": 0.01,
    "batch_size": 64,
    "n_epochs": 1000,
    "patience": 40,
    "min_delta": 1e-08,
    "optimizer": "adamw",
    "rank": 5,
    "seeds": [
      42,
      7,
      123,
      256,
      999
    ],
    "model": "MPO2TypeI_GTN",
    "L": 3,
    "bond_dim": 16,
    "lr": 0.01
  },
  "n_parameters": 18618,
  "train_loss": 116205493.42867844,
  "train_quality": 0.02586028273834784,
  "val_loss": 230936551.52903545,
  "val_quality": 0.0025211874606339,
  "test_loss": 111124295.26883852,
  "test_quality": 0.0163105348392939,
  "best_epoch": 100,
  "stopped_early": true,
  "patience_counter": 40,
  "success": true
}