{
  "run_id": "MPO2-L2-d4-seed42",
  "seed": 42,
  "model": "MPO2",
  "dataset": "iris",
  "task": "classification",
  "params": {
    "output_site": 1,
    "init_strength": 0.001,
    "batch_size": 32,
    "n_epochs": 10,
    "optimizer": "adamw",
    "rank": 5,
    "seeds": [
      42,
      7
    ],
    "model": "MPO2",
    "L": 2,
    "bond_dim": 4,
    "weight_decay": 0.1,
    "lr": 0.001
  },
  "train_loss": 2.6450025808805484,
  "train_quality": 0.22857142857142856,
  "val_loss": 2.175233223138603,
  "val_quality": 0.18181818181818182,
  "test_loss": 2.593545583560069,
  "test_quality": 0.21739130434782608,
  "best_epoch": 0,
  "success": true
}