{
  "run_id": "MPO2-L2-d4-seed7",
  "seed": 7,
  "model": "MPO2",
  "dataset": "iris",
  "task": "classification",
  "params": {
    "output_site": 1,
    "init_strength": 0.001,
    "batch_size": 32,
    "n_epochs": 10,
    "optimizer": "adamw",
    "rank": 5,
    "seeds": [
      42,
      7
    ],
    "model": "MPO2",
    "L": 2,
    "bond_dim": 4,
    "weight_decay": 0.1,
    "lr": 0.001
  },
  "train_loss": 2.9144739621128566,
  "train_quality": 0.2761904761904762,
  "val_loss": 3.24330890128178,
  "val_quality": 0.22727272727272727,
  "test_loss": 2.6928707858364076,
  "test_quality": 0.2608695652173913,
  "best_epoch": 0,
  "success": true
}