{
  "run_id": "MPO2-L3-d4-seed7",
  "seed": 7,
  "model": "MPO2",
  "dataset": "iris",
  "task": "classification",
  "params": {
    "output_site": 1,
    "init_strength": 0.001,
    "batch_size": 32,
    "n_epochs": 10,
    "optimizer": "adamw",
    "rank": 5,
    "seeds": [
      42,
      7
    ],
    "model": "MPO2",
    "L": 3,
    "bond_dim": 4,
    "weight_decay": 0.1,
    "lr": 0.001
  },
  "train_loss": 2.277168071390656,
  "train_quality": 0.1523809523809524,
  "val_loss": 2.0230308114566005,
  "val_quality": 0.3181818181818182,
  "test_loss": 1.9827238949879935,
  "test_quality": 0.391304347826087,
  "best_epoch": 9,
  "success": true
}