{
  "run_id": "MPO2-d8-seed1",
  "seed": 1,
  "model": "MPO2",
  "dataset": "iris",
  "task": "classification",
  "params": {
    "output_site": 1,
    "init_strength": 0.001,
    "L": 3,
    "n_epochs": 30,
    "batch_size": 32,
    "seeds": [
      0,
      1,
      2
    ],
    "verbose": false,
    "model": "MPO2",
    "bond_dim": 8,
    "lr": 0.001,
    "weight_decay": 0.01,
    "optimizer": "adam"
  },
  "train_loss": 0.38812068850915726,
  "train_quality": 0.819047619047619,
  "val_loss": 0.20044913398892297,
  "val_quality": 0.8636363636363636,
  "test_loss": 0.5186764501985239,
  "test_quality": 0.6956521739130435,
  "best_epoch": 1,
  "success": true
}