{
  "run_id": "MPO2-d8-seed2",
  "seed": 2,
  "model": "MPO2",
  "dataset": "iris",
  "task": "classification",
  "params": {
    "output_site": 1,
    "init_strength": 0.001,
    "L": 3,
    "n_epochs": 30,
    "batch_size": 32,
    "seeds": [
      0,
      1,
      2
    ],
    "verbose": false,
    "model": "MPO2",
    "bond_dim": 8,
    "lr": 0.001,
    "weight_decay": 0.01,
    "optimizer": "adam"
  },
  "train_loss": 0.44276722687388353,
  "train_quality": 0.8095238095238095,
  "val_loss": 0.2773290964307197,
  "val_quality": 0.9090909090909091,
  "test_loss": 0.6081982228913695,
  "test_quality": 0.6956521739130435,
  "best_epoch": 19,
  "success": true
}