{
  "run_id": "MPO2-L4-d8-jit5-seed123",
  "seed": 123,
  "model": "MPO2",
  "grid_params": {
    "model": "MPO2",
    "L": 4,
    "bond_dim": 8,
    "jitter_start": 5.0
  },
  "n_parameters": 1296,
  "train_loss": 0.021427701596434253,
  "train_quality": 0.36806049397690366,
  "val_loss": 0.020743107351231856,
  "val_quality": 0.3562483925479769,
  "test_loss": 0.017178892678242273,
  "test_quality": 0.38305041378357707,
  "success": true,
  "singular": false
}