{
  "run_id": "MPO2-L4-d8-jit0.1-seed999",
  "seed": 999,
  "model": "MPO2",
  "grid_params": {
    "model": "MPO2",
    "L": 4,
    "bond_dim": 8,
    "jitter_start": 0.1
  },
  "n_parameters": 1296,
  "train_loss": 0.020300511425143858,
  "train_quality": 0.4013032567078294,
  "val_loss": 0.021274661850590723,
  "val_quality": 0.3397518736023569,
  "test_loss": 0.016382599930815107,
  "test_quality": 0.41164786125785713,
  "success": true,
  "singular": false
}