{
  "run_id": "MPO2-L3-d16-jit0.1-seed256",
  "seed": 256,
  "model": "MPO2",
  "grid_params": {
    "model": "MPO2",
    "L": 3,
    "bond_dim": 16,
    "jitter_start": 0.1
  },
  "n_parameters": 2592,
  "train_loss": 0.020326771215330677,
  "train_quality": 0.4005288106589031,
  "val_loss": 0.020899637570717538,
  "val_quality": 0.3513905581501453,
  "test_loss": 0.016810684626369227,
  "test_quality": 0.3962739555740409,
  "success": true,
  "singular": false
}