{
  "run_id": "MPO2-L4-d8-jit0.1-seed256",
  "seed": 256,
  "model": "MPO2",
  "grid_params": {
    "model": "MPO2",
    "L": 4,
    "bond_dim": 8,
    "jitter_start": 0.1
  },
  "n_parameters": 1296,
  "train_loss": 0.01958331098334638,
  "train_quality": 0.4224547222940621,
  "val_loss": 0.02102096082373726,
  "val_quality": 0.34762535374608505,
  "test_loss": 0.0161924191763104,
  "test_quality": 0.41847786712584956,
  "success": true,
  "singular": false
}