{
  "run_id": "MPO2-L3-d16-jit0.1-seed123",
  "seed": 123,
  "model": "MPO2",
  "grid_params": {
    "model": "MPO2",
    "L": 3,
    "bond_dim": 16,
    "jitter_start": 0.1
  },
  "n_parameters": 2592,
  "train_loss": 0.01910140107882968,
  "train_quality": 0.436667068197675,
  "val_loss": 0.02081510087496404,
  "val_quality": 0.3540141107769781,
  "test_loss": 0.016311904113717825,
  "test_quality": 0.4141867766537628,
  "success": true,
  "singular": false
}