{
  "run_id": "MPO2-L3-d8-jit0.1-seed999",
  "seed": 999,
  "model": "MPO2",
  "grid_params": {
    "model": "MPO2",
    "L": 3,
    "bond_dim": 8,
    "jitter_start": 0.1
  },
  "n_parameters": 720,
  "train_loss": 0.019702129841940155,
  "train_quality": 0.4189505512812236,
  "val_loss": 0.020809156902667388,
  "val_quality": 0.3541985788827362,
  "test_loss": 0.01657670815723934,
  "test_quality": 0.4046768071732533,
  "success": true,
  "singular": false
}