{
  "run_id": "MPO2-L3-d8-jit0.1-seed256",
  "seed": 256,
  "model": "MPO2",
  "grid_params": {
    "model": "MPO2",
    "L": 3,
    "bond_dim": 8,
    "jitter_start": 0.1
  },
  "n_parameters": 720,
  "train_loss": 0.01939782819358518,
  "train_quality": 0.42792492645991553,
  "val_loss": 0.0206312334361628,
  "val_quality": 0.35972034163632693,
  "test_loss": 0.01634790835224754,
  "test_quality": 0.4128937480238628,
  "success": true,
  "singular": false
}