{
  "run_id": "MPO2-L3-d12-jit5-seed7",
  "seed": 7,
  "model": "MPO2",
  "grid_params": {
    "model": "MPO2",
    "L": 3,
    "bond_dim": 12,
    "jitter_start": 5.0
  },
  "n_parameters": 1512,
  "train_loss": 0.01940368817735202,
  "train_quality": 0.42775210553321674,
  "val_loss": 0.02084086237448941,
  "val_quality": 0.35321461596412185,
  "test_loss": 0.016431658674611837,
  "test_quality": 0.4098860031304107,
  "success": true,
  "singular": false
}