{
  "run_id": "MPO2-L3-d12-jit5-seed123",
  "seed": 123,
  "model": "MPO2",
  "grid_params": {
    "model": "MPO2",
    "L": 3,
    "bond_dim": 12,
    "jitter_start": 5.0
  },
  "n_parameters": 1512,
  "train_loss": 0.01946049720266035,
  "train_quality": 0.42607671038038464,
  "val_loss": 0.020810517382823412,
  "val_quality": 0.35415635708479065,
  "test_loss": 0.016493444425767282,
  "test_quality": 0.40766707701431115,
  "success": true,
  "singular": false
}