{
  "run_id": "MPO2-L3-d12-jit0.1-seed42",
  "seed": 42,
  "model": "MPO2",
  "grid_params": {
    "model": "MPO2",
    "L": 3,
    "bond_dim": 12,
    "jitter_start": 0.1
  },
  "n_parameters": 1512,
  "train_loss": 0.020100647699754594,
  "train_quality": 0.40719757921955624,
  "val_loss": 0.02058857860551683,
  "val_quality": 0.36104411224258115,
  "test_loss": 0.016582600837601727,
  "test_quality": 0.4044651819667062,
  "success": true,
  "singular": false
}