{
  "run_id": "MPO2-L3-d16-jit0.1-seed7",
  "seed": 7,
  "model": "MPO2",
  "grid_params": {
    "model": "MPO2",
    "L": 3,
    "bond_dim": 16,
    "jitter_start": 0.1
  },
  "n_parameters": 2592,
  "train_loss": 0.020274040959504153,
  "train_quality": 0.40208391593557125,
  "val_loss": 0.020728755874120694,
  "val_quality": 0.3566937832169439,
  "test_loss": 0.01673143650880622,
  "test_quality": 0.3991200117346251,
  "success": true,
  "singular": false
}