{
  "run_id": "MPO2-L3-d8-jit0.1-seed42",
  "seed": 42,
  "model": "MPO2",
  "grid_params": {
    "model": "MPO2",
    "L": 3,
    "bond_dim": 8,
    "jitter_start": 0.1
  },
  "n_parameters": 720,
  "train_loss": 0.019461757942915606,
  "train_quality": 0.4260395289976524,
  "val_loss": 0.020661059724895542,
  "val_quality": 0.358794698192897,
  "test_loss": 0.016309385942193326,
  "test_quality": 0.4142772123360364,
  "success": true,
  "singular": false
}