{
  "run_id": "MPO2-L3-d16-jit5-seed123",
  "seed": 123,
  "model": "MPO2",
  "grid_params": {
    "model": "MPO2",
    "L": 3,
    "bond_dim": 16,
    "jitter_start": 5.0
  },
  "n_parameters": 2592,
  "train_loss": 0.019106920713075768,
  "train_quality": 0.43650428475946057,
  "val_loss": 0.020957050648187217,
  "val_quality": 0.3496087729872933,
  "test_loss": 0.016325872091037568,
  "test_quality": 0.41368514142097446,
  "success": true,
  "singular": false
}