{
  "run_id": "MPO2-L4-d12-jit5-seed7",
  "seed": 7,
  "model": "MPO2",
  "grid_params": {
    "model": "MPO2",
    "L": 4,
    "bond_dim": 12,
    "jitter_start": 5.0
  },
  "n_parameters": 2808,
  "train_loss": 0.02091185891468286,
  "train_quality": 0.3832735754184452,
  "val_loss": 0.02073272535786334,
  "val_quality": 0.35657059234217214,
  "test_loss": 0.01694073624390944,
  "test_quality": 0.39160338144967766,
  "success": true,
  "singular": false
}