{
  "run_id": "MPO2-L3-d8-jit5-seed7",
  "seed": 7,
  "model": "MPO2",
  "grid_params": {
    "model": "MPO2",
    "L": 3,
    "bond_dim": 8,
    "jitter_start": 5.0
  },
  "n_parameters": 720,
  "train_loss": 0.019145062234677268,
  "train_quality": 0.4353794261640882,
  "val_loss": 0.020858416068656387,
  "val_quality": 0.3526698461451466,
  "test_loss": 0.01639283840848725,
  "test_quality": 0.4112801644172269,
  "success": true,
  "singular": false
}