{
  "run_id": "MPO2-L4-d12-jit5-seed42",
  "seed": 42,
  "model": "MPO2",
  "grid_params": {
    "model": "MPO2",
    "L": 4,
    "bond_dim": 12,
    "jitter_start": 5.0
  },
  "n_parameters": 2808,
  "train_loss": 0.021696394492234622,
  "train_quality": 0.3601362817099073,
  "val_loss": 0.020624196832435954,
  "val_quality": 0.35993871899336694,
  "test_loss": 0.01745085851442866,
  "test_quality": 0.37328324116990175,
  "success": true,
  "singular": false
}