{
  "run_id": "MPO2-L4-d8-jit0.1-seed42",
  "seed": 42,
  "model": "MPO2",
  "grid_params": {
    "model": "MPO2",
    "L": 4,
    "bond_dim": 8,
    "jitter_start": 0.1
  },
  "n_parameters": 1296,
  "train_loss": 0.019591488883893286,
  "train_quality": 0.42221354204387707,
  "val_loss": 0.021288715926018224,
  "val_quality": 0.3393157126408137,
  "test_loss": 0.016455722077226634,
  "test_quality": 0.4090218085304317,
  "success": true,
  "singular": false
}