{
  "run_id": "MPO2TypeI-L3-d8-jit5-seed999",
  "seed": 999,
  "model": "MPO2TypeI",
  "grid_params": {
    "model": "MPO2TypeI",
    "L": 3,
    "bond_dim": 8,
    "jitter_start": 5.0
  },
  "n_parameters": 873,
  "train_loss": 0.020084427053015826,
  "train_quality": 0.40767595378723154,
  "val_loss": 0.02085995528829605,
  "val_quality": 0.3526220772597778,
  "test_loss": 0.01692719993914352,
  "test_quality": 0.39208951392519,
  "success": true,
  "singular": false
}