{
  "run_id": "MPO2-L3-d16-jit0.1-seed999",
  "seed": 999,
  "model": "MPO2",
  "grid_params": {
    "model": "MPO2",
    "L": 3,
    "bond_dim": 16,
    "jitter_start": 0.1
  },
  "n_parameters": 2592,
  "train_loss": 0.020438796270949546,
  "train_quality": 0.3972250004956246,
  "val_loss": 0.02072018602601084,
  "val_quality": 0.35695974402035324,
  "test_loss": 0.016817319458340838,
  "test_quality": 0.39603567730336486,
  "success": true,
  "singular": false
}