{
  "run_id": "MPO2-L3-d8-jit5-seed123",
  "seed": 123,
  "model": "MPO2",
  "grid_params": {
    "model": "MPO2",
    "L": 3,
    "bond_dim": 8,
    "jitter_start": 5.0
  },
  "n_parameters": 720,
  "train_loss": 0.01985741901854325,
  "train_quality": 0.41437080832038153,
  "val_loss": 0.02078988988327068,
  "val_quality": 0.35479652086401336,
  "test_loss": 0.016771077634210405,
  "test_quality": 0.3976963707367255,
  "success": true,
  "singular": false
}