{
  "run_id": "MPO2-L3-d12-jit0.1-seed123",
  "seed": 123,
  "model": "MPO2",
  "grid_params": {
    "model": "MPO2",
    "L": 3,
    "bond_dim": 12,
    "jitter_start": 0.1
  },
  "n_parameters": 1512,
  "train_loss": 0.019161268643343592,
  "train_quality": 0.4349014715014795,
  "val_loss": 0.020736992214145114,
  "val_quality": 0.356438172664462,
  "test_loss": 0.016320256987543743,
  "test_quality": 0.41388679794459116,
  "success": true,
  "singular": false
}