{
  "run_id": "MPO2-L3-d8-jit5-seed256",
  "seed": 256,
  "model": "MPO2",
  "grid_params": {
    "model": "MPO2",
    "L": 3,
    "bond_dim": 8,
    "jitter_start": 5.0
  },
  "n_parameters": 720,
  "train_loss": 0.019729563986432636,
  "train_quality": 0.41814147151871517,
  "val_loss": 0.02064330644116888,
  "val_quality": 0.359345662170621,
  "test_loss": 0.016555431162788396,
  "test_quality": 0.40544093284586213,
  "success": true,
  "singular": false
}