{
  "run_id": "MPO2-L3-d16-jit0.1-seed7",
  "seed": 7,
  "model": "MPO2",
  "grid_params": {
    "model": "MPO2",
    "L": 3,
    "bond_dim": 16,
    "jitter_start": 0.1
  },
  "n_parameters": 2592,
  "train_loss": 0.02027404095950425,
  "train_quality": 0.40208391593556836,
  "val_loss": 0.020728755874120743,
  "val_quality": 0.35669378321694245,
  "test_loss": 0.016731436508806267,
  "test_quality": 0.3991200117346235,
  "success": true,
  "singular": false
}