{
  "run_id": "MPO2-L3-d8-jit5-seed123",
  "seed": 123,
  "model": "MPO2",
  "grid_params": {
    "model": "MPO2",
    "L": 3,
    "bond_dim": 8,
    "jitter_start": 5.0
  },
  "n_parameters": 720,
  "train_loss": 0.01985741901854335,
  "train_quality": 0.41437080832037865,
  "val_loss": 0.020789889883270726,
  "val_quality": 0.3547965208640119,
  "test_loss": 0.016771077634210395,
  "test_quality": 0.3976963707367258,
  "success": true,
  "singular": false
}