{
  "run_id": "MPO2-L3-d16-jit5-seed999",
  "seed": 999,
  "model": "MPO2",
  "grid_params": {
    "model": "MPO2",
    "L": 3,
    "bond_dim": 16,
    "jitter_start": 5.0
  },
  "n_parameters": 2592,
  "train_loss": 0.019881300305827063,
  "train_quality": 0.4136665083831528,
  "val_loss": 0.020790096354650584,
  "val_quality": 0.3547901131315335,
  "test_loss": 0.016583757587344053,
  "test_quality": 0.40442363934296155,
  "success": true,
  "singular": false
}