{
  "run_id": "MPO2-L3-d12-jit5-seed256",
  "seed": 256,
  "model": "MPO2",
  "grid_params": {
    "model": "MPO2",
    "L": 3,
    "bond_dim": 12,
    "jitter_start": 5.0
  },
  "n_parameters": 1512,
  "train_loss": 0.019231550617161773,
  "train_quality": 0.4328287360931994,
  "val_loss": 0.020875256881535912,
  "val_quality": 0.3521472002281958,
  "test_loss": 0.016355504319464618,
  "test_quality": 0.41262095227856876,
  "success": true,
  "singular": false
}