{
  "run_id": "MPO2TypeI-L3-d12-jit5-seed123",
  "seed": 123,
  "model": "MPO2TypeI",
  "grid_params": {
    "model": "MPO2TypeI",
    "L": 3,
    "bond_dim": 12,
    "jitter_start": 5.0
  },
  "n_parameters": 1737,
  "train_loss": 0.01906380772967097,
  "train_quality": 0.43777576025175235,
  "val_loss": 0.02084410469511737,
  "val_quality": 0.35311399222049544,
  "test_loss": 0.016340958776855673,
  "test_quality": 0.4131433297485234,
  "success": true,
  "singular": false
}