{
  "run_id": "MPO2-L3-d8-jit5-seed999",
  "seed": 999,
  "model": "MPO2",
  "grid_params": {
    "model": "MPO2",
    "L": 3,
    "bond_dim": 8,
    "jitter_start": 5.0
  },
  "n_parameters": 720,
  "train_loss": 0.019838286252013837,
  "train_quality": 0.41493506627287546,
  "val_loss": 0.020790524798061562,
  "val_quality": 0.35477681661188254,
  "test_loss": 0.01672854531568171,
  "test_quality": 0.3992238438287681,
  "success": true,
  "singular": false
}