{
  "run_id": "MPO2-L3-d12-jit5-seed999",
  "seed": 999,
  "model": "MPO2",
  "grid_params": {
    "model": "MPO2",
    "L": 3,
    "bond_dim": 12,
    "jitter_start": 5.0
  },
  "n_parameters": 1512,
  "train_loss": 0.019262031842882332,
  "train_quality": 0.43192979270264764,
  "val_loss": 0.020806017070863984,
  "val_quality": 0.3542960219387039,
  "test_loss": 0.016369216391660578,
  "test_quality": 0.4121285074262774,
  "success": true,
  "singular": false
}