{
  "run_id": "MPO2TypeI-L3-d8-jit5-seed7",
  "seed": 7,
  "model": "MPO2TypeI",
  "grid_params": {
    "model": "MPO2TypeI",
    "L": 3,
    "bond_dim": 8,
    "jitter_start": 5.0
  },
  "n_parameters": 873,
  "train_loss": 0.019201002260249955,
  "train_quality": 0.433729659297202,
  "val_loss": 0.020764761100940787,
  "val_quality": 0.35557637962597555,
  "test_loss": 0.016288280464483315,
  "test_quality": 0.4150351782878572,
  "success": true,
  "singular": false
}