{
  "run_id": "MPO2-L3-d16-jit5-seed42",
  "seed": 42,
  "model": "MPO2",
  "grid_params": {
    "model": "MPO2",
    "L": 3,
    "bond_dim": 16,
    "jitter_start": 5.0
  },
  "n_parameters": 2592,
  "train_loss": 0.019835396366153314,
  "train_quality": 0.41502029394113193,
  "val_loss": 0.020681695376091682,
  "val_quality": 0.3581542814316375,
  "test_loss": 0.01665067307319187,
  "test_quality": 0.4020204878664073,
  "success": true,
  "singular": false
}