{
  "run_id": "MPO2-L3-d16-jit5-seed999",
  "seed": 999,
  "model": "MPO2",
  "grid_params": {
    "model": "MPO2",
    "L": 3,
    "bond_dim": 16,
    "jitter_start": 5.0
  },
  "n_parameters": 2592,
  "train_loss": 0.019881300305826785,
  "train_quality": 0.4136665083831609,
  "val_loss": 0.02079009635465027,
  "val_quality": 0.3547901131315434,
  "test_loss": 0.01658375758734396,
  "test_quality": 0.4044236393429649,
  "success": true,
  "singular": false
}