{
  "run_id": "MPO2-L3-d8-jit0.1-seed123",
  "seed": 123,
  "model": "MPO2",
  "grid_params": {
    "model": "MPO2",
    "L": 3,
    "bond_dim": 8,
    "jitter_start": 0.1
  },
  "n_parameters": 720,
  "train_loss": 0.019505864766827537,
  "train_quality": 0.42473874345190854,
  "val_loss": 0.020581820682108877,
  "val_quality": 0.3612538409000693,
  "test_loss": 0.016354280518136918,
  "test_quality": 0.4126649029415641,
  "success": true,
  "singular": false
}