{
  "run_id": "MPO2-L4-d8-jit5-seed256",
  "seed": 256,
  "model": "MPO2",
  "grid_params": {
    "model": "MPO2",
    "L": 4,
    "bond_dim": 8,
    "jitter_start": 5.0
  },
  "n_parameters": 1296,
  "train_loss": 0.02163271302109804,
  "train_quality": 0.3620143570243205,
  "val_loss": 0.020823912549207558,
  "val_quality": 0.353740645024593,
  "test_loss": 0.01730801542312758,
  "test_quality": 0.37841319847987964,
  "success": true,
  "singular": false
}