{
  "run_id": "MPO2-L3-d8-jit5-seed42",
  "seed": 42,
  "model": "MPO2",
  "grid_params": {
    "model": "MPO2",
    "L": 3,
    "bond_dim": 8,
    "jitter_start": 5.0
  },
  "n_parameters": 720,
  "train_loss": 0.01973730250872961,
  "train_quality": 0.41791324928332096,
  "val_loss": 0.020894042896954398,
  "val_quality": 0.35156418595658767,
  "test_loss": 0.016566080446044722,
  "test_quality": 0.4050584826483117,
  "success": true,
  "singular": false
}