{
  "run_id": "MPO2-L4-d8-jit5-seed7",
  "seed": 7,
  "model": "MPO2",
  "grid_params": {
    "model": "MPO2",
    "L": 4,
    "bond_dim": 8,
    "jitter_start": 5.0
  },
  "n_parameters": 1296,
  "train_loss": 0.021603849463980744,
  "train_quality": 0.36286559260573303,
  "val_loss": 0.02073979746552966,
  "val_quality": 0.3563511131387347,
  "test_loss": 0.01727222067471962,
  "test_quality": 0.37969870364209446,
  "success": true,
  "singular": false
}