{
  "run_id": "MPO2TypeI-L3-d8-jit5-seed42",
  "seed": 42,
  "model": "MPO2TypeI",
  "grid_params": {
    "model": "MPO2TypeI",
    "L": 3,
    "bond_dim": 8,
    "jitter_start": 5.0
  },
  "n_parameters": 873,
  "train_loss": 0.01983582984294394,
  "train_quality": 0.4150075099704523,
  "val_loss": 0.020805745202340402,
  "val_quality": 0.3543044592377116,
  "test_loss": 0.01667543773975229,
  "test_quality": 0.4011311086105146,
  "success": true,
  "singular": false
}