{
  "run_id": "LMPO2-L4-d8-rf0.3-seed256",
  "seed": 256,
  "model": "LMPO2",
  "dataset": "iris",
  "task": "classification",
  "params": {
    "init_strength": 0.01,
    "bond_dim_mpo": 2,
    "batch_size": 64,
    "n_epochs": 1000,
    "patience": 40,
    "min_delta": 1e-08,
    "optimizer": "adamw",
    "seeds": [
      42,
      7,
      123,
      256,
      999
    ],
    "model": "LMPO2",
    "L": 4,
    "bond_dim": 8,
    "lr": 0.001,
    "reduction_factor": 0.3
  },
  "n_parameters": 416,
  "train_loss": 0.33570337772889036,
  "train_quality": 0.8571428571428571,
  "val_loss": 0.26809818898898624,
  "val_quality": 0.9090909090909091,
  "test_loss": 7.24654737928239,
  "test_quality": 0.782608695652174,
  "best_epoch": 464,
  "stopped_early": false,
  "patience_counter": 0,
  "success": true
}