{
  "run_id": "LMPO2-L3-d12-rf0.1-seed256",
  "seed": 256,
  "model": "LMPO2",
  "dataset": "iris",
  "task": "classification",
  "params": {
    "init_strength": 0.01,
    "bond_dim_mpo": 2,
    "batch_size": 64,
    "n_epochs": 1000,
    "patience": 40,
    "min_delta": 1e-08,
    "optimizer": "adamw",
    "seeds": [
      42,
      7,
      123,
      256,
      999
    ],
    "model": "LMPO2",
    "L": 3,
    "bond_dim": 12,
    "lr": 0.001,
    "reduction_factor": 0.1
  },
  "n_parameters": 448,
  "train_loss": 0.19992133762775338,
  "train_quality": 0.8952380952380953,
  "val_loss": 0.15968164068883767,
  "val_quality": 0.8636363636363636,
  "test_loss": 0.40514554390163626,
  "test_quality": 0.8695652173913043,
  "best_epoch": 5,
  "stopped_early": false,
  "patience_counter": 5,
  "success": true
}