{
  "run_id": "LMPO2-L3-d8-rf0.1-seed123",
  "seed": 123,
  "model": "LMPO2",
  "dataset": "iris",
  "task": "classification",
  "params": {
    "init_strength": 0.01,
    "bond_dim_mpo": 2,
    "batch_size": 64,
    "n_epochs": 1000,
    "patience": 40,
    "min_delta": 1e-08,
    "optimizer": "adamw",
    "seeds": [
      42,
      7,
      123,
      256,
      999
    ],
    "model": "LMPO2",
    "L": 3,
    "bond_dim": 8,
    "lr": 0.001,
    "reduction_factor": 0.1
  },
  "n_parameters": 256,
  "train_loss": 0.21893598773239917,
  "train_quality": 0.8857142857142857,
  "val_loss": 0.14509857386981415,
  "val_quality": 0.9090909090909091,
  "test_loss": 0.40608776965312826,
  "test_quality": 0.8695652173913043,
  "best_epoch": 105,
  "stopped_early": false,
  "patience_counter": 0,
  "success": true
}