{
  "run_id": "LMPO2-L3-d12-rf0.5-seed123",
  "seed": 123,
  "model": "LMPO2",
  "dataset": "iris",
  "task": "classification",
  "params": {
    "init_strength": 0.01,
    "bond_dim_mpo": 2,
    "batch_size": 64,
    "n_epochs": 1000,
    "patience": 40,
    "min_delta": 1e-08,
    "optimizer": "adamw",
    "seeds": [
      42,
      7,
      123,
      256,
      999
    ],
    "model": "LMPO2",
    "L": 3,
    "bond_dim": 12,
    "lr": 0.001,
    "reduction_factor": 0.5
  },
  "n_parameters": 448,
  "train_loss": 0.1970582420034521,
  "train_quality": 0.8857142857142857,
  "val_loss": 0.1402272089597932,
  "val_quality": 0.9090909090909091,
  "test_loss": 0.3116642124827764,
  "test_quality": 0.8695652173913043,
  "best_epoch": 13,
  "stopped_early": false,
  "patience_counter": 6,
  "success": true
}