{
  "run_id": "LMPO2-L4-d12-rf0.5-seed42",
  "seed": 42,
  "model": "LMPO2",
  "dataset": "iris",
  "task": "classification",
  "params": {
    "output_site": 1,
    "init_strength": 0.01,
    "reduction_factor": 0.5,
    "rank": 5,
    "batch_size": 64,
    "n_epochs": 1000,
    "patience": 40,
    "min_delta": 1e-08,
    "optimizer": "adamw",
    "seeds": [
      42,
      7,
      123,
      256,
      999
    ],
    "model": "LMPO2",
    "L": 4,
    "bond_dim": 12,
    "lr": 0.01
  },
  "n_parameters": 9240,
  "train_loss": 0.24926057694263537,
  "train_quality": 0.9047619047619048,
  "val_loss": 0.21090821544062405,
  "val_quality": 0.9545454545454546,
  "test_loss": 2.4295577003949766,
  "test_quality": 0.782608695652174,
  "best_epoch": 133,
  "stopped_early": true,
  "patience_counter": 40,
  "success": true
}