{
  "run_id": "LMPO2-L4-d12-rf0.3-seed7",
  "seed": 7,
  "model": "LMPO2",
  "dataset": "iris",
  "task": "classification",
  "params": {
    "init_strength": 0.01,
    "bond_dim_mpo": 2,
    "batch_size": 64,
    "n_epochs": 1000,
    "patience": 40,
    "min_delta": 1e-08,
    "optimizer": "adamw",
    "seeds": [
      42,
      7,
      123,
      256,
      999
    ],
    "model": "LMPO2",
    "L": 4,
    "bond_dim": 12,
    "lr": 0.001,
    "reduction_factor": 0.3
  },
  "n_parameters": 768,
  "train_loss": 0.37205638129010105,
  "train_quality": 0.8285714285714286,
  "val_loss": 0.23652697615872362,
  "val_quality": 0.9090909090909091,
  "test_loss": 4.650843975260135,
  "test_quality": 0.6956521739130435,
  "best_epoch": 391,
  "stopped_early": true,
  "patience_counter": 40,
  "success": true
}