{
  "run_id": "LMPO2-L3-d16-rf0.3-seed256",
  "seed": 256,
  "model": "LMPO2",
  "dataset": "iris",
  "task": "classification",
  "params": {
    "init_strength": 0.01,
    "bond_dim_mpo": 2,
    "batch_size": 64,
    "n_epochs": 1000,
    "patience": 40,
    "min_delta": 1e-08,
    "optimizer": "adamw",
    "seeds": [
      42,
      7,
      123,
      256,
      999
    ],
    "model": "LMPO2",
    "L": 3,
    "bond_dim": 16,
    "lr": 0.001,
    "reduction_factor": 0.3
  },
  "n_parameters": 704,
  "train_loss": 0.17620051889014177,
  "train_quality": 0.9333333333333333,
  "val_loss": 0.1554411962040379,
  "val_quality": 0.9545454545454546,
  "test_loss": 0.5717270874151893,
  "test_quality": 0.8695652173913043,
  "best_epoch": 0,
  "stopped_early": true,
  "patience_counter": 40,
  "success": true
}