{
  "run_id": "LMPO2-L4-d12-rf0.1-seed256",
  "seed": 256,
  "model": "LMPO2",
  "dataset": "iris",
  "task": "classification",
  "params": {
    "init_strength": 0.01,
    "bond_dim_mpo": 2,
    "batch_size": 64,
    "n_epochs": 1000,
    "patience": 40,
    "min_delta": 1e-08,
    "optimizer": "adamw",
    "seeds": [
      42,
      7,
      123,
      256,
      999
    ],
    "model": "LMPO2",
    "L": 4,
    "bond_dim": 12,
    "lr": 0.001,
    "reduction_factor": 0.1
  },
  "n_parameters": 768,
  "train_loss": 0.3449866068579472,
  "train_quality": 0.8380952380952381,
  "val_loss": 0.28294057735923733,
  "val_quality": 0.9090909090909091,
  "test_loss": 6.918359414778066,
  "test_quality": 0.782608695652174,
  "best_epoch": 177,
  "stopped_early": true,
  "patience_counter": 40,
  "success": true
}