{
  "run_id": "LMPO2-L4-d16-rf0.1-seed123",
  "seed": 123,
  "model": "LMPO2",
  "dataset": "iris",
  "task": "classification",
  "params": {
    "init_strength": 0.01,
    "bond_dim_mpo": 2,
    "batch_size": 64,
    "n_epochs": 1000,
    "patience": 40,
    "min_delta": 1e-08,
    "optimizer": "adamw",
    "seeds": [
      42,
      7,
      123,
      256,
      999
    ],
    "model": "LMPO2",
    "L": 4,
    "bond_dim": 16,
    "lr": 0.001,
    "reduction_factor": 0.1
  },
  "n_parameters": 1248,
  "train_loss": 0.3505642077656151,
  "train_quality": 0.8666666666666667,
  "val_loss": 0.27616055333528994,
  "val_quality": 0.8636363636363636,
  "test_loss": 2.7838785944054907,
  "test_quality": 0.782608695652174,
  "best_epoch": 649,
  "stopped_early": true,
  "patience_counter": 40,
  "success": true
}