{
  "run_id": "LMPO2-L3-d16-rf0.1-seed42",
  "seed": 42,
  "model": "LMPO2",
  "dataset": "iris",
  "task": "classification",
  "params": {
    "init_strength": 0.01,
    "bond_dim_mpo": 2,
    "batch_size": 64,
    "n_epochs": 1000,
    "patience": 40,
    "min_delta": 1e-08,
    "optimizer": "adamw",
    "seeds": [
      42,
      7,
      123,
      256,
      999
    ],
    "model": "LMPO2",
    "L": 3,
    "bond_dim": 16,
    "lr": 0.001,
    "reduction_factor": 0.1
  },
  "n_parameters": 704,
  "train_loss": 0.22149957275031737,
  "train_quality": 0.8857142857142857,
  "val_loss": 0.14001837377582455,
  "val_quality": 0.9090909090909091,
  "test_loss": 0.48160937003457666,
  "test_quality": 0.8695652173913043,
  "best_epoch": 8,
  "stopped_early": false,
  "patience_counter": 3,
  "success": true
}