{
  "run_id": "LMPO2-L3-d16-rf0.3-seed7",
  "seed": 7,
  "model": "LMPO2",
  "dataset": "iris",
  "task": "classification",
  "params": {
    "output_site": 1,
    "init_strength": 0.01,
    "reduction_factor": 0.3,
    "rank": 5,
    "batch_size": 64,
    "n_epochs": 1000,
    "patience": 40,
    "min_delta": 1e-08,
    "optimizer": "adamw",
    "seeds": [
      42,
      7,
      123,
      256,
      999
    ],
    "model": "LMPO2",
    "L": 3,
    "bond_dim": 16,
    "lr": 0.01
  },
  "n_parameters": 9760,
  "train_loss": 0.1694606296464867,
  "train_quality": 0.9142857142857143,
  "val_loss": 0.14750787520342912,
  "val_quality": 0.9545454545454546,
  "test_loss": 0.33830796550938014,
  "test_quality": 0.8695652173913043,
  "best_epoch": 56,
  "stopped_early": true,
  "patience_counter": 40,
  "success": true
}