{
  "run_id": "LMPO2-L4-d8-rf0.5-seed123",
  "seed": 123,
  "model": "LMPO2",
  "dataset": "iris",
  "task": "classification",
  "params": {
    "output_site": 1,
    "init_strength": 0.01,
    "reduction_factor": 0.5,
    "rank": 5,
    "batch_size": 64,
    "n_epochs": 1000,
    "patience": 40,
    "min_delta": 1e-08,
    "optimizer": "adamw",
    "seeds": [
      42,
      7,
      123,
      256,
      999
    ],
    "model": "LMPO2",
    "L": 4,
    "bond_dim": 8,
    "lr": 0.01
  },
  "n_parameters": 4240,
  "train_loss": 0.3169934521461761,
  "train_quality": 0.8761904761904762,
  "val_loss": 0.23682617471418385,
  "val_quality": 0.9090909090909091,
  "test_loss": 0.34823228326451033,
  "test_quality": 0.8695652173913043,
  "best_epoch": 60,
  "stopped_early": true,
  "patience_counter": 40,
  "success": true
}