{
  "run_id": "LMPO2-L3-d12-rf0.1-seed7",
  "seed": 7,
  "model": "LMPO2",
  "dataset": "iris",
  "task": "classification",
  "params": {
    "init_strength": 0.01,
    "bond_dim_mpo": 2,
    "batch_size": 64,
    "n_epochs": 1000,
    "patience": 40,
    "min_delta": 1e-08,
    "optimizer": "adamw",
    "seeds": [
      42,
      7,
      123,
      256,
      999
    ],
    "model": "LMPO2",
    "L": 3,
    "bond_dim": 12,
    "lr": 0.001,
    "reduction_factor": 0.1
  },
  "n_parameters": 448,
  "train_loss": 0.18368916991813233,
  "train_quality": 0.9333333333333333,
  "val_loss": 0.18637842836873816,
  "val_quality": 0.9090909090909091,
  "test_loss": 1.4090223951225394,
  "test_quality": 0.8260869565217391,
  "best_epoch": 110,
  "stopped_early": false,
  "patience_counter": 10,
  "success": true
}