{
  "run_id": "LMPO2-L4-d8-rf0.1-seed999",
  "seed": 999,
  "model": "LMPO2",
  "dataset": "iris",
  "task": "classification",
  "params": {
    "init_strength": 0.01,
    "bond_dim_mpo": 2,
    "batch_size": 64,
    "n_epochs": 1000,
    "patience": 40,
    "min_delta": 1e-08,
    "optimizer": "adamw",
    "seeds": [
      42,
      7,
      123,
      256,
      999
    ],
    "model": "LMPO2",
    "L": 4,
    "bond_dim": 8,
    "lr": 0.001,
    "reduction_factor": 0.1
  },
  "n_parameters": 416,
  "train_loss": 0.32604162353311145,
  "train_quality": 0.8571428571428571,
  "val_loss": 0.27754899343118833,
  "val_quality": 0.9545454545454546,
  "test_loss": 0.495285682080366,
  "test_quality": 0.782608695652174,
  "best_epoch": 860,
  "stopped_early": true,
  "patience_counter": 40,
  "success": true
}