{
  "run_id": "LMPO2-L4-d16-rf0.1-seed256",
  "seed": 256,
  "model": "LMPO2",
  "dataset": "iris",
  "task": "classification",
  "params": {
    "output_site": 1,
    "init_strength": 0.01,
    "reduction_factor": 0.1,
    "rank": 5,
    "batch_size": 64,
    "n_epochs": 1000,
    "patience": 40,
    "min_delta": 1e-08,
    "optimizer": "adamw",
    "seeds": [
      42,
      7,
      123,
      256,
      999
    ],
    "model": "LMPO2",
    "L": 4,
    "bond_dim": 16,
    "lr": 0.01
  },
  "n_parameters": 16160,
  "train_loss": 0.2855090081845244,
  "train_quality": 0.8857142857142857,
  "val_loss": 0.27518704709933767,
  "val_quality": 0.9545454545454546,
  "test_loss": 0.7684555120882157,
  "test_quality": 0.7391304347826086,
  "best_epoch": 115,
  "stopped_early": true,
  "patience_counter": 40,
  "success": true
}