{
  "run_id": "LMPO2-L4-d12-rf0.1-seed999",
  "seed": 999,
  "model": "LMPO2",
  "dataset": "iris",
  "task": "classification",
  "params": {
    "output_site": 1,
    "init_strength": 0.01,
    "reduction_factor": 0.1,
    "rank": 5,
    "batch_size": 64,
    "n_epochs": 1000,
    "patience": 40,
    "min_delta": 1e-08,
    "optimizer": "adamw",
    "seeds": [
      42,
      7,
      123,
      256,
      999
    ],
    "model": "LMPO2",
    "L": 4,
    "bond_dim": 12,
    "lr": 0.01
  },
  "n_parameters": 9240,
  "train_loss": 0.23796722108138782,
  "train_quality": 0.9047619047619048,
  "val_loss": 0.21833822662942035,
  "val_quality": 0.9545454545454546,
  "test_loss": 2.405689114365434,
  "test_quality": 0.7391304347826086,
  "best_epoch": 143,
  "stopped_early": true,
  "patience_counter": 40,
  "success": true
}