{
  "run_id": "LMPO2-L4-d12-rf0.3-seed42",
  "seed": 42,
  "model": "LMPO2",
  "dataset": "iris",
  "task": "classification",
  "params": {
    "init_strength": 0.01,
    "bond_dim_mpo": 2,
    "batch_size": 64,
    "n_epochs": 1000,
    "patience": 40,
    "min_delta": 1e-08,
    "optimizer": "adamw",
    "seeds": [
      42,
      7,
      123,
      256,
      999
    ],
    "model": "LMPO2",
    "L": 4,
    "bond_dim": 12,
    "lr": 0.001,
    "reduction_factor": 0.3
  },
  "n_parameters": 768,
  "train_loss": 0.33843672859637086,
  "train_quality": 0.8571428571428571,
  "val_loss": 0.2319390136540929,
  "val_quality": 0.8636363636363636,
  "test_loss": 4.735805053243866,
  "test_quality": 0.782608695652174,
  "best_epoch": 332,
  "stopped_early": false,
  "patience_counter": 8,
  "success": true
}