{
  "run_id": "LMPO2-L3-d12-rf0.5-seed42",
  "seed": 42,
  "model": "LMPO2",
  "dataset": "iris",
  "task": "classification",
  "params": {
    "output_site": 1,
    "init_strength": 0.01,
    "reduction_factor": 0.5,
    "rank": 5,
    "batch_size": 64,
    "n_epochs": 1000,
    "patience": 40,
    "min_delta": 1e-08,
    "optimizer": "adamw",
    "seeds": [
      42,
      7,
      123,
      256,
      999
    ],
    "model": "LMPO2",
    "L": 3,
    "bond_dim": 12,
    "lr": 0.01
  },
  "n_parameters": 5640,
  "train_loss": 0.16436072311113645,
  "train_quality": 0.9142857142857143,
  "val_loss": 0.16511067429547768,
  "val_quality": 0.9545454545454546,
  "test_loss": 0.6481460335649216,
  "test_quality": 0.8260869565217391,
  "best_epoch": 0,
  "stopped_early": true,
  "patience_counter": 40,
  "success": true
}