{
  "run_id": "LMPO2-L3-d8-rf0.1-seed999",
  "seed": 999,
  "model": "LMPO2",
  "dataset": "iris",
  "task": "classification",
  "params": {
    "init_strength": 0.01,
    "bond_dim_mpo": 2,
    "batch_size": 64,
    "n_epochs": 1000,
    "patience": 40,
    "min_delta": 1e-08,
    "optimizer": "adamw",
    "seeds": [
      42,
      7,
      123,
      256,
      999
    ],
    "model": "LMPO2",
    "L": 3,
    "bond_dim": 8,
    "lr": 0.001,
    "reduction_factor": 0.1
  },
  "n_parameters": 256,
  "train_loss": 0.25842701453061584,
  "train_quality": 0.8666666666666667,
  "val_loss": 0.12723949173077906,
  "val_quality": 0.9090909090909091,
  "test_loss": 0.3793597254592992,
  "test_quality": 0.8695652173913043,
  "best_epoch": 875,
  "stopped_early": false,
  "patience_counter": 11,
  "success": true
}